Date,Adj Close,Close,High,Low,Open,Volume
2019-01-02,20.836814880371094,24.959999084472656,25.139999389648438,24.010000228881836,24.079999923706055,71836300
2019-01-03,20.502891540527344,24.559999465942383,25.040000915527344,24.450000762939453,24.940000534057617,66599600
2019-01-04,21.354400634765625,25.579999923706055,25.649999618530273,25.030000686645508,25.100000381469727,83829100
2019-01-07,21.337705612182617,25.559999465942383,25.780000686645508,25.290000915527344,25.559999465942383,57016300
2019-01-08,21.295963287353516,25.510000228881836,25.790000915527344,25.09000015258789,25.719999313354492,67339400
2019-01-09,21.504667282104492,25.760000228881836,25.850000381469727,25.389999389648438,25.670000076293945,69707200
2019-01-10,21.479625701904297,25.729999542236328,25.780000686645508,25.420000076293945,25.559999465942383,65235800
2019-01-11,21.73006248474121,26.030000686645508,26.040000915527344,25.459999084472656,25.530000686645508,63476000
2019-01-14,22.01389503479004,26.3700008392334,26.479999542236328,25.610000610351562,25.770000457763672,76715400
2019-01-15,22.164161682128906,26.549999237060547,26.809999465942383,26.049999237060547,26.209999084472656,80625500
2019-01-16,23.750303268432617,28.450000762939453,28.719999313354492,27.860000610351562,28.1299991607666,163131700
2019-01-17,24.201091766357422,28.989999771118164,29.0,28.09000015258789,28.34000015258789,107428800
2019-01-18,24.459884643554688,29.299999237060547,29.459999084472656,28.709999084472656,29.020000457763672,97928200
2019-01-22,24.28458023071289,29.09000015258789,29.299999237060547,28.889999389648438,28.979999542236328,84861400
2019-01-23,24.142656326293945,28.920000076293945,29.280000686645508,28.6200008392334,29.219999313354492,79425900
2019-01-24,24.276229858398438,29.079999923706055,29.200000762939453,28.739999771118164,28.75,59492300
2019-01-25,24.69363784790039,29.579999923706055,29.719999313354492,29.139999389648438,29.280000686645508,72182100
2019-01-28,24.73537254333496,29.6299991607666,29.670000076293945,29.290000915527344,29.31999969482422,59963800
2019-01-29,24.535015106201172,29.389999389648438,29.700000762939453,29.34000015258789,29.540000915527344,51451900
2019-01-30,24.267885208129883,29.06999969482422,29.469999313354492,28.950000762939453,29.420000076293945,66475800
2019-01-31,23.766998291015625,28.469999313354492,28.84000015258789,27.979999542236328,28.75,100201200
2019-02-01,23.691865921020508,28.3799991607666,28.84000015258789,28.309999465942383,28.600000381469727,64244100
2019-02-04,24.109264373779297,28.8799991607666,28.969999313354492,28.420000076293945,28.469999313354492,55195900
2019-02-05,24.02578353881836,28.780000686645508,28.8799991607666,28.56999969482422,28.850000381469727,46622600
2019-02-06,23.98404884338379,28.729999542236328,28.899999618530273,28.540000915527344,28.670000076293945,35606900
2019-02-07,23.574987411499023,28.239999771118164,28.639999389648438,27.899999618530273,28.540000915527344,62289200
2019-02-08,23.61673355102539,28.290000915527344,28.31999969482422,27.860000610351562,28.149999618530273,50031300
2019-02-11,23.716909408569336,28.40999984741211,28.459999084472656,28.209999084472656,28.34000015258789,47724400
2019-02-12,23.950653076171875,28.690000534057617,28.860000610351562,28.579999923706055,28.6200008392334,49178100
2019-02-13,23.959001541137695,28.700000762939453,28.989999771118164,28.65999984741211,28.8700008392334,48951200
2019-02-14,23.700212478637695,28.389999389648438,28.6200008392334,28.110000610351562,28.360000610351562,47756600
2019-02-15,24.301271438598633,29.110000610351562,29.309999465942383,28.670000076293945,28.760000228881836,65867000
2019-02-19,24.317964553833008,29.1299991607666,29.260000228881836,28.75,28.93000030517578,40841300
2019-02-20,24.551713943481445,29.40999984741211,29.450000762939453,29.010000228881836,29.100000381469727,42806300
2019-02-21,24.4515438079834,29.290000915527344,29.450000762939453,29.110000610351562,29.329999923706055,42754100
2019-02-22,24.276229858398438,29.079999923706055,29.270000457763672,28.959999084472656,29.049999237060547,47887800
2019-02-25,24.434839248657227,29.270000457763672,29.59000015258789,29.1200008392334,29.1200008392334,61227400
2019-02-26,24.4515438079834,29.290000915527344,29.6299991607666,28.959999084472656,29.020000457763672,53153200
2019-02-27,24.65188980102539,29.530000686645508,29.670000076293945,29.209999084472656,29.299999237060547,48128600
2019-02-28,24.400175094604492,29.079999923706055,29.549999237060547,29.010000228881836,29.5,62358100
2019-03-01,24.593154907226562,29.309999465942383,29.649999618530273,29.209999084472656,29.329999923706055,45771500
2019-03-04,24.358217239379883,29.030000686645508,29.540000915527344,28.770000457763672,29.329999923706055,56893200
2019-03-05,24.400175094604492,29.079999923706055,29.190000534057617,28.700000762939453,29.020000457763672,39932500
2019-03-06,24.198795318603516,28.84000015258789,29.15999984741211,28.799999237060547,29.010000228881836,41672000
2019-03-07,23.955461502075195,28.549999237060547,28.719999313354492,28.260000228881836,28.670000076293945,53908600
2019-03-08,24.03936767578125,28.649999618530273,28.670000076293945,28.010000228881836,28.059999465942383,40860700
2019-03-11,24.282697677612305,28.940000534057617,29.059999465942383,28.700000762939453,28.700000762939453,40709300
2019-03-12,24.282697677612305,28.940000534057617,29.1200008392334,28.889999389648438,29.0,34450000
2019-03-13,24.57638168334961,29.290000915527344,29.510000228881836,28.979999542236328,29.049999237060547,54683300
2019-03-14,24.71901512145996,29.459999084472656,29.639999389648438,29.239999771118164,29.309999465942383,45219100
2019-03-15,24.584766387939453,29.299999237060547,29.610000610351562,29.260000228881836,29.440000534057617,82346200
2019-03-18,25.02108383178711,29.81999969482422,29.959999084472656,29.329999923706055,29.3799991607666,58568600
2019-03-19,24.878440856933594,29.649999618530273,30.139999389648438,29.540000915527344,30.010000228881836,55455100
2019-03-20,24.030981063842773,28.639999389648438,29.65999984741211,28.600000381469727,29.6200008392334,81689900
2019-03-21,23.64500617980957,28.18000030517578,28.600000381469727,28.040000915527344,28.450000762939453,77444400
2019-03-22,22.663293838500977,27.010000228881836,28.06999969482422,26.709999084472656,27.90999984741211,118851600
2019-03-25,22.52065658569336,26.84000015258789,27.3799991607666,26.610000610351562,26.90999984741211,65568000
2019-03-26,22.83110809326172,27.209999084472656,27.350000381469727,26.8799991607666,27.149999618530273,59878500
2019-03-27,22.680076599121094,27.030000686645508,27.3700008392334,26.950000762939453,27.09000015258789,57621700
2019-03-28,22.93180274963379,27.329999923706055,27.40999984741211,27.020000457763672,27.200000762939453,45872300
2019-03-29,23.149959564208984,27.59000015258789,27.68000030517578,27.299999237060547,27.549999237060547,83446300
2019-04-01,23.947072982788086,28.540000915527344,28.739999771118164,27.850000381469727,27.899999618530273,91751100
2019-04-02,24.223968505859375,28.8700008392334,28.8700008392334,28.350000381469727,28.469999313354492,66694000
2019-04-03,24.198795318603516,28.84000015258789,29.239999771118164,28.700000762939453,29.06999969482422,63110600
2019-04-04,24.458906173706055,29.149999618530273,29.309999465942383,28.84000015258789,28.850000381469727,53712100
2019-04-05,24.400175094604492,29.079999923706055,29.5,28.979999542236328,29.31999969482422,46383400
2019-04-08,24.475692749023438,29.170000076293945,29.200000762939453,28.8700008392334,28.889999389648438,35272800
2019-04-09,24.240747451782227,28.889999389648438,29.06999969482422,28.739999771118164,29.0,40535300
2019-04-10,24.391780853271484,29.06999969482422,29.149999618530273,28.75,28.899999618530273,42669700
2019-04-11,24.391780853271484,29.06999969482422,29.489999771118164,28.989999771118164,29.25,50440100
2019-04-12,25.31475830078125,30.170000076293945,30.219999313354492,29.559999465942383,29.559999465942383,100192000
2019-04-15,25.037866592407227,29.84000015258789,30.139999389648438,29.65999984741211,30.100000381469727,57438800
2019-04-16,25.071428298950195,29.8799991607666,30.049999237060547,29.0,29.299999237060547,105168400
2019-04-17,25.19729232788086,30.030000686645508,30.1200008392334,29.459999084472656,29.829999923706055,94831600
2019-04-18,25.19729232788086,30.030000686645508,30.15999984741211,29.81999969482422,29.950000762939453,61796600
2019-04-22,25.214065551757812,30.049999237060547,30.100000381469727,29.780000686645508,29.93000030517578,34763400
2019-04-23,25.230852127075195,30.06999969482422,30.209999084472656,29.920000076293945,29.989999771118164,41889700
2019-04-24,25.188894271850586,30.020000457763672,30.170000076293945,29.850000381469727,29.950000762939453,40078100
2019-04-25,25.239242553710938,30.079999923706055,30.31999969482422,29.899999618530273,29.90999984741211,43243800
2019-04-26,25.465787887573242,30.350000381469727,30.389999389648438,30.049999237060547,30.170000076293945,40627500
2019-04-29,25.818199157714844,30.770000457763672,31.170000076293945,30.40999984741211,30.43000030517578,68408600
2019-04-30,25.658777236938477,30.579999923706055,30.8799991607666,30.40999984741211,30.799999237060547,47764200
2019-05-01,25.390268325805664,30.260000228881836,30.889999389648438,30.18000030517578,30.559999465942383,56161000
2019-05-02,25.591651916503906,30.5,30.559999465942383,30.149999618530273,30.260000228881836,40634100
2019-05-03,25.767850875854492,30.709999084472656,30.799999237060547,30.5,30.65999984741211,35256100
2019-05-06,25.566482543945312,30.469999313354492,30.610000610351562,30.06999969482422,30.110000610351562,39882000
2019-05-07,25.104991912841797,29.920000076293945,30.170000076293945,29.6299991607666,30.15999984741211,58528400
2019-05-08,25.00429916381836,29.799999237060547,30.110000610351562,29.670000076293945,29.729999542236328,39903400
2019-05-09,24.928787231445312,29.709999084472656,29.780000686645508,29.280000686645508,29.420000076293945,44173500
2019-05-10,24.8197021484375,29.579999923706055,29.709999084472656,29.190000534057617,29.459999084472656,59649900
2019-05-13,23.7037410736084,28.25,29.0,28.049999237060547,28.959999084472656,72547000
2019-05-14,24.014196395874023,28.6200008392334,28.989999771118164,28.209999084472656,28.360000610351562,52216100
2019-05-15,23.737308502197266,28.290000915527344,28.489999771118164,28.010000228881836,28.100000381469727,51973200
2019-05-16,23.98902702331543,28.59000015258789,28.829999923706055,28.43000030517578,28.459999084472656,42791500
2019-05-17,23.82960319519043,28.399999618530273,28.639999389648438,28.219999313354492,28.25,43772500
2019-05-20,23.82960319519043,28.399999618530273,28.520000457763672,28.239999771118164,28.399999618530273,41717600
2019-05-21,24.072933197021484,28.690000534057617,28.75,28.450000762939453,28.56999969482422,39258700
2019-05-22,23.905120849609375,28.489999771118164,28.6299991607666,28.350000381469727,28.510000228881836,29177600
2019-05-23,23.292600631713867,27.760000228881836,28.200000762939453,27.5,28.1299991607666,59772900
2019-05-24,23.64500617980957,28.18000030517578,28.260000228881836,27.860000610351562,27.93000030517578,35524400
2019-05-28,23.410066604614258,27.899999618530273,28.25,27.8799991607666,28.049999237060547,44273400
2019-05-29,23.28420639038086,27.75,27.850000381469727,27.3799991607666,27.530000686645508,49818900
2019-05-30,22.789154052734375,27.15999984741211,27.93000030517578,26.979999542236328,27.770000457763672,58649300
2019-05-31,22.319278717041016,26.600000381469727,26.8700008392334,26.479999542236328,26.5,68304200
2019-06-03,22.386402130126953,26.68000030517578,26.989999771118164,26.399999618530273,26.59000015258789,50109900
2019-06-04,23.426851272583008,27.920000076293945,27.950000762939453,27.139999389648438,27.18000030517578,58426400
2019-06-05,23.418455123901367,27.90999984741211,28.010000228881836,27.459999084472656,27.84000015258789,44874400
2019-06-06,23.519691467285156,27.8799991607666,28.040000915527344,27.540000915527344,27.760000228881836,38633600
2019-06-07,23.224428176879883,27.530000686645508,27.790000915527344,27.420000076293945,27.75,51317200
2019-06-10,23.679977416992188,28.06999969482422,28.469999313354492,27.84000015258789,27.860000610351562,48305800
2019-06-11,23.82338523864746,28.239999771118164,28.700000762939453,28.139999389648438,28.3799991607666,38691800
2019-06-12,23.57874870300293,27.950000762939453,28.270000457763672,27.860000610351562,28.200000762939453,33528900
2019-06-13,23.570310592651367,27.940000534057617,28.15999984741211,27.809999465942383,27.969999313354492,33404200
2019-06-14,23.654666900634766,28.040000915527344,28.170000076293945,27.780000686645508,27.90999984741211,37322100
2019-06-17,23.561872482299805,27.93000030517578,28.219999313354492,27.790000915527344,28.010000228881836,33410100
2019-06-18,24.143959045410156,28.6200008392334,28.799999237060547,27.829999923706055,28.020000457763672,60170700
2019-06-19,23.890880584716797,28.31999969482422,28.969999313354492,28.299999237060547,28.700000762939453,61953500
2019-06-20,23.848703384399414,28.270000457763672,28.610000610351562,27.850000381469727,28.59000015258789,60887200
2019-06-21,23.72216033935547,28.1200008392334,28.549999237060547,28.079999923706055,28.190000534057617,69444000
2019-06-24,23.604053497314453,27.979999542236328,28.3799991607666,27.889999389648438,28.079999923706055,40046400
2019-06-25,23.418460845947266,27.760000228881836,28.020000457763672,27.3799991607666,28.020000457763672,46901300
2019-06-26,23.544998168945312,27.90999984741211,28.18000030517578,27.850000381469727,27.940000534057617,42312300
2019-06-27,23.798080444335938,28.209999084472656,28.31999969482422,28.059999465942383,28.079999923706055,35575600
2019-06-28,24.46453285217285,29.0,29.270000457763672,28.729999542236328,29.010000228881836,101856900
2019-07-01,24.818845748901367,29.420000076293945,29.850000381469727,29.25,29.479999542236328,48029900
2019-07-02,24.5910701751709,29.149999618530273,29.43000030517578,28.93000030517578,29.34000015258789,32263500
2019-07-03,24.506711959838867,29.049999237060547,29.239999771118164,28.93000030517578,29.190000534057617,26642300
2019-07-05,24.683862686157227,29.260000228881836,29.56999969482422,29.149999618530273,29.360000610351562,33092000
2019-07-08,24.63325309753418,29.200000762939453,29.299999237060547,28.940000534057617,29.010000228881836,30924400
2019-07-09,24.75979232788086,29.350000381469727,29.420000076293945,28.940000534057617,28.969999313354492,28750100
2019-07-10,24.481401443481445,29.020000457763672,29.399999618530273,28.959999084472656,29.170000076293945,40574800
2019-07-11,24.768230438232422,29.360000610351562,29.5,29.030000686645508,29.100000381469727,37376800
2019-07-12,24.844152450561523,29.450000762939453,29.530000686645508,29.360000610351562,29.440000534057617,29632900
2019-07-15,24.65012550354004,29.219999313354492,29.530000686645508,29.079999923706055,29.5,46462100
2019-07-16,24.45609474182129,28.989999771118164,29.200000762939453,28.860000610351562,29.170000076293945,54920400
2019-07-17,24.62481689453125,29.190000534057617,29.6200008392334,29.0,29.100000381469727,84958300
2019-07-18,24.86945152282715,29.479999542236328,29.579999923706055,29.18000030517578,29.280000686645508,49468800
2019-07-19,24.80196762084961,29.399999618530273,29.610000610351562,29.3799991607666,29.540000915527344,44863200
2019-07-22,24.945384979248047,29.56999969482422,29.610000610351562,29.280000686645508,29.290000915527344,31224300
2019-07-23,25.51902961730957,30.25,30.280000686645508,29.700000762939453,29.75,64030300
2019-07-24,25.873348236083984,30.670000076293945,30.75,30.040000915527344,30.06999969482422,53171900
2019-07-25,25.59495735168457,30.34000015258789,30.889999389648438,30.209999084472656,30.739999771118164,43251900
2019-07-26,25.957706451416016,30.770000457763672,30.989999771118164,30.420000076293945,30.56999969482422,46978800
2019-07-29,25.746809005737305,30.520000457763672,30.850000381469727,30.489999771118164,30.719999313354492,39176700
2019-07-30,26.058944702148438,30.889999389648438,30.899999618530273,30.149999618530273,30.209999084472656,37598300
2019-07-31,25.881786346435547,30.68000030517578,31.059999465942383,30.59000015258789,30.829999923706055,60607600
2019-08-01,24.877897262573242,29.489999771118164,31.06999969482422,29.360000610351562,30.549999237060547,76913400
2019-08-02,24.785097122192383,29.3799991607666,29.5,28.90999984741211,29.360000610351562,57492300
2019-08-05,23.68840980529785,28.079999923706055,28.639999389648438,27.709999084472656,28.530000686645508,96207700
2019-08-06,23.975238800048828,28.420000076293945,28.489999771118164,27.690000534057617,28.40999984741211,65115800
2019-08-07,23.528127670288086,27.889999389648438,27.93000030517578,27.1200008392334,27.610000610351562,75388500
2019-08-08,23.941497802734375,28.3799991607666,28.489999771118164,28.06999969482422,28.110000610351562,53141900
2019-08-09,23.899311065673828,28.329999923706055,28.520000457763672,27.969999313354492,28.270000457763672,53499600
2019-08-12,23.31722640991211,27.639999389648438,27.850000381469727,27.459999084472656,27.829999923706055,55674700
2019-08-13,23.384714126586914,27.719999313354492,28.25,27.3799991607666,27.56999969482422,69919200
2019-08-14,22.28803062438965,26.420000076293945,27.079999923706055,26.280000686645508,26.940000534057617,106591700
2019-08-15,22.144617080688477,26.25,26.829999923706055,26.209999084472656,26.579999923706055,70192000
2019-08-16,22.802627563476562,27.030000686645508,27.1200008392334,26.440000534057617,26.530000686645508,70841700
2019-08-19,23.005094528198242,27.270000457763672,27.700000762939453,27.139999389648438,27.639999389648438,44964800
2019-08-20,22.54111099243164,26.719999313354492,27.059999465942383,26.700000762939453,27.020000457763672,47665000
2019-08-21,22.718271255493164,26.93000030517578,27.079999923706055,26.790000915527344,26.93000030517578,47785400
2019-08-22,22.937604904174805,27.190000534057617,27.299999237060547,26.959999084472656,27.09000015258789,49353700
2019-08-23,22.330211639404297,26.469999313354492,27.219999313354492,26.260000228881836,26.950000762939453,81880700
2019-08-26,22.59172248840332,26.780000686645508,26.799999237060547,26.489999771118164,26.700000762939453,41499100
2019-08-27,22.330211639404297,26.469999313354492,26.899999618530273,26.280000686645508,26.860000610351562,52517000
2019-08-28,22.65078353881836,26.850000381469727,27.079999923706055,26.209999084472656,26.219999313354492,45897900
2019-08-29,23.055715560913086,27.329999923706055,27.450000762939453,26.920000076293945,27.0,55432900
2019-08-30,23.20755386352539,27.510000228881836,27.690000534057617,27.350000381469727,27.5,41326200
2019-09-03,22.81949806213379,27.049999237060547,27.229999542236328,26.610000610351562,27.209999084472656,50743100
2019-09-04,23.190683364868164,27.489999771118164,27.579999923706055,27.15999984741211,27.31999969482422,40862500
2019-09-05,23.87851333618164,28.1200008392334,28.43000030517578,27.799999237060547,27.850000381469727,63413700
2019-09-06,23.547338485717773,27.729999542236328,28.09000015258789,27.56999969482422,28.020000457763672,56054100
2019-09-09,24.31158447265625,28.6299991607666,28.850000381469727,27.969999313354492,28.0,68629300
2019-09-10,24.922983169555664,29.350000381469727,29.350000381469727,28.809999465942383,28.889999389648438,71066200
2019-09-11,25.016386032104492,29.459999084472656,29.469999313354492,28.899999618530273,29.3700008392334,53982200
2019-09-12,25.194713592529297,29.670000076293945,29.799999237060547,28.90999984741211,29.219999313354492,72943900
2019-09-13,25.61929702758789,30.170000076293945,30.31999969482422,29.8700008392334,30.0,79657000
2019-09-16,25.5853271484375,30.1299991607666,30.170000076293945,29.639999389648438,29.68000030517578,43391300
2019-09-17,25.42398452758789,29.940000534057617,30.020000457763672,29.59000015258789,29.850000381469727,48284900
2019-09-18,25.474939346313477,30.0,30.149999618530273,29.549999237060547,29.770000457763672,66640400
2019-09-19,25.32208824157715,29.81999969482422,30.100000381469727,29.75,30.0,43035700
2019-09-20,25.126779556274414,29.59000015258789,30.1299991607666,29.56999969482422,29.969999313354492,167269000
2019-09-23,25.067337036132812,29.520000457763672,29.6200008392334,29.170000076293945,29.309999465942383,52048300
2019-09-24,24.574831008911133,28.940000534057617,29.639999389648438,28.739999771118164,29.600000381469727,64806900
2019-09-25,24.838064193725586,29.25,29.40999984741211,28.780000686645508,28.780000686645508,45807700
2019-09-26,24.736162185668945,29.1299991607666,29.329999923706055,29.049999237060547,29.209999084472656,33198100
2019-09-27,24.922983169555664,29.350000381469727,29.709999084472656,29.209999084472656,29.40999984741211,41336600
2019-09-30,24.770132064819336,29.170000076293945,29.520000457763672,29.079999923706055,29.489999771118164,39191000
2019-10-01,24.150238037109375,28.440000534057617,29.510000228881836,28.40999984741211,29.440000534057617,49434400
2019-10-02,23.640745162963867,27.84000015258789,28.299999237060547,27.809999465942383,28.200000762939453,52293100
2019-10-03,23.615266799926758,27.809999465942383,27.8799991607666,27.15999984741211,27.760000228881836,53015800
2019-10-04,24.090795516967773,28.3700008392334,28.399999618530273,27.84000015258789,27.850000381469727,42641800
2019-10-07,24.03984832763672,28.309999465942383,28.6200008392334,28.18000030517578,28.329999923706055,36742400
2019-10-08,23.462419509887695,27.6299991607666,27.920000076293945,27.459999084472656,27.8700008392334,58201100
2019-10-09,23.683197021484375,27.889999389648438,28.06999969482422,27.75,27.829999923706055,37511400
2019-10-10,24.15873908996582,28.450000762939453,28.75,28.040000915527344,28.040000915527344,48239300
2019-10-11,24.549345016479492,28.90999984741211,29.34000015258789,28.860000610351562,28.989999771118164,70008600
2019-10-14,24.74464988708496,29.139999389648438,29.15999984741211,28.729999542236328,28.739999771118164,36040100
2019-10-15,25.245664596557617,29.729999542236328,30.239999771118164,29.110000610351562,29.34000015258789,78656000
2019-10-16,25.61929702758789,30.170000076293945,30.719999313354492,30.149999618530273,30.3700008392334,87131700
2019-10-17,25.695716857910156,30.260000228881836,30.540000915527344,30.0,30.299999237060547,55575900
2019-10-18,25.77215003967285,30.350000381469727,30.489999771118164,30.100000381469727,30.1299991607666,48872900
2019-10-21,26.341081619262695,31.020000457763672,31.149999618530273,30.6299991607666,30.670000076293945,61087400
2019-10-22,26.493942260742188,31.200000762939453,31.3700008392334,30.75,30.969999313354492,58662100
2019-10-23,26.680749893188477,31.420000076293945,31.440000534057617,31.09000015258789,31.1299991607666,47771200
2019-10-24,26.62980079650879,31.360000610351562,31.520000457763672,31.200000762939453,31.450000762939453,39491000
2019-10-25,26.935504913330078,31.719999313354492,31.850000381469727,31.34000015258789,31.360000610351562,43702000
2019-10-28,27.037395477294922,31.84000015258789,32.22999954223633,31.739999771118164,31.969999313354492,58790300
2019-10-29,27.232707977294922,32.06999969482422,32.13999938964844,31.809999465942383,31.940000534057617,48266600
2019-10-30,26.8505859375,31.6200008392334,32.0099983215332,31.530000686645508,32.0099983215332,45262400
2019-10-31,26.55337905883789,31.270000457763672,31.6200008392334,30.81999969482422,31.40999984741211,49430900
2019-11-01,27.00343132019043,31.799999237060547,31.84000015258789,31.3700008392334,31.700000762939453,41985300
2019-11-04,27.512935638427734,32.400001525878906,32.5,32.099998474121094,32.2400016784668,54228600
2019-11-05,27.869579315185547,32.81999969482422,33.09000015258789,32.5,32.5099983215332,68785600
2019-11-06,27.844104766845703,32.790000915527344,33.060001373291016,32.66999816894531,32.7599983215332,47524500
2019-11-07,28.217737197875977,33.22999954223633,33.599998474121094,33.0099983215332,33.11000061035156,68310700
2019-11-08,28.243213653564453,33.2599983215332,33.27000045776367,32.93000030517578,33.06999969482422,38724000
2019-11-11,28.17527961730957,33.18000030517578,33.25,32.970001220703125,33.029998779296875,27784000
2019-11-12,28.098859786987305,33.09000015258789,33.31999969482422,32.9900016784668,33.130001068115234,37282200
2019-11-13,27.844104766845703,32.790000915527344,32.88999938964844,32.47999954223633,32.720001220703125,48887800
2019-11-14,27.76768684387207,32.70000076293945,32.86000061035156,32.4900016784668,32.689998626708984,35554600
2019-11-15,27.96299171447754,32.93000030517578,32.959999084472656,32.70000076293945,32.91999816894531,36398300
2019-11-18,27.98846435546875,32.959999084472656,33.029998779296875,32.75,32.86000061035156,31133700
2019-11-19,27.97148323059082,32.939998626708984,33.150001525878906,32.81999969482422,33.119998931884766,33183700
2019-11-20,27.759187698364258,32.689998626708984,32.83000183105469,32.41999816894531,32.790000915527344,43612200
2019-11-21,27.88656234741211,32.84000015258789,33.040000915527344,32.630001068115234,32.779998779296875,42787600
2019-11-22,28.17527961730957,33.18000030517578,33.31999969482422,32.939998626708984,32.959999084472656,38783900
2019-11-25,28.421541213989258,33.470001220703125,33.5099983215332,33.2599983215332,33.33000183105469,50238800
2019-11-26,28.319637298583984,33.349998474121094,33.400001525878906,33.119998931884766,33.380001068115234,50626600
2019-11-27,28.379079818725586,33.41999816894531,33.599998474121094,33.310001373291016,33.4900016784668,32097700
2019-11-29,28.294166564941406,33.31999969482422,33.52000045776367,33.2400016784668,33.369998931884766,19503400
2019-12-02,28.387575149536133,33.43000030517578,33.75,33.34000015258789,33.45000076293945,47158800
2019-12-03,27.88656234741211,32.84000015258789,32.900001525878906,32.54999923706055,32.869998931884766,58745100
2019-12-04,28.149803161621094,33.150001525878906,33.29999923706055,32.849998474121094,33.08000183105469,46637900
2019-12-05,28.25226402282715,33.09000015258789,33.220001220703125,33.0,33.15999984741211,38304500
2019-12-06,28.74745750427246,33.66999816894531,33.79999923706055,33.56999969482422,33.68000030517578,50908500
2019-12-09,28.610857009887695,33.5099983215332,33.70000076293945,33.439998626708984,33.5,32974500
2019-12-10,28.6279296875,33.529998779296875,33.630001068115234,33.29999923706055,33.400001525878906,41960100
2019-12-11,28.721851348876953,33.63999938964844,33.7599983215332,33.47999954223633,33.47999954223633,43107800
2019-12-12,29.609804153442383,34.68000030517578,34.810001373291016,33.68000030517578,33.779998779296875,64942500
2019-12-13,29.404888153076172,34.439998626708984,34.959999084472656,34.349998474121094,34.689998626708984,48539600
2019-12-16,29.626876831054688,34.70000076293945,35.09000015258789,34.70000076293945,34.95000076293945,50777100
2019-12-17,29.917171478271484,35.040000915527344,35.27000045776367,34.7400016784668,34.849998474121094,50840500
2019-12-18,29.976938247680664,35.11000061035156,35.27000045776367,35.04999923706055,35.11000061035156,48757900
2019-12-19,29.84033203125,34.95000076293945,35.22999954223633,34.88999938964844,35.150001525878906,45409500
2019-12-20,29.8488712310791,34.959999084472656,35.2400016784668,34.90999984741211,35.2400016784668,109395500
2019-12-23,30.028160095214844,35.16999816894531,35.189998626708984,34.95000076293945,35.040000915527344,33995400
2019-12-24,30.07085609436035,35.220001220703125,35.279998779296875,35.119998931884766,35.189998626708984,13805400
2019-12-26,30.326995849609375,35.52000045776367,35.560001373291016,35.290000915527344,35.31999969482422,26992100
2019-12-27,30.181848526000977,35.349998474121094,35.720001220703125,35.2599983215332,35.70000076293945,28111300
2019-12-30,30.011096954345703,35.150001525878906,35.650001525878906,35.09000015258789,35.56999969482422,30705100
2019-12-31,30.07085609436035,35.220001220703125,35.2599983215332,34.970001220703125,35.029998779296875,29630100
2020-01-02,30.4294490814209,35.63999938964844,35.65999984741211,35.290000915527344,35.349998474121094,37614200
2020-01-03,29.797643661499023,34.900001525878906,35.150001525878906,34.7599983215332,34.97999954223633,50357900
2020-01-06,29.75495147705078,34.849998474121094,34.900001525878906,34.369998931884766,34.40999984741211,42185000
2020-01-07,29.55857276916504,34.619998931884766,34.91999816894531,34.529998779296875,34.70000076293945,34149000
2020-01-08,29.857412338256836,34.970001220703125,35.189998626708984,34.54999923706055,34.56999969482422,45311600
2020-01-09,29.90863609313965,35.029998779296875,35.33000183105469,34.939998626708984,35.29999923706055,39861600
2020-01-10,29.66103172302246,34.7400016784668,35.06999969482422,34.65999984741211,35.0,39730400
2020-01-13,29.934255599975586,35.060001373291016,35.06999969482422,34.65999984741211,34.84000015258789,37956100
2020-01-14,30.156234741210938,35.31999969482422,35.66999816894531,35.11000061035156,35.29999923706055,66719300
2020-01-15,29.601266860961914,34.66999816894531,34.790000915527344,34.34000015258789,34.77000045776367,74745500
2020-01-16,29.643953323364258,34.720001220703125,34.9900016784668,34.599998474121094,34.900001525878906,50368500
2020-01-17,29.63541603088379,34.709999084472656,34.95000076293945,34.599998474121094,34.91999816894531,54156100
2020-01-21,29.251201629638672,34.2599983215332,34.52000045776367,34.220001220703125,34.41999816894531,50811000
2020-01-22,29.33658790588379,34.36000061035156,34.45000076293945,34.22999954223633,34.369998931884766,38879700
2020-01-23,29.131685256958008,34.119998931884766,34.2599983215332,33.72999954223633,34.09000015258789,45717100
2020-01-24,28.636474609375,33.540000915527344,34.13999938964844,33.27000045776367,34.119998931884766,47797200
2020-01-27,28.047340393066406,32.849998474121094,33.130001068115234,32.470001220703125,32.56999969482422,57096200
2020-01-28,28.38033676147461,33.2400016784668,33.4900016784668,32.95000076293945,33.02000045776367,38834600
2020-01-29,28.183948516845703,33.0099983215332,33.439998626708984,32.97999954223633,33.33000183105469,37414700
2020-01-30,28.585243225097656,33.47999954223633,33.52000045776367,32.66999816894531,32.70000076293945,50542800
2020-01-31,28.030275344848633,32.83000183105469,33.16999816894531,32.650001525878906,33.06999969482422,54845300
2020-02-03,28.149805068969727,32.970001220703125,33.400001525878906,32.91999816894531,33.0,48485500
2020-02-04,28.70477294921875,33.619998931884766,33.900001525878906,33.529998779296875,33.560001373291016,45061600
2020-02-05,29.63541603088379,34.709999084472656,34.810001373291016,34.06999969482422,34.099998474121094,54604800
2020-02-06,29.601266860961914,34.66999816894531,35.0099983215332,34.599998474121094,34.939998626708984,39511500
2020-02-07,29.55003547668457,34.61000061035156,34.65999984741211,34.2400016784668,34.31999969482422,31263000
2020-02-10,29.618337631225586,34.689998626708984,34.689998626708984,34.380001068115234,34.439998626708984,24373800
2020-02-11,29.686649322509766,34.77000045776367,35.040000915527344,34.7599983215332,34.849998474121094,32476300
2020-02-12,29.814716339111328,34.91999816894531,35.45000076293945,34.779998779296875,35.08000183105469,36656700
2020-02-13,29.80617332458496,34.90999984741211,35.029998779296875,34.54999923706055,34.7599983215332,31775100
2020-02-14,29.75495147705078,34.849998474121094,34.959999084472656,34.70000076293945,34.880001068115234,26447700
2020-02-18,29.25974464416504,34.27000045776367,34.83000183105469,34.0099983215332,34.77000045776367,40318000
2020-02-19,29.643953323364258,34.720001220703125,34.849998474121094,34.40999984741211,34.45000076293945,29632100
2020-02-20,29.75495147705078,34.849998474121094,35.08000183105469,34.459999084472656,34.459999084472656,42604100
2020-02-21,29.33658790588379,34.36000061035156,34.63999938964844,34.13999938964844,34.529998779296875,46675500
2020-02-24,27.944896697998047,32.72999954223633,33.209999084472656,32.52000045776367,33.18000030517578,79159600
2020-02-25,26.53611946105957,31.079999923706055,32.7599983215332,30.84000015258789,32.689998626708984,91586800
2020-02-26,26.151906967163086,30.6299991607666,31.600000381469727,30.559999465942383,31.389999389648438,80012800
2020-02-27,24.8712100982666,29.1299991607666,30.299999237060547,28.90999984741211,29.549999237060547,121148300
2020-02-28,24.33331871032715,28.5,28.75,27.700000762939453,28.0,171198800
2020-03-02,25.07612419128418,29.3700008392334,29.3799991607666,27.440000534057617,28.350000381469727,147776300
2020-03-03,23.69296646118164,27.75,29.75,27.6200008392334,29.3700008392334,138698500
2020-03-04,24.23940086364746,28.389999389648438,28.420000076293945,27.399999618530273,28.25,111239800
2020-03-05,23.01067352294922,26.780000686645508,27.350000381469727,26.399999618530273,27.239999771118164,110878700
2020-03-06,22.091272354125977,25.709999084472656,26.209999084472656,25.100000381469727,25.469999313354492,119121200
2020-03-09,18.843318939208984,21.93000030517578,23.489999771118164,21.510000228881836,22.229999542236328,145196000
2020-03-10,20.2868595123291,23.610000610351562,23.68000030517578,21.59000015258789,23.25,134863600
2020-03-11,19.479164123535156,22.670000076293945,23.959999084472656,22.260000228881836,22.84000015258789,127347000
2020-03-12,17.623186111450195,20.510000228881836,22.8700008392334,20.149999618530273,20.59000015258789,139552600
2020-03-13,20.759449005126953,24.15999984741211,24.25,21.479999542236328,22.190000534057617,128357400
2020-03-16,17.563039779663086,20.440000534057617,21.729999542236328,19.579999923706055,19.850000381469727,121688800
2020-03-17,18.886280059814453,21.979999542236328,22.690000534057617,20.030000686645508,21.059999465942383,120065700
2020-03-18,17.863773345947266,20.790000915527344,20.969999313354492,19.700000762939453,20.270000457763672,148272500
2020-03-19,18.216068267822266,21.200000762939453,21.75,19.0,20.260000228881836,122461300
2020-03-20,16.901418685913086,19.670000076293945,21.84000015258789,19.559999465942383,21.760000228881836,150910400
2020-03-23,15.535210609436035,18.079999923706055,19.670000076293945,17.950000762939453,19.260000228881836,181898500
2020-03-24,18.069997787475586,21.030000686645508,21.149999618530273,19.010000228881836,19.420000076293945,147882400
2020-03-25,18.130144119262695,21.100000381469727,22.100000381469727,20.40999984741211,21.709999084472656,146991300
2020-03-26,19.522127151489258,22.719999313354492,22.950000762939453,21.170000076293945,21.309999465942383,116111400
2020-03-27,18.559770584106445,21.600000381469727,22.200000762939453,21.100000381469727,21.68000030517578,91522800
2020-03-30,18.93783950805664,22.040000915527344,22.350000381469727,21.270000457763672,21.649999618530273,80449100
2020-03-31,18.24184799194336,21.229999542236328,22.489999771118164,20.959999084472656,21.81999969482422,95213700
2020-04-01,16.98734474182129,19.770000457763672,20.350000381469727,19.510000228881836,19.93000030517578,83961300
2020-04-02,17.674741744995117,20.56999969482422,20.790000915527344,19.59000015258789,19.649999618530273,70007400
2020-04-03,17.210744857788086,20.030000686645508,20.739999771118164,19.68000030517578,20.399999618530273,68293500
2020-04-06,18.37932586669922,21.389999389648438,21.600000381469727,20.809999465942383,21.030000686645508,97766200
2020-04-07,19.023761749267578,22.139999389648438,22.8799991607666,21.850000381469727,22.799999237060547,94560300
2020-04-08,20.14937973022461,23.450000762939453,23.600000381469727,22.40999984741211,22.40999984741211,81212300
2020-04-09,21.360918045043945,24.860000610351562,25.31999969482422,24.049999237060547,24.06999969482422,125275700
2020-04-13,20.553226470947266,23.920000076293945,24.850000381469727,23.780000686645508,24.780000686645508,83164700
2020-04-14,20.389963150024414,23.729999542236328,24.649999618530273,23.100000381469727,24.5,88991100
2020-04-15,19.066722869873047,22.190000534057617,22.649999618530273,21.90999984741211,22.15999984741211,99082200
2020-04-16,18.40509796142578,21.420000076293945,22.209999084472656,21.09000015258789,22.149999618530273,89213300
2020-04-17,20.003305435180664,23.280000686645508,23.399999618530273,22.309999465942383,22.34000015258789,92800300
2020-04-20,19.333091735839844,22.5,23.1299991607666,22.18000030517578,22.56999969482422,74446300
2020-04-21,18.594135284423828,21.639999389648438,22.3700008392334,21.5,21.899999618530273,78871300
2020-04-22,18.73161506652832,21.799999237060547,22.229999542236328,21.75,22.15999984741211,49669500
2020-04-23,18.79176902770996,21.8700008392334,22.389999389648438,21.850000381469727,21.959999084472656,50614800
2020-04-24,19.058134078979492,22.18000030517578,22.299999237060547,21.670000076293945,22.110000610351562,47633500
2020-04-27,20.16656494140625,23.469999313354492,23.649999618530273,22.450000762939453,22.520000457763672,66916700
2020-04-28,20.527448654174805,23.889999389648438,24.809999465942383,23.850000381469727,24.450000762939453,65504900
2020-04-29,21.292179107666016,24.780000686645508,25.110000610351562,24.510000228881836,24.90999984741211,73493900
2020-04-30,20.664928436279297,24.049999237060547,24.3799991607666,23.850000381469727,24.209999084472656,55244100
2020-05-01,19.831451416015625,23.079999923706055,23.459999084472656,22.809999465942383,23.3799991607666,51772600
2020-05-04,19.702566146850586,22.93000030517578,22.989999771118164,22.43000030517578,22.700000762939453,45886100
2020-05-05,19.4705753326416,22.65999984741211,23.520000457763672,22.6200008392334,23.479999542236328,45691900
2020-05-06,19.20420265197754,22.350000381469727,23.079999923706055,22.229999542236328,23.0,53874600
2020-05-07,19.62523651123047,22.84000015258789,23.3700008392334,22.610000610351562,22.65999984741211,51884300
2020-05-08,20.252487182617188,23.56999969482422,23.6200008392334,23.25,23.469999313354492,45181000
2020-05-11,19.40183448791504,22.579999923706055,23.1200008392334,22.559999465942383,23.110000610351562,68951800
2020-05-12,18.79176902770996,21.8700008392334,22.81999969482422,21.850000381469727,22.709999084472656,69588700
2020-05-13,17.932512283325195,20.8700008392334,21.75,20.719999313354492,21.65999984741211,112113400
2020-05-14,18.654281616210938,21.709999084472656,21.790000915527344,20.100000381469727,20.290000915527344,88359100
2020-05-15,18.42228889465332,21.440000534057617,21.700000762939453,21.229999542236328,21.399999618530273,64484000
2020-05-18,19.702566146850586,22.93000030517578,23.059999465942383,22.06999969482422,22.420000076293945,86589400
2020-05-19,19.083906173706055,22.209999084472656,23.0,22.190000534057617,22.65999984741211,62179000
2020-05-20,19.685380935668945,22.90999984741211,23.0,22.639999389648438,22.68000030517578,59789500
2020-05-21,19.676790237426758,22.899999618530273,23.270000457763672,22.780000686645508,22.809999465942383,57726000
2020-05-22,19.4705753326416,22.65999984741211,22.950000762939453,22.459999084472656,22.93000030517578,48107000
2020-05-26,20.86255645751953,24.280000686645508,24.600000381469727,23.700000762939453,23.75,119485500
2020-05-27,22.323272705078125,25.979999542236328,26.170000076293945,24.969999313354492,26.06999969482422,117672700
2020-05-28,21.360918045043945,24.860000610351562,26.139999389648438,24.790000915527344,26.079999923706055,84340800
2020-05-29,20.725074768066406,24.1200008392334,24.90999984741211,24.059999465942383,24.420000076293945,113811100
2020-06-01,21.146108627319336,24.610000610351562,24.8700008392334,24.049999237060547,24.280000686645508,58375500
2020-06-02,21.343732833862305,24.84000015258789,25.389999389648438,24.559999465942383,24.959999084472656,71118100
2020-06-03,22.33186912536621,25.989999771118164,26.139999389648438,25.389999389648438,25.5,86744600
2020-06-04,23.17115592956543,26.780000686645508,26.829999923706055,25.56999969482422,25.709999084472656,94545300
2020-06-05,24.321924209594727,28.110000610351562,29.010000228881836,27.8799991607666,28.950000762939453,118767900
2020-06-08,24.693979263305664,28.540000915527344,28.899999618530273,28.139999389648438,28.59000015258789,79598500
2020-06-09,24.417098999023438,28.219999313354492,28.540000915527344,27.549999237060547,27.719999313354492,77773400
2020-06-10,23.015413284301758,26.600000381469727,28.100000381469727,26.510000228881836,27.969999313354492,90415300
2020-06-11,20.705215454101562,23.93000030517578,25.690000534057617,23.68000030517578,24.979999542236328,149875500
2020-06-12,21.440675735473633,24.780000686645508,25.049999237060547,24.040000915527344,25.030000686645508,73729700
2020-06-15,21.760807037353516,25.149999618530273,25.170000076293945,23.690000534057617,23.760000228881836,76538900
2020-06-16,22.323213577270508,25.799999237060547,26.239999771118164,24.860000610351562,26.18000030517578,96796500
2020-06-17,21.631023406982422,25.0,25.899999618530273,24.920000076293945,25.899999618530273,58349500
2020-06-18,21.665632247924805,25.040000915527344,25.489999771118164,24.579999923706055,24.700000762939453,53419000
2020-06-19,21.847332000732422,25.25,25.489999771118164,24.489999771118164,25.440000534057617,127563600
2020-06-22,21.302234649658203,24.6200008392334,25.030000686645508,24.610000610351562,24.889999389648438,55484300
2020-06-23,21.449329376220703,24.790000915527344,25.40999984741211,24.760000228881836,25.010000228881836,46108300
2020-06-24,20.60138511657715,23.809999465942383,24.540000915527344,23.68000030517578,24.540000915527344,75437100
2020-06-25,21.388751983642578,24.719999313354492,24.770000457763672,23.549999237060547,23.700000762939453,65031900
2020-06-26,20.030323028564453,23.149999618530273,24.110000610351562,23.020000457763672,24.09000015258789,118139200
2020-06-29,20.23798370361328,23.389999389648438,23.84000015258789,23.100000381469727,23.40999984741211,66269200
2020-06-30,20.549470901489258,23.75,23.90999984741211,23.100000381469727,23.200000762939453,61716200
2020-07-01,20.125503540039062,23.260000228881836,24.06999969482422,23.229999542236328,24.030000686645508,57379900
2020-07-02,20.151466369628906,23.290000915527344,23.989999771118164,23.219999313354492,23.84000015258789,56000200
2020-07-06,20.471599578857422,23.65999984741211,24.079999923706055,23.459999084472656,23.81999969482422,59589000
2020-07-07,19.909194946289062,23.010000228881836,23.389999389648438,22.899999618530273,23.3799991607666,60645800
2020-07-08,19.987064361572266,23.100000381469727,23.190000534057617,22.700000762939453,23.030000686645508,52922600
2020-07-09,19.701534271240234,22.770000457763672,23.15999984741211,22.389999389648438,22.940000534057617,79385900
2020-07-10,20.783092498779297,24.020000457763672,24.049999237060547,22.68000030517578,22.709999084472656,81142900
2020-07-13,20.930179595947266,24.190000534057617,24.510000228881836,23.860000610351562,24.3700008392334,73598100
2020-07-14,20.886917114257812,24.139999389648438,24.149999618530273,23.450000762939453,23.889999389648438,67423100
2020-07-15,21.284929275512695,24.600000381469727,24.8700008392334,24.280000686645508,24.760000228881836,57384400
2020-07-16,20.705215454101562,23.93000030517578,24.219999313354492,23.540000915527344,23.75,78067100
2020-07-17,20.090896606445312,23.219999313354492,23.979999542236328,23.200000762939453,23.8799991607666,66659100
2020-07-20,20.402379989624023,23.579999923706055,23.700000762939453,23.110000610351562,23.190000534057617,61114000
2020-07-21,21.129180908203125,24.420000076293945,24.479999542236328,23.690000534057617,23.709999084472656,75499300
2020-07-22,21.03400421142578,24.309999465942383,24.329999923706055,23.969999313354492,24.239999771118164,52193700
2020-07-23,21.233007431030273,24.540000915527344,24.639999389648438,24.110000610351562,24.520000457763672,61047600
2020-07-24,21.068614959716797,24.350000381469727,24.829999923706055,24.270000457763672,24.559999465942383,50217600
2020-07-27,20.886917114257812,24.139999389648438,24.270000457763672,23.8799991607666,24.219999313354492,54721300
2020-07-28,21.0772705078125,24.360000610351562,24.559999465942383,24.079999923706055,24.1299991607666,48406500
2020-07-29,21.864635467529297,25.270000457763672,25.290000915527344,24.190000534057617,24.360000610351562,71393500
2020-07-30,21.49258804321289,24.84000015258789,24.950000762939453,24.350000381469727,24.719999313354492,61755900
2020-07-31,21.52719497680664,24.8799991607666,24.950000762939453,24.459999084472656,24.93000030517578,61955800
2020-08-03,21.622371673583984,24.989999771118164,25.309999465942383,24.690000534057617,25.030000686645508,58284000
2020-08-04,21.639673233032227,25.010000228881836,25.059999465942383,24.860000610351562,24.959999084472656,37985300
2020-08-05,21.96846580505371,25.389999389648438,25.59000015258789,25.25,25.31999969482422,51322600
2020-08-06,22.03768539428711,25.469999313354492,25.670000076293945,25.280000686645508,25.450000762939453,51999700
2020-08-07,22.591442108154297,26.110000610351562,26.190000534057617,25.260000228881836,25.34000015258789,63354500
2020-08-10,22.98079490661621,26.559999465942383,26.809999465942383,26.209999084472656,26.309999465942383,64051100
2020-08-11,23.292285919189453,26.920000076293945,27.75,26.780000686645508,27.280000686645508,81441000
2020-08-12,23.127891540527344,26.729999542236328,27.56999969482422,26.40999984741211,27.479999542236328,61971300
2020-08-13,22.799102783203125,26.350000381469727,26.670000076293945,26.139999389648438,26.489999771118164,55955500
2020-08-14,22.902929306030273,26.469999313354492,26.65999984741211,25.920000076293945,26.059999465942383,50931900
2020-08-17,22.409740447998047,25.899999618530273,26.40999984741211,25.84000015258789,26.309999465942383,57518700
2020-08-18,22.089601516723633,25.530000686645508,25.989999771118164,25.459999084472656,25.8700008392334,45850100
2020-08-19,22.063642501831055,25.5,26.079999923706055,25.389999389648438,25.65999984741211,59856000
2020-08-20,21.717548370361328,25.100000381469727,25.329999923706055,25.020000457763672,25.15999984741211,49403700
2020-08-21,21.61371612548828,24.979999542236328,25.43000030517578,24.899999618530273,24.979999542236328,55010700
2020-08-24,22.228038787841797,25.690000534057617,25.700000762939453,25.040000915527344,25.219999313354492,54579500
2020-08-25,22.49626922607422,26.0,26.190000534057617,25.729999542236328,26.040000915527344,57304700
2020-08-26,22.115558624267578,25.559999465942383,25.940000534057617,25.540000915527344,25.940000534057617,39478000
2020-08-27,22.539525985717773,26.049999237060547,26.219999313354492,25.440000534057617,25.489999771118164,52934800
2020-08-28,22.75583267211914,26.299999237060547,26.469999313354492,25.989999771118164,26.399999618530273,46466400
2020-08-31,22.27130126953125,25.739999771118164,26.139999389648438,25.690000534057617,26.09000015258789,49416200
2020-09-01,22.24534034729004,25.709999084472656,25.899999618530273,25.399999618530273,25.579999923706055,46109200
2020-09-02,22.51357078552246,26.020000457763672,26.15999984741211,25.489999771118164,25.530000686645508,57300900
2020-09-03,22.35674476623535,25.65999984741211,26.6200008392334,25.459999084472656,26.200000762939453,86192500
2020-09-04,23.123455047607422,26.540000915527344,26.760000228881836,25.799999237060547,26.260000228881836,99621400
2020-09-08,22.19991111755371,25.479999542236328,26.31999969482422,25.389999389648438,26.139999389648438,74978600
2020-09-09,22.226049423217773,25.510000228881836,25.719999313354492,25.229999542236328,25.639999389648438,53822700
2020-09-10,21.90367889404297,25.139999389648438,25.889999389648438,25.079999923706055,25.700000762939453,56609600
2020-09-11,22.217344284057617,25.5,25.579999923706055,25.09000015258789,25.219999313354492,47708300
2020-09-14,22.43515396118164,25.75,25.989999771118164,25.540000915527344,25.670000076293945,47802400
2020-09-15,22.02566146850586,25.280000686645508,25.829999923706055,25.190000534057617,25.770000457763672,63820200
2020-09-16,22.304468154907227,25.600000381469727,25.90999984741211,25.049999237060547,25.280000686645508,64598600
2020-09-17,22.08664894104004,25.350000381469727,25.479999542236328,25.100000381469727,25.1299991607666,48862000
2020-09-18,21.964670181274414,25.209999084472656,25.579999923706055,25.100000381469727,25.149999618530273,94055800
2020-09-21,21.319934844970703,24.469999313354492,24.780000686645508,24.030000686645508,24.56999969482422,75218600
2020-09-22,20.85816192626953,23.940000534057617,24.600000381469727,23.809999465942383,24.270000457763672,68665300
2020-09-23,20.265697479248047,23.260000228881836,24.260000228881836,23.260000228881836,24.100000381469727,59950300
2020-09-24,20.335399627685547,23.34000015258789,23.81999969482422,22.950000762939453,23.3799991607666,53570700
2020-09-25,20.46609115600586,23.489999771118164,23.549999237060547,23.1299991607666,23.280000686645508,42111300
2020-09-28,20.98885154724121,24.09000015258789,24.309999465942383,23.790000915527344,23.8799991607666,47996900
2020-09-29,20.710039138793945,23.770000457763672,23.989999771118164,23.530000686645508,23.979999542236328,45695200
2020-09-30,20.98885154724121,24.09000015258789,24.31999969482422,23.770000457763672,23.780000686645508,56226100
2020-10-01,20.9975643157959,24.100000381469727,24.40999984741211,23.860000610351562,24.270000457763672,44782200
2020-10-02,21.093399047851562,24.209999084472656,24.43000030517578,23.56999969482422,23.639999389648438,51682100
2020-10-05,21.45062828063965,24.6200008392334,24.709999084472656,24.3799991607666,24.520000457763672,44396800
2020-10-06,21.232807159423828,24.3700008392334,25.190000534057617,24.280000686645508,24.920000076293945,67541100
2020-10-07,21.67715072631836,24.8799991607666,25.110000610351562,24.600000381469727,24.6299991607666,47648000
2020-10-08,21.99081039428711,25.239999771118164,25.299999237060547,24.809999465942383,24.950000762939453,52080600
2020-10-09,22.095361709594727,25.360000610351562,25.489999771118164,25.040000915527344,25.34000015258789,44511500
2020-10-12,22.374168395996094,25.68000030517578,25.829999923706055,25.239999771118164,25.299999237060547,48362900
2020-10-13,21.738140106201172,24.950000762939453,25.68000030517578,24.84000015258789,25.639999389648438,61186900
2020-10-14,20.57935333251953,23.6200008392334,24.59000015258789,23.59000015258789,24.350000381469727,127409500
2020-10-15,21.04112434387207,24.149999618530273,24.200000762939453,23.479999542236328,23.59000015258789,66832400
2020-10-16,21.119537353515625,24.239999771118164,24.350000381469727,23.940000534057617,24.200000762939453,58357700
2020-10-19,20.666481018066406,23.719999313354492,24.31999969482422,23.690000534057617,24.299999237060547,51377900
2020-10-20,21.03241539001465,24.139999389648438,24.479999542236328,23.8799991607666,23.889999389648438,62476400
2020-10-21,20.953996658325195,24.049999237060547,24.34000015258789,24.010000228881836,24.219999313354492,41564900
2020-10-22,21.668434143066406,24.8700008392334,24.90999984741211,24.0,24.049999237060547,55402000
2020-10-23,21.694578170776367,24.899999618530273,25.260000228881836,24.709999084472656,25.239999771118164,51007400
2020-10-26,21.380924224853516,24.540000915527344,24.579999923706055,24.149999618530273,24.469999313354492,59450200
2020-10-27,20.779747009277344,23.850000381469727,24.389999389648438,23.809999465942383,24.290000915527344,55009300
2020-10-28,20.44866943359375,23.469999313354492,23.65999984741211,23.1200008392334,23.40999984741211,81942500
2020-10-29,20.509653091430664,23.540000915527344,23.75,23.1200008392334,23.360000610351562,57490400
2020-10-30,20.649051666259766,23.700000762939453,23.84000015258789,23.239999771118164,23.489999771118164,66453400
2020-11-02,20.980134963989258,24.079999923706055,24.260000228881836,23.469999313354492,23.889999389648438,59756400
2020-11-03,21.51161003112793,24.690000534057617,24.940000534057617,24.510000228881836,24.579999923706055,65106200
2020-11-04,20.63162612915039,23.68000030517578,24.139999389648438,23.270000457763672,23.889999389648438,88845500
2020-11-05,21.44190788269043,24.610000610351562,24.790000915527344,23.860000610351562,23.899999618530273,74722600
2020-11-06,21.180526733398438,24.309999465942383,24.959999084472656,24.229999542236328,24.93000030517578,55454500
2020-11-09,24.186405181884766,27.760000228881836,28.270000457763672,26.299999237060547,26.600000381469727,178378800
2020-11-10,24.099279403686523,27.65999984741211,27.760000228881836,27.18000030517578,27.489999771118164,77694600
2020-11-11,23.820472717285156,27.34000015258789,27.770000457763672,27.1200008392334,27.75,48360900
2020-11-12,23.254146575927734,26.690000534057617,26.899999618530273,26.309999465942383,26.84000015258789,67912600
2020-11-13,23.52423858642578,27.0,27.209999084472656,26.760000228881836,26.8799991607666,52421000
2020-11-16,24.02957534790039,27.579999923706055,28.0,27.18000030517578,27.860000610351562,57396700
2020-11-17,24.003440856933594,27.549999237060547,27.600000381469727,27.010000228881836,27.25,46402300
2020-11-18,23.506807327270508,26.979999542236328,27.93000030517578,26.959999084472656,27.6299991607666,54416700
2020-11-19,23.506807327270508,26.979999542236328,27.010000228881836,26.649999618530273,26.93000030517578,46423000
2020-11-20,23.358701705932617,26.809999465942383,26.950000762939453,26.6299991607666,26.739999771118164,40538000
2020-11-23,23.86403465270996,27.389999389648438,27.520000457763672,27.059999465942383,27.110000610351562,45421200
2020-11-24,25.249351501464844,28.979999542236328,28.989999771118164,27.920000076293945,27.93000030517578,80387800
2020-11-25,25.29291343688965,29.030000686645508,29.040000915527344,28.479999542236328,28.709999084472656,57249900
2020-11-27,25.25806427001953,28.989999771118164,29.100000381469727,28.809999465942383,28.969999313354492,25971600
2020-11-30,24.534912109375,28.15999984741211,28.860000610351562,28.100000381469727,28.719999313354492,63567900
2020-12-01,24.99668312072754,28.690000534057617,29.040000915527344,28.670000076293945,28.739999771118164,50255100
2020-12-02,25.319053649902344,29.059999465942383,29.18000030517578,28.530000686645508,28.690000534057617,45257500
2020-12-03,25.34535789489746,28.90999984741211,29.100000381469727,28.6299991607666,28.940000534057617,54013700
2020-12-04,25.678497314453125,29.290000915527344,29.43000030517578,29.0,29.200000762939453,66188200
2020-12-07,25.503156661987305,29.09000015258789,29.149999618530273,28.690000534057617,28.899999618530273,42197800
2020-12-08,25.362892150878906,28.93000030517578,29.149999618530273,28.770000457763672,28.860000610351562,33869100
2020-12-09,25.248916625976562,28.799999237060547,29.25,28.75,29.25,54886300
2020-12-10,25.520692825317383,29.110000610351562,29.1299991607666,28.469999313354492,28.6299991607666,58859600
2020-12-11,25.04727554321289,28.56999969482422,28.75,28.299999237060547,28.68000030517578,40538400
2020-12-14,24.740432739257812,28.219999313354492,28.959999084472656,28.139999389648438,28.920000076293945,40267100
2020-12-15,25.1086483001709,28.639999389648438,28.81999969482422,28.25,28.350000381469727,43672700
2020-12-16,25.17877960205078,28.719999313354492,28.81999969482422,28.440000534057617,28.799999237060547,42463200
2020-12-17,25.275217056274414,28.829999923706055,28.920000076293945,28.530000686645508,28.709999084472656,43182700
2020-12-18,25.134946823120117,28.670000076293945,29.100000381469727,28.56999969482422,28.889999389648438,82817200
2020-12-21,26.073017120361328,29.739999771118164,29.989999771118164,28.729999542236328,29.100000381469727,93397400
2020-12-22,25.60836410522461,29.209999084472656,29.780000686645508,29.170000076293945,29.780000686645508,39054300
2020-12-23,26.34479331970215,30.049999237060547,30.350000381469727,29.329999923706055,29.389999389648438,52537200
2020-12-24,26.265886306762695,29.959999084472656,30.270000457763672,29.739999771118164,30.270000457763672,22632300
2020-12-28,26.41492462158203,30.1299991607666,30.549999237060547,29.989999771118164,30.229999542236328,32861200
2020-12-29,26.309724807739258,30.010000228881836,30.25,29.93000030517578,30.170000076293945,33291900
2020-12-30,26.28342056274414,29.979999542236328,30.219999313354492,29.940000534057617,30.0,26370100
2020-12-31,26.572731018066406,30.309999465942383,30.389999389648438,29.899999618530273,30.010000228881836,28716000
2021-01-04,26.327259063720703,30.030000686645508,30.56999969482422,29.75,30.459999084472656,51483900
2021-01-05,26.528898239135742,30.260000228881836,30.540000915527344,29.90999984741211,30.170000076293945,48507000
2021-01-06,28.185855865478516,32.150001525878906,32.619998931884766,31.360000610351562,31.899999618530273,107002800
2021-01-07,28.808311462402344,32.86000061035156,33.619998931884766,32.84000015258789,33.310001373291016,74358500
2021-01-08,28.518997192382812,32.529998779296875,33.0,32.11000061035156,32.91999816894531,44641400
2021-01-11,28.992420196533203,33.06999969482422,33.130001068115234,31.899999618530273,32.09000015258789,51868200
2021-01-12,29.50966453552246,33.65999984741211,33.970001220703125,33.20000076293945,33.41999816894531,68166200
2021-01-13,29.334333419799805,33.459999084472656,33.68000030517578,33.09000015258789,33.43000030517578,43172800
2021-01-14,29.798986434936523,33.9900016784668,34.369998931884766,33.41999816894531,33.47999954223633,48483500
2021-01-15,28.93981170654297,33.0099983215332,33.630001068115234,32.70000076293945,33.290000915527344,57684300
2021-01-19,28.729412078857422,32.77000045776367,33.599998474121094,32.20000076293945,32.5,78130200
2021-01-20,28.35243034362793,32.34000015258789,32.790000915527344,32.15999984741211,32.7599983215332,53920000
2021-01-21,27.852706909179688,31.770000457763672,32.47999954223633,31.729999542236328,32.34000015258789,49626600
2021-01-22,27.659841537475586,31.549999237060547,31.75,31.25,31.360000610351562,45314500
2021-01-25,27.31792449951172,31.15999984741211,31.299999237060547,30.56999969482422,31.270000457763672,48078400
2021-01-26,27.125049591064453,30.940000534057617,31.43000030517578,30.90999984741211,31.399999618530273,36373000
2021-01-27,26.151912689208984,29.829999923706055,30.43000030517578,29.670000076293945,30.309999465942383,63809200
2021-01-28,26.581499099731445,30.31999969482422,30.75,29.920000076293945,30.420000076293945,51223300
2021-01-29,25.994110107421875,29.649999618530273,30.5,29.59000015258789,30.399999618530273,64019100
2021-02-01,26.265886306762695,29.959999084472656,30.040000915527344,29.56999969482422,29.8700008392334,40985300
2021-02-02,27.203954696655273,31.030000686645508,31.200000762939453,30.540000915527344,30.579999923706055,53527000
2021-02-03,27.686140060424805,31.579999923706055,31.729999542236328,30.8799991607666,30.90999984741211,49404900
2021-02-04,28.492704391479492,32.5,32.529998779296875,31.780000686645508,31.799999237060547,51751900
2021-02-05,28.37872886657715,32.369998931884766,32.90999984741211,32.31999969482422,32.88999938964844,42008800
2021-02-08,29.00995445251465,33.09000015258789,33.279998779296875,32.400001525878906,32.43000030517578,46014100
2021-02-09,28.8872127532959,32.95000076293945,33.02000045776367,32.59000015258789,32.970001220703125,35868600
2021-02-10,28.913515090942383,32.97999954223633,33.41999816894531,32.86000061035156,33.119998931884766,45031900
2021-02-11,28.82584571838379,32.880001068115234,33.310001373291016,32.54999923706055,32.970001220703125,29479900
2021-02-12,29.255428314208984,33.369998931884766,33.45000076293945,32.90999984741211,33.0,37468300
2021-02-16,30.044462203979492,34.27000045776367,34.560001373291016,33.70000076293945,33.97999954223633,52802600
2021-02-17,30.16720199584961,34.40999984741211,34.560001373291016,33.790000915527344,34.040000915527344,45455300
2021-02-18,29.97431755065918,34.189998626708984,34.650001525878906,34.02000045776367,34.060001373291016,37541700
2021-02-19,30.281169891357422,34.540000915527344,34.72999954223633,34.18000030517578,34.20000076293945,54514100
2021-02-22,30.815950393676758,35.150001525878906,35.25,34.40999984741211,34.45000076293945,56783400
2021-02-23,31.140329360961914,35.52000045776367,35.88999938964844,35.13999938964844,35.41999816894531,67440700
2021-02-24,31.894290924072266,36.380001068115234,36.52000045776367,35.599998474121094,35.7400016784668,58139500
2021-02-25,31.499780654907227,35.93000030517578,37.029998779296875,35.7599983215332,36.959999084472656,74762000
2021-02-26,30.43020248413086,34.709999084472656,36.029998779296875,34.68000030517578,35.72999954223633,70933300
2021-03-01,31.37704086303711,35.790000915527344,36.04999923706055,35.2400016784668,35.52000045776367,45901700
2021-03-02,31.14909553527832,35.529998779296875,35.939998626708984,35.5,35.650001525878906,41167400
2021-03-03,31.929349899291992,36.41999816894531,36.970001220703125,35.84000015258789,35.970001220703125,66047000
2021-03-04,32.15842819213867,36.5,36.869998931884766,35.91999816894531,36.13999938964844,96512800
2021-03-05,32.537288665771484,36.93000030517578,37.599998474121094,36.16999816894531,37.029998779296875,74292300
2021-03-08,32.71349334716797,37.130001068115234,37.72999954223633,36.81999969482422,37.380001068115234,65335500
2021-03-09,31.999832153320312,36.31999969482422,37.15999984741211,35.810001373291016,36.54999923706055,63946000
2021-03-10,32.924949645996094,37.369998931884766,37.529998779296875,36.369998931884766,36.540000915527344,53365600
2021-03-11,32.81040954589844,37.2400016784668,37.790000915527344,36.849998474121094,37.27000045776367,45834000
2021-03-12,33.427146911621094,37.939998626708984,38.18000030517578,37.58000183105469,37.91999816894531,46069600
2021-03-15,33.25974655151367,37.75,38.06999969482422,37.220001220703125,38.029998779296875,50131600
2021-03-16,33.1628303527832,37.63999938964844,37.720001220703125,36.970001220703125,37.41999816894531,50300400
2021-03-17,33.43595886230469,37.95000076293945,38.36000061035156,37.33000183105469,38.0,63796000
2021-03-18,34.30820846557617,38.939998626708984,39.970001220703125,38.41999816894531,38.5099983215332,95439700
2021-03-19,33.94697189331055,38.529998779296875,38.91999816894531,37.529998779296875,38.290000915527344,106252700
2021-03-22,33.180458068847656,37.65999984741211,38.380001068115234,37.400001525878906,38.08000183105469,54701300
2021-03-23,32.51084518432617,36.900001525878906,37.81999969482422,36.779998779296875,37.36000061035156,49838000
2021-03-24,32.51084518432617,36.900001525878906,37.790000915527344,36.88999938964844,37.209999084472656,43896800
2021-03-25,33.180458068847656,37.65999984741211,37.75,36.630001068115234,36.869998931884766,47517900
2021-03-26,34.079124450683594,38.68000030517578,38.7599983215332,38.08000183105469,38.349998474121094,66846000
2021-03-29,33.753143310546875,38.310001373291016,38.630001068115234,37.86000061035156,38.04999923706055,45680000
2021-03-30,34.352256774902344,38.9900016784668,39.459999084472656,38.630001068115234,38.630001068115234,56705900
2021-03-31,34.08793640136719,38.689998626708984,38.9900016784668,38.459999084472656,38.619998931884766,49270000
2021-04-01,34.79277801513672,39.4900016784668,39.52000045776367,38.720001220703125,38.83000183105469,65587000
2021-04-05,35.06591033935547,39.79999923706055,40.279998779296875,39.599998474121094,40.0,50328500
2021-04-06,34.968990325927734,39.689998626708984,40.150001525878906,39.459999084472656,39.529998779296875,42590100
2021-04-07,35.28617477416992,40.04999923706055,40.150001525878906,39.59000015258789,39.77000045776367,43136400
2021-04-08,34.97780227661133,39.70000076293945,39.849998474121094,39.220001220703125,39.79999923706055,45285900
2021-04-09,35.233306884765625,39.9900016784668,40.18000030517578,39.5099983215332,39.90999984741211,45872900
2021-04-12,35.294986724853516,40.060001373291016,40.380001068115234,39.849998474121094,39.9900016784668,45544600
2021-04-13,34.643001556396484,39.31999969482422,39.81999969482422,39.20000076293945,39.810001373291016,46770400
2021-04-14,35.136383056640625,39.880001068115234,40.33000183105469,38.91999816894531,38.97999954223633,52023800
2021-04-15,34.131996154785156,38.7400016784668,39.84000015258789,38.04999923706055,39.72999954223633,118128900
2021-04-16,34.49323272705078,39.150001525878906,39.41999816894531,38.90999984741211,39.310001373291016,60633400
2021-04-19,34.51084899902344,39.16999816894531,39.43000030517578,39.029998779296875,39.38999938964844,42321100
2021-04-20,33.550498962402344,38.08000183105469,39.0,37.88999938964844,39.0,50834100
2021-04-21,34.1143684387207,38.720001220703125,38.779998779296875,37.40999984741211,37.75,37851800
2021-04-22,33.79719543457031,38.36000061035156,38.77000045776367,38.16999816894531,38.75,48093400
2021-04-23,34.5196533203125,39.18000030517578,39.34000015258789,38.220001220703125,38.31999969482422,48674100
2021-04-26,34.722293853759766,39.40999984741211,39.849998474121094,39.279998779296875,39.349998474121094,34699800
2021-04-27,35.136383056640625,39.880001068115234,39.91999816894531,39.5099983215332,39.66999816894531,34304800
2021-04-28,35.2685546875,40.029998779296875,40.220001220703125,39.880001068115234,39.93000030517578,34084400
2021-04-29,36.2200927734375,41.11000061035156,41.130001068115234,40.459999084472656,40.54999923706055,44008700
2021-04-30,35.70907974243164,40.529998779296875,40.900001525878906,40.470001220703125,40.84000015258789,39203400
2021-05-03,35.73551559448242,40.560001373291016,41.04999923706055,40.41999816894531,40.869998931884766,41940500
2021-05-04,36.12317657470703,41.0,41.08000183105469,39.779998779296875,40.2400016784668,53880000
2021-05-05,36.46678161621094,41.38999938964844,41.560001373291016,40.7599983215332,41.20000076293945,37471100
2021-05-06,37.01302719116211,42.0099983215332,42.060001373291016,41.2400016784668,41.47999954223633,39044400
2021-05-07,37.162811279296875,42.18000030517578,42.25,41.11000061035156,41.130001068115234,39249200
2021-05-10,37.048274993896484,42.04999923706055,42.939998626708984,42.029998779296875,42.5,41271500
2021-05-11,36.625370025634766,41.56999969482422,42.34000015258789,41.34000015258789,41.54999923706055,42964700
2021-05-12,36.281761169433594,41.18000030517578,42.560001373291016,41.040000915527344,42.380001068115234,47533000
2021-05-13,36.86324691772461,41.84000015258789,42.09000015258789,40.779998779296875,40.86000061035156,42026100
2021-05-14,37.3213996887207,42.36000061035156,42.47999954223633,41.91999816894531,42.060001373291016,30932600
2021-05-17,37.656192779541016,42.7400016784668,42.849998474121094,42.15999984741211,42.2400016784668,32656400
2021-05-18,37.14519119262695,42.15999984741211,42.95000076293945,42.13999938964844,42.70000076293945,37880300
2021-05-19,36.9777946472168,41.970001220703125,42.0,41.310001373291016,41.650001525878906,42672800
2021-05-20,36.889678955078125,41.869998931884766,42.130001068115234,41.459999084472656,41.900001525878906,36871100
2021-05-21,37.35664367675781,42.400001525878906,42.599998474121094,41.88999938964844,42.02000045776367,40243800
2021-05-24,37.55928039550781,42.630001068115234,42.779998779296875,42.25,42.58000183105469,31390800
2021-05-25,37.01302719116211,42.0099983215332,43.2599983215332,41.93000030517578,42.689998626708984,52657700
2021-05-26,37.03946304321289,42.040000915527344,42.25,41.65999984741211,42.02000045776367,41332800
2021-05-27,37.48880386352539,42.54999923706055,42.849998474121094,42.119998931884766,42.47999954223633,52981100
2021-05-28,37.34782791137695,42.38999938964844,42.709999084472656,42.04999923706055,42.65999984741211,38509700
2021-06-01,37.81479263305664,42.91999816894531,43.279998779296875,42.77000045776367,42.95000076293945,42890700
2021-06-02,37.832420349121094,42.939998626708984,43.16999816894531,42.599998474121094,43.099998474121094,34180500
2021-06-03,38.265953063964844,43.25,43.4900016784668,42.68000030517578,42.77000045776367,46981200
2021-06-04,38.28364181518555,43.27000045776367,43.38999938964844,42.83000183105469,43.2400016784668,37192600
2021-06-07,38.15093231201172,43.119998931884766,43.38999938964844,43.060001373291016,43.27000045776367,28401900
2021-06-08,37.93857955932617,42.880001068115234,43.2400016784668,42.43000030517578,42.86000061035156,41871400
2021-06-09,37.4431266784668,42.31999969482422,42.72999954223633,42.11000061035156,42.470001220703125,42366300
2021-06-10,36.88572692871094,41.689998626708984,42.959999084472656,41.619998931884766,42.7599983215332,40123600
2021-06-11,37.0361328125,41.86000061035156,41.88999938964844,41.5099983215332,41.810001373291016,31203600
2021-06-14,36.593746185302734,41.36000061035156,41.90999984741211,41.060001373291016,41.849998474121094,36050700
2021-06-15,36.62029266357422,41.38999938964844,41.560001373291016,40.900001525878906,41.279998779296875,39247900
2021-06-16,36.823787689208984,41.619998931884766,41.9900016784668,40.66999816894531,41.279998779296875,63859100
2021-06-17,35.21352005004883,39.79999923706055,42.099998474121094,39.720001220703125,42.02000045776367,80728200
2021-06-18,34.311065673828125,38.779998779296875,39.29999923706055,38.4900016784668,39.0099983215332,102774200
2021-06-21,35.169281005859375,39.75,39.779998779296875,39.029998779296875,39.119998931884766,48119400
2021-06-22,35.36392593383789,39.970001220703125,40.2599983215332,39.279998779296875,39.880001068115234,44113200
2021-06-23,35.567420959472656,40.20000076293945,40.41999816894531,40.06999969482422,40.15999984741211,32039900
2021-06-24,36.12482452392578,40.83000183105469,41.0099983215332,40.18000030517578,40.439998626708984,37161800
2021-06-25,36.823787689208984,41.619998931884766,41.83000183105469,40.84000015258789,41.27000045776367,53178800
2021-06-28,36.77070236206055,41.560001373291016,41.58000183105469,41.099998474121094,41.459999084472656,34416500
2021-06-29,36.17790603637695,40.88999938964844,41.95000076293945,40.75,41.630001068115234,38519600
2021-06-30,36.478721618652344,41.22999954223633,41.36000061035156,40.720001220703125,40.7599983215332,29159800
2021-07-01,36.75300979614258,41.540000915527344,41.70000076293945,41.209999084472656,41.560001373291016,28045100
2021-07-02,36.4079475402832,41.150001525878906,41.470001220703125,41.099998474121094,41.369998931884766,28980800
2021-07-06,35.45240783691406,40.06999969482422,40.880001068115234,39.869998931884766,40.810001373291016,47578700
2021-07-07,35.169281005859375,39.75,40.0,39.36000061035156,39.56999969482422,43499900
2021-07-08,34.311065673828125,38.779998779296875,39.2400016784668,38.47999954223633,38.619998931884766,52793100
2021-07-09,35.425865173339844,40.040000915527344,40.2400016784668,39.400001525878906,39.650001525878906,43887200
2021-07-12,35.947879791259766,40.630001068115234,40.810001373291016,39.63999938964844,39.790000915527344,42624500
2021-07-13,35.26660919189453,39.86000061035156,40.47999954223633,39.58000183105469,40.47999954223633,54338100
2021-07-14,34.3818359375,38.86000061035156,39.54999923706055,37.790000915527344,39.11000061035156,105651700
2021-07-15,34.35530090332031,38.83000183105469,39.33000183105469,38.31999969482422,38.38999938964844,54697300
2021-07-16,33.5501594543457,37.91999816894531,39.290000915527344,37.59000015258789,39.220001220703125,60469700
2021-07-19,32.67425537109375,36.93000030517578,37.25,36.5099983215332,36.75,83251500
2021-07-20,33.34667205810547,37.689998626708984,38.119998931884766,36.61000061035156,36.86000061035156,59462900
2021-07-21,34.02793502807617,38.459999084472656,38.77000045776367,37.97999954223633,38.04999923706055,49907400
2021-07-22,33.585548400878906,37.959999084472656,38.400001525878906,37.68000030517578,38.36000061035156,52715600
2021-07-23,33.35552215576172,37.70000076293945,38.27000045776367,37.560001373291016,38.20000076293945,48659400
2021-07-26,33.7359733581543,38.130001068115234,38.2400016784668,37.65999984741211,37.65999984741211,32258000
2021-07-27,33.60325622558594,37.97999954223633,38.2400016784668,37.459999084472656,37.720001220703125,39121400
2021-07-28,33.7359733581543,38.130001068115234,38.5,37.75,38.189998626708984,43331100
2021-07-29,34.22258377075195,38.68000030517578,38.97999954223633,38.369998931884766,38.54999923706055,43039100
2021-07-30,33.93946075439453,38.36000061035156,38.83000183105469,38.04999923706055,38.5099983215332,46210100
2021-08-02,33.585548400878906,37.959999084472656,38.95000076293945,37.90999984741211,38.400001525878906,49894000
2021-08-03,34.107566833496094,38.54999923706055,38.630001068115234,37.54999923706055,38.060001373291016,39680600
2021-08-04,33.859840393066406,38.27000045776367,38.77000045776367,37.86000061035156,38.029998779296875,42289800
2021-08-05,34.52340316772461,39.02000045776367,39.060001373291016,38.54999923706055,38.56999969482422,34754500
2021-08-06,35.523189544677734,40.150001525878906,40.40999984741211,39.470001220703125,39.470001220703125,58022300
2021-08-09,35.98326873779297,40.66999816894531,40.959999084472656,39.79999923706055,40.04999923706055,56340100
2021-08-10,36.65568161010742,41.43000030517578,41.619998931884766,40.58000183105469,40.709999084472656,44987300
2021-08-11,37.11576843261719,41.95000076293945,42.189998626708984,41.47999954223633,41.599998474121094,58458200
2021-08-12,37.2927131652832,42.150001525878906,42.290000915527344,41.77000045776367,42.22999954223633,37400100
2021-08-13,36.832637786865234,41.630001068115234,42.22999954223633,41.43000030517578,42.09000015258789,41344900
2021-08-16,36.53181838989258,41.290000915527344,41.29999923706055,40.61000061035156,41.15999984741211,38599100
2021-08-17,36.354862213134766,41.09000015258789,41.56999969482422,40.619998931884766,41.04999923706055,43526900
2021-08-18,36.08943176269531,40.790000915527344,41.529998779296875,40.65999984741211,40.77000045776367,50342500
2021-08-19,35.55857467651367,40.189998626708984,40.66999816894531,40.0099983215332,40.119998931884766,51883900
2021-08-20,35.71783447265625,40.369998931884766,40.470001220703125,39.90999984741211,40.09000015258789,40415000
2021-08-23,36.19560241699219,40.90999984741211,41.099998474121094,40.599998474121094,40.630001068115234,35364500
2021-08-24,36.699913024902344,41.47999954223633,41.68000030517578,41.040000915527344,41.099998474121094,35579300
2021-08-25,37.2927131652832,42.150001525878906,42.45000076293945,41.540000915527344,41.65999984741211,51219900
2021-08-26,37.19538116455078,42.040000915527344,42.84000015258789,42.02000045776367,42.5,41184500
2021-08-27,37.59352493286133,42.4900016784668,42.650001525878906,41.939998626708984,42.119998931884766,46468600
2021-08-30,36.85917282104492,41.65999984741211,42.630001068115234,41.630001068115234,42.630001068115234,44855600
2021-08-31,36.93879699707031,41.75,42.06999969482422,41.36000061035156,41.66999816894531,54654600
2021-09-01,36.443336486816406,41.189998626708984,41.779998779296875,41.029998779296875,41.75,52361900
2021-09-02,36.478912353515625,41.02000045776367,41.4900016784668,40.63999938964844,41.11000061035156,44538900
2021-09-03,36.505584716796875,41.04999923706055,41.189998626708984,40.68000030517578,41.02000045776367,41812400
2021-09-07,36.74570083618164,41.31999969482422,41.849998474121094,41.18000030517578,41.25,43748600
2021-09-08,36.26547622680664,40.779998779296875,41.4900016784668,40.68000030517578,41.08000183105469,36064400
2021-09-09,36.398868560791016,40.93000030517578,41.349998474121094,40.560001373291016,40.65999984741211,36266400
2021-09-10,35.81193542480469,40.27000045776367,41.349998474121094,40.2400016784668,41.220001220703125,40514700
2021-09-13,36.40776443481445,40.939998626708984,40.959999084472656,40.349998474121094,40.599998474121094,42036300
2021-09-14,35.429542541503906,39.84000015258789,41.310001373291016,39.65999984741211,41.130001068115234,53820400
2021-09-15,35.696327209472656,40.13999938964844,40.34000015258789,39.66999816894531,39.72999954223633,52358200
2021-09-16,35.97201156616211,40.45000076293945,40.810001373291016,40.20000076293945,40.47999954223633,42922000
2021-09-17,36.016483306884766,40.5,40.66999816894531,40.08000183105469,40.34000015258789,92746000
2021-09-20,34.78035354614258,39.11000061035156,39.459999084472656,38.36000061035156,39.380001068115234,67566200
2021-09-21,34.798133850097656,39.130001068115234,39.599998474121094,38.939998626708984,39.27000045776367,38271100
2021-09-22,35.696327209472656,40.13999938964844,40.52000045776367,39.75,39.75,46261400
2021-09-23,37.074745178222656,41.689998626708984,41.880001068115234,40.650001525878906,40.7599983215332,49779800
2021-09-24,37.47492599487305,42.13999938964844,42.34000015258789,41.650001525878906,41.720001220703125,39042300
2021-09-27,38.4709358215332,43.2599983215332,43.43000030517578,42.63999938964844,42.68000030517578,49755400
2021-09-28,38.381996154785156,43.15999984741211,44.040000915527344,43.060001373291016,43.43000030517578,60781200
2021-09-29,38.30196762084961,43.06999969482422,43.31999969482422,42.7400016784668,43.18000030517578,44260200
2021-09-30,37.7505989074707,42.45000076293945,43.349998474121094,42.22999954223633,43.349998474121094,47410800
2021-10-01,38.31086730957031,43.08000183105469,43.43000030517578,42.38999938964844,42.47999954223633,40987100
2021-10-04,38.54207992553711,43.34000015258789,44.06999969482422,43.06999969482422,43.11000061035156,48273400
2021-10-05,39.32465362548828,44.220001220703125,44.75,43.66999816894531,43.77000045776367,54070700
2021-10-06,39.342445373535156,44.2400016784668,44.290000915527344,43.54999923706055,43.849998474121094,47031700
2021-10-07,39.2357292175293,44.119998931884766,44.869998931884766,44.029998779296875,44.790000915527344,46258800
2021-10-08,39.431373596191406,44.34000015258789,44.810001373291016,43.91999816894531,44.06999969482422,39389400
2021-10-11,38.933372497558594,43.779998779296875,44.810001373291016,43.75,44.599998474121094,36283500
2021-10-12,38.719940185546875,43.540000915527344,44.0,43.27000045776367,43.66999816894531,36898300
2021-10-13,38.364219665527344,43.13999938964844,43.63999938964844,42.33000183105469,43.54999923706055,43908000
2021-10-14,40.08055877685547,45.06999969482422,45.099998474121094,43.47999954223633,44.369998931884766,82201000
2021-10-15,41.23664474487305,46.369998931884766,46.66999816894531,45.36000061035156,45.77000045776367,64264900
2021-10-18,41.1566047668457,46.279998779296875,46.88999938964844,46.029998779296875,46.290000915527344,49542500
2021-10-19,41.334468841552734,46.47999954223633,46.630001068115234,46.20000076293945,46.5,32515500
2021-10-20,41.8769416809082,47.09000015258789,47.2400016784668,46.04999923706055,46.4900016784668,40411000
2021-10-21,41.64572525024414,46.83000183105469,47.47999954223633,46.61000061035156,47.099998474121094,36848600
2021-10-22,42.30379867553711,47.56999969482422,47.619998931884766,46.9900016784668,46.9900016784668,36225600
2021-10-25,42.25043869018555,47.5099983215332,47.97999954223633,47.20000076293945,47.79999923706055,31679500
2021-10-26,42.65061950683594,47.959999084472656,48.43000030517578,47.439998626708984,47.65999984741211,35674800
2021-10-27,41.83246612548828,47.040000915527344,48.16999816894531,47.029998779296875,47.47999954223633,45790800
2021-10-28,42.49054718017578,47.779998779296875,48.0,47.29999923706055,47.59000015258789,37209600
2021-10-29,42.49054718017578,47.779998779296875,48.130001068115234,47.52000045776367,47.75,31756200
2021-11-01,42.55280685424805,47.849998474121094,48.16999816894531,47.279998779296875,48.099998474121094,36937200
2021-11-02,42.5794792175293,47.880001068115234,48.41999816894531,47.349998474121094,47.56999969482422,36283400
2021-11-03,43.015235900878906,48.369998931884766,48.689998626708984,47.61000061035156,47.79999923706055,42553000
2021-11-04,42.090370178222656,47.33000183105469,48.150001525878906,46.880001068115234,48.150001525878906,47646300
2021-11-05,41.77022171020508,46.970001220703125,47.81999969482422,46.81999969482422,47.599998474121094,38271200
2021-11-08,42.099266052246094,47.34000015258789,47.79999923706055,47.25,47.349998474121094,33815500
2021-11-09,41.690185546875,46.880001068115234,47.36000061035156,46.40999984741211,46.650001525878906,36900300
2021-11-10,42.001441955566406,47.22999954223633,47.52000045776367,46.650001525878906,46.75,39385600
2021-11-11,42.23265075683594,47.4900016784668,47.88999938964844,47.0099983215332,47.310001373291016,31194800
2021-11-12,41.716861724853516,46.90999984741211,47.529998779296875,46.7599983215332,47.5099983215332,44268500
2021-11-15,41.84136199951172,47.04999923706055,47.38999938964844,46.900001525878906,47.2599983215332,35335500
2021-11-16,41.868045806884766,47.08000183105469,47.279998779296875,46.689998626708984,47.18000030517578,35120800
2021-11-17,41.361141204833984,46.5099983215332,47.20000076293945,46.45000076293945,47.08000183105469,32963700
2021-11-18,41.192176818847656,46.31999969482422,46.810001373291016,46.209999084472656,46.709999084472656,30639000
2021-11-19,40.374027252197266,45.400001525878906,45.77000045776367,44.83000183105469,45.70000076293945,48429500
2021-11-22,41.1566047668457,46.279998779296875,46.869998931884766,45.90999984741211,46.720001220703125,53697100
2021-11-23,42.241546630859375,47.5,47.650001525878906,46.66999816894531,46.869998931884766,49362900
2021-11-24,42.357147216796875,47.630001068115234,47.97999954223633,47.209999084472656,47.41999816894531,40060000
2021-11-26,40.69417190551758,45.7599983215332,46.040000915527344,44.75,45.52000045776367,55110100
2021-11-29,40.542999267578125,45.59000015258789,46.70000076293945,45.16999816894531,46.41999816894531,50231100
2021-11-30,39.5469856262207,44.470001220703125,45.220001220703125,44.36000061035156,44.7599983215332,77193600
2021-12-01,38.986732482910156,43.84000015258789,45.70000076293945,43.810001373291016,45.220001220703125,60601600
2021-12-02,40.11263656616211,44.88999938964844,45.5,44.0,44.33000183105469,57821400
2021-12-03,39.20117950439453,43.869998931884766,45.06999969482422,43.599998474121094,45.0,74605300
2021-12-06,39.45138931274414,44.150001525878906,44.880001068115234,43.959999084472656,44.560001373291016,48193100
2021-12-07,39.95178985595703,44.709999084472656,44.90999984741211,44.43000030517578,44.560001373291016,40740800
2021-12-08,39.4603157043457,44.15999984741211,44.79999923706055,44.09000015258789,44.68000030517578,50560300
2021-12-09,39.755191802978516,44.4900016784668,44.72999954223633,43.650001525878906,43.90999984741211,37316700
2021-12-10,39.78201675415039,44.52000045776367,44.83000183105469,44.06999969482422,44.709999084472656,37700200
2021-12-13,38.94204330444336,43.58000183105469,44.400001525878906,43.38999938964844,44.27000045776367,38653900
2021-12-14,39.43351364135742,44.130001068115234,44.81999969482422,43.529998779296875,43.59000015258789,47099400
2021-12-15,39.263729095458984,43.939998626708984,44.45000076293945,43.619998931884766,44.369998931884766,60057100
2021-12-16,40.21092224121094,45.0,45.36000061035156,44.09000015258789,44.70000076293945,69487200
2021-12-17,39.21012496948242,43.880001068115234,44.70000076293945,43.619998931884766,44.5,124242400
2021-12-20,38.56673812866211,43.15999984741211,43.36000061035156,42.70000076293945,43.27000045776367,56455200
2021-12-21,39.48712158203125,44.189998626708984,44.47999954223633,43.540000915527344,43.540000915527344,47845600
2021-12-22,39.567543029785156,44.279998779296875,44.58000183105469,43.880001068115234,44.08000183105469,35715700
2021-12-23,39.69264221191406,44.41999816894531,45.06999969482422,44.400001525878906,44.68000030517578,34053500
2021-12-27,39.88923645019531,44.63999938964844,44.81999969482422,44.310001373291016,44.54999923706055,33879200
2021-12-28,39.942848205566406,44.70000076293945,45.08000183105469,44.41999816894531,44.470001220703125,32492400
2021-12-29,39.88030242919922,44.630001068115234,45.119998931884766,44.599998474121094,44.849998474121094,25294900
2021-12-30,39.79094696044922,44.529998779296875,45.099998474121094,44.47999954223633,44.75,23852200
2021-12-31,39.755191802978516,44.4900016784668,44.720001220703125,44.279998779296875,44.52000045776367,24253900
2022-01-03,41.265342712402344,46.18000030517578,46.4900016784668,44.97999954223633,45.09000015258789,58587900
2022-01-04,42.88271713256836,47.9900016784668,48.43000030517578,47.040000915527344,47.060001373291016,74606700
2022-01-05,42.15892028808594,47.18000030517578,48.369998931884766,47.15999984741211,48.13999938964844,57791600
2022-01-06,43.00780487060547,48.130001068115234,48.15999984741211,47.189998626708984,47.97999954223633,52040900
2022-01-07,43.94607162475586,49.18000030517578,49.310001373291016,48.060001373291016,48.150001525878906,59082600
2022-01-10,43.722679138183594,48.93000030517578,50.08000183105469,48.34000015258789,49.90999984741211,66839500
2022-01-11,43.97288131713867,49.209999084472656,49.25,48.63999938964844,48.9900016784668,40454400
2022-01-12,43.660133361816406,48.86000061035156,49.380001068115234,48.68000030517578,49.16999816894531,41378000
2022-01-13,43.570770263671875,48.7599983215332,49.4900016784668,48.630001068115234,48.91999816894531,46337500
2022-01-14,42.81122970581055,47.90999984741211,48.22999954223633,47.189998626708984,47.52000045776367,72953300
2022-01-18,41.336830139160156,46.2599983215332,47.91999816894531,46.04999923706055,47.849998474121094,65877400
2022-01-19,41.4976806640625,46.439998626708984,48.58000183105469,46.349998474121094,48.38999938964844,84451800
2022-01-20,40.881107330322266,45.75,47.04999923706055,45.65999984741211,46.689998626708984,46265300
2022-01-21,40.13943862915039,44.91999816894531,46.02000045776367,44.65999984741211,45.56999969482422,71303600
2022-01-24,39.80881118774414,44.54999923706055,44.689998626708984,42.59000015258789,43.900001525878906,90672700
2022-01-25,40.59516143798828,45.43000030517578,45.56999969482422,43.83000183105469,44.290000915527344,73555300
2022-01-26,41.0151481628418,45.900001525878906,46.459999084472656,45.2599983215332,45.779998779296875,63735800
2022-01-27,40.63090896606445,45.470001220703125,46.75,45.09000015258789,46.369998931884766,63402400
2022-01-28,40.98834228515625,45.869998931884766,45.88999938964844,44.45000076293945,45.33000183105469,51048300
2022-01-31,41.22959518432617,46.13999938964844,46.27000045776367,45.220001220703125,45.52000045776367,44793700
2022-02-01,41.94446563720703,46.939998626708984,47.099998474121094,45.900001525878906,46.209999084472656,40326600
2022-02-02,41.8997802734375,46.88999938964844,46.959999084472656,46.29999923706055,46.720001220703125,41125600
2022-02-03,41.488731384277344,46.43000030517578,47.290000915527344,46.349998474121094,47.220001220703125,35879900
2022-02-04,43.14185333251953,48.279998779296875,48.689998626708984,46.68000030517578,47.08000183105469,60297100
2022-02-07,43.34737777709961,48.5099983215332,48.7599983215332,47.9900016784668,48.560001373291016,44824800
2022-02-08,44.124786376953125,49.380001068115234,50.02000045776367,48.939998626708984,49.150001525878906,49560500
2022-02-09,44.035423278808594,49.279998779296875,49.790000915527344,49.029998779296875,49.220001220703125,33861100
2022-02-10,43.82991027832031,49.04999923706055,50.11000061035156,48.7599983215332,49.68000030517578,47082800
2022-02-11,42.82016372680664,47.91999816894531,49.439998626708984,47.5,48.630001068115234,61056000
2022-02-14,42.37337112426758,47.41999816894531,48.189998626708984,46.939998626708984,48.02000045776367,44791900
2022-02-15,42.70399856567383,47.790000915527344,48.369998931884766,47.56999969482422,48.0,42397600
2022-02-16,42.6057014465332,47.68000030517578,48.2400016784668,47.310001373291016,47.439998626708984,36664600
2022-02-17,41.16704559326172,46.06999969482422,47.290000915527344,45.95000076293945,47.0,49442400
2022-02-18,41.06875228881836,45.959999084472656,46.540000915527344,45.720001220703125,46.06999969482422,37856500
2022-02-22,40.71133041381836,45.560001373291016,45.97999954223633,45.040000915527344,45.16999816894531,51905600
2022-02-23,40.014339447021484,44.779998779296875,46.11000061035156,44.56999969482422,45.95000076293945,45704900
2022-02-24,38.95991134643555,43.599998474121094,43.68000030517578,42.04999923706055,43.0,80484800
2022-02-25,40.228790283203125,45.02000045776367,45.349998474121094,43.630001068115234,43.810001373291016,68530700
2022-02-28,39.49606704711914,44.20000076293945,44.2599983215332,43.439998626708984,43.720001220703125,69955300
2022-03-01,37.95018005371094,42.470001220703125,43.7400016784668,41.93000030517578,43.709999084472656,74895600
2022-03-02,38.56673812866211,43.15999984741211,43.540000915527344,42.619998931884766,42.7400016784668,70834600
2022-03-03,38.153690338134766,42.4900016784668,43.5,42.209999084472656,43.09000015258789,48733800
2022-03-04,36.770843505859375,40.95000076293945,41.439998626708984,40.31999969482422,41.43000030517578,75572800
2022-03-07,34.427215576171875,38.34000015258789,40.11000061035156,38.209999084472656,39.93000030517578,109779000
2022-03-08,34.651702880859375,38.59000015258789,39.65999984741211,38.16999816894531,39.06999969482422,76553800
2022-03-09,36.85165786743164,41.040000915527344,41.61000061035156,40.15999984741211,40.310001373291016,78207900
2022-03-10,36.5194206237793,40.66999816894531,41.47999954223633,40.11000061035156,40.290000915527344,48804400
2022-03-11,36.2141227722168,40.33000183105469,41.380001068115234,40.290000915527344,41.040000915527344,43946600
2022-03-14,36.99533462524414,41.20000076293945,42.18000030517578,40.900001525878906,40.900001525878906,54262400
2022-03-15,37.26472091674805,41.5,41.779998779296875,40.869998931884766,41.2599983215332,41395300
2022-03-16,38.43205261230469,42.79999923706055,43.04999923706055,41.91999816894531,42.2400016784668,59477600
2022-03-17,38.63856887817383,43.029998779296875,43.040000915527344,41.83000183105469,42.40999984741211,50260200
2022-03-18,38.521846771240234,42.900001525878906,42.93000030517578,42.2599983215332,42.7599983215332,74470600
2022-03-21,38.46796798706055,42.84000015258789,43.43000030517578,42.5099983215332,43.349998474121094,47106400
2022-03-22,39.67121124267578,44.18000030517578,44.630001068115234,43.70000076293945,43.81999969482422,52360600
2022-03-23,38.69246292114258,43.09000015258789,44.0099983215332,43.029998779296875,43.720001220703125,48539300
2022-03-24,38.674495697021484,43.06999969482422,43.43000030517578,42.88999938964844,43.380001068115234,30360800
2022-03-25,39.26713943481445,43.72999954223633,44.2599983215332,43.33000183105469,43.47999954223633,38968100
2022-03-28,39.105506896972656,43.54999923706055,43.75,42.83000183105469,43.709999084472656,37428600
2022-03-29,39.00673294067383,43.439998626708984,44.38999938964844,43.11000061035156,44.25,46355800
2022-03-30,38.611637115478516,43.0,43.650001525878906,42.75,43.439998626708984,36601800
2022-03-31,37.0132942199707,41.220001220703125,42.88999938964844,41.20000076293945,42.84000015258789,67902500
2022-04-01,36.725955963134766,40.900001525878906,41.7400016784668,40.349998474121094,41.689998626708984,61929200
2022-04-04,36.663089752197266,40.83000183105469,41.13999938964844,40.15999984741211,40.47999954223633,53761700
2022-04-05,36.04351043701172,40.13999938964844,40.7599983215332,40.040000915527344,40.439998626708984,51781700
2022-04-06,35.6484260559082,39.70000076293945,40.0099983215332,39.349998474121094,39.7400016784668,54159800
2022-04-07,35.370052337646484,39.38999938964844,39.97999954223633,38.849998474121094,39.88999938964844,54585000
2022-04-08,35.62147521972656,39.66999816894531,40.099998474121094,39.31999969482422,39.4900016784668,41018900
2022-04-11,35.549644470214844,39.59000015258789,40.400001525878906,39.38999938964844,39.47999954223633,34198700
2022-04-12,35.17251205444336,39.16999816894531,40.08000183105469,38.849998474121094,39.56999969482422,42855300
2022-04-13,34.85823059082031,38.81999969482422,39.0099983215332,38.36000061035156,38.5,45484200
2022-04-14,33.735801696777344,37.56999969482422,38.970001220703125,37.41999816894531,38.4900016784668,79032000
2022-04-18,34.88517379760742,38.849998474121094,39.310001373291016,37.220001220703125,37.41999816894531,80080300
2022-04-19,35.53168487548828,39.56999969482422,39.880001068115234,39.11000061035156,39.209999084472656,53714200
2022-04-20,35.61250686645508,39.65999984741211,40.369998931884766,39.61000061035156,40.150001525878906,47064300
2022-04-21,34.93903350830078,38.90999984741211,40.209999084472656,38.619998931884766,40.0,46245900
2022-04-22,33.7268180847168,37.560001373291016,38.849998474121094,37.5,38.810001373291016,50409800
2022-04-25,33.484375,37.290000915527344,37.400001525878906,35.93000030517578,36.88999938964844,64301100
2022-04-26,32.7301025390625,36.45000076293945,37.540000915527344,36.41999816894531,36.880001068115234,44809900
2022-04-27,32.55050277709961,36.25,36.90999984741211,36.16999816894531,36.27000045776367,39824900
2022-04-28,33.05335998535156,36.810001373291016,36.95000076293945,36.15999984741211,36.72999954223633,39567800
2022-04-29,32.03868103027344,35.68000030517578,37.130001068115234,35.540000915527344,36.75,47385200
2022-05-02,32.45174026489258,36.13999938964844,36.279998779296875,35.400001525878906,36.029998779296875,46652200
2022-05-03,33.3407096862793,37.130001068115234,37.630001068115234,36.33000183105469,36.34000015258789,48926000
2022-05-04,34.67863845825195,38.619998931884766,38.75,37.279998779296875,37.369998931884766,57860300
2022-05-05,33.7088623046875,37.540000915527344,38.209999084472656,36.869998931884766,38.04999923706055,48860600
2022-05-06,33.6280403137207,37.45000076293945,37.619998931884766,36.61000061035156,37.369998931884766,50440100
2022-05-09,32.658267974853516,36.369998931884766,37.060001373291016,36.060001373291016,36.869998931884766,51242000
2022-05-10,32.110504150390625,35.7599983215332,37.130001068115234,35.18000030517578,36.75,60235300
2022-05-11,31.93990707397461,35.56999969482422,36.91999816894531,35.5099983215332,35.900001525878906,54969300
2022-05-12,31.490934371948242,35.06999969482422,35.43000030517578,34.2599983215332,35.0099983215332,61231500
2022-05-13,31.580732345581055,35.16999816894531,35.72999954223633,34.7599983215332,35.529998779296875,49117900
2022-05-16,31.257465362548828,34.810001373291016,35.16999816894531,34.40999984741211,35.0,39076500
2022-05-17,32.31705093383789,35.9900016784668,36.220001220703125,35.43000030517578,35.619998931884766,42635600
2022-05-18,31.3203182220459,34.880001068115234,35.689998626708984,34.599998474121094,35.619998931884766,47396900
2022-05-19,30.93421745300293,34.45000076293945,34.84000015258789,34.25,34.290000915527344,47002700
2022-05-20,30.404420852661133,33.86000061035156,34.97999954223633,32.959999084472656,34.79999923706055,62406500
2022-05-23,32.20928192138672,35.869998931884766,36.2599983215332,34.65999984741211,34.7599983215332,69081900
2022-05-24,32.01174545288086,35.650001525878906,35.959999084472656,34.959999084472656,35.470001220703125,46146700
2022-05-25,32.182350158691406,35.84000015258789,36.27000045776367,35.290000915527344,35.5,49343400
2022-05-26,32.927642822265625,36.66999816894531,36.84000015258789,36.34000015258789,36.5,60201200
2022-05-27,33.24192810058594,37.02000045776367,37.04999923706055,36.58000183105469,36.88999938964844,43365600
2022-05-31,33.403560638427734,37.20000076293945,37.529998779296875,36.61000061035156,36.81999969482422,71609200
2022-06-01,32.927642822265625,36.66999816894531,37.470001220703125,36.16999816894531,37.459999084472656,35237900
2022-06-02,33.1443977355957,36.70000076293945,36.709999084472656,36.06999969482422,36.40999984741211,35341900
2022-06-03,32.683807373046875,36.189998626708984,36.68000030517578,36.130001068115234,36.47999954223633,25235200
2022-06-06,32.64767837524414,36.150001525878906,37.209999084472656,36.099998474121094,36.70000076293945,40394000
2022-06-07,32.82830810546875,36.349998474121094,36.40999984741211,35.7400016784668,35.900001525878906,29152200
2022-06-08,32.412872314453125,35.88999938964844,36.11000061035156,35.52000045776367,35.91999816894531,33590600
2022-06-09,31.166555404663086,34.5099983215332,35.84000015258789,34.5,35.7400016784668,49419000
2022-06-10,29.956392288208008,33.16999816894531,34.040000915527344,33.02000045776367,33.68000030517578,49318200
2022-06-13,28.91780662536621,32.02000045776367,32.77000045776367,31.739999771118164,32.38999938964844,61216600
2022-06-14,28.41206169128418,31.459999084472656,32.599998474121094,31.229999542236328,31.920000076293945,49349800
2022-06-15,28.944900512695312,32.04999923706055,32.4900016784668,31.420000076293945,31.979999542236328,51540100
2022-06-16,28.7642765045166,31.850000381469727,32.0,30.860000610351562,31.5,61363400
2022-06-17,28.827489852905273,31.920000076293945,32.58000183105469,31.639999389648438,32.029998779296875,80470300
2022-06-21,29.66739845275879,32.849998474121094,33.290000915527344,32.619998931884766,32.88999938964844,53537200
2022-06-22,29.441614151000977,32.599998474121094,32.939998626708984,32.31999969482422,32.38999938964844,38305600
2022-06-23,28.971996307373047,32.08000183105469,32.40999984741211,31.260000228881836,32.380001068115234,44091500
2022-06-24,29.179712295532227,32.310001373291016,32.77000045776367,31.229999542236328,31.25,79504700
2022-06-27,29.21583366394043,32.349998474121094,32.599998474121094,31.90999984741211,32.41999816894531,47900300
2022-06-28,29.13455581665039,32.2599983215332,33.5,32.189998626708984,32.83000183105469,49863800
2022-06-29,28.7733097076416,31.860000610351562,32.439998626708984,31.65999984741211,32.22999954223633,35149700
2022-06-30,28.114028930664062,31.1299991607666,31.549999237060547,30.639999389648438,31.170000076293945,46312300
2022-07-01,28.50237464904785,31.559999465942383,31.670000076293945,30.6299991607666,30.979999542236328,40236100
2022-07-05,28.2133731842041,31.239999771118164,31.239999771118164,30.450000762939453,30.799999237060547,47411800
2022-07-06,27.97856330871582,30.979999542236328,31.25,30.639999389648438,31.010000228881836,35933700
2022-07-07,28.7733097076416,31.860000610351562,32.0099983215332,31.469999313354492,31.5,40137900
2022-07-08,28.71009635925293,31.790000915527344,32.25,31.559999465942383,32.0099983215332,31153800
2022-07-11,28.41206169128418,31.459999084472656,31.790000915527344,31.290000915527344,31.549999237060547,29311900
2022-07-12,28.321754455566406,31.360000610351562,32.029998779296875,30.979999542236328,31.020000457763672,39527000
2022-07-13,27.852128982543945,30.84000015258789,31.149999618530273,30.399999618530273,31.06999969482422,44153700
2022-07-14,27.210914611816406,30.1299991607666,30.219999313354492,29.670000076293945,30.09000015258789,51707800
2022-07-15,29.125520706176758,32.25,32.630001068115234,30.610000610351562,30.649999618530273,77801700
2022-07-18,29.13455581665039,32.2599983215332,33.380001068115234,32.099998474121094,33.08000183105469,56382900
2022-07-19,30.11895179748535,33.349998474121094,33.619998931884766,32.68000030517578,32.900001525878906,46874900
2022-07-20,30.12798309326172,33.36000061035156,33.45000076293945,32.95000076293945,33.18000030517578,35514900
2022-07-21,30.389892578125,33.650001525878906,33.66999816894531,32.95000076293945,33.09000015258789,31244000
2022-07-22,30.19120216369629,33.43000030517578,33.939998626708984,33.09000015258789,33.599998474121094,27115400
2022-07-25,30.462139129638672,33.72999954223633,33.97999954223633,33.439998626708984,33.779998779296875,30381000
2022-07-26,29.8480224609375,33.04999923706055,33.779998779296875,32.959999084472656,33.40999984741211,30645700
2022-07-27,30.33570098876953,33.59000015258789,33.77000045776367,32.95000076293945,33.2400016784668,30344800
2022-07-28,30.09185791015625,33.31999969482422,33.75,32.900001525878906,33.5,40176500
2022-07-29,30.53438949584961,33.810001373291016,33.939998626708984,33.349998474121094,33.470001220703125,48152500
2022-08-01,30.44407081604004,33.709999084472656,33.88999938964844,33.220001220703125,33.619998931884766,32336700
2022-08-02,29.838985443115234,33.040000915527344,33.720001220703125,33.0,33.599998474121094,37884100
2022-08-03,30.380855560302734,33.63999938964844,33.75,33.16999816894531,33.41999816894531,30065800
2022-08-04,30.164106369018555,33.400001525878906,33.66999816894531,33.16999816894531,33.52000045776367,28404500
2022-08-05,30.669851303100586,33.959999084472656,34.33000183105469,33.2400016784668,33.279998779296875,35874500
2022-08-08,30.245391845703125,33.4900016784668,34.290000915527344,33.45000076293945,34.16999816894531,33454300
2022-08-09,30.633726119995117,33.91999816894531,33.959999084472656,33.40999984741211,33.650001525878906,40196900
2022-08-10,31.672311782836914,35.06999969482422,35.43000030517578,34.45000076293945,34.5,61415800
2022-08-11,32.430938720703125,35.90999984741211,36.060001373291016,35.650001525878906,35.77000045776367,50420800
2022-08-12,32.783145904541016,36.29999923706055,36.310001373291016,35.689998626708984,36.15999984741211,31821700
2022-08-15,32.73799133300781,36.25,36.29999923706055,35.66999816894531,35.84000015258789,24908000
2022-08-16,33.0902099609375,36.63999938964844,36.939998626708984,36.099998474121094,36.189998626708984,31870200
2022-08-17,32.88249588012695,36.40999984741211,36.59000015258789,36.08000183105469,36.20000076293945,27125600
2022-08-18,32.76509094238281,36.279998779296875,36.400001525878906,36.0,36.25,23138300
2022-08-19,32.04259490966797,35.47999954223633,36.029998779296875,35.310001373291016,35.959999084472656,36485400
2022-08-22,31.356218338012695,34.720001220703125,34.81999969482422,34.45000076293945,34.75,31210300
2022-08-23,31.07625961303711,34.40999984741211,34.970001220703125,34.36000061035156,34.66999816894531,26588000
2022-08-24,31.17559814453125,34.52000045776367,34.79999923706055,34.04999923706055,34.25,31389400
2022-08-25,31.73554229736328,35.13999938964844,35.279998779296875,34.45000076293945,34.599998474121094,40576700
2022-08-26,30.733070373535156,34.029998779296875,35.47999954223633,34.02000045776367,35.439998626708984,36152600
2022-08-29,30.61566162109375,33.900001525878906,34.150001525878906,33.61000061035156,33.86000061035156,34931000
2022-08-30,30.787254333496094,34.09000015258789,34.279998779296875,33.540000915527344,34.18000030517578,48194900
2022-08-31,30.3537654876709,33.61000061035156,34.369998931884766,33.599998474121094,34.13999938964844,44917600
2022-09-01,30.42649269104004,33.470001220703125,33.4900016784668,32.65999984741211,33.34000015258789,32848900
2022-09-02,30.390125274658203,33.43000030517578,34.47999954223633,33.27000045776367,33.93000030517578,44000800
2022-09-06,30.053770065307617,33.060001373291016,33.72999954223633,32.61000061035156,33.63999938964844,40762400
2022-09-07,30.517393112182617,33.56999969482422,33.66999816894531,32.630001068115234,32.810001373291016,40742600
2022-09-08,31.499183654785156,34.650001525878906,34.72999954223633,33.27000045776367,33.459999084472656,44361800
2022-09-09,31.762815475463867,34.939998626708984,35.25,34.84000015258789,34.97999954223633,37295100
2022-09-12,32.062808990478516,35.27000045776367,35.630001068115234,35.029998779296875,35.20000076293945,30534000
2022-09-13,30.908292770385742,34.0,34.720001220703125,33.810001373291016,34.58000183105469,40959600
2022-09-14,30.79011344909668,33.869998931884766,34.41999816894531,33.540000915527344,34.20000076293945,32004400
2022-09-15,31.371906280517578,34.5099983215332,34.900001525878906,33.70000076293945,33.790000915527344,44863300
2022-09-16,31.01738166809082,34.119998931884766,34.22999954223633,33.65999984741211,34.189998626708984,54281800
2022-09-19,31.535539627075195,34.689998626708984,34.869998931884766,33.630001068115234,33.720001220703125,29782000
2022-09-20,31.062833786010742,34.16999816894531,34.779998779296875,33.880001068115234,34.5,33591100
2022-09-21,30.13558578491211,33.150001525878906,34.400001525878906,33.119998931884766,34.310001373291016,51667800
2022-09-22,29.544694900512695,32.5,33.41999816894531,32.38999938964844,33.310001373291016,47527500
2022-09-23,28.844711303710938,31.729999542236328,32.09000015258789,31.209999084472656,31.93000030517578,55316100
2022-09-26,28.208362579345703,31.030000686645508,31.81999969482422,30.68000030517578,31.31999969482422,40360200
2022-09-27,27.79019546508789,30.56999969482422,31.3700008392334,30.299999237060547,31.270000457763672,43396600
2022-09-28,28.244726181030273,31.06999969482422,31.309999465942383,30.389999389648438,30.530000686645508,38372900
2022-09-29,27.872005462646484,30.65999984741211,30.899999618530273,30.209999084472656,30.690000534057617,35220900
2022-09-30,27.453838348388672,30.200000762939453,31.190000534057617,30.170000076293945,30.760000228881836,42294100
2022-10-03,28.262908935546875,31.09000015258789,31.280000686645508,30.200000762939453,30.59000015258789,34591700
2022-10-04,29.435606002807617,32.380001068115234,32.52000045776367,31.65999984741211,31.719999313354492,39758700
2022-10-05,29.017427444458008,31.920000076293945,32.029998779296875,31.450000762939453,31.540000915527344,35791100
2022-10-06,28.599262237548828,31.459999084472656,31.8799991607666,31.360000610351562,31.600000381469727,40891900
2022-10-07,27.95382308959961,30.75,31.239999771118164,30.530000686645508,31.170000076293945,52304600
2022-10-10,27.872005462646484,30.65999984741211,31.049999237060547,30.350000381469727,30.899999618530273,37669100
2022-10-11,27.062938690185547,29.770000457763672,30.469999313354492,29.56999969482422,30.3700008392334,58124000
2022-10-12,27.144756317138672,29.860000610351562,30.309999465942383,29.479999542236328,29.639999389648438,36137900
2022-10-13,28.808351516723633,31.690000534057617,31.770000457763672,29.309999465942383,29.40999984741211,67671000
2022-10-14,28.817440032958984,31.700000762939453,32.630001068115234,31.56999969482422,31.809999465942383,58108500
2022-10-17,30.562849044799805,33.619998931884766,33.869998931884766,32.869998931884766,33.36000061035156,88896800
2022-10-18,31.70827865600586,34.880001068115234,35.36000061035156,34.279998779296875,34.97999954223633,81937900
2022-10-19,30.8355655670166,33.91999816894531,34.83000183105469,33.77000045776367,34.58000183105469,43139900
2022-10-20,30.635574340820312,33.70000076293945,34.630001068115234,33.59000015258789,33.97999954223633,39549100
2022-10-21,31.77190589904785,34.95000076293945,35.040000915527344,33.560001373291016,33.560001373291016,54870300
2022-10-24,31.88099479675293,35.06999969482422,35.2599983215332,34.709999084472656,35.11000061035156,33765600
2022-10-25,32.17189407348633,35.38999938964844,35.58000183105469,34.529998779296875,34.7400016784668,37132300
2022-10-26,32.453712463378906,35.70000076293945,36.09000015258789,35.349998474121094,35.41999816894531,41104600
2022-10-27,32.608253479003906,35.869998931884766,36.369998931884766,35.77000045776367,36.150001525878906,35261900
2022-10-28,32.89005661010742,36.18000030517578,36.29999923706055,35.63999938964844,36.040000915527344,31659100
2022-10-31,32.762786865234375,36.040000915527344,36.33000183105469,35.810001373291016,36.0,32565500
2022-11-01,32.908241271972656,36.20000076293945,36.7599983215332,36.11000061035156,36.439998626708984,29913200
2022-11-02,32.80824279785156,36.09000015258789,37.279998779296875,35.95000076293945,36.06999969482422,57380600
2022-11-03,32.626434326171875,35.88999938964844,36.13999938964844,35.40999984741211,35.70000076293945,30046500
2022-11-04,33.4445915222168,36.790000915527344,37.0,36.220001220703125,36.5,39369400
2022-11-07,33.64458465576172,37.0099983215332,37.34000015258789,36.72999954223633,37.0099983215332,37533700
2022-11-08,33.73550033569336,37.11000061035156,37.41999816894531,36.75,37.09000015258789,32664300
2022-11-09,33.19914245605469,36.52000045776367,36.959999084472656,36.38999938964844,36.880001068115234,30164400
2022-11-10,34.662742614746094,38.130001068115234,38.220001220703125,37.13999938964844,37.29999923706055,45702800
2022-11-11,34.91727828979492,38.40999984741211,38.599998474121094,37.970001220703125,38.189998626708984,35688700
2022-11-14,34.326385498046875,37.7599983215332,38.2599983215332,37.75,38.09000015258789,35541400
2022-11-15,34.27184295654297,37.70000076293945,38.29999923706055,37.29999923706055,38.189998626708984,46082800
2022-11-16,33.9627685546875,37.36000061035156,37.7400016784668,37.20000076293945,37.61000061035156,23813000
2022-11-17,33.790042877197266,37.16999816894531,37.20000076293945,36.560001373291016,36.880001068115234,23689700
2022-11-18,33.80821990966797,37.189998626708984,37.849998474121094,36.91999816894531,37.790000915527344,32041800
2022-11-21,33.91731643676758,37.310001373291016,37.52000045776367,37.060001373291016,37.09000015258789,27935700
2022-11-22,34.08094024658203,37.4900016784668,37.79999923706055,37.43000030517578,37.59000015258789,23499300
2022-11-23,34.190025329589844,37.61000061035156,37.65999984741211,37.369998931884766,37.4900016784668,18934700
2022-11-25,34.27184295654297,37.70000076293945,37.869998931884766,37.560001373291016,37.720001220703125,16118500
2022-11-28,33.50822448730469,36.86000061035156,37.65999984741211,36.83000183105469,37.400001525878906,35428300
2022-11-29,33.635494232177734,37.0,37.150001525878906,36.720001220703125,36.97999954223633,27048800
2022-11-30,34.408199310302734,37.849998474121094,37.849998474121094,36.20000076293945,36.900001525878906,51747900
2022-12-01,33.42066955566406,36.54999923706055,37.689998626708984,36.400001525878906,37.5,46213200
2022-12-02,32.99091339111328,36.08000183105469,36.290000915527344,35.810001373291016,36.060001373291016,42295300
2022-12-05,31.518754959106445,34.470001220703125,35.88999938964844,34.13999938964844,35.810001373291016,71386600
2022-12-06,30.17461395263672,33.0,34.68000030517578,32.40999984741211,34.56999969482422,84085700
2022-12-07,29.936874389648438,32.7400016784668,32.91999816894531,32.349998474121094,32.59000015258789,49234100
2022-12-08,29.66255760192871,32.439998626708984,32.9900016784668,32.18000030517578,32.970001220703125,45491100
2022-12-09,29.607698440551758,32.380001068115234,32.599998474121094,32.08000183105469,32.11000061035156,36985500
2022-12-12,29.927730560302734,32.72999954223633,32.779998779296875,32.060001373291016,32.310001373291016,41060500
2022-12-13,29.94601821899414,32.75,33.66999816894531,32.56999969482422,33.54999923706055,54804800
2022-12-14,29.516258239746094,32.279998779296875,33.0,32.15999984741211,32.79999923706055,48819500
2022-12-15,29.0499267578125,31.770000457763672,31.989999771118164,31.489999771118164,31.75,49027600
2022-12-16,28.98591423034668,31.700000762939453,31.93000030517578,31.350000381469727,31.6200008392334,61795200
2022-12-19,29.315095901489258,32.060001373291016,32.22999954223633,31.729999542236328,31.760000228881836,38374100
2022-12-20,29.4339599609375,32.189998626708984,32.58000183105469,32.13999938964844,32.400001525878906,35561100
2022-12-21,29.882015228271484,32.68000030517578,32.869998931884766,32.40999984741211,32.52000045776367,32544000
2022-12-22,29.61684226989746,32.38999938964844,32.58000183105469,31.8700008392334,32.52000045776367,30234400
2022-12-23,29.689990997314453,32.470001220703125,32.58000183105469,32.189998626708984,32.400001525878906,21378600
2022-12-27,29.744850158691406,32.529998779296875,32.66999816894531,32.279998779296875,32.5,22776100
2022-12-28,29.964303970336914,32.77000045776367,32.970001220703125,32.529998779296875,32.56999969482422,30541000
2022-12-29,30.302623748779297,33.13999938964844,33.15999984741211,32.75,32.88999938964844,22252900
2022-12-30,30.284339904785156,33.119998931884766,33.29999923706055,32.86000061035156,33.099998474121094,28198900
2023-01-03,30.640947341918945,33.5099983215332,34.09000015258789,33.209999084472656,33.22999954223633,35221500
2023-01-04,31.217010498046875,34.13999938964844,34.81999969482422,33.83000183105469,33.900001525878906,41998500
2023-01-05,31.153005599975586,34.06999969482422,34.13999938964844,33.58000183105469,33.91999816894531,34177000
2023-01-06,31.463890075683594,34.40999984741211,34.58000183105469,33.540000915527344,34.09000015258789,34068700
2023-01-09,30.988412857055664,33.88999938964844,34.7599983215332,33.709999084472656,34.75,43818800
2023-01-10,31.198719024658203,34.119998931884766,34.27000045776367,33.63999938964844,33.7400016784668,35096000
2023-01-11,31.43645668029785,34.380001068115234,34.439998626708984,34.0,34.119998931884766,36783700
2023-01-12,31.518754959106445,34.470001220703125,34.869998931884766,34.36000061035156,34.599998474121094,44230400
2023-01-13,32.21367263793945,35.22999954223633,35.38999938964844,33.09000015258789,34.20000076293945,89667800
2023-01-17,31.56447410583496,34.52000045776367,34.83000183105469,34.150001525878906,34.689998626708984,56458400
2023-01-18,30.832962036132812,33.720001220703125,34.34000015258789,33.5099983215332,34.33000183105469,54517800
2023-01-19,30.384918212890625,33.22999954223633,33.54999923706055,32.88999938964844,33.279998779296875,42707100
2023-01-20,30.95183753967285,33.849998474121094,33.88999938964844,33.09000015258789,33.29999923706055,45004400
2023-01-23,31.38159942626953,34.31999969482422,34.5099983215332,33.75,33.810001373291016,33683300
2023-01-24,31.61018943786621,34.56999969482422,34.790000915527344,33.95000076293945,34.220001220703125,26716700
2023-01-25,31.884506225585938,34.869998931884766,34.959999084472656,34.25,34.29999923706055,28859700
2023-01-26,32.314266204833984,35.34000015258789,35.349998474121094,34.790000915527344,35.04999923706055,30035500
2023-01-27,32.414852142333984,35.45000076293945,35.779998779296875,35.27000045776367,35.439998626708984,29964900
2023-01-30,32.27768325805664,35.29999923706055,35.560001373291016,35.18000030517578,35.209999084472656,27353500
2023-01-31,32.44227600097656,35.47999954223633,35.47999954223633,35.0,35.16999816894531,38917400
2023-02-01,32.844608306884766,35.91999816894531,36.2599983215332,35.11000061035156,35.20000076293945,44438700
2023-02-02,33.0366325378418,36.130001068115234,36.380001068115234,35.439998626708984,36.099998474121094,33729100
2023-02-03,33.31094741821289,36.43000030517578,36.7599983215332,35.900001525878906,36.02000045776367,37411700
2023-02-06,33.25607681274414,36.369998931884766,36.439998626708984,35.97999954223633,36.25,29463200
2023-02-07,33.62184143066406,36.77000045776367,37.0,36.130001068115234,36.16999816894531,44100200
2023-02-08,33.37495422363281,36.5,36.84000015258789,36.34000015258789,36.40999984741211,28032800
2023-02-09,32.66173553466797,35.720001220703125,36.349998474121094,35.560001373291016,36.27000045776367,35257100
2023-02-10,32.533721923828125,35.58000183105469,35.59000015258789,35.029998779296875,35.54999923706055,32898900
2023-02-13,32.59772872924805,35.650001525878906,35.779998779296875,35.38999938964844,35.47999954223633,29163900
2023-02-14,32.57029724121094,35.619998931884766,35.9900016784668,35.459999084472656,35.630001068115234,33625200
2023-02-15,32.51543426513672,35.560001373291016,35.61000061035156,35.15999984741211,35.31999969482422,23500100
2023-02-16,32.25940704345703,35.279998779296875,35.65999984741211,35.220001220703125,35.41999816894531,22681100
2023-02-17,32.32340621948242,35.349998474121094,35.38999938964844,34.7400016784668,35.08000183105469,28562700
2023-02-21,31.56447410583496,34.52000045776367,35.04999923706055,34.27000045776367,34.90999984741211,37068900
2023-02-22,31.354164123535156,34.290000915527344,34.54999923706055,34.06999969482422,34.36000061035156,38550400
2023-02-23,31.326732635498047,34.2599983215332,34.599998474121094,33.86000061035156,34.400001525878906,28488000
2023-02-24,31.28101921081543,34.209999084472656,34.290000915527344,33.84000015258789,33.86000061035156,27046600
2023-02-27,31.28101921081543,34.209999084472656,34.689998626708984,34.16999816894531,34.45000076293945,30137500
2023-02-28,31.36331558227539,34.29999923706055,34.4900016784668,34.18000030517578,34.349998474121094,32620600
2023-03-01,31.217010498046875,34.13999938964844,34.4900016784668,33.97999954223633,34.150001525878906,29281600
2023-03-02,30.82128143310547,33.4900016784668,33.70000076293945,33.0,33.65999984741211,44607200
2023-03-03,31.43787956237793,34.15999984741211,34.290000915527344,33.650001525878906,33.650001525878906,39109100
2023-03-06,31.373464584350586,34.09000015258789,34.560001373291016,33.9900016784668,34.2400016784668,36646700
2023-03-07,30.370319366455078,33.0,33.900001525878906,32.79999923706055,33.849998474121094,52855300
2023-03-08,29.96538543701172,32.560001373291016,32.970001220703125,32.439998626708984,32.65999984741211,40045600
2023-03-09,28.106351852416992,30.540000915527344,32.38999938964844,30.309999465942383,32.279998779296875,112457900
2023-03-10,27.85787010192871,30.270000457763672,31.040000915527344,28.920000076293945,30.31999969482422,165330900
2023-03-13,26.23811912536621,28.510000228881836,29.719999313354492,27.8700008392334,28.920000076293945,218403300
2023-03-14,26.46819496154785,28.760000228881836,30.09000015258789,28.469999313354492,29.989999771118164,154255800
2023-03-15,26.219711303710938,28.489999771118164,28.559999465942383,27.68000030517578,27.8799991607666,131104400
2023-03-16,26.66145896911621,28.969999313354492,29.469999313354492,28.110000610351562,28.3799991607666,108348800
2023-03-17,25.603097915649414,27.81999969482422,28.65999984741211,27.6200008392334,28.65999984741211,130665500
2023-03-20,25.538679122924805,27.75,28.43000030517578,27.649999618530273,28.239999771118164,81441200
2023-03-21,26.31174087524414,28.59000015258789,28.979999542236328,28.510000228881836,28.6299991607666,84854800
2023-03-22,25.437442779541016,27.639999389648438,28.739999771118164,27.639999389648438,28.709999084472656,76925900
2023-03-23,24.820831298828125,26.969999313354492,28.09000015258789,26.790000915527344,28.0,105335900
2023-03-24,24.97728729248047,27.139999389648438,27.290000915527344,26.31999969482422,26.600000381469727,96872700
2023-03-27,26.219711303710938,28.489999771118164,28.649999618530273,27.90999984741211,27.93000030517578,102469800
2023-03-28,25.879194259643555,28.1200008392334,28.649999618530273,27.979999542236328,28.3799991607666,63416500
2023-03-29,26.38536834716797,28.670000076293945,28.770000457763672,28.239999771118164,28.489999771118164,62666400
2023-03-30,26.044849395751953,28.299999237060547,29.059999465942383,28.110000610351562,28.920000076293945,67427100
2023-03-31,26.320945739746094,28.600000381469727,28.68000030517578,28.260000228881836,28.6200008392334,56482100
2023-04-03,26.31174087524414,28.59000015258789,28.979999542236328,28.329999923706055,28.639999389648438,51996800
2023-04-04,25.75035285949707,27.979999542236328,28.649999618530273,27.65999984741211,28.549999237060547,56233300
2023-04-05,25.437442779541016,27.639999389648438,27.90999984741211,27.459999084472656,27.65999984741211,47799400
2023-04-06,25.62150764465332,27.84000015258789,28.010000228881836,27.6200008392334,27.719999313354492,41216600
2023-04-10,25.71354103088379,27.940000534057617,28.100000381469727,27.649999618530273,27.670000076293945,40572700
2023-04-11,26.42218017578125,28.709999084472656,28.75,27.959999084472656,28.020000457763672,58761200
2023-04-12,26.210508346557617,28.479999542236328,29.010000228881836,28.3700008392334,28.68000030517578,44313300
2023-04-13,26.28413200378418,28.559999465942383,28.639999389648438,28.239999771118164,28.559999465942383,52261400
2023-04-14,27.167634963989258,29.520000457763672,29.8700008392334,29.25,29.299999237060547,81110800
2023-04-17,27.94990348815918,30.3700008392334,30.40999984741211,29.399999618530273,29.770000457763672,83704400
2023-04-18,28.124757766723633,30.559999465942383,30.93000030517578,29.799999237060547,30.799999237060547,114498800
2023-04-19,27.66459846496582,30.059999465942383,30.200000762939453,29.790000915527344,30.1299991607666,65594200
2023-04-20,27.517353057861328,29.899999618530273,30.229999542236328,29.770000457763672,29.84000015258789,43193800
2023-04-21,27.4897403717041,29.8700008392334,29.979999542236328,29.40999984741211,29.75,44759000
2023-04-24,27.388507843017578,29.760000228881836,29.899999618530273,29.59000015258789,29.790000915527344,28020300
2023-04-25,26.54182243347168,28.84000015258789,29.530000686645508,28.81999969482422,29.450000762939453,49718800
2023-04-26,26.173696517944336,28.440000534057617,28.940000534057617,28.299999237060547,28.760000228881836,45848400
2023-04-27,26.587833404541016,28.889999389648438,29.079999923706055,28.520000457763672,28.520000457763672,33060100
2023-04-28,26.946760177612305,29.280000686645508,29.43000030517578,28.510000228881836,28.530000686645508,45592500
2023-05-01,26.72588348388672,29.040000915527344,29.540000915527344,29.0,29.5,34076800
2023-05-02,25.916006088256836,28.15999984741211,28.860000610351562,27.709999084472656,28.850000381469727,70797700
2023-05-03,25.639911651611328,27.860000610351562,28.5,27.809999465942383,28.15999984741211,51139500
2023-05-04,24.839237213134766,26.989999771118164,27.809999465942383,26.829999923706055,27.579999923706055,82173800
2023-05-05,25.501869201660156,27.709999084472656,27.889999389648438,27.469999313354492,27.6200008392334,50087100
2023-05-08,25.48346519470215,27.690000534057617,28.149999618530273,27.65999984741211,28.079999923706055,34245500
2023-05-09,25.45585060119629,27.65999984741211,27.829999923706055,27.239999771118164,27.420000076293945,32188800
2023-05-10,25.142942428588867,27.31999969482422,28.0,27.020000457763672,27.959999084472656,44446400
2023-05-11,25.207368850708008,27.389999389648438,27.489999771118164,26.8799991607666,27.010000228881836,34897300
2023-05-12,24.931272506713867,27.09000015258789,27.549999237060547,26.8799991607666,27.520000457763672,38142000
2023-05-15,25.44664764404297,27.649999618530273,27.81999969482422,27.030000686645508,27.100000381469727,38722800
2023-05-16,25.179758071899414,27.360000610351562,27.899999618530273,27.329999923706055,27.780000686645508,33347500
2023-05-17,26.293336868286133,28.56999969482422,28.670000076293945,27.729999542236328,27.739999771118164,61750400
2023-05-18,26.201303482055664,28.469999313354492,28.5,28.0,28.440000534057617,51146100
2023-05-19,25.869993209838867,28.110000610351562,28.670000076293945,28.030000686645508,28.459999084472656,50062500
2023-05-22,26.0816650390625,28.34000015258789,28.450000762939453,28.010000228881836,28.299999237060547,36473700
2023-05-23,26.302541732788086,28.579999923706055,29.079999923706055,28.299999237060547,28.31999969482422,51400400
2023-05-24,25.86078643798828,28.100000381469727,28.510000228881836,28.0,28.329999923706055,50606900
2023-05-25,25.925212860107422,28.170000076293945,28.239999771118164,27.8799991607666,27.989999771118164,40517800
2023-05-26,26.054054260253906,28.309999465942383,28.399999618530273,27.790000915527344,28.200000762939453,57879100
2023-05-30,26.008039474487305,28.260000228881836,28.489999771118164,27.950000762939453,28.31999969482422,41819600
2023-05-31,25.57549285888672,27.790000915527344,28.15999984741211,27.479999542236328,28.100000381469727,61905200
2023-06-01,25.770301818847656,27.780000686645508,27.979999542236328,27.34000015258789,27.760000228881836,57426100
2023-06-02,26.633018493652344,28.709999084472656,28.950000762939453,28.1200008392334,28.15999984741211,66578100
2023-06-05,26.475318908691406,28.540000915527344,28.81999969482422,28.299999237060547,28.81999969482422,34757800
2023-06-06,27.115402221679688,29.229999542236328,29.43000030517578,28.450000762939453,28.459999084472656,46297900
2023-06-07,27.347312927246094,29.479999542236328,29.649999618530273,29.010000228881836,29.299999237060547,44502600
2023-06-08,27.115402221679688,29.229999542236328,29.3799991607666,28.989999771118164,29.280000686645508,41483100
2023-06-09,27.152507781982422,29.270000457763672,29.399999618530273,29.079999923706055,29.200000762939453,32692000
2023-06-12,27.022634506225586,29.1299991607666,29.559999465942383,28.90999984741211,29.299999237060547,41011300
2023-06-13,27.273101806640625,29.399999618530273,29.799999237060547,29.030000686645508,29.1299991607666,42718800
2023-06-14,27.013362884521484,29.1200008392334,29.729999542236328,28.989999771118164,29.56999969482422,38322800
2023-06-15,27.245271682739258,29.3700008392334,29.469999313354492,28.690000534057617,28.899999618530273,42044900
2023-06-16,27.078296661376953,29.190000534057617,29.68000030517578,29.15999984741211,29.530000686645508,53050200
2023-06-20,26.78144645690918,28.8700008392334,29.040000915527344,28.579999923706055,29.010000228881836,39040900
2023-06-21,26.503149032592773,28.56999969482422,29.0,28.540000915527344,28.780000686645508,39553400
2023-06-22,25.937274932861328,27.959999084472656,28.530000686645508,27.899999618530273,28.5,50742900
2023-06-23,25.742469787597656,27.75,27.889999389648438,27.59000015258789,27.739999771118164,55181100
2023-06-26,26.05787467956543,28.09000015258789,28.280000686645508,27.790000915527344,27.799999237060547,47519300
2023-06-27,26.197021484375,28.239999771118164,28.399999618530273,27.950000762939453,28.100000381469727,39081800
2023-06-28,26.039318084716797,28.06999969482422,28.270000457763672,27.899999618530273,28.25,37803800
2023-06-29,26.586639404296875,28.65999984741211,29.0,28.399999618530273,28.5,68376400
2023-06-30,26.614469528198242,28.690000534057617,29.110000610351562,28.670000076293945,28.940000534057617,50479000
2023-07-03,27.08757209777832,29.200000762939453,29.350000381469727,28.649999618530273,28.700000762939453,30995800
2023-07-05,26.97625160217285,29.079999923706055,29.420000076293945,28.950000762939453,29.139999389648438,37492000
2023-07-06,26.234128952026367,28.280000686645508,28.81999969482422,28.100000381469727,28.799999237060547,52098000
2023-07-07,26.466041564941406,28.530000686645508,28.81999969482422,28.290000915527344,28.299999237060547,34288000
2023-07-10,26.586639404296875,28.65999984741211,28.850000381469727,28.469999313354492,28.59000015258789,36086000
2023-07-11,26.920597076416016,29.020000457763672,29.079999923706055,28.420000076293945,28.65999984741211,40978700
2023-07-12,27.235998153686523,29.360000610351562,29.889999389648438,29.270000457763672,29.510000228881836,41855500
2023-07-13,27.523571014404297,29.670000076293945,29.8700008392334,29.40999984741211,29.520000457763672,39589000
2023-07-14,27.00408172607422,29.110000610351562,30.100000381469727,29.049999237060547,30.0,58720300
2023-07-17,27.273101806640625,29.399999618530273,29.559999465942383,29.1200008392334,29.149999618530273,49477200
2023-07-18,28.47905731201172,30.700000762939453,30.860000610351562,29.920000076293945,30.0,98253800
2023-07-19,29.249011993408203,31.530000686645508,31.700000762939453,30.690000534057617,30.889999389648438,70619800
2023-07-20,29.397436141967773,31.690000534057617,31.799999237060547,31.260000228881836,31.329999923706055,42128800
2023-07-21,29.666458129882812,31.979999542236328,32.11000061035156,31.420000076293945,31.8700008392334,70872400
2023-07-24,30.287982940673828,32.650001525878906,32.849998474121094,31.979999542236328,32.0,64548600
2023-07-25,29.824161529541016,32.150001525878906,32.790000915527344,32.06999969482422,32.7599983215332,51208800
2023-07-26,30.065349578857422,32.40999984741211,32.540000915527344,32.150001525878906,32.2400016784668,41814600
2023-07-27,29.638626098632812,31.950000762939453,32.7400016784668,31.81999969482422,32.43000030517578,45529500
2023-07-28,29.59224510192871,31.899999618530273,32.15999984741211,31.709999084472656,32.150001525878906,33296500
2023-07-31,29.68501091003418,32.0,32.25,31.780000686645508,31.899999618530273,29093400
2023-08-01,29.33249855041504,31.6200008392334,31.940000534057617,31.420000076293945,31.84000015258789,32712000
2023-08-02,28.933609008789062,31.190000534057617,31.280000686645508,30.780000686645508,31.15999984741211,38855100
2023-08-03,29.137691497802734,31.40999984741211,31.549999237060547,30.8799991607666,30.940000534057617,27933400
2023-08-04,29.03565216064453,31.299999237060547,31.670000076293945,31.170000076293945,31.360000610351562,30768100
2023-08-07,29.573694229125977,31.8799991607666,31.899999618530273,31.40999984741211,31.40999984741211,31745200
2023-08-08,29.00782012939453,31.270000457763672,31.309999465942383,30.479999542236328,31.299999237060547,45951800
2023-08-09,28.62748146057129,30.860000610351562,31.280000686645508,30.829999923706055,31.219999313354492,30732100
2023-08-10,28.70169448852539,30.940000534057617,31.31999969482422,30.799999237060547,31.010000228881836,26062600
2023-08-11,29.02637481689453,31.290000915527344,31.399999618530273,30.75,30.799999237060547,35720700
2023-08-14,28.692415237426758,30.93000030517578,31.110000610351562,30.75,31.049999237060547,32563700
2023-08-15,27.774038314819336,29.940000534057617,30.549999237060547,29.84000015258789,30.5,43406100
2023-08-16,27.171062469482422,29.290000915527344,29.84000015258789,29.209999084472656,29.75,47220400
2023-08-17,27.16178321838379,29.280000686645508,29.540000915527344,29.110000610351562,29.440000534057617,37202200
2023-08-18,27.00408172607422,29.110000610351562,29.350000381469727,28.979999542236328,29.040000915527344,31430400
2023-08-21,27.041183471679688,29.149999618530273,29.299999237060547,28.799999237060547,29.219999313354492,34959000
2023-08-22,26.382553100585938,28.440000534057617,29.239999771118164,28.420000076293945,29.1299991607666,37564200
2023-08-23,26.391830444335938,28.450000762939453,28.510000228881836,28.18000030517578,28.450000762939453,44686600
2023-08-24,26.549531936645508,28.6200008392334,28.790000915527344,28.3700008392334,28.399999618530273,31934800
2023-08-25,26.438215255737305,28.5,28.790000915527344,28.299999237060547,28.639999389648438,34253200
2023-08-28,26.67940330505371,28.760000228881836,29.0,28.56999969482422,28.690000534057617,33075200
2023-08-29,27.059741973876953,29.170000076293945,29.260000228881836,28.719999313354492,28.889999389648438,30428200
2023-08-30,26.939144134521484,29.040000915527344,29.270000457763672,28.93000030517578,29.219999313354492,33366400
2023-08-31,26.817548751831055,28.670000076293945,28.969999313354492,28.530000686645508,28.93000030517578,37243000
2023-09-01,27.107513427734375,28.979999542236328,29.1299991607666,28.760000228881836,28.760000228881836,35228600
2023-09-05,26.798839569091797,28.649999618530273,29.1200008392334,28.5,28.940000534057617,46543600
2023-09-06,26.555639266967773,28.389999389648438,28.559999465942383,28.1200008392334,28.399999618530273,45022600
2023-09-07,26.312435150146484,28.1299991607666,28.549999237060547,28.059999465942383,28.40999984741211,35023600
2023-09-08,26.527578353881836,28.360000610351562,28.3799991607666,27.959999084472656,28.1200008392334,36513900
2023-09-11,26.63982391357422,28.479999542236328,28.760000228881836,28.399999618530273,28.510000228881836,34168300
2023-09-12,27.098161697387695,28.969999313354492,29.139999389648438,28.399999618530273,28.459999084472656,42284000
2023-09-13,27.013975143432617,28.8799991607666,29.190000534057617,28.700000762939453,29.1200008392334,37215700
2023-09-14,27.31330108642578,29.200000762939453,29.440000534057617,29.100000381469727,29.170000076293945,44634800
2023-09-15,26.976560592651367,28.84000015258789,29.09000015258789,28.75,28.950000762939453,61661100
2023-09-18,26.9017333984375,28.760000228881836,28.799999237060547,28.489999771118164,28.799999237060547,25752300
2023-09-19,26.798839569091797,28.649999618530273,28.940000534057617,28.510000228881836,28.760000228881836,34888100
2023-09-20,26.70530128479004,28.549999237060547,28.969999313354492,28.530000686645508,28.809999465942383,26641100
2023-09-21,26.237606048583984,28.049999237060547,28.59000015258789,28.020000457763672,28.360000610351562,39906000
2023-09-22,25.854095458984375,27.639999389648438,28.190000534057617,27.600000381469727,28.06999969482422,41284400
2023-09-25,25.816682815551758,27.600000381469727,27.6200008392334,27.350000381469727,27.5,32749200
2023-09-26,25.41446876525879,27.170000076293945,27.5,27.010000228881836,27.34000015258789,42237400
2023-09-27,25.508007049560547,27.270000457763672,27.610000610351562,27.06999969482422,27.229999542236328,38296300
2023-09-28,25.779266357421875,27.559999465942383,27.639999389648438,27.170000076293945,27.170000076293945,36734300
2023-09-29,25.610897064208984,27.3799991607666,27.989999771118164,27.270000457763672,27.889999389648438,40645900
2023-10-02,24.974838256835938,26.700000762939453,27.360000610351562,26.579999923706055,27.270000457763672,50388600
2023-10-03,24.235876083374023,25.90999984741211,26.520000457763672,25.81999969482422,26.489999771118164,62144500
2023-10-04,24.26394271850586,25.940000534057617,26.010000228881836,25.579999923706055,25.8799991607666,55696400
2023-10-05,24.376190185546875,26.059999465942383,26.09000015258789,25.559999465942383,25.780000686645508,49044100
2023-10-06,24.385540008544922,26.06999969482422,26.229999542236328,25.469999313354492,25.770000457763672,58177300
2023-10-09,24.610031127929688,26.309999465942383,26.360000610351562,25.719999313354492,25.760000228881836,39953700
2023-10-10,25.264801025390625,27.010000228881836,27.299999237060547,26.56999969482422,26.610000610351562,51960100
2023-10-11,25.274158477783203,27.020000457763672,27.440000534057617,26.899999618530273,27.170000076293945,38508200
2023-10-12,25.161911010742188,26.899999618530273,27.079999923706055,26.610000610351562,26.969999313354492,44249800
2023-10-13,25.030956268310547,26.760000228881836,27.719999313354492,26.520000457763672,27.43000030517578,55089700
2023-10-16,25.246095657348633,26.989999771118164,27.18000030517578,26.770000457763672,27.15999984741211,56817500
2023-10-17,25.835391998291016,27.6200008392334,27.8700008392334,26.719999313354492,27.049999237060547,95344200
2023-10-18,25.545421600341797,27.309999465942383,28.040000915527344,27.209999084472656,27.540000915527344,68371100
2023-10-19,25.21803092956543,26.959999084472656,27.780000686645508,26.8799991607666,27.25,58611000
2023-10-20,24.610031127929688,26.309999465942383,26.940000534057617,26.239999771118164,26.799999237060547,62058400
2023-10-23,23.917844772338867,25.56999969482422,26.209999084472656,25.520000457763672,26.1299991607666,59857200
2023-10-24,23.824310302734375,25.469999313354492,25.8700008392334,25.399999618530273,25.739999771118164,55975700
2023-10-25,23.899137496948242,25.549999237060547,25.649999618530273,25.18000030517578,25.3799991607666,45522400
2023-10-26,24.43231201171875,26.1200008392334,26.360000610351562,25.440000534057617,25.489999771118164,60921000
2023-10-27,23.543691635131836,25.170000076293945,26.06999969482422,24.959999084472656,26.06999969482422,64709300
2023-10-30,24.03009033203125,25.690000534057617,25.780000686645508,25.280000686645508,25.31999969482422,41891900
2023-10-31,24.63809585571289,26.34000015258789,26.3799991607666,25.719999313354492,25.739999771118164,50106700
2023-11-01,24.694215774536133,26.399999618530273,26.6200008392334,26.149999618530273,26.440000534057617,44046300
2023-11-02,25.835391998291016,27.6200008392334,27.65999984741211,26.59000015258789,26.709999084472656,63278300
2023-11-03,26.58370018005371,28.420000076293945,28.93000030517578,28.1299991607666,28.15999984741211,62613600
2023-11-06,26.499515533447266,28.329999923706055,28.770000457763672,28.020000457763672,28.559999465942383,45548000
2023-11-07,26.340496063232422,28.15999984741211,28.260000228881836,27.950000762939453,28.049999237060547,33081900
2023-11-08,26.08794593811035,27.889999389648438,28.200000762939453,27.670000076293945,28.15999984741211,31896000
2023-11-09,25.751205444335938,27.530000686645508,28.079999923706055,27.399999618530273,28.06999969482422,32267900
2023-11-10,25.891517639160156,27.68000030517578,27.770000457763672,27.34000015258789,27.760000228881836,32858500
2023-11-13,25.910221099853516,27.700000762939453,27.850000381469727,27.420000076293945,27.540000915527344,28521800
2023-11-14,27.332008361816406,29.219999313354492,29.40999984741211,28.469999313354492,28.5,66676300
2023-11-15,27.706161499023438,29.6200008392334,29.729999542236328,29.200000762939453,29.200000762939453,46968900
2023-11-16,27.63133430480957,29.540000915527344,29.700000762939453,29.219999313354492,29.43000030517578,36952800
2023-11-17,28.042905807495117,29.979999542236328,30.0,29.549999237060547,29.709999084472656,38493300
2023-11-20,28.070964813232422,30.010000228881836,30.25,29.75,29.979999542236328,46783400
2023-11-21,27.74357795715332,29.65999984741211,29.989999771118164,29.549999237060547,29.989999771118164,41611900
2023-11-22,27.715517044067383,29.6299991607666,29.790000915527344,29.520000457763672,29.739999771118164,41422700
2023-11-24,27.80905532836914,29.729999542236328,29.889999389648438,29.479999542236328,29.479999542236328,15815600
2023-11-27,27.650039672851562,29.559999465942383,29.690000534057617,29.510000228881836,29.600000381469727,42039500
2023-11-28,27.621980667114258,29.530000686645508,29.649999618530273,29.31999969482422,29.530000686645508,29705800
2023-11-29,28.35158348083496,30.309999465942383,30.610000610351562,29.809999465942383,29.8799991607666,57954900
2023-11-30,28.747581481933594,30.489999771118164,30.549999237060547,30.040000915527344,30.209999084472656,52547700
2023-12-01,29.190717697143555,30.959999084472656,31.049999237060547,30.350000381469727,30.399999618530273,46133300
2023-12-04,29.0587215423584,30.81999969482422,31.0,30.520000457763672,30.530000686645508,37811300
2023-12-05,28.83243751525879,30.579999923706055,30.790000915527344,30.329999923706055,30.68000030517578,45723100
2023-12-06,28.785295486450195,30.530000686645508,31.520000457763672,30.440000534057617,30.780000686645508,49803100
2023-12-07,28.90786361694336,30.65999984741211,30.93000030517578,30.540000915527344,30.59000015258789,32699600
2023-12-08,29.190717697143555,30.959999084472656,31.139999389648438,30.610000610351562,30.670000076293945,34794300
2023-12-11,29.087003707885742,30.850000381469727,31.079999923706055,30.709999084472656,30.920000076293945,32254000
2023-12-12,28.983291625976562,30.739999771118164,30.860000610351562,30.450000762939453,30.770000457763672,34566700
2023-12-13,30.208999633789062,32.040000915527344,32.130001068115234,30.6299991607666,30.75,60311100
2023-12-14,32.000423431396484,33.939998626708984,34.06999969482422,32.56999969482422,32.619998931884766,107190000
2023-12-15,31.67984962463379,33.599998474121094,34.02000045776367,33.290000915527344,33.81999969482422,83771800
2023-12-18,31.51956558227539,33.43000030517578,33.790000915527344,33.40999984741211,33.709999084472656,40694700
2023-12-19,31.594995498657227,33.5099983215332,33.66999816894531,32.79999923706055,33.029998779296875,44534800
2023-12-20,31.09528350830078,32.97999954223633,33.709999084472656,32.95000076293945,33.380001068115234,44711400
2023-12-21,31.30270767211914,33.20000076293945,33.45000076293945,32.88999938964844,33.2400016784668,32325700
2023-12-22,31.51956558227539,33.43000030517578,33.66999816894531,33.20000076293945,33.209999084472656,37265900
2023-12-26,31.92499351501465,33.86000061035156,33.959999084472656,33.369998931884766,33.45000076293945,24845400
2023-12-27,31.906131744384766,33.84000015258789,33.95000076293945,33.65999984741211,33.79999923706055,24498600
2023-12-28,31.943851470947266,33.880001068115234,33.970001220703125,33.77000045776367,33.81999969482422,21799600
2023-12-29,31.745853424072266,33.66999816894531,33.9900016784668,33.54999923706055,33.939998626708984,28060700
2024-01-02,31.96271324157715,33.900001525878906,34.06999969482422,33.27000045776367,33.38999938964844,36668600
2024-01-03,31.61385154724121,33.529998779296875,33.77000045776367,33.2400016784668,33.650001525878906,45988700
2024-01-04,31.868427276611328,33.79999923706055,34.310001373291016,33.540000915527344,33.56999969482422,39834600
2024-01-05,32.46242141723633,34.43000030517578,34.689998626708984,33.709999084472656,33.79999923706055,49242400
2024-01-08,32.20785140991211,34.15999984741211,34.29999923706055,33.63999938964844,34.29999923706055,40253900
2024-01-09,31.708141326904297,33.630001068115234,33.84000015258789,33.5099983215332,33.81999969482422,39268800
2024-01-10,31.67984962463379,33.599998474121094,33.630001068115234,33.2400016784668,33.5,34904000
2024-01-11,31.255569458007812,33.150001525878906,33.5,32.779998779296875,33.36000061035156,48790600
2024-01-12,30.925567626953125,32.79999923706055,33.189998626708984,31.959999084472656,32.25,74344300
2024-01-16,30.2844295501709,32.119998931884766,32.5099983215332,31.81999969482422,32.40999984741211,58420800
2024-01-17,29.98271942138672,31.799999237060547,31.989999771118164,31.270000457763672,31.719999313354492,48811300
2024-01-18,29.916717529296875,31.729999542236328,31.770000457763672,31.399999618530273,31.75,35484400
2024-01-19,30.37871551513672,32.220001220703125,32.22999954223633,31.56999969482422,31.799999237060547,49493600
2024-01-22,30.68985366821289,32.54999923706055,32.9900016784668,32.31999969482422,32.36000061035156,43903400
2024-01-23,30.89728355407715,32.77000045776367,32.81999969482422,32.38999938964844,32.540000915527344,30003400
2024-01-24,31.09528350830078,32.97999954223633,33.34000015258789,32.90999984741211,33.029998779296875,36403900
2024-01-25,31.481853485107422,33.38999938964844,33.45000076293945,32.83000183105469,33.209999084472656,46204000
2024-01-26,31.51956558227539,33.43000030517578,33.66999816894531,33.31999969482422,33.400001525878906,30839800
2024-01-29,31.68927574157715,33.61000061035156,33.650001525878906,33.2400016784668,33.400001525878906,30269300
2024-01-30,32.801849365234375,34.790000915527344,34.88999938964844,33.84000015258789,33.900001525878906,60315700
2024-01-31,32.0664176940918,34.0099983215332,35.099998474121094,34.0,34.56999969482422,54716000
2024-02-01,31.632709503173828,33.54999923706055,34.25,32.93000030517578,33.93000030517578,57084800
2024-02-02,31.557281494140625,33.470001220703125,33.709999084472656,33.16999816894531,33.369998931884766,40416000
2024-02-05,31.104713439941406,32.9900016784668,33.290000915527344,32.86000061035156,33.11000061035156,43573000
2024-02-06,31.151853561401367,33.040000915527344,33.36000061035156,32.880001068115234,32.91999816894531,27188000
2024-02-07,31.283857345581055,33.18000030517578,33.2599983215332,32.630001068115234,33.060001373291016,29660100
2024-02-08,31.227285385131836,33.119998931884766,33.279998779296875,32.79999923706055,33.04999923706055,36852200
2024-02-09,31.18013572692871,33.06999969482422,33.25,32.84000015258789,33.099998474121094,36176000
2024-02-12,31.69870376586914,33.619998931884766,33.970001220703125,32.97999954223633,33.0,34160400
2024-02-13,30.878427505493164,32.75,33.310001373291016,32.349998474121094,33.119998931884766,43801500
2024-02-14,31.236713409423828,33.130001068115234,33.18000030517578,32.869998931884766,32.97999954223633,27833900
2024-02-15,32.122989654541016,34.06999969482422,34.2400016784668,33.31999969482422,33.31999969482422,41683100
2024-02-16,32.141845703125,34.09000015258789,34.150001525878906,32.4900016784668,33.91999816894531,33290700
2024-02-20,32.01927947998047,33.959999084472656,34.09000015258789,33.77000045776367,33.779998779296875,30372900
2024-02-21,31.77413558959961,33.70000076293945,33.7400016784668,33.16999816894531,33.36000061035156,37847100
2024-02-22,31.68927574157715,33.61000061035156,34.06999969482422,33.369998931884766,33.369998931884766,42756900
2024-02-23,31.9815673828125,33.91999816894531,34.04999923706055,33.4900016784668,33.72999954223633,30586000
2024-02-26,31.68927574157715,33.61000061035156,34.220001220703125,33.529998779296875,33.790000915527344,31129200
2024-02-27,32.32099151611328,34.279998779296875,34.43000030517578,33.709999084472656,33.72999954223633,40536300
2024-02-28,32.349281311035156,34.310001373291016,34.599998474121094,34.11000061035156,34.220001220703125,39548600
2024-02-29,32.77655029296875,34.52000045776367,34.650001525878906,34.150001525878906,34.33000183105469,43863400
2024-03-01,32.615135192871094,34.349998474121094,34.650001525878906,34.029998779296875,34.529998779296875,38432300
2024-03-04,33.374732971191406,35.150001525878906,35.41999816894531,34.25,34.290000915527344,49136400
2024-03-05,33.602603912353516,35.38999938964844,35.720001220703125,34.869998931884766,34.93000030517578,47591600
2024-03-06,33.631099700927734,35.41999816894531,35.790000915527344,35.06999969482422,35.650001525878906,49149700
2024-03-07,33.83049392700195,35.630001068115234,35.900001525878906,35.25,35.599998474121094,35900700
2024-03-08,33.802001953125,35.599998474121094,36.130001068115234,35.5,35.869998931884766,42769900
2024-03-11,34.077354431152344,35.88999938964844,35.93000030517578,35.27000045776367,35.38999938964844,34131500
2024-03-12,34.143821716308594,35.959999084472656,36.150001525878906,35.779998779296875,35.900001525878906,29260400
2024-03-13,34.25775909423828,36.08000183105469,36.45000076293945,35.959999084472656,35.959999084472656,38289600
2024-03-14,33.887451171875,35.689998626708984,36.220001220703125,35.47999954223633,35.91999816894531,40178100
2024-03-15,33.6215934753418,35.40999984741211,36.0099983215332,35.2400016784668,35.279998779296875,69646400
2024-03-18,34.19129943847656,36.0099983215332,36.09000015258789,35.38999938964844,35.65999984741211,50617900
2024-03-19,34.21028137207031,36.029998779296875,36.38999938964844,35.849998474121094,35.88999938964844,46113800
2024-03-20,34.8939208984375,36.75,36.880001068115234,35.72999954223633,35.84000015258789,40519000
2024-03-21,35.615535736083984,37.5099983215332,37.599998474121094,36.880001068115234,36.93000030517578,43219500
2024-03-22,35.178768157958984,37.04999923706055,37.61000061035156,37.0,37.40999984741211,29001100
2024-03-25,34.99836349487305,36.86000061035156,37.279998779296875,36.84000015258789,37.099998474121094,30480200
2024-03-26,35.21674728393555,37.09000015258789,37.2400016784668,36.79999923706055,37.0,33673400
2024-03-27,35.90038299560547,37.810001373291016,37.849998474121094,37.2400016784668,37.25,36350200
2024-03-28,36.00482940673828,37.91999816894531,38.0,37.41999816894531,37.720001220703125,42262500
2024-04-01,35.62502670288086,37.52000045776367,38.349998474121094,37.439998626708984,37.939998626708984,33908000
2024-04-02,35.4161376953125,37.29999923706055,37.58000183105469,37.15999984741211,37.189998626708984,34806800
2024-04-03,35.549076080322266,37.439998626708984,38.02000045776367,37.27000045776367,37.400001525878906,33338500
2024-04-04,35.05533218383789,36.91999816894531,37.959999084472656,36.869998931884766,37.70000076293945,42888200
2024-04-05,35.23573684692383,37.11000061035156,37.34000015258789,36.72999954223633,36.810001373291016,30823500
2024-04-08,35.60603713989258,37.5,37.58000183105469,37.130001068115234,37.20000076293945,29470300
2024-04-09,35.82442092895508,37.72999954223633,37.77000045776367,37.20000076293945,37.5099983215332,30967300
2024-04-10,34.79897689819336,36.650001525878906,37.22999954223633,36.54999923706055,37.18000030517578,37610700
2024-04-11,34.51411819458008,36.349998474121094,36.75,36.04999923706055,36.75,38604000
2024-04-12,33.982398986816406,35.790000915527344,36.09000015258789,35.529998779296875,35.810001373291016,47126100
2024-04-15,34.13432312011719,35.95000076293945,36.7599983215332,35.7599983215332,36.33000183105469,44392000
2024-04-16,32.928466796875,34.68000030517578,36.16999816894531,34.150001525878906,36.099998474121094,95566100
2024-04-17,33.450687408447266,35.22999954223633,35.75,34.75,34.88999938964844,65951400
2024-04-18,33.96341323852539,35.77000045776367,35.9900016784668,35.18000030517578,35.540000915527344,44506200
2024-04-19,35.10280990600586,36.970001220703125,37.119998931884766,36.060001373291016,36.099998474121094,56273700
2024-04-22,35.82442092895508,37.72999954223633,37.90999984741211,36.869998931884766,37.0,43867100
2024-04-23,36.432098388671875,38.369998931884766,38.41999816894531,37.83000183105469,37.939998626708984,39180300
2024-04-24,36.38462448120117,38.31999969482422,38.4900016784668,38.0,38.02000045776367,28670600
2024-04-25,35.99532699584961,37.90999984741211,38.27000045776367,37.380001068115234,37.93000030517578,41116000
2024-04-26,35.91938018798828,37.83000183105469,38.310001373291016,37.779998779296875,37.93000030517578,28668700
2024-04-29,35.65351867675781,37.54999923706055,38.060001373291016,37.45000076293945,37.84000015258789,26438800
2024-04-30,35.14078903198242,37.0099983215332,37.66999816894531,36.97999954223633,37.349998474121094,30283800
2024-05-01,35.08382797241211,36.95000076293945,37.5099983215332,36.77000045776367,37.209999084472656,32272000
2024-05-02,35.01736068725586,36.880001068115234,37.4900016784668,36.650001525878906,37.369998931884766,34860300
2024-05-03,35.3686637878418,37.25,37.529998779296875,37.08000183105469,37.25,34082700
2024-05-06,35.78644561767578,37.689998626708984,37.790000915527344,37.36000061035156,37.65999984741211,28422300
2024-05-07,35.928871154785156,37.84000015258789,38.150001525878906,37.70000076293945,37.70000076293945,29119500
2024-05-08,35.80543518066406,37.709999084472656,37.81999969482422,37.52000045776367,37.70000076293945,32803300
2024-05-09,36.34664535522461,38.279998779296875,38.41999816894531,37.459999084472656,37.529998779296875,26855400
2024-05-10,36.50806427001953,38.45000076293945,38.779998779296875,38.33000183105469,38.47999954223633,27359100
2024-05-13,36.28018569946289,38.209999084472656,38.779998779296875,38.18000030517578,38.619998931884766,24060600
2024-05-14,36.546043395996094,38.4900016784668,38.790000915527344,38.369998931884766,38.400001525878906,27594800
2024-05-15,36.944828033447266,38.90999984741211,39.2400016784668,38.779998779296875,38.79999923706055,34084400
2024-05-16,37.23917770385742,39.220001220703125,39.36000061035156,38.709999084472656,38.91999816894531,32554200
2024-05-17,37.30564498901367,39.290000915527344,39.4900016784668,39.15999984741211,39.45000076293945,25537300
2024-05-20,36.859371185302734,38.81999969482422,39.470001220703125,38.790000915527344,39.2599983215332,28369800
2024-05-21,37.647457122802734,39.650001525878906,39.75,38.77000045776367,38.77000045776367,31799200
2024-05-22,37.75189971923828,39.7599983215332,39.810001373291016,39.34000015258789,39.40999984741211,42837600
2024-05-23,37.19169616699219,39.16999816894531,39.84000015258789,38.939998626708984,39.77000045776367,39033900
2024-05-24,37.6949348449707,39.70000076293945,39.779998779296875,39.06999969482422,39.15999984741211,22166300
2024-05-28,37.3341178894043,39.31999969482422,39.7400016784668,39.11000061035156,39.650001525878906,31217900
2024-05-29,36.764427185058594,38.720001220703125,38.900001525878906,38.560001373291016,38.84000015258789,26677500
2024-05-30,36.67897415161133,38.630001068115234,39.119998931884766,37.59000015258789,38.72999954223633,50989100
2024-05-31,37.97028350830078,39.9900016784668,40.08000183105469,38.65999984741211,38.70000076293945,58188400
2024-06-03,37.8658447265625,39.880001068115234,40.189998626708984,39.36000061035156,40.040000915527344,31898600
2024-06-04,37.675941467285156,39.68000030517578,40.13999938964844,39.41999816894531,39.619998931884766,26974200
2024-06-05,37.941795349121094,39.959999084472656,39.9900016784668,39.52000045776367,39.81999969482422,34140300
2024-06-06,37.6949348449707,39.70000076293945,40.0,39.41999816894531,39.90999984741211,38676400
2024-06-07,38.000614166259766,39.779998779296875,39.959999084472656,39.279998779296875,39.279998779296875,25928700
2024-06-10,37.895538330078125,39.66999816894531,39.84000015258789,39.209999084472656,39.58000183105469,37176200
2024-06-11,37.12177276611328,38.86000061035156,39.349998474121094,38.459999084472656,39.33000183105469,44629000
2024-06-12,37.64716720581055,39.40999984741211,39.880001068115234,39.099998474121094,39.79999923706055,38964700
2024-06-13,37.503875732421875,39.2599983215332,39.349998474121094,38.93000030517578,39.290000915527344,40018700
2024-06-14,37.484779357910156,39.2400016784668,39.47999954223633,38.90999984741211,39.099998474121094,32347900
2024-06-17,37.74269485473633,39.5099983215332,39.529998779296875,38.97999954223633,39.09000015258789,26135400
2024-06-18,38.20122146606445,39.9900016784668,40.02000045776367,39.459999084472656,39.560001373291016,30804500
2024-06-20,38.20122146606445,39.9900016784668,40.310001373291016,39.75,39.779998779296875,29383300
2024-06-21,37.72358703613281,39.4900016784668,39.90999984741211,39.369998931884766,39.849998474121094,72244900
2024-06-24,38.229881286621094,40.02000045776367,40.34000015258789,39.650001525878906,39.77000045776367,31064900
2024-06-25,37.61851501464844,39.380001068115234,40.06999969482422,39.349998474121094,39.779998779296875,30596000
2024-06-26,37.2555046081543,39.0,39.349998474121094,38.470001220703125,39.16999816894531,44310200
2024-06-27,37.49432373046875,39.25,39.349998474121094,38.34000015258789,38.70000076293945,29464200
2024-06-28,37.99106216430664,39.77000045776367,40.060001373291016,39.31999969482422,39.7400016784668,52028200
