Date,Adj Close,Close,High,Low,Open,Volume
2019-01-02,41.22704315185547,53.529998779296875,53.7400016784668,50.66999816894531,50.68000030517578,21646300
2019-01-03,40.47998809814453,52.560001373291016,53.619998931884766,52.220001220703125,53.40999984741211,21183000
2019-01-04,42.459312438964844,55.130001068115234,55.380001068115234,53.65999984741211,54.0099983215332,24205100
2019-01-07,42.82898712158203,55.61000061035156,56.209999084472656,54.79999923706055,55.33000183105469,20634100
2019-01-08,42.713478088378906,55.459999084472656,56.189998626708984,54.7599983215332,56.029998779296875,18840100
2019-01-09,43.42202377319336,56.380001068115234,56.7400016784668,55.61000061035156,55.709999084472656,19359100
2019-01-10,43.46824264526367,56.439998626708984,56.959999084472656,55.70000076293945,55.9900016784668,16910000
2019-01-11,43.6607780456543,56.689998626708984,57.41999816894531,56.029998779296875,56.459999084472656,23087500
2019-01-14,45.385948181152344,58.93000030517578,59.29999923706055,55.70000076293945,56.099998474121094,34783400
2019-01-15,47.27286911010742,61.380001068115234,61.81999969482422,59.54999923706055,59.88999938964844,42694200
2019-01-16,47.89668655395508,62.189998626708984,62.81999969482422,61.2400016784668,61.95000076293945,27628900
2019-01-17,48.11234664916992,62.470001220703125,62.75,61.33000183105469,61.630001068115234,22728900
2019-01-18,48.61294937133789,63.119998931884766,63.189998626708984,62.0099983215332,62.86000061035156,19947300
2019-01-22,47.63484191894531,61.849998474121094,62.810001373291016,61.43000030517578,62.66999816894531,24608700
2019-01-23,47.850486755371094,62.130001068115234,62.47999954223633,61.150001525878906,62.27000045776367,16819800
2019-01-24,48.29719543457031,62.709999084472656,62.91999816894531,61.7400016784668,61.7400016784668,14962200
2019-01-25,49.30609893798828,64.0199966430664,64.44999694824219,63.22999954223633,63.33000183105469,15827200
2019-01-28,49.175167083740234,63.849998474121094,64.05999755859375,63.099998474121094,63.189998626708984,12683500
2019-01-29,48.682273864746094,63.209999084472656,64.06999969482422,63.150001525878906,63.709999084472656,13472000
2019-01-30,49.460140228271484,64.22000122070312,64.73999786376953,62.9900016784668,63.459999084472656,15929600
2019-01-31,49.64497756958008,64.45999908447266,64.5999984741211,63.63999938964844,63.650001525878906,19442600
2019-02-01,49.38127517700195,63.66999816894531,64.66000366210938,63.59000015258789,64.25,16991700
2019-02-04,49.683753967285156,64.05999755859375,64.05999755859375,63.20000076293945,63.5,11515500
2019-02-05,49.48986053466797,63.810001373291016,64.19999694824219,63.349998474121094,64.19000244140625,13310900
2019-02-06,49.55190658569336,63.88999938964844,64.61000061035156,63.560001373291016,63.83000183105469,13774300
2019-02-07,48.71427536010742,62.810001373291016,63.630001068115234,61.90999984741211,63.61000061035156,17922400
2019-02-08,48.093814849853516,62.0099983215332,62.52000045776367,61.0099983215332,62.130001068115234,15770800
2019-02-11,47.78358459472656,61.61000061035156,62.43000030517578,61.41999816894531,62.40999984741211,14614100
2019-02-12,48.60569763183594,62.66999816894531,63.34000015258789,62.150001525878906,62.150001525878906,14347400
2019-02-13,48.892662048339844,63.040000915527344,63.75,62.970001220703125,63.29999923706055,10710500
2019-02-14,48.411808013916016,62.41999816894531,62.86000061035156,61.41999816894531,62.349998474121094,12855300
2019-02-15,49.846622467041016,64.2699966430664,64.58000183105469,63.0099983215332,63.13999938964844,17908900
2019-02-19,49.93194580078125,64.37999725341797,64.6500015258789,63.52000045776367,63.72999954223633,11013900
2019-02-20,50.13359832763672,64.63999938964844,64.69999694824219,64.13999938964844,64.5,10545000
2019-02-21,49.88541030883789,64.31999969482422,64.94000244140625,64.04000091552734,64.55000305175781,10696100
2019-02-22,49.74580383300781,64.13999938964844,65.13999938964844,63.84000015258789,64.62999725341797,14003800
2019-02-25,50.04828643798828,64.52999877929688,65.43000030517578,64.44999694824219,64.58999633789062,12853000
2019-02-26,49.73029327392578,64.12000274658203,64.66999816894531,63.88999938964844,64.08999633789062,12912800
2019-02-27,49.947452545166016,64.4000015258789,64.58000183105469,63.68000030517578,64.23999786376953,13495700
2019-02-28,49.6217155456543,63.97999954223633,64.66000366210938,63.84000015258789,64.45999908447266,14209300
2019-03-01,50.00174331665039,64.47000122070312,65.69000244140625,64.11000061035156,64.77999877929688,14376000
2019-03-04,49.44333267211914,63.75,65.30000305175781,63.11000061035156,64.52999877929688,15786600
2019-03-05,48.80734634399414,62.93000030517578,63.65999984741211,61.90999984741211,63.65999984741211,18754900
2019-03-06,48.481605529785156,62.5099983215332,63.06999969482422,62.099998474121094,62.70000076293945,12711200
2019-03-07,48.00849914550781,61.900001525878906,62.119998931884766,61.209999084472656,62.029998779296875,15788900
2019-03-08,48.13258743286133,62.060001373291016,62.119998931884766,60.7599983215332,60.959999084472656,14304400
2019-03-11,48.32648468017578,62.310001373291016,62.959999084472656,62.18000030517578,62.529998779296875,14167600
2019-03-12,48.71427536010742,62.810001373291016,62.939998626708984,61.959999084472656,62.29999923706055,14772000
2019-03-13,49.36577224731445,63.650001525878906,64.2300033569336,63.0,63.13999938964844,13781100
2019-03-14,49.72252655029297,64.11000061035156,64.2699966430664,63.41999816894531,63.689998626708984,12193600
2019-03-15,50.56016540527344,65.19000244140625,65.2699966430664,64.0199966430664,64.16000366210938,37840300
2019-03-18,51.134090423583984,65.93000030517578,66.18000030517578,65.20999908447266,65.20999908447266,15601100
2019-03-19,50.90142059326172,65.62999725341797,66.83000183105469,65.3499984741211,66.45999908447266,12723600
2019-03-20,49.86989974975586,64.30000305175781,65.5999984741211,64.22000122070312,65.26000213623047,17494000
2019-03-21,49.56741714477539,63.90999984741211,64.30999755859375,62.91999816894531,63.66999816894531,18638300
2019-03-22,47.29496765136719,60.97999954223633,63.22999954223633,60.45000076293945,62.97999954223633,27527400
2019-03-25,46.79083251953125,60.33000183105469,61.65999984741211,60.04999923706055,60.97999954223633,20899300
2019-03-26,47.48110580444336,61.220001220703125,61.349998474121094,60.529998779296875,60.9900016784668,14740300
2019-03-27,47.10106658935547,60.72999954223633,61.65999984741211,60.720001220703125,61.380001068115234,16359600
2019-03-28,48.0705451965332,61.97999954223633,62.0,60.81999969482422,60.95000076293945,12081000
2019-03-29,48.25667953491211,62.220001220703125,62.810001373291016,61.959999084472656,62.33000183105469,13406300
2019-04-01,49.91643524169922,64.36000061035156,64.62999725341797,62.81999969482422,62.849998474121094,17736300
2019-04-02,49.96296691894531,64.41999816894531,64.86000061035156,63.91999816894531,64.23999786376953,9915800
2019-04-03,50.459327697753906,65.05999755859375,65.3499984741211,64.52999877929688,64.98999786376953,11560800
2019-04-04,51.04878234863281,65.81999969482422,66.19999694824219,64.80999755859375,64.80999755859375,11915700
2019-04-05,50.839378356933594,65.55000305175781,66.41000366210938,65.19000244140625,65.93000030517578,11062400
2019-04-08,51.24266815185547,66.06999969482422,66.0999984741211,65.0199966430664,65.12999725341797,10466400
2019-04-09,50.56791687011719,65.19999694824219,65.5999984741211,64.68000030517578,65.5999984741211,10221000
2019-04-10,50.81610107421875,65.5199966430664,65.69000244140625,64.77999877929688,65.4800033569336,12293300
2019-04-11,51.118595123291016,65.91000366210938,66.44000244140625,65.30999755859375,65.80000305175781,11358700
2019-04-12,52.28969955444336,67.41999816894531,68.30999755859375,66.63999938964844,67.08000183105469,19238700
2019-04-15,52.258689880371094,67.37999725341797,67.77999877929688,66.2699966430664,67.38999938964844,19493900
2019-04-16,53.75556564331055,69.30999755859375,69.41999816894531,67.38999938964844,67.5,18635700
2019-04-17,54.56216049194336,70.3499984741211,70.75,69.55999755859375,69.94999694824219,20509000
2019-04-18,54.0347785949707,69.66999816894531,70.38999938964844,69.62000274658203,70.01000213623047,13513800
2019-04-22,53.58494186401367,69.08999633789062,69.70999908447266,69.01000213623047,69.58000183105469,13195600
2019-04-23,53.67023468017578,69.19999694824219,69.30000305175781,68.37999725341797,68.83999633789062,13205000
2019-04-24,53.38327407836914,68.83000183105469,69.22000122070312,68.4000015258789,68.98999786376953,9699900
2019-04-25,53.305721282958984,68.7300033569336,69.18000030517578,68.1500015258789,68.55999755859375,8913600
2019-04-26,53.91066360473633,69.51000213623047,69.58000183105469,68.51000213623047,68.9000015258789,10692700
2019-04-29,55.08955764770508,71.02999877929688,71.94000244140625,69.58000183105469,69.69000244140625,16491400
2019-04-30,54.833614349365234,70.69999694824219,71.33000183105469,70.22000122070312,71.0199966430664,11122000
2019-05-01,54.25967788696289,69.95999908447266,71.16999816894531,69.73999786376953,70.68000030517578,13261700
2019-05-02,54.56990432739258,70.36000061035156,70.4800033569336,69.4800033569336,69.73999786376953,12186700
2019-05-03,55.16315841674805,70.66999816894531,70.9800033569336,70.0,70.38999938964844,11486700
2019-05-06,54.960208892822266,70.41000366210938,70.66999816894531,68.76000213623047,69.05000305175781,12004000
2019-05-07,53.20392608642578,68.16000366210938,69.5,67.62000274658203,69.3499984741211,17673400
2019-05-08,53.25075149536133,68.22000122070312,68.8499984741211,67.70999908447266,67.87999725341797,9470500
2019-05-09,52.79021453857422,67.62999725341797,67.86000061035156,66.43000030517578,66.83000183105469,16994200
2019-05-10,53.00095748901367,67.9000015258789,68.0999984741211,66.52999877929688,67.2699966430664,12318700
2019-05-13,50.253353118896484,64.37999725341797,66.33000183105469,63.959999084472656,66.12999725341797,23494400
2019-05-14,50.94025802612305,65.26000213623047,65.97000122070312,64.3499984741211,64.62000274658203,15096400
2019-05-15,50.63583755493164,64.87000274658203,65.22000122070312,64.0199966430664,64.45999908447266,14570900
2019-05-16,51.50227355957031,65.9800033569336,66.38999938964844,65.16999816894531,65.30999755859375,10573100
2019-05-17,50.79194259643555,65.06999969482422,65.93000030517578,64.88999938964844,64.97000122070312,11503500
2019-05-20,50.70608139038086,64.95999908447266,65.5,64.5199966430664,64.75,11605900
2019-05-21,51.580322265625,66.08000183105469,66.08999633789062,65.19999694824219,65.5,11051500
2019-05-22,50.47190475463867,64.66000366210938,65.91999816894531,64.63999938964844,65.83999633789062,12564900
2019-05-23,49.878684997558594,63.900001525878906,63.939998626708984,63.08000183105469,63.81999969482422,15042200
2019-05-24,50.26115036010742,64.38999938964844,64.70999908447266,64.05999755859375,64.29000091552734,9715400
2019-05-28,49.792808532714844,63.790000915527344,64.44999694824219,63.7599983215332,64.08999633789062,14727400
2019-05-29,49.73036193847656,63.709999084472656,63.83000183105469,62.720001220703125,63.150001525878906,13836300
2019-05-30,49.652305603027344,63.61000061035156,65.25,63.25,64.7699966430664,13570900
2019-05-31,48.51266860961914,62.150001525878906,62.869998931884766,61.970001220703125,62.38999938964844,19968900
2019-06-03,48.87172317504883,62.61000061035156,62.779998779296875,61.939998626708984,62.099998474121094,19636800
2019-06-04,51.42421340942383,65.87999725341797,65.94000244140625,63.7599983215332,63.790000915527344,17743100
2019-06-05,51.346153259277344,65.77999877929688,66.0199966430664,64.5,65.44999694824219,12536300
2019-06-06,51.88475036621094,66.47000122070312,66.7699966430664,65.5,65.81999969482422,10868900
2019-06-07,51.27589797973633,65.69000244140625,66.80000305175781,65.62000274658203,66.16000366210938,11674200
2019-06-10,52.39213562011719,67.12000274658203,67.9800033569336,66.7300033569336,66.87999725341797,10994700
2019-06-11,52.9853515625,67.87999725341797,68.02999877929688,67.16000366210938,67.58000183105469,9800900
2019-06-12,52.15013885498047,66.80999755859375,67.80999755859375,66.62999725341797,67.6500015258789,9878300
2019-06-13,52.36091232299805,67.08000183105469,67.44000244140625,66.7699966430664,66.83000183105469,9453600
2019-06-14,52.673126220703125,67.4800033569336,67.72000122070312,66.5,67.1500015258789,8901900
2019-06-17,51.93939208984375,66.54000091552734,67.51000213623047,66.4000015258789,67.5,8135900
2019-06-18,53.06340789794922,67.9800033569336,68.25,66.5,66.80999755859375,12199100
2019-06-19,52.75897979736328,67.58999633789062,68.58999633789062,67.58000183105469,68.16000366210938,12334800
2019-06-20,53.157081604003906,68.0999984741211,68.72000122070312,67.23999786376953,68.55999755859375,15557100
2019-06-21,53.055606842041016,67.97000122070312,68.95999908447266,67.81999969482422,68.02999877929688,19502500
2019-06-24,52.61848831176758,67.41000366210938,68.5,67.37999725341797,67.81999969482422,11223700
2019-06-25,51.93939208984375,66.54000091552734,67.4800033569336,66.4800033569336,67.45999908447266,14205600
2019-06-26,52.470176696777344,67.22000122070312,67.72000122070312,66.7699966430664,67.04000091552734,13654100
2019-06-27,53.196102142333984,68.1500015258789,68.43000030517578,67.52999877929688,67.62000274658203,11989100
2019-06-28,54.66358947753906,70.02999877929688,70.20999908447266,69.12999725341797,69.27999877929688,20388700
2019-07-01,55.2177848815918,70.73999786376953,71.63999938964844,70.19000244140625,70.86000061035156,13573600
2019-07-02,54.983619689941406,70.44000244140625,70.9800033569336,70.08999633789062,70.36000061035156,10272200
2019-07-03,55.30365753173828,70.8499984741211,71.19999694824219,70.27999877929688,70.70999908447266,7632400
2019-07-05,55.73297882080078,71.4000015258789,71.80000305175781,70.9800033569336,71.2699966430664,9107300
2019-07-08,55.522216796875,71.12999725341797,71.69000244140625,70.63999938964844,70.76000213623047,10196000
2019-07-09,55.85786819458008,71.55999755859375,71.66999816894531,70.41000366210938,70.52999877929688,9477700
2019-07-10,55.522216796875,71.12999725341797,71.94000244140625,70.6500015258789,71.5,12153200
2019-07-11,55.89690399169922,71.61000061035156,72.0,71.08999633789062,71.43000030517578,10739400
2019-07-12,56.02178955078125,71.7699966430664,72.0199966430664,71.58000183105469,71.88999938964844,15355700
2019-07-15,55.97495651245117,71.70999908447266,72.1500015258789,70.08000183105469,71.7300033569336,23365800
2019-07-16,55.6705436706543,71.31999969482422,72.0,71.08999633789062,71.69999694824219,16516600
2019-07-17,55.280242919921875,70.81999969482422,71.5,70.62000274658203,71.19000244140625,12278200
2019-07-18,56.037410736083984,71.79000091552734,71.9000015258789,70.4800033569336,70.54000091552734,13407400
2019-07-19,55.3582878112793,70.91999816894531,72.16999816894531,70.86000061035156,71.7300033569336,11184600
2019-07-22,55.5066032409668,71.11000061035156,71.29000091552734,70.68000030517578,70.72000122070312,7930600
2019-07-23,56.193504333496094,71.98999786376953,72.18000030517578,71.30000305175781,71.33000183105469,11804300
2019-07-24,56.989715576171875,73.01000213623047,73.08000183105469,71.66000366210938,71.66000366210938,12512900
2019-07-25,55.725162506103516,71.38999938964844,73.08000183105469,70.93000030517578,72.95999908447266,15698300
2019-07-26,56.32622528076172,72.16000366210938,72.63999938964844,71.8499984741211,72.1500015258789,10625900
2019-07-29,56.01399230957031,71.76000213623047,72.33999633789062,71.7300033569336,71.91000366210938,8561200
2019-07-30,55.97495651245117,71.70999908447266,71.70999908447266,70.58000183105469,71.02999877929688,9208300
2019-07-31,55.54563522338867,71.16000366210938,71.66000366210938,70.80999755859375,71.4000015258789,13617300
2019-08-01,53.35223388671875,68.3499984741211,71.08999633789062,67.5999984741211,70.66999816894531,22571000
2019-08-02,53.17134475708008,67.61000061035156,68.05999755859375,66.62999725341797,67.61000061035156,14771400
2019-08-05,51.26029586791992,65.18000030517578,65.81999969482422,64.58000183105469,65.5999984741211,21144800
2019-08-06,52.101776123046875,66.25,66.33000183105469,64.83000183105469,66.0,12411500
2019-08-07,51.22882843017578,65.13999938964844,65.31999969482422,63.63999938964844,64.62999725341797,18418300
2019-08-08,52.48714065551758,66.73999786376953,66.79000091552734,65.62999725341797,65.8499984741211,13577900
2019-08-09,51.94448471069336,66.05000305175781,66.56999969482422,65.20999908447266,66.33000183105469,13604600
2019-08-12,50.521034240722656,64.23999786376953,64.79000091552734,63.84000015258789,64.61000061035156,13039500
2019-08-13,50.98502731323242,64.83000183105469,65.95999908447266,63.5099983215332,63.900001525878906,19056700
2019-08-14,48.295413970947266,61.40999984741211,63.040000915527344,61.18000030517578,62.880001068115234,29370700
2019-08-15,48.22462463378906,61.31999969482422,62.369998931884766,60.720001220703125,61.97999954223633,16340400
2019-08-16,49.923336029052734,63.47999954223633,63.65999984741211,61.849998474121094,61.93000030517578,16450700
2019-08-19,50.576080322265625,64.30999755859375,64.91000366210938,64.16000366210938,64.81999969482422,13312700
2019-08-20,49.87615203857422,63.41999816894531,64.08000183105469,63.349998474121094,63.720001220703125,9815800
2019-08-21,49.74246597290039,63.25,64.16999816894531,63.060001373291016,64.12999725341797,14692900
2019-08-22,50.261512756347656,63.90999984741211,64.20999908447266,63.40999984741211,63.810001373291016,9718500
2019-08-23,48.72007751464844,61.95000076293945,64.12999725341797,61.52000045776367,63.279998779296875,17997900
2019-08-26,49.32564163208008,62.720001220703125,62.81999969482422,62.16999816894531,62.56999969482422,10628800
2019-08-27,48.49201965332031,61.65999984741211,63.099998474121094,61.15999984741211,63.0099983215332,17219300
2019-08-28,49.04252624511719,62.36000061035156,62.79999923706055,61.29999923706055,61.29999923706055,12343500
2019-08-29,50.2536506652832,63.900001525878906,64.2300033569336,63.099998474121094,63.310001373291016,11478200
2019-08-30,50.607540130615234,64.3499984741211,64.81999969482422,64.19000244140625,64.33999633789062,11844600
2019-09-03,49.87615203857422,63.41999816894531,64.04000091552734,62.31999969482422,64.0,11991500
2019-09-04,50.552490234375,64.27999877929688,64.4800033569336,63.84000015258789,64.0,9689800
2019-09-05,52.17255783081055,66.33999633789062,67.27999877929688,65.61000061035156,65.6500015258789,14723500
2019-09-06,51.881591796875,65.97000122070312,66.5,65.75,66.19000244140625,10476000
2019-09-09,54.09935760498047,68.79000091552734,69.30000305175781,66.69000244140625,66.76000213623047,20193300
2019-09-10,54.24878692626953,68.9800033569336,70.01000213623047,68.44999694824219,69.18000030517578,18146200
2019-09-11,54.185848236083984,68.9000015258789,69.20999908447266,68.11000061035156,68.72000122070312,11858800
2019-09-12,54.50044250488281,69.30000305175781,70.05999755859375,67.93000030517578,68.11000061035156,15528700
2019-09-13,55.357635498046875,70.38999938964844,70.73999786376953,69.8499984741211,70.33999633789062,14313100
2019-09-16,54.9172477722168,69.83000183105469,70.11000061035156,68.95999908447266,68.95999908447266,12063700
2019-09-17,54.64200210571289,69.4800033569336,69.77999877929688,68.66999816894531,69.77999877929688,10916900
2019-09-18,55.12171936035156,70.08999633789062,70.3499984741211,68.95999908447266,69.20999908447266,11234500
2019-09-19,54.838600158691406,69.7300033569336,70.47000122070312,69.58999633789062,70.05999755859375,10069100
2019-09-20,54.53975296020508,69.3499984741211,70.54000091552734,69.33000183105469,70.1500015258789,26002100
2019-09-23,54.69703674316406,69.55000305175781,69.69999694824219,68.61000061035156,68.62000274658203,9546300
2019-09-24,53.3994140625,67.9000015258789,69.56999969482422,67.55999755859375,69.5,16801900
2019-09-25,54.56334686279297,69.37999725341797,69.69999694824219,67.87000274658203,67.91000366210938,12243000
2019-09-26,54.351016998291016,69.11000061035156,69.52999877929688,68.80000305175781,69.31999969482422,8555500
2019-09-27,54.62627410888672,69.45999908447266,70.36000061035156,69.05999755859375,69.81999969482422,11559700
2019-09-30,54.327423095703125,69.08000183105469,69.9000015258789,69.01000213623047,69.80000305175781,8661000
2019-10-01,53.59601593017578,68.1500015258789,70.2699966430664,68.01000213623047,69.56999969482422,12428500
2019-10-02,52.109649658203125,66.26000213623047,67.80000305175781,66.19000244140625,67.76000213623047,14760900
2019-10-03,52.4556770324707,66.69999694824219,66.7300033569336,64.79000091552734,66.08000183105469,12646100
2019-10-04,53.619625091552734,68.18000030517578,68.23999786376953,66.66999816894531,66.76000213623047,10977100
2019-10-07,53.59601593017578,68.1500015258789,68.83999633789062,67.86000061035156,67.87000274658203,7835500
2019-10-08,52.21974563598633,66.4000015258789,67.18000030517578,66.02999877929688,67.02999877929688,13500700
2019-10-09,53.029788970947266,67.43000030517578,67.7699966430664,66.79000091552734,67.0,8357800
2019-10-10,53.96564865112305,68.62000274658203,69.29000091552734,67.55000305175781,67.7699966430664,9817000
2019-10-11,55.129581451416016,70.0999984741211,70.93000030517578,69.98999786376953,69.98999786376953,14921700
2019-10-14,55.23969268798828,70.23999786376953,70.5,69.45999908447266,69.52999877929688,11398600
2019-10-15,56.010406494140625,71.22000122070312,72.08000183105469,68.69999694824219,70.16999816894531,22030100
2019-10-16,54.6577262878418,69.5,71.45999908447266,69.41999816894531,70.81999969482422,17295400
2019-10-17,54.73637008666992,69.5999984741211,70.33999633789062,69.18000030517578,70.02999877929688,11382800
2019-10-18,54.84645462036133,69.73999786376953,70.08999633789062,69.13999938964844,69.31999969482422,10413600
2019-10-21,56.474403381347656,71.80999755859375,71.88999938964844,70.5199966430664,70.5199966430664,13080600
2019-10-22,56.67100143432617,72.05999755859375,72.87000274658203,71.47000122070312,71.72000122070312,11052300
2019-10-23,56.977718353271484,72.44999694824219,72.47000122070312,71.7300033569336,71.9000015258789,10327000
2019-10-24,56.85976028442383,72.30000305175781,72.86000061035156,71.86000061035156,72.55000305175781,7445700
2019-10-25,57.54396438598633,73.16999816894531,73.41999816894531,71.80999755859375,71.97000122070312,10497600
2019-10-28,57.87425994873047,73.58999633789062,74.27999877929688,73.44000244140625,73.7300033569336,13086900
2019-10-29,57.481048583984375,73.08999633789062,73.79000091552734,72.72000122070312,73.13999938964844,9592300
2019-10-30,57.386688232421875,72.97000122070312,73.3499984741211,72.0999984741211,72.75,12431500
2019-10-31,56.51372146606445,71.86000061035156,72.97000122070312,71.33000183105469,72.36000061035156,16864000
2019-11-01,58.485958099365234,73.83999633789062,73.98999786376953,72.0999984741211,72.25,12935200
2019-11-04,59.5235595703125,75.1500015258789,75.2699966430664,74.11000061035156,74.94000244140625,12585200
2019-11-05,59.270103454589844,74.83000183105469,75.97000122070312,74.63999938964844,75.19000244140625,14403200
2019-11-06,58.94536590576172,74.41999816894531,75.05000305175781,73.97000122070312,74.41999816894531,12629200
2019-11-07,60.046321868896484,75.80999755859375,76.27999877929688,75.41000366210938,75.41000366210938,14340500
2019-11-08,60.291866302490234,76.12000274658203,76.12000274658203,75.05999755859375,75.4800033569336,7927100
2019-11-11,59.87997817993164,75.5999984741211,76.08000183105469,75.23999786376953,75.44999694824219,6020300
2019-11-12,59.460208892822266,75.06999969482422,75.95999908447266,75.01000213623047,75.55000305175781,11066600
2019-11-13,58.54138946533203,73.91000366210938,74.91000366210938,73.70999908447266,74.25,14040700
2019-11-14,58.485958099365234,73.83999633789062,74.01000213623047,73.33000183105469,73.61000061035156,9446800
2019-11-15,58.92951583862305,74.4000015258789,74.45999908447266,73.68000030517578,74.33999633789062,10294000
2019-11-18,58.92951583862305,74.4000015258789,74.63999938964844,73.55999755859375,74.29000091552734,8525700
2019-11-19,59.26218795776367,74.81999969482422,75.23999786376953,74.47000122070312,74.97000122070312,9095500
2019-11-20,58.54138946533203,73.91000366210938,74.72000122070312,73.22000122070312,74.62999725341797,12799900
2019-11-21,58.53349304199219,73.9000015258789,74.62999725341797,73.51000213623047,74.08000183105469,8585100
2019-11-22,59.30177307128906,74.87000274658203,74.91999816894531,73.97000122070312,74.0999984741211,7910700
2019-11-25,59.94335174560547,75.68000030517578,75.8499984741211,74.87000274658203,74.93000030517578,11497700
2019-11-26,59.76912307739258,75.45999908447266,75.83999633789062,74.81999969482422,75.83999633789062,11306000
2019-11-27,59.975067138671875,75.72000122070312,76.12999725341797,75.5,75.83999633789062,7592100
2019-11-29,59.49980926513672,75.12000274658203,75.80000305175781,74.98999786376953,75.43000030517578,6246900
2019-12-02,59.02457046508789,74.5199966430664,75.93000030517578,74.43000030517578,75.41999816894531,11085300
2019-12-03,58.082000732421875,73.33000183105469,73.47000122070312,72.5,73.37999725341797,13559400
2019-12-04,58.79485321044922,74.2300033569336,74.58999633789062,73.41999816894531,73.83000183105469,8266400
2019-12-05,59.1750602722168,74.70999908447266,74.8499984741211,74.3499984741211,74.6500015258789,9581200
2019-12-06,60.046321868896484,75.80999755859375,76.22000122070312,75.5999984741211,75.93000030517578,9877800
2019-12-09,59.66614532470703,75.33000183105469,75.91999816894531,75.08000183105469,75.18000030517578,8817100
2019-12-10,60.02255630493164,75.77999877929688,76.2699966430664,74.87000274658203,75.06999969482422,13019600
2019-12-11,59.840389251708984,75.55000305175781,76.20999908447266,75.5,76.12000274658203,10484900
2019-12-12,61.02846908569336,77.05000305175781,77.5199966430664,75.62000274658203,75.80999755859375,15829000
2019-12-13,60.505714416503906,76.38999938964844,77.83000183105469,76.05999755859375,77.05000305175781,13447000
2019-12-16,60.917606353759766,76.91000366210938,77.5999984741211,76.9000015258789,77.36000061035156,13967200
2019-12-17,61.57501220703125,77.73999786376953,78.12999725341797,77.12999725341797,77.29000091552734,14409200
2019-12-18,61.71758270263672,77.91999816894531,78.33000183105469,77.66000366210938,77.69999694824219,12643000
2019-12-19,61.93935012817383,78.19999694824219,78.5199966430664,77.94000244140625,78.0,13006200
2019-12-20,62.184898376464844,78.51000213623047,79.05000305175781,78.04000091552734,78.94000244140625,32019400
2019-12-23,62.382904052734375,78.76000213623047,78.97000122070312,78.44000244140625,78.66999816894531,9256500
2019-12-24,62.24824905395508,78.58999633789062,78.94000244140625,78.45999908447266,78.69999694824219,4576200
2019-12-26,63.230411529541016,79.83000183105469,79.83999633789062,78.6500015258789,78.75,11992800
2019-12-27,63.10369110107422,79.66999816894531,80.18000030517578,79.58000183105469,80.0,10867900
2019-12-30,62.976951599121094,79.51000213623047,80.41999816894531,79.33999633789062,80.1500015258789,10084900
2019-12-31,63.27793884277344,79.88999938964844,79.94000244140625,79.0999984741211,79.31999969482422,8031200
2020-01-02,64.33930969238281,81.2300033569336,81.26000213623047,80.02999877929688,80.12999725341797,12728900
2020-01-03,63.12744140625,79.69999694824219,80.5199966430664,79.44999694824219,79.80000305175781,12437400
2020-01-06,62.92943572998047,79.44999694824219,79.55000305175781,78.72000122070312,78.72000122070312,10059500
2020-01-07,62.382904052734375,78.76000213623047,79.30000305175781,78.7300033569336,79.29000091552734,10469100
2020-01-08,62.85814666748047,79.36000061035156,80.0,78.68000030517578,78.7699966430664,11292400
2020-01-09,63.428428649902344,80.08000183105469,80.9800033569336,79.7300033569336,80.9800033569336,12895900
2020-01-10,62.77101135253906,79.25,80.01000213623047,79.06999969482422,80.0,10062100
2020-01-13,63.879905700683594,80.6500015258789,80.72000122070312,79.0,79.5,16566300
2020-01-14,64.87792205810547,81.91000366210938,83.11000061035156,80.97000122070312,81.19999694824219,24971800
2020-01-15,64.34722137451172,81.23999786376953,82.05000305175781,80.7300033569336,81.7300033569336,16063600
2020-01-16,64.1571273803711,81.0,82.12999725341797,80.8499984741211,81.95999908447266,10426000
2020-01-17,64.252197265625,81.12000274658203,81.4000015258789,80.80999755859375,81.16000366210938,12413100
2020-01-21,63.28586196899414,79.9000015258789,80.91000366210938,79.87000274658203,80.4800033569336,10522000
2020-01-22,63.44426727294922,80.0999984741211,80.4800033569336,79.86000061035156,80.19999694824219,8045600
2020-01-23,63.206661224365234,79.80000305175781,80.08000183105469,78.91999816894531,79.58000183105469,11618200
2020-01-24,62.11361312866211,78.41999816894531,79.66999816894531,77.63999938964844,79.62000274658203,15036100
2020-01-27,60.75918197631836,76.70999908447266,77.0,75.8499984741211,76.26000213623047,15859600
2020-01-28,61.1789665222168,77.23999786376953,78.12999725341797,76.77999877929688,77.20999908447266,10960200
2020-01-29,60.57700729370117,76.4800033569336,77.9000015258789,76.41000366210938,77.54000091552734,9478900
2020-01-30,61.32946014404297,77.43000030517578,77.54000091552734,75.5,75.73999786376953,12498200
2020-01-31,59.328208923339844,74.41000366210938,76.18000030517578,73.91000366210938,75.95999908447266,17101200
2020-02-03,59.902259826660156,75.12999725341797,76.20999908447266,74.69999694824219,74.69999694824219,11096500
2020-02-04,60.99459457397461,76.5,77.2699966430664,76.43000030517578,76.75,12173200
2020-02-05,62.86829376220703,78.8499984741211,78.9800033569336,77.80999755859375,77.91999816894531,13070400
2020-02-06,62.963958740234375,78.97000122070312,79.86000061035156,78.4000015258789,79.80000305175781,12826400
2020-02-07,62.7407112121582,78.69000244140625,79.05000305175781,78.05999755859375,78.12999725341797,8341700
2020-02-10,62.573280334472656,78.4800033569336,78.73999786376953,78.05000305175781,78.08000183105469,8418300
2020-02-11,63.05964279174805,79.08999633789062,79.55000305175781,78.63999938964844,78.75,9437200
2020-02-12,63.250999450683594,79.33000183105469,80.7699966430664,79.30000305175781,79.9000015258789,9484100
2020-02-13,62.987884521484375,79.0,79.27999877929688,78.62000274658203,78.88999938964844,8946200
2020-02-14,62.8204460144043,78.79000091552734,79.08999633789062,78.44999694824219,78.88999938964844,9056600
2020-02-18,61.85570526123047,77.58000183105469,78.86000061035156,77.51000213623047,78.61000061035156,10343500
2020-02-19,62.23042297363281,78.05000305175781,78.38999938964844,77.62000274658203,77.87000274658203,9145200
2020-02-20,62.36600112915039,78.22000122070312,78.69000244140625,77.30999755859375,77.66000366210938,11763400
2020-02-21,60.94675064086914,76.44000244140625,77.95999908447266,76.1500015258789,77.55999755859375,14020000
2020-02-24,57.829261779785156,72.52999877929688,74.05000305175781,72.44000244140625,73.37999725341797,21096200
2020-02-25,55.357574462890625,69.43000030517578,73.20999908447266,69.0,72.62999725341797,27451000
2020-02-26,54.360939025878906,68.18000030517578,70.61000061035156,68.16000366210938,70.0199966430664,25552100
2020-02-27,51.3869514465332,64.44999694824219,66.88999938964844,64.4000015258789,66.0999984741211,34656800
2020-02-28,50.59760284423828,63.459999084472656,64.44999694824219,61.34000015258789,62.0,46013200
2020-03-02,53.89051818847656,67.58999633789062,67.61000061035156,63.119998931884766,63.849998474121094,29006400
2020-03-03,51.8653450012207,65.05000305175781,68.43000030517578,64.47000122070312,67.86000061035156,29547700
2020-03-04,53.73106384277344,67.38999938964844,67.5199966430664,64.36000061035156,66.05000305175781,24188500
2020-03-05,50.62153244018555,63.4900016784668,65.12000274658203,63.0099983215332,64.80000305175781,27277600
2020-03-06,48.859458923339844,61.279998779296875,62.310001373291016,59.7400016784668,60.459999084472656,29916600
2020-03-09,40.958065032958984,51.369998931884766,55.61000061035156,51.0,54.310001373291016,35625600
2020-03-10,44.31476593017578,55.58000183105469,55.70000076293945,51.5,54.72999954223633,32527500
2020-03-11,40.495628356933594,50.790000915527344,54.33000183105469,50.02000045776367,53.95000076293945,36709000
2020-03-12,34.49184799194336,43.2599983215332,49.0,42.81999969482422,45.29999923706055,45941600
2020-03-13,40.694950103759766,51.040000915527344,51.2400016784668,45.310001373291016,47.81999969482422,40519800
2020-03-16,32.841400146484375,41.189998626708984,45.22999954223633,39.56999969482422,40.4900016784668,35133800
2020-03-17,32.091922760009766,40.25,43.97999954223633,38.79999923706055,42.0,51650000
2020-03-18,29.046192169189453,36.43000030517578,37.9900016784668,32.0,37.060001373291016,48351400
2020-03-19,31.605567932128906,39.63999938964844,41.2400016784668,34.20000076293945,35.470001220703125,43397100
2020-03-20,30.34581184387207,38.060001373291016,40.9900016784668,37.20000076293945,40.459999084472656,38163900
2020-03-23,28.21697998046875,35.38999938964844,38.150001525878906,34.619998931884766,37.54999923706055,33013300
2020-03-24,32.4188232421875,40.65999984741211,40.91999816894531,37.34000015258789,37.650001525878906,34100600
2020-03-25,33.37559127807617,41.86000061035156,44.70000076293945,39.43000030517578,42.310001373291016,38211100
2020-03-26,36.69244384765625,46.02000045776367,46.290000915527344,43.0,43.68000030517578,31528600
2020-03-27,34.92240524291992,43.79999923706055,45.5,43.0,44.130001068115234,25484500
2020-03-30,35.14564514160156,44.08000183105469,44.2599983215332,41.56999969482422,44.04999923706055,27459000
2020-03-31,33.582908630371094,42.119998931884766,44.22999954223633,41.650001525878906,43.630001068115234,26219100
2020-04-01,30.704601287841797,38.5099983215332,40.25,38.0,39.13999938964844,29219500
2020-04-02,31.278671264648438,39.22999954223633,39.65999984741211,37.29999923706055,38.36000061035156,29532100
2020-04-03,29.891332626342773,37.4900016784668,39.459999084472656,36.66999816894531,39.0,25327100
2020-04-06,32.78558349609375,41.119998931884766,41.34000015258789,39.5099983215332,39.79999923706055,30064700
2020-04-07,32.88924026489258,41.25,45.59000015258789,41.119998931884766,44.810001373291016,35220700
2020-04-08,35.28916549682617,44.2599983215332,44.45000076293945,41.970001220703125,42.849998474121094,32944800
2020-04-09,37.80070495605469,47.40999984741211,49.220001220703125,46.369998931884766,46.939998626708984,43637200
2020-04-13,37.21867370605469,46.68000030517578,47.56999969482422,45.27000045776367,47.5,27944300
2020-04-14,36.21403503417969,45.41999816894531,47.7400016784668,43.529998779296875,47.65999984741211,40466200
2020-04-15,34.172916412353516,42.86000061035156,44.27000045776367,42.61000061035156,43.369998931884766,32249000
2020-04-16,32.30720520019531,40.52000045776367,42.84000015258789,40.099998474121094,42.709999084472656,37756000
2020-04-17,36.23796844482422,45.45000076293945,45.619998931884766,42.650001525878906,43.150001525878906,41252900
2020-04-20,35.08982849121094,44.0099983215332,45.439998626708984,42.88999938964844,43.400001525878906,33471900
2020-04-21,33.144386291503906,41.56999969482422,43.11000061035156,41.06999969482422,42.349998474121094,35336200
2020-04-22,33.678592681884766,42.2400016784668,43.119998931884766,41.849998474121094,43.0,21888100
2020-04-23,33.85398864746094,42.459999084472656,43.7400016784668,42.2599983215332,42.650001525878906,23970700
2020-04-24,34.36427307128906,43.099998474121094,43.34000015258789,41.72999954223633,43.0,26282100
2020-04-27,37.12298583984375,46.560001373291016,46.81999969482422,43.72999954223633,44.16999816894531,30929200
2020-04-28,37.641239166259766,47.209999084472656,49.59000015258789,46.93000030517578,48.939998626708984,28973300
2020-04-29,40.07305145263672,50.2599983215332,50.650001525878906,48.459999084472656,49.70000076293945,32941100
2020-04-30,38.71761703491211,48.560001373291016,49.77000045776367,48.040000915527344,49.06999969482422,28687000
2020-05-01,36.67900466918945,45.52000045776367,46.470001220703125,45.220001220703125,46.310001373291016,28078900
2020-05-04,36.356689453125,45.119998931884766,45.36000061035156,43.97999954223633,45.029998779296875,26340200
2020-05-05,35.41393280029297,43.95000076293945,46.349998474121094,43.91999816894531,46.29999923706055,27342900
2020-05-06,34.60816192626953,42.95000076293945,45.02000045776367,42.720001220703125,44.4900016784668,25028000
2020-05-07,35.96990966796875,44.63999938964844,45.15999984741211,43.439998626708984,43.52000045776367,29849100
2020-05-08,37.32361602783203,46.31999969482422,46.41999816894531,45.2599983215332,45.31999969482422,22905200
2020-05-11,35.5106086730957,44.06999969482422,45.25,43.810001373291016,45.209999084472656,34765200
2020-05-12,34.12468338012695,42.349998474121094,44.689998626708984,42.31999969482422,44.38999938964844,33328300
2020-05-13,32.714569091796875,40.599998474121094,42.20000076293945,40.22999954223633,42.0,35350600
2020-05-14,33.89101028442383,42.060001373291016,42.099998474121094,38.7599983215332,39.9900016784668,40976400
2020-05-15,33.77820587158203,41.91999816894531,42.45000076293945,41.099998474121094,41.58000183105469,28494900
2020-05-18,36.799861907958984,45.66999816894531,45.90999984741211,43.4900016784668,44.04999923706055,39383300
2020-05-19,35.800697326660156,44.43000030517578,45.790000915527344,44.209999084472656,45.27000045776367,27271600
2020-05-20,36.63870620727539,45.470001220703125,46.279998779296875,45.220001220703125,45.56999969482422,23841300
2020-05-21,36.2599983215332,45.0,45.790000915527344,44.779998779296875,45.16999816894531,21698300
2020-05-22,35.53480529785156,44.099998474121094,45.04999923706055,43.689998626708984,44.77000045776367,22631700
2020-05-26,38.81431579589844,48.16999816894531,48.900001525878906,45.97999954223633,46.20000076293945,34429300
2020-05-27,42.10993194580078,52.2599983215332,52.38999938964844,49.86000061035156,51.68000030517578,43660500
2020-05-28,39.612022399902344,49.15999984741211,53.0099983215332,49.11000061035156,52.9900016784668,37972800
2020-05-29,38.60481262207031,47.90999984741211,49.47999954223633,47.560001373291016,48.02000045776367,35873400
2020-06-01,39.845706939697266,49.45000076293945,49.68000030517578,47.81999969482422,48.13999938964844,22860100
2020-06-02,40.96573257446289,50.84000015258789,51.290000915527344,50.15999984741211,50.709999084472656,27651300
2020-06-03,42.98018264770508,53.34000015258789,53.7599983215332,52.41999816894531,52.560001373291016,33341800
2020-06-04,44.84153366088867,55.650001525878906,55.689998626708984,52.61000061035156,53.29999923706055,33083500
2020-06-05,47.42807388305664,58.86000061035156,62.470001220703125,58.34000015258789,61.56999969482422,44648500
2020-06-08,49.3458251953125,61.2400016784668,61.33000183105469,59.77000045776367,60.65999984741211,32587100
2020-06-09,47.943763732910156,59.5,60.20000076293945,57.650001525878906,59.0,30422900
2020-06-10,45.0107307434082,55.86000061035156,59.13999938964844,55.86000061035156,58.900001525878906,36743700
2020-06-11,38.99158477783203,48.38999938964844,53.52000045776367,48.20000076293945,51.66999816894531,62098600
2020-06-12,42.10188293457031,52.25,52.45000076293945,49.79999923706055,51.400001525878906,39040000
2020-06-15,42.69010543823242,52.97999954223633,53.0,49.7400016784668,49.959999084472656,36592100
2020-06-16,43.87458419799805,54.45000076293945,56.400001525878906,52.31999969482422,56.29999923706055,37638700
2020-06-17,42.706214904785156,53.0,54.79999923706055,52.880001068115234,54.70000076293945,23727300
2020-06-18,42.73844528198242,53.040000915527344,53.650001525878906,52.029998779296875,52.66999816894531,22280600
2020-06-19,42.64174270629883,52.91999816894531,54.09000015258789,51.560001373291016,54.060001373291016,50379300
2020-06-22,41.94877624511719,52.060001373291016,52.56999969482422,51.52000045776367,51.849998474121094,22642100
2020-06-23,42.665924072265625,52.95000076293945,53.72999954223633,52.5,52.95000076293945,22092600
2020-06-24,40.941558837890625,50.810001373291016,51.84000015258789,50.15999984741211,51.66999816894531,27207700
2020-06-25,42.448360443115234,52.68000030517578,52.790000915527344,50.130001068115234,50.29999923706055,28112400
2020-06-26,39.95045852661133,49.58000183105469,52.34000015258789,49.470001220703125,52.34000015258789,35426200
2020-06-29,40.522560119628906,50.290000915527344,50.91999816894531,49.61000061035156,50.279998779296875,22578600
2020-06-30,41.17524337768555,51.099998474121094,51.54999923706055,49.650001525878906,49.810001373291016,23360400
2020-07-01,40.57090377807617,50.349998474121094,52.0,50.150001525878906,51.7599983215332,19206900
2020-07-02,40.73206329345703,50.54999923706055,52.459999084472656,50.279998779296875,52.119998931884766,22042700
2020-07-06,41.87626266479492,51.970001220703125,52.560001373291016,51.189998626708984,51.869998931884766,22613100
2020-07-07,40.54673385620117,50.31999969482422,51.36000061035156,50.09000015258789,51.25,21235300
2020-07-08,40.99797058105469,50.880001068115234,51.06999969482422,49.939998626708984,50.20000076293945,19115300
2020-07-09,39.845706939697266,49.45000076293945,51.08000183105469,49.029998779296875,50.72999954223633,24263900
2020-07-10,42.4241943359375,52.650001525878906,52.689998626708984,49.45000076293945,49.45000076293945,28027800
2020-07-13,42.06159973144531,52.20000076293945,53.599998474121094,51.86000061035156,53.33000183105469,27151800
2020-07-14,40.40974426269531,50.150001525878906,52.08000183105469,50.0099983215332,51.290000915527344,35814400
2020-07-15,41.771514892578125,51.84000015258789,52.11000061035156,50.68000030517578,51.900001525878906,27676300
2020-07-16,41.46531295776367,51.459999084472656,52.459999084472656,50.939998626708984,51.279998779296875,18824000
2020-07-17,40.46615219116211,50.220001220703125,51.47999954223633,50.20000076293945,51.220001220703125,19747400
2020-07-20,40.40168380737305,50.13999938964844,50.58000183105469,49.75,49.9900016784668,23472600
2020-07-21,41.68287658691406,51.72999954223633,51.81999969482422,50.66999816894531,50.900001525878906,21943200
2020-07-22,41.626468658447266,51.65999984741211,52.279998779296875,51.150001525878906,51.540000915527344,17873400
2020-07-23,41.96490478515625,52.08000183105469,52.22999954223633,51.130001068115234,51.45000076293945,17090400
2020-07-24,41.63452911376953,51.66999816894531,52.47999954223633,51.5,52.099998474121094,16258900
2020-07-27,41.328338623046875,51.290000915527344,51.459999084472656,50.61000061035156,51.459999084472656,13991400
2020-07-28,41.31220626831055,51.27000045776367,51.65999984741211,50.970001220703125,51.02000045776367,13121400
2020-07-29,42.31944274902344,52.52000045776367,52.59000015258789,50.9900016784668,51.16999816894531,16991000
2020-07-30,40.98990249633789,50.869998931884766,51.20000076293945,49.86000061035156,51.11000061035156,24154600
2020-07-31,40.705020904541016,50.0099983215332,50.310001373291016,49.369998931884766,50.2599983215332,22485800
2020-08-03,41.014320373535156,50.38999938964844,50.849998474121094,49.689998626708984,50.560001373291016,15856600
2020-08-04,40.81084060668945,50.13999938964844,50.31999969482422,49.849998474121094,50.22999954223633,16230800
2020-08-05,41.54338073730469,51.040000915527344,51.310001373291016,50.470001220703125,50.5,16412400
2020-08-06,41.42129135131836,50.88999938964844,51.290000915527344,50.58000183105469,50.75,11025000
2020-08-07,42.42243576049805,52.119998931884766,52.22999954223633,50.130001068115234,50.52000045776367,21499100
2020-08-10,43.02475357055664,52.86000061035156,53.209999084472656,52.25,52.290000915527344,16850400
2020-08-11,43.75728988647461,53.7599983215332,55.029998779296875,53.540000915527344,54.45000076293945,25256500
2020-08-12,43.423587799072266,53.349998474121094,55.02000045776367,52.75,54.939998626708984,19337900
2020-08-13,43.04916763305664,52.88999938964844,53.47999954223633,52.56999969482422,52.83000183105469,13815300
2020-08-14,43.08173370361328,52.93000030517578,53.349998474121094,52.36000061035156,52.45000076293945,13861300
2020-08-17,41.85268020629883,51.41999816894531,52.81999969482422,51.349998474121094,52.630001068115234,19788700
2020-08-18,40.97362518310547,50.34000015258789,51.529998779296875,50.279998779296875,51.52000045776367,17100800
2020-08-19,40.93293762207031,50.290000915527344,51.33000183105469,50.0,50.68000030517578,20837300
2020-08-20,40.355037689208984,49.58000183105469,50.02000045776367,49.22999954223633,49.529998779296875,15920900
2020-08-21,40.12713623046875,49.29999923706055,50.08000183105469,49.15999984741211,49.45000076293945,17416000
2020-08-24,41.55967330932617,51.060001373291016,51.130001068115234,49.45000076293945,49.900001525878906,19745100
2020-08-25,42.039886474609375,51.650001525878906,52.5099983215332,50.970001220703125,51.849998474121094,17244800
2020-08-26,41.38874053955078,50.849998474121094,51.790000915527344,50.81999969482422,51.65999984741211,14541600
2020-08-27,42.09687042236328,51.720001220703125,52.209999084472656,50.650001525878906,50.720001220703125,19393500
2020-08-28,42.55266571044922,52.279998779296875,52.369998931884766,51.529998779296875,52.06999969482422,16990300
2020-08-31,41.60849380493164,51.119998931884766,52.040000915527344,51.099998474121094,51.90999984741211,16280100
2020-09-01,41.67361831665039,51.20000076293945,51.56999969482422,50.540000915527344,50.880001068115234,16903400
2020-09-02,42.284061431884766,51.95000076293945,52.13999938964844,50.65999984741211,51.040000915527344,15348600
2020-09-03,41.91780090332031,51.5,53.63999938964844,51.22999954223633,52.439998626708984,25003200
2020-09-04,42.74801254272461,52.52000045776367,53.36000061035156,51.439998626708984,52.470001220703125,25124000
2020-09-08,41.54338073730469,51.040000915527344,52.09000015258789,50.65999984741211,51.91999816894531,28128600
2020-09-09,41.83641052246094,51.400001525878906,51.59000015258789,50.619998931884766,51.20000076293945,19193900
2020-09-10,41.470130920410156,50.95000076293945,52.5,50.70000076293945,51.720001220703125,22324400
2020-09-11,41.51082992553711,51.0,51.689998626708984,50.79999923706055,50.88999938964844,21033200
2020-09-14,39.191104888916016,48.150001525878906,52.08000183105469,47.900001525878906,51.4900016784668,58798300
2020-09-15,36.47255325317383,44.810001373291016,48.38999938964844,44.66999816894531,48.119998931884766,84689700
2020-09-16,37.45742416381836,46.02000045776367,46.7599983215332,44.619998931884766,45.209999084472656,45484600
2020-09-17,37.05858612060547,45.529998779296875,45.83000183105469,45.0099983215332,45.459999084472656,28741600
2020-09-18,36.51325225830078,44.86000061035156,45.959999084472656,44.7599983215332,45.52000045776367,33201700
2020-09-21,35.756290435791016,43.93000030517578,44.15999984741211,43.06999969482422,43.40999984741211,33469700
2020-09-22,35.23537063598633,43.290000915527344,44.130001068115234,43.08000183105469,43.790000915527344,25799200
2020-09-23,34.06329345703125,41.849998474121094,43.95000076293945,41.790000915527344,43.61000061035156,28780200
2020-09-24,34.34004592895508,42.189998626708984,42.599998474121094,41.290000915527344,41.849998474121094,31259200
2020-09-25,34.201663970947266,42.02000045776367,42.130001068115234,41.52000045776367,41.84000015258789,26917200
2020-09-28,35.27606201171875,43.34000015258789,43.880001068115234,42.88999938964844,42.91999816894531,21204600
2020-09-29,34.52723693847656,42.41999816894531,43.290000915527344,42.02000045776367,43.099998474121094,20694300
2020-09-30,35.08885955810547,43.11000061035156,43.59000015258789,42.5,42.58000183105469,22533400
2020-10-01,35.35746383666992,43.439998626708984,43.650001525878906,42.599998474121094,43.33000183105469,21900500
2020-10-02,35.536521911621094,43.65999984741211,43.869998931884766,42.52000045776367,42.540000915527344,23899200
2020-10-05,36.5539436340332,44.90999984741211,45.22999954223633,44.209999084472656,44.2599983215332,24170600
2020-10-06,36.146976470947266,44.40999984741211,46.060001373291016,44.15999984741211,45.47999954223633,29505900
2020-10-07,36.496971130371094,44.84000015258789,45.630001068115234,44.61000061035156,45.02000045776367,22135800
2020-10-08,36.399295806884766,44.720001220703125,45.16999816894531,44.279998779296875,44.90999984741211,28630700
2020-10-09,36.57022476196289,44.93000030517578,45.59000015258789,44.689998626708984,45.0099983215332,25595600
2020-10-12,37.343467712402344,45.880001068115234,45.9900016784668,44.95000076293945,45.09000015258789,24070200
2020-10-13,35.55281066894531,43.68000030517578,46.119998931884766,43.54999923706055,46.119998931884766,49899100
2020-10-14,35.02375030517578,43.029998779296875,44.2400016784668,43.0,43.52000045776367,30260500
2020-10-15,35.495819091796875,43.61000061035156,43.63999938964844,42.25,42.540000915527344,26408000
2020-10-16,35.15397644042969,43.189998626708984,43.880001068115234,43.08000183105469,43.68000030517578,25998000
2020-10-19,34.917930603027344,42.900001525878906,43.38999938964844,42.810001373291016,43.349998474121094,22793600
2020-10-20,35.422576904296875,43.52000045776367,44.08000183105469,43.34000015258789,43.369998931884766,21255900
2020-10-21,35.007469177246094,43.0099983215332,43.72999954223633,42.900001525878906,43.459999084472656,19816300
2020-10-22,35.772579193115234,43.95000076293945,43.9900016784668,42.65999984741211,42.88999938964844,21341200
2020-10-23,35.772579193115234,43.95000076293945,44.56999969482422,43.66999816894531,44.209999084472656,18486500
2020-10-26,35.210941314697266,43.2599983215332,43.400001525878906,42.810001373291016,43.36000061035156,24928100
2020-10-27,34.08771514892578,41.880001068115234,43.040000915527344,41.869998931884766,43.040000915527344,24251700
2020-10-28,33.47726821899414,41.130001068115234,41.59000015258789,40.7400016784668,40.970001220703125,27485000
2020-10-29,33.90864562988281,41.65999984741211,42.150001525878906,40.709999084472656,41.130001068115234,23351000
2020-10-30,34.131134033203125,41.41999816894531,41.540000915527344,40.4900016784668,41.029998779296875,26962800
2020-11-02,34.7821159362793,42.209999084472656,42.66999816894531,41.20000076293945,41.86000061035156,24310800
2020-11-03,35.86983108520508,43.529998779296875,44.02000045776367,43.060001373291016,43.29999923706055,29985200
2020-11-04,34.674991607666016,42.08000183105469,43.40999984741211,41.900001525878906,42.529998779296875,25956400
2020-11-05,35.49077606201172,43.06999969482422,43.58000183105469,42.18000030517578,42.34000015258789,24945100
2020-11-06,35.194122314453125,42.709999084472656,43.61000061035156,42.5,43.5099983215332,17705200
2020-11-09,39.25657272338867,47.63999938964844,48.779998779296875,46.2599983215332,46.869998931884766,56895200
2020-11-10,39.26482391357422,47.650001525878906,48.75,47.45000076293945,48.310001373291016,33275800
2020-11-11,40.31956481933594,48.93000030517578,49.290000915527344,47.68000030517578,47.900001525878906,29719600
2020-11-12,39.78395462036133,48.279998779296875,48.40999984741211,47.709999084472656,47.970001220703125,28457400
2020-11-13,40.097076416015625,48.65999984741211,49.06999969482422,48.400001525878906,48.650001525878906,18632500
2020-11-16,41.5308837890625,50.400001525878906,51.02000045776367,49.86000061035156,50.40999984741211,26699400
2020-11-17,41.802818298339844,50.72999954223633,50.93000030517578,49.47999954223633,49.84000015258789,18970000
2020-11-18,42.06651306152344,51.04999923706055,52.650001525878906,51.0099983215332,51.09000015258789,25824000
2020-11-19,42.96467971801758,52.13999938964844,52.31999969482422,50.95000076293945,51.599998474121094,20262400
2020-11-20,42.560916900634766,51.650001525878906,52.11000061035156,51.189998626708984,51.83000183105469,15471100
2020-11-23,43.920562744140625,53.29999923706055,53.630001068115234,52.290000915527344,52.5099983215332,28923200
2020-11-24,47.018898010253906,57.060001373291016,57.13999938964844,54.47999954223633,54.47999954223633,32890900
2020-11-25,47.018898010253906,57.060001373291016,57.15999984741211,55.33000183105469,56.27000045776367,28250500
2020-11-27,46.69752502441406,56.66999816894531,57.2400016784668,56.119998931884766,57.0,14267100
2020-11-30,45.37908172607422,55.06999969482422,56.540000915527344,55.0,56.13999938964844,23359300
2020-12-01,45.70869827270508,55.470001220703125,56.7400016784668,55.400001525878906,56.54999923706055,23497900
2020-12-02,47.1342658996582,57.20000076293945,57.41999816894531,55.25,55.36000061035156,26796800
2020-12-03,46.623374938964844,56.58000183105469,57.45000076293945,56.20000076293945,57.380001068115234,18776100
2020-12-04,48.304386138916016,58.619998931884766,58.81999969482422,57.310001373291016,57.560001373291016,24696000
2020-12-07,47.900604248046875,58.130001068115234,58.61000061035156,57.279998779296875,58.150001525878906,21280900
2020-12-08,48.09013366699219,58.36000061035156,58.400001525878906,57.36000061035156,57.47999954223633,15511700
2020-12-09,48.57631301879883,58.95000076293945,59.54999923706055,58.29999923706055,59.15999984741211,27278200
2020-12-10,49.85353469848633,60.5,60.790000915527344,58.0099983215332,58.040000915527344,25866600
2020-12-11,48.559818267822266,58.93000030517578,59.810001373291016,58.18000030517578,59.79999923706055,20960000
2020-12-14,48.40325927734375,58.7400016784668,60.2599983215332,58.72999954223633,60.0,19688300
2020-12-15,49.16959762573242,59.66999816894531,59.86000061035156,58.56999969482422,58.7400016784668,16044400
2020-12-16,49.23552322387695,59.75,60.13999938964844,59.36000061035156,60.06999969482422,14988300
2020-12-17,49.48274230957031,60.04999923706055,60.290000915527344,59.56999969482422,60.0,18229900
2020-12-18,48.66695022583008,59.060001373291016,60.29999923706055,58.709999084472656,60.29999923706055,28712700
2020-12-21,50.455078125,61.22999954223633,61.81999969482422,59.810001373291016,60.349998474121094,31906100
2020-12-22,48.831748962402344,59.2599983215332,61.13999938964844,59.15999984741211,61.099998474121094,17851600
2020-12-23,50.08426284790039,60.779998779296875,61.310001373291016,59.790000915527344,60.0,16579100
2020-12-24,49.91122817993164,60.56999969482422,61.09000015258789,59.880001068115234,60.93000030517578,6824400
2020-12-28,50.372676849365234,61.130001068115234,61.93000030517578,60.4900016784668,60.619998931884766,14414600
2020-12-29,50.191402435302734,60.90999984741211,61.400001525878906,60.54999923706055,61.150001525878906,10800400
2020-12-30,50.15019989013672,60.86000061035156,61.27000045776367,60.66999816894531,60.90999984741211,10770700
2020-12-31,50.80942153930664,61.65999984741211,61.849998474121094,60.529998779296875,60.66999816894531,12500700
2021-01-04,49.55690002441406,60.13999938964844,61.709999084472656,59.72999954223633,61.59000015258789,21286200
2021-01-05,50.842376708984375,61.70000076293945,62.0,60.02000045776367,60.349998474121094,20213100
2021-01-06,53.76765823364258,65.25,66.5999984741211,63.95000076293945,64.48999786376953,38106600
2021-01-07,54.40216064453125,66.0199966430664,68.0999984741211,66.01000213623047,67.06999969482422,24161000
2021-01-08,53.86655807495117,65.37000274658203,66.20999908447266,64.33999633789062,66.20999908447266,20747800
2021-01-11,54.74825668334961,66.44000244140625,66.62000274658203,64.33000183105469,64.58000183105469,20454000
2021-01-12,54.93777847290039,66.66999816894531,67.73999786376953,66.23999786376953,67.48999786376953,20162800
2021-01-13,55.0943489074707,66.86000061035156,67.22000122070312,65.98999786376953,67.0,18541900
2021-01-14,56.866004943847656,69.01000213623047,69.43000030517578,67.16999816894531,67.5199966430664,29108900
2021-01-15,52.92716598510742,64.2300033569336,67.6500015258789,64.08999633789062,67.37000274658203,38295300
2021-01-19,52.4821891784668,63.689998626708984,65.25,62.90999984741211,65.19999694824219,27022400
2021-01-20,52.11962127685547,63.25,63.81999969482422,62.84000015258789,63.75,17448900
2021-01-21,50.98245620727539,61.869998931884766,63.34000015258789,61.7400016784668,63.209999084472656,19394600
2021-01-22,50.5374870300293,61.33000183105469,61.83000183105469,60.189998626708984,60.939998626708984,24740400
2021-01-25,49.90299606323242,60.560001373291016,60.77000045776367,59.16999816894531,60.66999816894531,25754100
2021-01-26,50.191402435302734,60.90999984741211,61.2400016784668,60.09000015258789,61.20000076293945,18760900
2021-01-27,48.947105407714844,59.400001525878906,60.0,58.529998779296875,59.900001525878906,24657200
2021-01-28,49.72169494628906,60.34000015258789,61.060001373291016,59.630001068115234,60.150001525878906,19986200
2021-01-29,48.19257736206055,57.9900016784668,60.20000076293945,57.689998626708984,59.959999084472656,27078300
2021-02-01,48.558231353759766,58.43000030517578,58.66999816894531,57.400001525878906,58.65999984741211,16073000
2021-02-02,49.513938903808594,59.58000183105469,60.25,59.29999923706055,59.599998474121094,18693400
2021-02-03,50.777122497558594,61.099998474121094,61.150001525878906,59.31999969482422,59.40999984741211,18730600
2021-02-04,51.86580276489258,62.40999984741211,62.630001068115234,61.41999816894531,61.56999969482422,16612900
2021-02-05,52.00708770751953,62.58000183105469,63.08000183105469,62.06999969482422,62.9900016784668,13493800
2021-02-08,52.89631652832031,63.650001525878906,63.709999084472656,62.849998474121094,63.09000015258789,15055400
2021-02-09,52.455848693847656,63.119998931884766,63.869998931884766,62.52000045776367,63.70000076293945,12336900
2021-02-10,52.871376037597656,63.619998931884766,63.9900016784668,62.97999954223633,63.47999954223633,12680700
2021-02-11,52.52234649658203,63.20000076293945,63.869998931884766,61.93000030517578,63.599998474121094,12108300
2021-02-12,52.879695892333984,63.630001068115234,64.0199966430664,62.88999938964844,62.91999816894531,12174600
2021-02-16,53.28689956665039,64.12000274658203,65.06999969482422,63.84000015258789,64.91999816894531,19065400
2021-02-17,53.81877899169922,64.76000213623047,64.91000366210938,63.45000076293945,63.79999923706055,20279600
2021-02-18,52.75503158569336,63.47999954223633,64.55000305175781,63.09000015258789,64.30000305175781,14833200
2021-02-19,54.66645050048828,65.77999877929688,65.98999786376953,64.05000305175781,64.16000366210938,20456200
2021-02-22,54.45037078857422,65.5199966430664,66.9000015258789,65.29000091552734,65.4000015258789,23120700
2021-02-23,55.464256286621094,66.73999786376953,66.91999816894531,64.86000061035156,65.58999633789062,26712100
2021-02-24,57.01000213623047,68.5999984741211,68.68000030517578,67.0,67.16999816894531,20752900
2021-02-25,56.02105712890625,67.41000366210938,69.37999725341797,66.88999938964844,69.04000091552734,25206100
2021-02-26,54.749549865722656,65.87999725341797,67.5999984741211,65.54000091552734,66.77999877929688,24182200
2021-03-01,57.79119873046875,69.54000091552734,69.98999786376953,67.9800033569336,68.48999786376953,28054600
2021-03-02,57.267642974853516,68.91000366210938,69.98999786376953,68.8499984741211,69.19000244140625,19200600
2021-03-03,58.48927307128906,70.37999725341797,71.48999786376953,69.30000305175781,69.48999786376953,25157600
2021-03-04,58.01557922363281,69.80999755859375,71.77999877929688,67.88999938964844,70.18000030517578,28518400
2021-03-05,58.364620208740234,70.2300033569336,71.2699966430664,68.44000244140625,70.83999633789062,25406800
2021-03-08,60.01841354370117,72.22000122070312,72.83999633789062,70.86000061035156,71.06999969482422,27351100
2021-03-09,58.996212005615234,70.98999786376953,72.48999786376953,70.04000091552734,70.91000366210938,24194900
2021-03-10,61.2899169921875,73.75,73.87999725341797,71.19999694824219,71.29000091552734,21331100
2021-03-11,60.92424392700195,73.30999755859375,74.27999877929688,72.55000305175781,73.4800033569336,17499200
2021-03-12,62.47831726074219,75.18000030517578,75.25,74.0999984741211,74.41999816894531,17210600
2021-03-15,61.680511474609375,74.22000122070312,75.58999633789062,73.27999877929688,75.51000213623047,18918100
2021-03-16,60.94086837768555,73.33000183105469,73.62999725341797,72.31999969482422,73.5199966430664,15834800
2021-03-17,61.165245056152344,73.5999984741211,74.33999633789062,72.73999786376953,73.93000030517578,19337500
2021-03-18,61.36470031738281,73.83999633789062,76.12999725341797,73.44999694824219,74.43000030517578,23857900
2021-03-19,60.6749382019043,73.01000213623047,73.58000183105469,71.5199966430664,73.19999694824219,24079400
2021-03-22,59.80234146118164,71.95999908447266,72.5999984741211,71.63999938964844,72.29000091552734,15040000
2021-03-23,58.92973709106445,70.91000366210938,72.63999938964844,70.51000213623047,71.30000305175781,16238700
2021-03-24,58.239952087402344,70.08000183105469,72.4800033569336,70.05999755859375,71.69000244140625,17089600
2021-03-25,59.602874755859375,71.72000122070312,71.91999816894531,69.1500015258789,69.83000183105469,18357300
2021-03-26,60.6832389831543,73.0199966430664,73.23999786376953,72.0,72.56999969482422,15716600
2021-03-29,59.48653793334961,71.58000183105469,72.1500015258789,70.37000274658203,71.55000305175781,17822300
2021-03-30,60.63338851928711,72.95999908447266,73.22000122070312,72.0,72.0,15615900
2021-03-31,60.45886993408203,72.75,73.83000183105469,72.45999908447266,72.70999908447266,15224800
2021-04-01,60.782962799072266,73.13999938964844,73.29000091552734,72.22000122070312,72.22000122070312,15251300
2021-04-05,60.45886993408203,72.75,74.33999633789062,72.44000244140625,74.06999969482422,16128400
2021-04-06,60.334205627441406,72.5999984741211,73.06999969482422,72.05000305175781,72.36000061035156,12908400
2021-04-07,60.40899658203125,72.69000244140625,73.12000274658203,71.94999694824219,72.91999816894531,14081400
2021-04-08,60.109806060791016,72.33000183105469,72.52999877929688,71.08000183105469,72.1500015258789,13677100
2021-04-09,60.184627532958984,72.41999816894531,73.01000213623047,72.01000213623047,72.80999755859375,14586400
2021-04-12,60.40899658203125,72.69000244140625,72.80000305175781,72.13999938964844,72.62000274658203,12002400
2021-04-13,59.885433197021484,72.05999755859375,72.41999816894531,71.06999969482422,72.30000305175781,16150000
2021-04-14,60.59183120727539,72.91000366210938,73.29000091552734,71.37999725341797,71.73999786376953,19476600
2021-04-15,60.28434753417969,72.54000091552734,74.7300033569336,71.76000213623047,74.44999694824219,31333400
2021-04-16,60.20956039428711,72.44999694824219,73.56999969482422,71.69000244140625,73.31999969482422,28478400
2021-04-19,59.94361114501953,72.12999725341797,72.83000183105469,71.94999694824219,72.70999908447266,19964800
2021-04-20,57.99895477294922,69.79000091552734,71.55000305175781,69.2699966430664,71.55000305175781,22013000
2021-04-21,58.713653564453125,70.6500015258789,70.70999908447266,68.41000366210938,69.12999725341797,16334800
2021-04-22,58.01557922363281,69.80999755859375,70.75,69.66999816894531,70.43000030517578,16037600
2021-04-23,59.3203239440918,71.37999725341797,71.54000091552734,69.51000213623047,69.83999633789062,18876100
2021-04-26,60.00178146362305,72.19999694824219,72.80999755859375,71.61000061035156,71.7300033569336,13098600
2021-04-27,60.65830612182617,72.98999786376953,73.0999984741211,72.36000061035156,72.5,13357500
2021-04-28,60.59183120727539,72.91000366210938,73.63999938964844,72.7300033569336,73.37000274658203,14420400
2021-04-29,61.36470031738281,73.83999633789062,74.0199966430664,72.87999725341797,73.76000213623047,20628400
2021-04-30,59.61572265625,71.23999786376953,72.73999786376953,71.08999633789062,72.69000244140625,23669300
2021-05-03,60.00904083251953,71.70999908447266,72.44000244140625,71.38999938964844,72.0199966430664,16026100
2021-05-04,60.52786636352539,72.33000183105469,72.4000015258789,70.62999725341797,71.23999786376953,23071400
2021-05-05,61.68269348144531,73.70999908447266,73.80999755859375,71.77999877929688,72.61000061035156,19427200
2021-05-06,62.5781135559082,74.77999877929688,74.94000244140625,73.41999816894531,73.63999938964844,19621800
2021-05-07,62.829166412353516,75.08000183105469,75.11000061035156,73.22000122070312,73.43000030517578,16937400
2021-05-10,62.87098693847656,75.12999725341797,76.83999633789062,75.11000061035156,75.36000061035156,19628200
2021-05-11,62.653438568115234,74.87000274658203,75.56999969482422,73.91000366210938,74.5,21534800
2021-05-12,62.11783981323242,74.2300033569336,76.4000015258789,73.9000015258789,75.94000244140625,19791300
2021-05-13,63.00489807128906,75.29000091552734,75.87999725341797,73.80000305175781,73.87999725341797,18622300
2021-05-14,64.06767272949219,76.55999755859375,76.7699966430664,75.66000366210938,75.68000030517578,14122700
2021-05-17,64.78732299804688,77.41999816894531,77.47000122070312,76.0999984741211,76.33000183105469,14676300
2021-05-18,64.11788177490234,76.62000274658203,77.69000244140625,76.56999969482422,77.37999725341797,13729600
2021-05-19,63.98398208618164,76.45999908447266,76.6500015258789,74.72000122070312,75.62000274658203,23283600
2021-05-20,63.766395568847656,76.19999694824219,76.63999938964844,75.36000061035156,76.16999816894531,15244300
2021-05-21,64.97982025146484,77.6500015258789,77.80999755859375,76.41000366210938,76.5,18544500
2021-05-24,65.29779815673828,78.02999877929688,78.36000061035156,77.47000122070312,77.83000183105469,16750200
2021-05-25,64.67017364501953,77.27999877929688,79.27999877929688,77.19000244140625,78.19999694824219,20015800
2021-05-26,64.87100219726562,77.5199966430664,77.9000015258789,76.68000030517578,77.20999908447266,15243400
2021-05-27,65.90869140625,78.76000213623047,79.11000061035156,77.94999694824219,78.5199966430664,17467000
2021-05-28,65.86683654785156,78.70999908447266,78.97000122070312,77.91000366210938,78.66000366210938,14392800
2021-06-01,66.74551391601562,79.76000213623047,80.08999633789062,79.33999633789062,79.48999786376953,15450500
2021-06-02,66.8292007446289,79.86000061035156,80.29000091552734,79.37999725341797,80.0999984741211,15285600
2021-06-03,66.63672637939453,79.62999725341797,80.29000091552734,79.41999816894531,79.70999908447266,22255800
2021-06-04,66.51956939697266,79.48999786376953,79.87000274658203,78.80999755859375,79.69000244140625,13807000
2021-06-07,66.36894226074219,79.30999755859375,79.6500015258789,79.0199966430664,79.62000274658203,12670100
2021-06-08,66.17647552490234,79.08000183105469,79.41999816894531,77.70999908447266,78.30000305175781,15399100
2021-06-09,65.38984680175781,78.13999938964844,78.77999877929688,77.76000213623047,78.66999816894531,13778400
2021-06-10,64.34381103515625,76.88999938964844,79.29000091552734,76.83000183105469,79.04000091552734,15277400
2021-06-11,64.00071716308594,76.4800033569336,77.19000244140625,76.0999984741211,77.0,18043500
2021-06-14,62.896114349365234,75.16000366210938,76.7699966430664,74.66999816894531,76.61000061035156,18304400
2021-06-15,61.77473831176758,73.81999969482422,75.33999633789062,73.25,75.05000305175781,25191700
2021-06-16,59.79981994628906,71.45999908447266,73.0,70.1500015258789,72.75,53319800
2021-06-17,57.62407684326172,68.86000061035156,72.61000061035156,68.16000366210938,72.58000183105469,48523000
2021-06-18,56.578025817871094,67.61000061035156,68.75,67.12999725341797,68.4800033569336,44582900
2021-06-21,57.28097152709961,68.44999694824219,69.08999633789062,67.87999725341797,68.44000244140625,30266600
2021-06-22,57.707759857177734,68.95999908447266,69.41000366210938,67.7699966430664,68.9000015258789,21564600
2021-06-23,58.285186767578125,69.6500015258789,70.05000305175781,69.08000183105469,69.36000061035156,19672700
2021-06-24,59.68267059326172,71.31999969482422,71.66999816894531,69.94999694824219,70.33000183105469,23900400
2021-06-25,59.875144958496094,71.55000305175781,71.8499984741211,69.86000061035156,71.44999694824219,26727400
2021-06-28,59.84170150756836,71.51000213623047,71.66999816894531,70.45999908447266,71.31999969482422,17660900
2021-06-29,58.31028747558594,69.68000030517578,71.5999984741211,69.58000183105469,70.13999938964844,28696900
2021-06-30,59.20568084716797,70.75,70.80999755859375,69.41999816894531,69.68000030517578,18502300
2021-07-01,59.42326736450195,71.01000213623047,71.20999908447266,70.44999694824219,71.08000183105469,12584800
2021-07-02,58.921165466308594,70.41000366210938,71.12000274658203,70.11000061035156,71.01000213623047,13222700
2021-07-06,57.080142974853516,68.20999908447266,70.19000244140625,67.86000061035156,70.11000061035156,24672200
2021-07-07,56.84583282470703,67.93000030517578,68.37000274658203,67.26000213623047,67.70999908447266,19342700
2021-07-08,55.84162521362305,66.7300033569336,67.13999938964844,65.75,66.4000015258789,24763600
2021-07-09,57.28097152709961,68.44999694824219,68.5199966430664,67.63999938964844,68.11000061035156,18872600
2021-07-12,58.10944747924805,69.44000244140625,69.58999633789062,67.30000305175781,67.66999816894531,19600600
2021-07-13,57.21403884887695,68.37000274658203,69.4800033569336,68.0199966430664,69.08000183105469,18962400
2021-07-14,57.04665756225586,68.16999816894531,70.77999877929688,67.44999694824219,69.98999786376953,36287800
2021-07-15,57.28097152709961,68.44999694824219,69.04000091552734,67.44000244140625,67.54000091552734,18897200
2021-07-16,55.983890533447266,66.9000015258789,68.76000213623047,66.41999816894531,68.70999908447266,19289000
2021-07-19,54.46086120605469,65.08000183105469,66.06999969482422,64.36000061035156,65.45999908447266,33318600
2021-07-20,55.473419189453125,66.29000091552734,66.77999877929688,64.77999877929688,65.18000030517578,20577900
2021-07-21,56.8123664855957,67.88999938964844,68.25,66.93000030517578,67.01000213623047,23393200
2021-07-22,56.009002685546875,66.93000030517578,67.79000091552734,66.41000366210938,67.75,16524900
2021-07-23,55.82488250732422,66.70999908447266,67.76000213623047,66.5199966430664,67.5,13443300
2021-07-26,56.711936950683594,67.7699966430664,67.83999633789062,66.45999908447266,66.45999908447266,16434000
2021-07-27,56.88766860961914,67.9800033569336,68.4000015258789,66.77999877929688,67.08000183105469,17127700
2021-07-28,56.98808670043945,68.0999984741211,68.61000061035156,67.48999786376953,68.31999969482422,20275900
2021-07-29,57.58222961425781,68.80999755859375,69.58000183105469,68.41000366210938,68.70999908447266,22261700
2021-07-30,57.00893783569336,67.62000274658203,68.5199966430664,67.23999786376953,67.91999816894531,18078200
2021-08-02,57.10169219970703,67.7300033569336,69.12000274658203,67.63999938964844,67.94999694824219,16616700
2021-08-03,58.07121658325195,68.87999725341797,69.08999633789062,66.88999938964844,68.25,21041500
2021-08-04,57.76770782470703,68.5199966430664,69.25,67.93000030517578,68.12000274658203,14416300
2021-08-05,58.75411605834961,69.69000244140625,69.7699966430664,68.7699966430664,68.83000183105469,14361600
2021-08-06,59.91755676269531,71.06999969482422,71.5,70.58000183105469,70.77999877929688,23915400
2021-08-09,60.29694366455078,71.5199966430664,72.0,70.45999908447266,70.94000244140625,15619800
2021-08-10,61.527828216552734,72.9800033569336,73.33999633789062,71.37999725341797,71.62000274658203,17920100
2021-08-11,62.640689849853516,74.30000305175781,74.33999633789062,72.93000030517578,73.30000305175781,18676100
2021-08-12,62.49736785888672,74.12999725341797,74.63999938964844,73.62999725341797,74.33000183105469,14181400
2021-08-13,61.637447357177734,73.11000061035156,74.62000274658203,72.91999816894531,74.19999694824219,13362800
2021-08-16,60.78593063354492,72.0999984741211,72.48999786376953,70.98999786376953,72.41000366210938,15532800
2021-08-17,60.38125228881836,71.62000274658203,72.36000061035156,70.68000030517578,71.33999633789062,14623000
2021-08-18,59.959712982177734,71.12000274658203,72.26000213623047,70.87999725341797,71.19999694824219,13970600
2021-08-19,58.88056945800781,69.83999633789062,70.73999786376953,69.43000030517578,70.54000091552734,21047300
2021-08-20,59.226234436035156,70.25,70.30000305175781,69.20999908447266,69.70999908447266,14028800
2021-08-23,59.76580810546875,70.88999938964844,71.26000213623047,70.55999755859375,70.76000213623047,13079500
2021-08-24,60.7353515625,72.04000091552734,72.19000244140625,71.02999877929688,71.13999938964844,12669300
2021-08-25,61.69646453857422,73.18000030517578,73.9000015258789,72.04000091552734,72.80000305175781,17766600
2021-08-26,61.07257843017578,72.44000244140625,73.9000015258789,72.27999877929688,73.47000122070312,14135600
2021-08-27,61.536258697509766,72.98999786376953,73.37000274658203,72.30000305175781,72.58000183105469,13669400
2021-08-30,60.42341232299805,71.66999816894531,73.01000213623047,71.22000122070312,73.0,12687400
2021-08-31,60.6257438659668,71.91000366210938,72.5,71.33000183105469,71.75,17285900
2021-09-01,60.11989212036133,71.30999755859375,72.36000061035156,71.20999908447266,72.36000061035156,15114800
2021-09-02,60.280086517333984,71.5,71.97000122070312,70.91999816894531,71.36000061035156,13533400
2021-09-03,60.00186538696289,71.16999816894531,71.7300033569336,70.6500015258789,71.62000274658203,13683300
2021-09-07,59.70679473876953,70.81999969482422,72.27999877929688,70.70999908447266,71.36000061035156,14663600
2021-09-08,59.0491943359375,70.04000091552734,71.22000122070312,69.87999725341797,70.87000274658203,14861800
2021-09-09,59.40328598022461,70.45999908447266,71.0999984741211,69.91000366210938,69.97000122070312,14212900
2021-09-10,58.65293502807617,69.56999969482422,70.98999786376953,69.5199966430664,70.93000030517578,15422800
2021-09-13,59.45386505126953,70.5199966430664,70.66000366210938,69.76000213623047,70.12000274658203,16337300
2021-09-14,57.986915588378906,68.77999877929688,71.37999725341797,68.5199966430664,70.83999633789062,26568900
2021-09-15,59.39484786987305,70.44999694824219,70.87000274658203,68.62000274658203,68.81999969482422,22392100
2021-09-16,59.01546859741211,70.0,71.18000030517578,69.98999786376953,71.02999877929688,19245400
2021-09-17,58.98175811767578,69.95999908447266,70.58000183105469,69.66000366210938,69.7699966430664,30768300
2021-09-20,56.73916244506836,67.30000305175781,68.16999816894531,65.97000122070312,68.05000305175781,36955400
2021-09-21,56.43565368652344,66.94000244140625,67.73999786376953,66.5199966430664,67.6500015258789,21169900
2021-09-22,57.531646728515625,68.23999786376953,69.16999816894531,67.79000091552734,67.88999938964844,21160200
2021-09-23,59.75737380981445,70.87999725341797,71.38999938964844,69.0,69.20999908447266,21451500
2021-09-24,60.01030349731445,71.18000030517578,71.58000183105469,70.70999908447266,70.70999908447266,15788400
2021-09-27,60.92082214355469,72.26000213623047,72.61000061035156,71.75,71.8499984741211,19857500
2021-09-28,60.17048263549805,71.37000274658203,73.27999877929688,71.23999786376953,72.47000122070312,20835000
2021-09-29,60.30537033081055,71.52999877929688,71.81999969482422,70.9800033569336,71.69000244140625,13683900
2021-09-30,59.16720962524414,70.18000030517578,71.69999694824219,69.94999694824219,71.62999725341797,22090900
2021-10-01,60.01030349731445,71.18000030517578,71.68000030517578,70.08999633789062,70.44000244140625,23701900
2021-10-04,60.10304260253906,71.29000091552734,72.9800033569336,70.8499984741211,71.08000183105469,18957200
2021-10-05,61.14845657348633,72.52999877929688,72.93000030517578,71.33000183105469,71.76000213623047,15587200
2021-10-06,61.055728912353516,72.41999816894531,72.61000061035156,71.0199966430664,71.91999816894531,15997200
2021-10-07,60.861812591552734,72.19000244140625,73.3499984741211,72.05000305175781,73.01000213623047,15349900
2021-10-08,60.996707916259766,72.3499984741211,72.80999755859375,71.51000213623047,71.8499984741211,11960700
2021-10-11,60.431827545166016,71.68000030517578,73.72000122070312,71.61000061035156,72.69999694824219,14985500
2021-10-12,59.55503463745117,70.63999938964844,71.94000244140625,70.44000244140625,71.54000091552734,17593400
2021-10-13,59.234649658203125,70.26000213623047,70.58000183105469,68.73999786376953,70.55000305175781,23451900
2021-10-14,59.6899299621582,70.80000305175781,71.2699966430664,69.72000122070312,71.06999969482422,24707900
2021-10-15,60.946102142333984,72.29000091552734,73.22000122070312,71.51000213623047,71.81999969482422,21884500
2021-10-18,60.3728141784668,71.61000061035156,72.55000305175781,71.4000015258789,72.06999969482422,15026100
2021-10-19,60.4992790222168,71.76000213623047,72.5,71.26000213623047,72.25,15173900
2021-10-20,60.549869537353516,71.81999969482422,72.27999877929688,70.80999755859375,71.55999755859375,14350400
2021-10-21,59.44544982910156,70.51000213623047,71.83000183105469,70.01000213623047,71.26000213623047,18519000
2021-10-22,60.17048263549805,71.37000274658203,71.88999938964844,70.68000030517578,70.7699966430664,14625100
2021-10-25,59.71521759033203,70.83000183105469,71.8499984741211,70.70999908447266,71.58000183105469,15103000
2021-10-26,59.5634880065918,70.6500015258789,71.61000061035156,70.61000061035156,71.0,18647900
2021-10-27,59.27681350708008,70.30999755859375,70.70999908447266,69.30999755859375,70.51000213623047,25475900
2021-10-28,59.75737380981445,70.87999725341797,71.31999969482422,70.27999877929688,70.77999877929688,16367800
2021-10-29,58.729862213134766,69.16000366210938,70.61000061035156,68.97000122070312,70.4800033569336,22403000
2021-11-01,59.11199951171875,69.61000061035156,69.93000030517578,69.02999877929688,69.93000030517578,19106600
2021-11-02,58.254302978515625,68.5999984741211,69.62999725341797,68.54000091552734,69.52999877929688,25539000
2021-11-03,58.5939826965332,69.0,69.58000183105469,68.08999633789062,68.30000305175781,21755600
2021-11-04,56.89561080932617,67.0,68.7699966430664,66.5199966430664,68.75,32148900
2021-11-05,56.887123107910156,66.98999786376953,67.98999786376953,66.94999694824219,67.81999969482422,20902600
2021-11-08,58.126930236816406,68.44999694824219,69.0199966430664,67.37000274658203,67.88999938964844,25122000
2021-11-09,57.73631286621094,67.98999786376953,68.25,67.44000244140625,67.77999877929688,18513000
2021-11-10,57.92313003540039,68.20999908447266,68.44000244140625,67.70999908447266,68.12000274658203,19290200
2021-11-11,58.48358917236328,68.87000274658203,69.18000030517578,68.16999816894531,68.26000213623047,20296200
2021-11-12,58.729862213134766,69.16000366210938,69.16999816894531,68.30000305175781,69.0,13867400
2021-11-15,58.373191833496094,68.73999786376953,69.66999816894531,68.54000091552734,69.43000030517578,12965100
2021-11-16,57.524009704589844,67.73999786376953,68.77999877929688,67.30000305175781,68.77999877929688,19042800
2021-11-17,56.76823806762695,66.8499984741211,67.69000244140625,66.7699966430664,67.66000366210938,16468300
2021-11-18,56.9890251159668,67.11000061035156,67.1500015258789,66.19999694824219,66.70999908447266,14994700
2021-11-19,56.335147857666016,66.33999633789062,66.41999816894531,65.2300033569336,66.12000274658203,19766900
2021-11-22,56.92957305908203,67.04000091552734,68.11000061035156,66.80000305175781,67.95999908447266,24020500
2021-11-23,57.80424880981445,68.06999969482422,68.37000274658203,67.11000061035156,67.56999969482422,18142200
2021-11-24,57.13337707519531,67.27999877929688,68.05999755859375,67.2300033569336,68.0,14975500
2021-11-26,55.621826171875,65.5,65.73999786376953,63.810001373291016,65.01000213623047,24542000
2021-11-29,55.231197357177734,65.04000091552734,66.29000091552734,64.45999908447266,65.98999786376953,24340700
2021-11-30,54.093284606933594,63.70000076293945,64.80999755859375,63.36000061035156,64.31999969482422,35574000
2021-12-01,53.091251373291016,62.52000045776367,65.08999633789062,62.5,64.66000366210938,27379200
2021-12-02,54.18670654296875,63.810001373291016,64.2699966430664,62.7599983215332,63.34000015258789,24890700
2021-12-03,53.29505157470703,62.7599983215332,64.12000274658203,62.43000030517578,63.7400016784668,25458700
2021-12-06,53.091251373291016,62.52000045776367,63.56999969482422,62.13999938964844,62.939998626708984,25105500
2021-12-07,53.4139404296875,62.900001525878906,63.349998474121094,62.31999969482422,62.95000076293945,28301200
2021-12-08,53.04029846191406,62.459999084472656,63.15999984741211,62.349998474121094,63.02000045776367,20697200
2021-12-09,52.76854705810547,62.13999938964844,62.5,60.849998474121094,61.869998931884766,29960500
2021-12-10,51.55422592163086,60.709999084472656,62.2599983215332,60.20000076293945,61.68000030517578,39726500
2021-12-13,51.10415267944336,60.18000030517578,60.869998931884766,59.779998779296875,60.4900016784668,20489500
2021-12-14,51.494773864746094,60.63999938964844,61.31999969482422,60.380001068115234,60.45000076293945,19571100
2021-12-15,51.15510177612305,60.2400016784668,61.0099983215332,59.540000915527344,60.939998626708984,33861300
2021-12-16,51.859920501708984,61.06999969482422,61.90999984741211,60.81999969482422,61.099998474121094,25688300
2021-12-17,50.560665130615234,59.540000915527344,60.5,58.959999084472656,60.27000045776367,47383500
2021-12-20,49.49068832397461,58.279998779296875,58.72999954223633,57.59000015258789,58.599998474121094,31619600
2021-12-21,50.42478561401367,59.380001068115234,59.86000061035156,58.650001525878906,58.7400016784668,23175100
2021-12-22,50.61161422729492,59.599998474121094,59.939998626708984,59.099998474121094,59.310001373291016,14760600
2021-12-23,51.12962341308594,60.209999084472656,60.779998779296875,59.95000076293945,59.9900016784668,15223300
2021-12-27,51.503273010253906,60.650001525878906,60.939998626708984,60.0,60.400001525878906,14035400
2021-12-28,51.477787017822266,60.619998931884766,61.33000183105469,60.310001373291016,60.439998626708984,12697900
2021-12-29,51.40985870361328,60.540000915527344,60.97999954223633,60.27000045776367,60.810001373291016,13284000
2021-12-30,51.316436767578125,60.43000030517578,61.06999969482422,60.38999938964844,60.619998931884766,11380500
2021-12-31,51.282474517822266,60.38999938964844,60.7599983215332,60.119998931884766,60.43000030517578,12307200
2022-01-03,53.58378219604492,63.099998474121094,63.61000061035156,61.11000061035156,61.18000030517578,30508500
2022-01-04,53.9998779296875,63.59000015258789,64.7300033569336,63.540000915527344,64.05999755859375,30303600
2022-01-05,53.37147521972656,62.849998474121094,64.41000366210938,62.779998779296875,64.0999984741211,25149100
2022-01-06,55.12081527709961,64.91000366210938,65.30999755859375,63.5099983215332,64.22000122070312,33334200
2022-01-07,55.85961151123047,65.77999877929688,66.55000305175781,65.18000030517578,65.18000030517578,26548200
2022-01-10,56.071895599365234,66.02999877929688,66.9800033569336,65.22000122070312,66.45999908447266,28693700
2022-01-11,56.9890251159668,67.11000061035156,67.27999877929688,66.16999816894531,66.37999725341797,23453000
2022-01-12,57.13337707519531,67.27999877929688,68.6500015258789,66.91999816894531,67.77999877929688,27976200
2022-01-13,57.557979583740234,67.77999877929688,68.44000244140625,67.0199966430664,67.52999877929688,29222000
2022-01-14,56.8361701965332,66.93000030517578,67.08000183105469,65.08000183105469,65.36000061035156,35994400
2022-01-18,55.451988220214844,65.30000305175781,66.83999633789062,65.0999984741211,66.69000244140625,26353600
2022-01-19,54.551849365234375,64.23999786376953,65.66000366210938,63.970001220703125,65.66000366210938,22817100
2022-01-20,54.73867416381836,64.45999908447266,65.44999694824219,63.70000076293945,64.29000091552734,22794100
2022-01-21,53.72813415527344,63.27000045776367,64.44999694824219,62.75,63.9900016784668,28637900
2022-01-24,53.244102478027344,62.70000076293945,62.79999923706055,60.029998779296875,61.5099983215332,38601700
2022-01-25,54.441444396972656,64.11000061035156,64.45999908447266,61.130001068115234,61.970001220703125,34371100
2022-01-26,54.98493576049805,64.75,65.77999877929688,63.869998931884766,64.69999694824219,31803400
2022-01-27,54.47542190551758,64.1500015258789,65.8499984741211,63.900001525878906,65.22000122070312,24674000
2022-01-28,54.93398666381836,64.69000244140625,64.70999908447266,62.83000183105469,63.619998931884766,20953500
2022-01-31,55.29913330078125,65.12000274658203,65.25,63.599998474121094,64.01000213623047,23067400
2022-02-01,56.52196502685547,66.55999755859375,66.69000244140625,65.04000091552734,65.44000244140625,26868400
2022-02-02,56.24173355102539,66.2300033569336,66.80000305175781,65.58000183105469,66.3499984741211,18194200
2022-02-03,55.418025970458984,65.26000213623047,66.37999725341797,65.02999877929688,66.26000213623047,18219100
2022-02-04,56.55633544921875,66.08000183105469,66.66000366210938,64.83999633789062,65.04000091552734,23267900
2022-02-07,56.795989990234375,66.36000061035156,66.79000091552734,65.5,66.08999633789062,20081600
2022-02-08,57.44645309448242,67.12000274658203,67.97000122070312,66.5999984741211,67.05999755859375,23191000
2022-02-09,58.062686920166016,67.83999633789062,68.19000244140625,67.13999938964844,67.41000366210938,20902700
2022-02-10,57.77167892456055,67.5,68.55000305175781,67.22000122070312,67.94999694824219,22522300
2022-02-11,57.47212219238281,67.1500015258789,69.11000061035156,66.5999984741211,67.25,27226700
2022-02-14,56.88157272338867,66.45999908447266,67.22000122070312,65.81999969482422,66.87000274658203,24544000
2022-02-15,57.34375762939453,67.0,67.4800033569336,66.52999877929688,67.16000366210938,15487600
2022-02-16,57.30094528198242,66.94999694824219,67.43000030517578,66.43000030517578,66.54000091552734,13067400
2022-02-17,55.3837890625,64.70999908447266,66.63999938964844,64.20999908447266,66.33000183105469,23150000
2022-02-18,54.89593505859375,64.13999938964844,64.97000122070312,63.70000076293945,64.11000061035156,18114800
2022-02-22,54.681968688964844,63.88999938964844,64.36000061035156,63.06999969482422,63.06999969482422,19057000
2022-02-23,54.10852813720703,63.220001220703125,64.76000213623047,63.040000915527344,64.41999816894531,17563500
2022-02-24,51.92605209350586,60.66999816894531,61.060001373291016,58.369998931884766,60.4900016784668,46453500
2022-02-25,53.0472526550293,61.97999954223633,62.88999938964844,61.0099983215332,61.310001373291016,30518900
2022-02-28,50.69357681274414,59.22999954223633,60.41999816894531,58.400001525878906,59.93000030517578,48212900
2022-03-01,50.14582443237305,58.59000015258789,59.31999969482422,57.91999816894531,58.38999938964844,51389000
2022-03-02,50.976016998291016,59.560001373291016,59.86000061035156,55.93000030517578,56.970001220703125,60206500
2022-03-03,49.31561279296875,57.619998931884766,58.9900016784668,56.9900016784668,58.75,54027300
2022-03-04,48.4340705871582,56.59000015258789,56.65999984741211,55.189998626708984,55.90999984741211,54263000
2022-03-07,47.543949127197266,55.54999923706055,56.27000045776367,54.06999969482422,55.029998779296875,49710700
2022-03-08,46.96196365356445,54.869998931884766,57.290000915527344,54.7599983215332,56.560001373291016,43858100
2022-03-09,47.886314392089844,55.95000076293945,57.279998779296875,55.810001373291016,56.900001525878906,32757100
2022-03-10,46.97052001953125,54.880001068115234,55.369998931884766,53.95000076293945,55.02000045776367,31942500
2022-03-11,46.35429382324219,54.15999984741211,55.689998626708984,54.06999969482422,55.369998931884766,20550900
2022-03-14,46.41420364379883,54.22999954223633,55.27000045776367,53.83000183105469,54.70000076293945,25046000
2022-03-15,47.16737365722656,55.11000061035156,55.619998931884766,54.349998474121094,54.459999084472656,20747100
2022-03-16,48.61380386352539,56.79999923706055,57.540000915527344,55.970001220703125,56.02000045776367,31659800
2022-03-17,49.03318786621094,57.290000915527344,57.29999923706055,55.029998779296875,55.709999084472656,21432300
2022-03-18,49.08452224731445,57.349998474121094,57.630001068115234,56.72999954223633,56.939998626708984,30900500
2022-03-21,48.767852783203125,56.97999954223633,57.83000183105469,56.75,57.83000183105469,21661200
2022-03-22,49.21291732788086,57.5,58.25,57.310001373291016,57.81999969482422,23407400
2022-03-23,48.22865295410156,56.349998474121094,57.5,56.0,57.119998931884766,23070200
2022-03-24,48.2885627746582,56.41999816894531,56.63999938964844,56.20000076293945,56.61000061035156,16770200
2022-03-25,48.56245040893555,56.7400016784668,57.22999954223633,56.439998626708984,56.529998779296875,21206300
2022-03-28,47.86063766479492,55.91999816894531,56.279998779296875,54.72999954223633,56.20000076293945,25546300
2022-03-29,48.33135986328125,56.470001220703125,57.400001525878906,56.130001068115234,57.279998779296875,21463500
2022-03-30,47.04754638671875,54.970001220703125,56.45000076293945,54.54999923706055,56.0099983215332,32222400
2022-03-31,45.703819274902344,53.400001525878906,54.86000061035156,53.36000061035156,54.5099983215332,29202400
2022-04-01,44.788028717041016,52.33000183105469,53.7400016784668,51.77000045776367,53.470001220703125,40073100
2022-04-04,45.19029998779297,52.79999923706055,53.0,51.65999984741211,52.25,29296200
2022-04-05,44.1461296081543,51.58000183105469,52.47999954223633,51.41999816894531,52.060001373291016,23065500
2022-04-06,43.2474479675293,50.529998779296875,51.09000015258789,50.400001525878906,51.0099983215332,25196600
2022-04-07,42.81951904296875,50.029998779296875,50.61000061035156,49.040000915527344,50.560001373291016,28689900
2022-04-08,43.5470085144043,50.880001068115234,51.29999923706055,49.83000183105469,49.84000015258789,26853300
2022-04-11,43.26457214355469,50.54999923706055,52.25,50.380001068115234,50.790000915527344,20895700
2022-04-12,43.08484649658203,50.34000015258789,51.119998931884766,50.04999923706055,50.599998474121094,18755500
2022-04-13,42.9222297668457,50.150001525878906,50.18000030517578,49.20000076293945,49.279998779296875,21194200
2022-04-14,43.58980941772461,50.93000030517578,51.900001525878906,50.279998779296875,50.65999984741211,34043100
2022-04-18,44.77091979980469,52.310001373291016,53.209999084472656,50.779998779296875,50.84000015258789,28396300
2022-04-19,45.292991638183594,52.91999816894531,53.18000030517578,52.5,52.72999954223633,19996800
2022-04-20,45.447052001953125,53.099998474121094,53.97999954223633,52.88999938964844,53.400001525878906,20532800
2022-04-21,45.0447998046875,52.630001068115234,53.77000045776367,52.52000045776367,53.540000915527344,15952900
2022-04-22,43.84657287597656,51.22999954223633,52.599998474121094,51.16999816894531,52.439998626708984,23073900
2022-04-25,43.76097869873047,51.130001068115234,51.2400016784668,49.68000030517578,50.779998779296875,22079300
2022-04-26,42.990692138671875,50.22999954223633,51.599998474121094,50.220001220703125,50.529998779296875,18335800
2022-04-27,42.45148468017578,49.599998474121094,50.619998931884766,49.540000915527344,49.7599983215332,24707500
2022-04-28,42.81095504760742,50.02000045776367,50.029998779296875,49.0099983215332,49.90999984741211,20112100
2022-04-29,41.686859130859375,48.209999084472656,49.90999984741211,48.04999923706055,49.65999984741211,21844900
2022-05-02,42.11919403076172,48.709999084472656,48.86000061035156,47.779998779296875,48.459999084472656,25904000
2022-05-03,43.32112503051758,50.099998474121094,50.810001373291016,49.08000183105469,49.33000183105469,25374500
2022-05-04,45.16292190551758,52.22999954223633,52.400001525878906,50.040000915527344,50.16999816894531,26643600
2022-05-05,44.36740493774414,51.310001373291016,52.130001068115234,50.689998626708984,51.439998626708984,25756000
2022-05-06,44.635459899902344,51.619998931884766,52.0,50.58000183105469,51.2400016784668,25912900
2022-05-09,43.13953399658203,49.88999938964844,51.220001220703125,49.59000015258789,50.9900016784668,28888400
2022-05-10,42.15378952026367,48.75,50.689998626708984,47.65999984741211,50.540000915527344,31054700
2022-05-11,41.211273193359375,47.65999984741211,49.939998626708984,47.560001373291016,48.95000076293945,30179000
2022-05-12,40.26011657714844,46.560001373291016,47.400001525878906,45.400001525878906,47.2599983215332,36301500
2022-05-13,41.19397735595703,47.63999938964844,47.849998474121094,46.810001373291016,46.810001373291016,21739400
2022-05-16,41.03833770751953,47.459999084472656,48.06999969482422,47.0,47.59000015258789,16919100
2022-05-17,44.1425895690918,51.04999923706055,51.61000061035156,49.70000076293945,49.84000015258789,46643400
2022-05-18,42.64667510986328,49.31999969482422,51.060001373291016,49.0099983215332,50.72999954223633,32181600
2022-05-19,43.0444221496582,49.779998779296875,50.29999923706055,48.59000015258789,48.65999984741211,27279400
2022-05-20,43.01847839355469,49.75,50.72999954223633,48.5099983215332,50.2599983215332,29025500
2022-05-23,45.62985610961914,52.77000045776367,53.599998474121094,51.150001525878906,51.349998474121094,35166800
2022-05-24,45.55202865600586,52.68000030517578,53.0099983215332,51.4900016784668,52.470001220703125,24344800
2022-05-25,45.5693359375,52.70000076293945,53.119998931884766,52.02000045776367,52.560001373291016,23507900
2022-05-26,46.771244049072266,54.09000015258789,54.25,53.16999816894531,53.459999084472656,19140700
2022-05-27,46.36484909057617,53.619998931884766,54.0,53.040000915527344,54.0,19509300
2022-05-31,46.18326950073242,53.40999984741211,53.86000061035156,52.439998626708984,53.029998779296875,25805400
2022-06-01,45.30126953125,52.38999938964844,53.7400016784668,51.72999954223633,53.5,23902000
2022-06-02,45.33585739135742,52.43000030517578,52.5,51.599998474121094,52.400001525878906,17473600
2022-06-03,44.38469696044922,51.33000183105469,52.33000183105469,51.220001220703125,52.06999969482422,16550000
2022-06-06,44.44522476196289,51.400001525878906,52.56999969482422,51.369998931884766,51.79999923706055,18473200
2022-06-07,45.05051040649414,52.099998474121094,52.22999954223633,50.83000183105469,51.029998779296875,15528800
2022-06-08,44.4538688659668,51.40999984741211,52.11000061035156,51.060001373291016,51.70000076293945,13207700
2022-06-09,43.208717346191406,49.970001220703125,51.599998474121094,49.959999084472656,51.540000915527344,14272900
2022-06-10,41.2545051574707,47.709999084472656,49.150001525878906,47.369998931884766,48.720001220703125,28910800
2022-06-13,39.50782775878906,45.689998626708984,47.0099983215332,45.400001525878906,46.65999984741211,30308400
2022-06-14,39.741294860839844,45.959999084472656,46.72999954223633,45.54999923706055,46.189998626708984,25223600
2022-06-15,41.1421012878418,47.58000183105469,48.18000030517578,46.45000076293945,46.470001220703125,30001500
2022-06-16,40.54546356201172,46.88999938964844,47.189998626708984,45.959999084472656,46.79999923706055,24744900
2022-06-17,40.225528717041016,46.52000045776367,47.290000915527344,45.9900016784668,47.119998931884766,35111400
2022-06-21,41.47067642211914,47.959999084472656,48.34000015258789,47.52000045776367,47.959999084472656,20289700
2022-06-22,40.813514709472656,47.20000076293945,47.9900016784668,46.939998626708984,47.33000183105469,19752800
2022-06-23,40.078521728515625,46.349998474121094,46.90999984741211,45.59000015258789,46.869998931884766,24137200
2022-06-24,41.384212493896484,47.86000061035156,48.2599983215332,45.529998779296875,45.560001373291016,27322600
2022-06-27,41.358272552490234,47.83000183105469,48.400001525878906,47.25,48.060001373291016,21198200
2022-06-28,40.82216262817383,47.209999084472656,49.11000061035156,46.939998626708984,48.400001525878906,21643600
2022-06-29,40.7270393371582,47.099998474121094,47.79999923706055,46.630001068115234,47.2599983215332,20981000
2022-06-30,39.767242431640625,45.9900016784668,46.709999084472656,45.2599983215332,46.220001220703125,21207900
2022-07-01,40.52817153930664,46.869998931884766,47.040000915527344,45.34000015258789,45.7400016784668,16539600
2022-07-05,40.3033447265625,46.61000061035156,46.650001525878906,44.93000030517578,45.689998626708984,19156800
2022-07-06,39.90558624267578,46.150001525878906,46.68000030517578,45.459999084472656,46.29999923706055,14952800
2022-07-07,40.580055236816406,46.93000030517578,47.29999923706055,46.61000061035156,46.90999984741211,15598900
2022-07-08,40.48493194580078,46.81999969482422,47.560001373291016,46.58000183105469,47.2599983215332,11789900
2022-07-11,39.94017028808594,46.189998626708984,46.79999923706055,46.09000015258789,46.41999816894531,12778200
2022-07-12,39.88829803466797,46.130001068115234,46.93000030517578,45.5,45.58000183105469,16966700
2022-07-13,39.343536376953125,45.5,45.779998779296875,44.65999984741211,45.70000076293945,21793600
2022-07-14,38.16755294799805,44.13999938964844,44.47999954223633,43.439998626708984,44.47999954223633,27337600
2022-07-15,43.21735763549805,49.97999954223633,50.619998931884766,46.189998626708984,47.0,86566200
2022-07-18,43.29518127441406,50.06999969482422,51.5,49.72999954223633,50.65999984741211,26042500
2022-07-19,45.076454162597656,52.130001068115234,52.40999984741211,50.83000183105469,50.880001068115234,28113600
2022-07-20,45.3531494140625,52.45000076293945,52.45000076293945,51.45000076293945,51.5,24546500
2022-07-21,45.474205017089844,52.59000015258789,52.630001068115234,51.790000915527344,52.11000061035156,18261900
2022-07-22,44.88622283935547,51.90999984741211,53.02000045776367,51.4900016784668,52.52000045776367,14903400
2022-07-25,45.102394104003906,52.15999984741211,53.150001525878906,52.06999969482422,52.43000030517578,16794700
2022-07-26,44.44522476196289,51.400001525878906,52.79999923706055,51.2400016784668,51.77000045776367,18960800
2022-07-27,45.266685485839844,52.349998474121094,52.709999084472656,51.31999969482422,51.70000076293945,17087300
2022-07-28,45.16292190551758,52.22999954223633,52.720001220703125,51.310001373291016,52.09000015258789,12729200
2022-07-29,45.32010269165039,51.900001525878906,52.25,51.5,51.720001220703125,16783500
2022-08-01,45.33756637573242,51.91999816894531,52.209999084472656,51.13999938964844,51.4900016784668,13051800
2022-08-02,44.31590270996094,50.75,52.099998474121094,50.72999954223633,51.7599983215332,17378500
2022-08-03,45.06687545776367,51.61000061035156,51.779998779296875,50.83000183105469,51.2400016784668,13570600
2022-08-04,44.7612419128418,51.2599983215332,51.75,51.06999969482422,51.560001373291016,10152200
2022-08-05,45.11052703857422,51.65999984741211,52.34000015258789,50.90999984741211,51.119998931884766,13868800
2022-08-08,44.944618225097656,51.470001220703125,52.15999984741211,51.40999984741211,51.970001220703125,11594400
2022-08-09,45.48601531982422,52.09000015258789,52.11000061035156,51.41999816894531,51.63999938964844,9739300
2022-08-10,46.44655227661133,53.189998626708984,54.400001525878906,52.7400016784668,52.810001373291016,32416200
2022-08-11,47.15386199951172,54.0,54.470001220703125,53.75,53.900001525878906,13450300
2022-08-12,47.48569107055664,54.380001068115234,54.400001525878906,53.630001068115234,54.18000030517578,15493600
2022-08-15,47.21498489379883,54.06999969482422,54.189998626708984,53.470001220703125,53.75,11595200
2022-08-16,47.31104278564453,54.18000030517578,54.560001373291016,53.7400016784668,53.810001373291016,14708000
2022-08-17,46.94429016113281,53.7599983215332,54.02000045776367,53.29999923706055,53.41999816894531,13370800
2022-08-18,46.76091766357422,53.54999923706055,53.720001220703125,53.040000915527344,53.599998474121094,10573300
2022-08-19,45.94009017944336,52.61000061035156,53.40999984741211,52.369998931884766,53.150001525878906,14798800
2022-08-22,44.752498626708984,51.25,51.77000045776367,50.9900016784668,51.560001373291016,16749600
2022-08-23,44.49055480957031,50.95000076293945,51.68000030517578,50.86000061035156,51.2599983215332,11126100
2022-08-24,44.54293441772461,51.0099983215332,51.290000915527344,50.630001068115234,50.93000030517578,11159300
2022-08-25,45.45981979370117,52.060001373291016,52.25,51.06999969482422,51.209999084472656,12569000
2022-08-26,43.468875885009766,49.779998779296875,52.34000015258789,49.75,52.279998779296875,20049700
2022-08-29,43.11084747314453,49.369998931884766,49.720001220703125,49.029998779296875,49.66999816894531,15103100
2022-08-30,42.85762405395508,49.08000183105469,49.84000015258789,48.70000076293945,49.84000015258789,16735500
2022-08-31,42.621856689453125,48.810001373291016,49.54999923706055,48.66999816894531,49.279998779296875,16582100
2022-09-01,42.569454193115234,48.75,48.77000045776367,47.810001373291016,48.77000045776367,14470900
2022-09-02,42.64805221557617,48.84000015258789,50.150001525878906,48.619998931884766,49.310001373291016,15568100
2022-09-06,42.106658935546875,48.220001220703125,49.099998474121094,47.619998931884766,48.970001220703125,15544500
2022-09-07,42.46467590332031,48.630001068115234,48.7400016784668,47.599998474121094,47.7400016784668,15413900
2022-09-08,43.57365798950195,49.900001525878906,49.95000076293945,48.119998931884766,48.400001525878906,18088800
2022-09-09,44.246036529541016,50.66999816894531,51.0099983215332,50.25,50.310001373291016,18711800
2022-09-12,44.420684814453125,50.869998931884766,51.63999938964844,50.70000076293945,51.2599983215332,13506500
2022-09-13,42.78776931762695,49.0,50.20000076293945,48.56999969482422,49.900001525878906,22148200
2022-09-14,42.29003143310547,48.43000030517578,49.5099983215332,47.70000076293945,49.130001068115234,25701700
2022-09-15,42.298763275146484,48.439998626708984,49.25,48.279998779296875,48.36000061035156,16556900
2022-09-16,42.01060104370117,48.11000061035156,48.2400016784668,47.470001220703125,47.9900016784668,19995600
2022-09-19,42.124122619628906,48.2400016784668,48.47999954223633,47.439998626708984,47.4900016784668,14716100
2022-09-20,41.2596321105957,47.25,47.970001220703125,46.86000061035156,47.81999969482422,16650200
2022-09-21,40.45627212524414,46.33000183105469,47.72999954223633,46.310001373291016,47.25,18641800
2022-09-22,39.801353454589844,45.58000183105469,46.869998931884766,45.4900016784668,46.61000061035156,18443100
2022-09-23,38.64870834350586,44.2599983215332,45.11000061035156,43.29999923706055,44.97999954223633,30918000
2022-09-26,37.539710998535156,42.9900016784668,44.18000030517578,42.58000183105469,43.689998626708984,23684400
2022-09-27,37.190425872802734,42.59000015258789,43.38999938964844,42.08000183105469,43.22999954223633,21255500
2022-09-28,37.897743225097656,43.400001525878906,43.619998931884766,42.45000076293945,42.59000015258789,19818100
2022-09-29,37.015777587890625,42.38999938964844,43.08000183105469,42.0099983215332,42.900001525878906,20982200
2022-09-30,36.387054443359375,41.66999816894531,42.970001220703125,41.61000061035156,42.38999938964844,22266400
2022-10-03,37.16423416137695,42.560001373291016,42.91999816894531,41.060001373291016,41.54999923706055,22001000
2022-10-04,38.77967834472656,44.40999984741211,44.75,43.470001220703125,43.56999969482422,20660000
2022-10-05,38.28194808959961,43.84000015258789,44.0,43.11000061035156,43.7599983215332,15458500
2022-10-06,37.6008415222168,43.060001373291016,43.79999923706055,42.790000915527344,43.41999816894531,17738400
2022-10-07,36.84113693237305,42.189998626708984,42.790000915527344,41.939998626708984,42.70000076293945,18101300
2022-10-10,36.32594299316406,41.599998474121094,42.61000061035156,41.529998779296875,42.4900016784668,13768800
2022-10-11,35.321739196777344,40.45000076293945,41.560001373291016,40.41999816894531,41.27000045776367,20176100
2022-10-12,35.66229248046875,40.84000015258789,41.36000061035156,40.04999923706055,40.38999938964844,20862200
2022-10-13,37.504783630371094,42.95000076293945,43.18000030517578,40.0099983215332,40.20000076293945,27964900
2022-10-14,37.74928283691406,43.22999954223633,44.41999816894531,42.79999923706055,43.09000015258789,28885100
2022-10-17,38.06364822387695,43.59000015258789,44.43000030517578,43.189998626708984,44.310001373291016,20835400
2022-10-18,38.552650451660156,44.150001525878906,44.95000076293945,43.650001525878906,44.65999984741211,21302100
2022-10-19,37.845340728759766,43.34000015258789,44.099998474121094,42.88999938964844,43.83000183105469,15142800
2022-10-20,37.47858810424805,42.91999816894531,43.939998626708984,42.720001220703125,43.38999938964844,15421600
2022-10-21,38.64870834350586,44.2599983215332,44.31999969482422,42.68000030517578,42.939998626708984,18783600
2022-10-24,38.77967834472656,44.40999984741211,44.66999816894531,43.970001220703125,44.31999969482422,14392300
2022-10-25,39.57431411743164,45.31999969482422,45.59000015258789,43.90999984741211,44.04999923706055,20085700
2022-10-26,39.65290451049805,45.40999984741211,45.97999954223633,45.220001220703125,45.5,16516200
2022-10-27,39.67909622192383,45.439998626708984,46.13999938964844,45.349998474121094,45.869998931884766,15687900
2022-10-28,40.2816276550293,46.130001068115234,46.279998779296875,45.029998779296875,45.560001373291016,13457900
2022-10-31,40.045860290527344,45.86000061035156,46.220001220703125,45.56999969482422,45.709999084472656,15600400
2022-11-01,40.36021041870117,46.220001220703125,46.47999954223633,46.0,46.29999923706055,15505200
2022-11-02,39.7751579284668,45.54999923706055,47.0099983215332,45.540000915527344,46.130001068115234,20306800
2022-11-03,38.92814636230469,44.58000183105469,45.40999984741211,44.5099983215332,45.15999984741211,16025800
2022-11-04,39.86445617675781,45.130001068115234,45.45000076293945,44.27000045776367,44.61000061035156,15204100
2022-11-07,40.39445495605469,45.72999954223633,45.86000061035156,45.209999084472656,45.47999954223633,11792300
2022-11-08,40.73894119262695,46.119998931884766,46.529998779296875,45.630001068115234,45.79999923706055,16737100
2022-11-09,40.06761169433594,45.36000061035156,45.86000061035156,45.150001525878906,45.72999954223633,13299000
2022-11-10,42.77058792114258,48.41999816894531,48.7599983215332,46.560001373291016,46.709999084472656,27915500
2022-11-11,44.33407974243164,50.189998626708984,50.56999969482422,48.439998626708984,48.5,26009200
2022-11-14,43.30059051513672,49.02000045776367,49.97999954223633,49.02000045776367,49.939998626708984,19631600
2022-11-15,43.30942153930664,49.029998779296875,50.41999816894531,48.4900016784668,49.83000183105469,19839400
2022-11-16,42.726436614990234,48.369998931884766,48.959999084472656,48.13999938964844,48.880001068115234,18052100
2022-11-17,42.62043380737305,48.25,48.2599983215332,47.400001525878906,47.68000030517578,11962700
2022-11-18,42.98259735107422,48.65999984741211,49.06999969482422,48.15999984741211,48.72999954223633,12884300
2022-11-21,43.17692565917969,48.880001068115234,49.040000915527344,48.279998779296875,48.65999984741211,9884100
2022-11-22,43.574424743652344,49.33000183105469,49.68000030517578,49.130001068115234,49.13999938964844,13132000
2022-11-23,42.61160659790039,48.2400016784668,49.470001220703125,47.849998474121094,49.34000015258789,22863300
2022-11-25,42.655765533447266,48.290000915527344,48.529998779296875,48.130001068115234,48.20000076293945,6823600
2022-11-28,41.71943664550781,47.22999954223633,48.189998626708984,46.83000183105469,47.90999984741211,18987100
2022-11-29,42.019771575927734,47.56999969482422,47.900001525878906,47.209999084472656,47.22999954223633,12224700
2022-11-30,42.76176071166992,48.40999984741211,48.43000030517578,46.189998626708984,47.08000183105469,23993100
2022-12-01,42.20526885986328,47.779998779296875,48.66999816894531,47.349998474121094,48.279998779296875,19797600
2022-12-02,41.72827911376953,47.2400016784668,47.45000076293945,46.810001373291016,47.279998779296875,12745400
2022-12-05,40.3149528503418,45.63999938964844,47.119998931884766,45.380001068115234,46.939998626708984,20397500
2022-12-06,39.73195266723633,44.97999954223633,45.88999938964844,44.20000076293945,45.650001525878906,22160800
2022-12-07,39.458126068115234,44.66999816894531,45.45000076293945,44.310001373291016,44.63999938964844,20233400
2022-12-08,39.47578811645508,44.689998626708984,45.369998931884766,44.2599983215332,44.849998474121094,15622200
2022-12-09,39.62596130371094,44.86000061035156,45.189998626708984,44.54999923706055,44.599998474121094,14030600
2022-12-12,40.42978286743164,45.77000045776367,45.79999923706055,44.36000061035156,44.650001525878906,19045100
2022-12-13,41.15411376953125,46.59000015258789,47.849998474121094,46.2400016784668,46.84000015258789,25655400
2022-12-14,40.61528396606445,45.97999954223633,47.040000915527344,45.720001220703125,46.5099983215332,16587500
2022-12-15,39.413963317871094,44.619998931884766,45.2599983215332,44.130001068115234,45.09000015258789,20201900
2022-12-16,39.17546081542969,44.349998474121094,44.65999984741211,43.810001373291016,44.20000076293945,26955400
2022-12-19,38.804466247558594,43.93000030517578,44.47999954223633,43.47999954223633,44.36000061035156,18019100
2022-12-20,38.69846725463867,43.810001373291016,44.54999923706055,43.79999923706055,44.150001525878906,14412700
2022-12-21,39.581790924072266,44.810001373291016,44.88999938964844,44.16999816894531,44.209999084472656,22492300
2022-12-22,38.85747528076172,43.9900016784668,44.439998626708984,42.90999984741211,44.439998626708984,24476100
2022-12-23,39.09596633911133,44.2599983215332,44.36000061035156,43.880001068115234,44.0,15143800
2022-12-27,39.21080017089844,44.38999938964844,44.540000915527344,43.970001220703125,44.279998779296875,14777800
2022-12-28,39.413963317871094,44.619998931884766,44.869998931884766,44.189998626708984,44.43000030517578,12882200
2022-12-29,39.89095687866211,45.15999984741211,45.2400016784668,44.650001525878906,44.84000015258789,14124100
2022-12-30,39.95279312133789,45.22999954223633,45.279998779296875,44.7599983215332,44.93000030517578,11802800
2023-01-03,40.43861770629883,45.779998779296875,46.75,45.540000915527344,45.75,19564000
2023-01-04,41.48094177246094,46.959999084472656,47.540000915527344,46.34000015258789,46.540000915527344,21507200
2023-01-05,41.295440673828125,46.75,46.959999084472656,45.970001220703125,46.70000076293945,12314900
2023-01-06,41.79010772705078,47.310001373291016,47.689998626708984,46.61000061035156,47.060001373291016,16736300
2023-01-09,41.9932746887207,47.540000915527344,48.31999969482422,47.470001220703125,47.88999938964844,16745500
2023-01-10,42.56742477416992,48.189998626708984,48.209999084472656,47.20000076293945,47.560001373291016,12429900
2023-01-11,43.026756286621094,48.709999084472656,48.7400016784668,47.86000061035156,48.209999084472656,17143700
2023-01-12,43.362422943115234,49.09000015258789,49.47999954223633,48.54999923706055,49.060001373291016,16287800
2023-01-13,44.095584869384766,49.91999816894531,50.22999954223633,47.7400016784668,48.5099983215332,28037000
2023-01-17,44.44008255004883,50.310001373291016,50.7400016784668,49.7400016784668,49.86000061035156,28193500
2023-01-18,43.662757873535156,49.43000030517578,50.47999954223633,49.2400016784668,50.2400016784668,18952000
2023-01-19,43.60974884033203,49.369998931884766,49.599998474121094,48.470001220703125,48.650001525878906,14869100
2023-01-20,45.12907409667969,51.09000015258789,51.11000061035156,49.2599983215332,49.68000030517578,19957300
2023-01-23,45.91523361206055,51.97999954223633,52.290000915527344,50.880001068115234,51.04999923706055,18531200
2023-01-24,45.42057418823242,51.41999816894531,51.95000076293945,50.41999816894531,51.41999816894531,13303200
2023-01-25,45.844566345214844,51.900001525878906,51.939998626708984,50.849998474121094,50.849998474121094,20719000
2023-01-26,46.100738525390625,52.189998626708984,52.2599983215332,51.5099983215332,52.08000183105469,22393300
2023-01-27,45.80923843383789,51.86000061035156,52.189998626708984,51.65999984741211,51.959999084472656,18294000
2023-01-30,45.712066650390625,51.75,52.040000915527344,51.34000015258789,51.439998626708984,11126200
2023-01-31,46.127227783203125,52.220001220703125,52.220001220703125,51.630001068115234,51.86000061035156,34823400
2023-02-01,46.065406799316406,52.150001525878906,52.7400016784668,51.40999984741211,51.540000915527344,22111900
2023-02-02,46.127227783203125,52.220001220703125,53.22999954223633,51.72999954223633,52.58000183105469,22331700
2023-02-03,45.44929122924805,50.95000076293945,51.540000915527344,50.529998779296875,51.02000045776367,20050600
2023-02-06,45.3690071105957,50.86000061035156,50.9900016784668,49.90999984741211,50.400001525878906,16152000
2023-02-07,45.60984802246094,51.130001068115234,51.7599983215332,50.59000015258789,50.75,14361000
2023-02-08,45.62769317626953,51.150001525878906,51.5099983215332,50.599998474121094,50.77000045776367,13242300
2023-02-09,44.58401107788086,49.97999954223633,51.459999084472656,49.86000061035156,51.349998474121094,16794900
2023-02-10,44.69997787475586,50.11000061035156,50.189998626708984,49.150001525878906,49.81999969482422,16519900
2023-02-13,45.49388122558594,51.0,51.08000183105469,49.91999816894531,49.9900016784668,11626900
2023-02-14,46.038028717041016,51.61000061035156,51.75,50.4900016784668,50.93000030517578,16283300
2023-02-15,46.22534942626953,51.81999969482422,51.880001068115234,50.810001373291016,50.84000015258789,9216600
2023-02-16,45.90422439575195,51.459999084472656,51.83000183105469,51.099998474121094,51.349998474121094,9398000
2023-02-17,45.8685417175293,51.41999816894531,51.59000015258789,50.91999816894531,51.2599983215332,12297700
2023-02-21,44.45912551879883,49.84000015258789,50.90999984741211,49.43000030517578,50.7400016784668,22899200
2023-02-22,44.63753128051758,50.040000915527344,50.47999954223633,49.369998931884766,49.88999938964844,14431500
2023-02-23,44.940818786621094,50.380001068115234,50.619998931884766,49.70000076293945,50.34000015258789,12550700
2023-02-24,44.762420654296875,50.18000030517578,50.34000015258789,49.650001525878906,50.0,14547300
2023-02-27,45.021114349365234,50.470001220703125,51.189998626708984,50.38999938964844,50.5,14190200
2023-02-28,45.21735763549805,50.689998626708984,50.869998931884766,50.25,50.47999954223633,12932400
2023-03-01,45.939903259277344,51.5,51.540000915527344,50.29999923706055,50.459999084472656,15966000
2023-03-02,45.85070037841797,51.400001525878906,51.45000076293945,50.459999084472656,51.18000030517578,18104500
2023-03-03,46.698143005371094,52.349998474121094,52.38999938964844,51.47999954223633,51.47999954223633,15879900
2023-03-06,46.54648971557617,52.18000030517578,52.45000076293945,52.0099983215332,52.36000061035156,12693300
2023-03-07,45.56525421142578,51.08000183105469,52.130001068115234,50.72999954223633,51.79999923706055,30953800
2023-03-08,45.208431243896484,50.68000030517578,51.27000045776367,50.29999923706055,51.060001373291016,12847700
2023-03-09,43.35299301147461,48.599998474121094,50.83000183105469,48.40999984741211,50.58000183105469,29460100
2023-03-10,43.12106704711914,48.34000015258789,49.380001068115234,47.130001068115234,48.08000183105469,29770800
2023-03-13,39.90974044799805,44.7400016784668,47.2400016784668,44.599998474121094,47.0,50709200
2023-03-14,42.28255081176758,47.400001525878906,47.9900016784668,46.560001373291016,47.209999084472656,42165900
2023-03-15,39.98109436035156,44.81999969482422,45.5,44.099998474121094,45.439998626708984,41832800
2023-03-16,40.694725036621094,45.619998931884766,46.09000015258789,43.70000076293945,44.65999984741211,28877300
2023-03-17,39.472633361816406,44.25,44.97999954223633,43.81999969482422,44.97999954223633,37130200
2023-03-20,39.32990646362305,44.09000015258789,45.7400016784668,43.90999984741211,44.709999084472656,31899900
2023-03-21,40.204105377197266,45.06999969482422,46.02000045776367,44.95000076293945,45.56999969482422,29835600
2023-03-22,38.99093246459961,43.709999084472656,45.310001373291016,43.68000030517578,45.18000030517578,21672000
2023-03-23,38.75900650024414,43.45000076293945,44.849998474121094,43.11000061035156,44.310001373291016,24112600
2023-03-24,38.45570755004883,43.11000061035156,43.119998931884766,42.0099983215332,42.84000015258789,25453900
2023-03-27,39.94541931152344,44.779998779296875,45.0,43.880001068115234,44.060001373291016,29335200
2023-03-28,40.33791732788086,45.220001220703125,45.22999954223633,44.4900016784668,44.720001220703125,16206000
2023-03-29,40.98910140991211,45.95000076293945,46.0099983215332,45.459999084472656,45.59000015258789,15047000
2023-03-30,41.09614181518555,46.06999969482422,46.63999938964844,45.7400016784668,46.47999954223633,14226400
2023-03-31,41.827613830566406,46.88999938964844,46.970001220703125,46.33000183105469,46.599998474121094,16009200
2023-04-03,41.667049407958984,46.709999084472656,47.4900016784668,46.43000030517578,47.13999938964844,16633100
2023-04-04,41.113983154296875,46.09000015258789,47.02000045776367,45.650001525878906,46.900001525878906,15542400
2023-04-05,40.828529357910156,45.77000045776367,46.189998626708984,45.310001373291016,45.470001220703125,11739100
2023-04-06,40.908817291259766,45.86000061035156,46.209999084472656,45.52000045776367,45.79999923706055,11918100
2023-04-10,41.497562408447266,46.52000045776367,46.7599983215332,45.77000045776367,45.790000915527344,11777100
2023-04-11,42.10414123535156,47.20000076293945,47.369998931884766,46.59000015258789,46.66999816894531,14177300
2023-04-12,41.854373931884766,46.91999816894531,47.63999938964844,46.52000045776367,47.47999954223633,14330900
2023-04-13,42.19335174560547,47.29999923706055,47.59000015258789,46.58000183105469,46.900001525878906,15578900
2023-04-14,44.209346771240234,49.560001373291016,49.88999938964844,48.02000045776367,48.16999816894531,33064500
2023-04-17,44.32532501220703,49.689998626708984,49.810001373291016,49.09000015258789,49.7599983215332,19590400
2023-04-18,44.673213958740234,50.08000183105469,50.29999923706055,49.45000076293945,49.93000030517578,16616200
2023-04-19,44.95866394042969,50.400001525878906,50.45000076293945,49.380001068115234,49.72999954223633,14894000
2023-04-20,44.06663131713867,49.400001525878906,50.04999923706055,49.099998474121094,49.810001373291016,20410200
2023-04-21,43.736572265625,49.029998779296875,49.220001220703125,48.31999969482422,48.959999084472656,14377300
2023-04-24,43.736572265625,49.029998779296875,49.310001373291016,48.75,49.029998779296875,11208800
2023-04-25,42.72857666015625,47.900001525878906,48.650001525878906,47.720001220703125,48.5,15374000
2023-04-26,41.80084991455078,46.86000061035156,47.86000061035156,46.38999938964844,47.79999923706055,16984600
2023-04-27,41.9525032043457,47.029998779296875,47.349998474121094,46.439998626708984,47.040000915527344,16541400
2023-04-28,42.44850540161133,47.06999969482422,47.33000183105469,46.040000915527344,46.189998626708984,15222100
2023-05-01,42.6108283996582,47.25,48.380001068115234,47.16999816894531,47.880001068115234,18314800
2023-05-02,41.48356246948242,46.0,47.060001373291016,45.560001373291016,46.81999969482422,19450100
2023-05-03,41.18595504760742,45.66999816894531,46.599998474121094,45.630001068115234,46.130001068115234,14533500
2023-05-04,40.49156188964844,44.900001525878906,45.400001525878906,44.08000183105469,45.040000915527344,20601800
2023-05-05,41.77213668823242,46.31999969482422,46.5,45.66999816894531,45.79999923706055,13384500
2023-05-08,41.80821228027344,46.36000061035156,47.150001525878906,46.27000045776367,46.880001068115234,8760900
2023-05-09,41.9525032043457,46.52000045776367,46.7599983215332,45.790000915527344,45.90999984741211,10188800
2023-05-10,41.81722640991211,46.369998931884766,47.189998626708984,45.59000015258789,47.150001525878906,11840000
2023-05-11,41.51061248779297,46.029998779296875,46.130001068115234,45.43000030517578,45.7400016784668,11222800
2023-05-12,40.9875602722168,45.45000076293945,46.380001068115234,45.06999969482422,46.33000183105469,12812800
2023-05-15,41.528648376464844,46.04999923706055,46.310001373291016,45.630001068115234,45.689998626708984,11911300
2023-05-16,40.834251403808594,45.279998779296875,46.15999984741211,45.2599983215332,45.93000030517578,9201200
2023-05-17,42.457523345947266,47.08000183105469,47.11000061035156,45.779998779296875,45.779998779296875,16359100
2023-05-18,41.83526611328125,46.38999938964844,46.97999954223633,45.86000061035156,46.97999954223633,17618000
2023-05-19,41.222023010253906,45.709999084472656,46.72999954223633,45.619998931884766,46.459999084472656,15416200
2023-05-22,41.2941780090332,45.790000915527344,46.099998474121094,45.45000076293945,45.970001220703125,14471000
2023-05-23,41.40238952636719,45.90999984741211,46.81999969482422,45.79999923706055,45.84000015258789,13797100
2023-05-24,40.12180709838867,44.4900016784668,45.2400016784668,44.209999084472656,45.15999984741211,23744900
2023-05-25,39.887332916259766,44.22999954223633,44.79999923706055,43.880001068115234,44.29999923706055,18109400
2023-05-26,40.22101593017578,44.599998474121094,44.650001525878906,43.9900016784668,44.459999084472656,11962600
2023-05-30,40.311195373535156,44.70000076293945,44.88999938964844,44.25,44.72999954223633,12431100
2023-05-31,39.96849822998047,44.31999969482422,44.40999984741211,43.709999084472656,44.20000076293945,18154100
2023-06-01,40.43744659423828,44.84000015258789,45.349998474121094,44.310001373291016,44.68000030517578,15757100
2023-06-02,41.77213668823242,46.31999969482422,46.68000030517578,45.36000061035156,45.470001220703125,19455600
2023-06-05,41.69999694824219,46.2400016784668,46.47999954223633,45.810001373291016,46.36000061035156,11004700
2023-06-06,42.583778381347656,47.220001220703125,47.5099983215332,46.150001525878906,46.189998626708984,14189200
2023-06-07,43.29620361328125,48.0099983215332,48.18000030517578,47.15999984741211,47.470001220703125,15457400
2023-06-08,43.377357482910156,48.099998474121094,48.25,47.529998779296875,47.72999954223633,12058600
2023-06-09,43.557735443115234,48.29999923706055,48.56999969482422,47.90999984741211,48.099998474121094,11744000
2023-06-12,43.69300842285156,48.45000076293945,48.5,47.970001220703125,48.27000045776367,13801000
2023-06-13,43.90945053100586,48.689998626708984,49.41999816894531,48.45000076293945,48.45000076293945,14062700
2023-06-14,43.50362777709961,48.2400016784668,49.27000045776367,47.560001373291016,48.83000183105469,22053000
2023-06-15,43.792213439941406,48.560001373291016,48.59000015258789,47.58000183105469,48.130001068115234,14926100
2023-06-16,43.45853042602539,48.189998626708984,48.84000015258789,48.15999984741211,48.84000015258789,18223000
2023-06-20,42.93548583984375,47.61000061035156,47.90999984741211,47.08000183105469,47.90999984741211,12777700
2023-06-21,42.75511932373047,47.40999984741211,47.849998474121094,47.22999954223633,47.5,10550700
2023-06-22,42.051700592041016,46.630001068115234,47.2599983215332,46.43000030517578,47.220001220703125,11841900
2023-06-23,41.50159454345703,46.02000045776367,46.25,45.84000015258789,46.099998474121094,13249100
2023-06-26,41.69999694824219,46.2400016784668,46.689998626708984,46.0099983215332,46.119998931884766,13253900
2023-06-27,41.84428405761719,46.400001525878906,46.61000061035156,45.900001525878906,46.20000076293945,11863300
2023-06-28,41.690975189208984,46.22999954223633,46.38999938964844,45.81999969482422,46.369998931884766,13394900
2023-06-29,41.74509048461914,46.290000915527344,46.790000915527344,46.0099983215332,46.16999816894531,18840800
2023-06-30,41.51963806152344,46.040000915527344,46.79999923706055,46.029998779296875,46.779998779296875,15228200
2023-07-03,42.15089797973633,46.7400016784668,47.290000915527344,46.02000045776367,46.08000183105469,10159900
2023-07-05,42.20500946044922,46.79999923706055,47.04999923706055,46.40999984741211,46.709999084472656,11852900
2023-07-06,40.924434661865234,45.380001068115234,46.5,45.11000061035156,46.5,17431400
2023-07-07,41.24908447265625,45.7400016784668,46.349998474121094,45.209999084472656,45.22999954223633,13160700
2023-07-10,41.18595504760742,45.66999816894531,46.38999938964844,45.540000915527344,45.599998474121094,14307600
2023-07-11,41.96152114868164,46.529998779296875,46.61000061035156,45.630001068115234,45.79999923706055,14131700
2023-07-12,42.728065490722656,47.380001068115234,48.27000045776367,47.220001220703125,47.2599983215332,17960500
2023-07-13,42.99861145019531,47.68000030517578,47.849998474121094,47.13999938964844,47.560001373291016,26210700
2023-07-14,41.25809860229492,45.75,48.54999923706055,45.689998626708984,48.47999954223633,38634500
2023-07-17,41.71802520751953,46.2599983215332,46.619998931884766,45.720001220703125,45.810001373291016,18521400
2023-07-18,42.403411865234375,47.02000045776367,47.65999984741211,46.68000030517578,46.75,24678000
2023-07-19,42.85431671142578,47.52000045776367,47.84000015258789,46.619998931884766,47.08000183105469,15789100
2023-07-20,42.75511932373047,47.40999984741211,47.880001068115234,47.22999954223633,47.38999938964844,17647200
2023-07-21,42.43046569824219,47.04999923706055,47.599998474121094,46.81999969482422,47.540000915527344,18251600
2023-07-24,42.98057174682617,47.65999984741211,47.84000015258789,46.97999954223633,46.97999954223633,19006200
2023-07-25,42.46653747558594,47.09000015258789,47.779998779296875,47.060001373291016,47.4900016784668,14729900
2023-07-26,42.82726287841797,47.4900016784668,47.75,47.02000045776367,47.38999938964844,12267900
2023-07-27,43.17897033691406,47.880001068115234,49.119998931884766,47.439998626708984,47.599998474121094,25162700
2023-07-28,42.75511932373047,47.40999984741211,48.36000061035156,47.09000015258789,48.31999969482422,20871700
2023-07-31,42.98057174682617,47.65999984741211,48.04999923706055,47.36000061035156,47.59000015258789,14377200
2023-08-01,42.44850540161133,47.06999969482422,47.470001220703125,46.810001373291016,47.33000183105469,15219100
2023-08-02,41.76312255859375,46.310001373291016,46.68000030517578,45.95000076293945,46.41999816894531,13101100
2023-08-03,41.67293930053711,46.209999084472656,46.470001220703125,45.709999084472656,45.970001220703125,13467100
2023-08-04,41.70029830932617,45.709999084472656,46.689998626708984,45.560001373291016,45.72999954223633,18329500
2023-08-07,41.80978012084961,45.83000183105469,46.2400016784668,45.630001068115234,45.95000076293945,16972000
2023-08-08,41.19854736328125,45.15999984741211,45.22999954223633,44.13999938964844,45.02000045776367,18524500
2023-08-09,40.541709899902344,44.439998626708984,45.189998626708984,44.40999984741211,45.02000045776367,13957100
2023-08-10,40.450477600097656,44.34000015258789,44.9900016784668,44.25,44.709999084472656,12112300
2023-08-11,40.660301208496094,44.56999969482422,44.619998931884766,43.97999954223633,44.040000915527344,11973200
2023-08-14,40.23154067993164,44.099998474121094,44.40999984741211,43.97999954223633,44.08000183105469,14280300
2023-08-15,39.41960906982422,43.209999084472656,43.650001525878906,43.18000030517578,43.650001525878906,17125100
2023-08-16,38.89960479736328,42.63999938964844,43.15999984741211,42.56999969482422,43.02000045776367,13963600
2023-08-17,38.73539352416992,42.459999084472656,43.08000183105469,42.09000015258789,42.84000015258789,16123600
2023-08-18,38.5438232421875,42.25,42.79999923706055,42.09000015258789,42.150001525878906,12908700
2023-08-21,38.379608154296875,42.06999969482422,42.7599983215332,41.66999816894531,42.619998931884766,14486300
2023-08-22,37.42171096801758,41.02000045776367,42.380001068115234,40.970001220703125,42.310001373291016,20507900
2023-08-23,37.4764518737793,41.08000183105469,41.22999954223633,40.77000045776367,41.060001373291016,16214500
2023-08-24,37.4764518737793,41.08000183105469,41.66999816894531,40.720001220703125,41.02000045776367,15579600
2023-08-25,37.62242126464844,41.2400016784668,41.65999984741211,40.779998779296875,41.2599983215332,16881900
2023-08-28,37.69540023803711,41.31999969482422,41.86000061035156,41.150001525878906,41.47999954223633,14125900
2023-08-29,38.0603141784668,41.720001220703125,41.77000045776367,41.2599983215332,41.29999923706055,13199700
2023-08-30,37.74100875854492,41.369998931884766,41.84000015258789,41.34000015258789,41.689998626708984,18211400
2023-08-31,37.66803741455078,41.290000915527344,41.68000030517578,41.0099983215332,41.5099983215332,17795700
2023-09-01,37.94171905517578,41.59000015258789,41.81999969482422,41.380001068115234,41.59000015258789,12413500
2023-09-05,37.73189163208008,41.36000061035156,41.93000030517578,41.189998626708984,41.529998779296875,15843400
2023-09-06,37.74100875854492,41.369998931884766,41.4900016784668,40.90999984741211,41.02000045776367,13675200
2023-09-07,37.15714645385742,40.72999954223633,41.369998931884766,40.70000076293945,41.06999969482422,12406100
2023-09-08,37.0294303894043,40.59000015258789,40.689998626708984,40.279998779296875,40.61000061035156,15055400
2023-09-11,37.0294303894043,40.59000015258789,41.369998931884766,40.529998779296875,40.810001373291016,11404200
2023-09-12,38.02381896972656,41.68000030517578,42.060001373291016,40.560001373291016,40.56999969482422,24774700
2023-09-13,38.653297424316406,42.369998931884766,42.900001525878906,41.68000030517578,41.939998626708984,31031900
2023-09-14,39.355743408203125,43.13999938964844,43.439998626708984,42.72999954223633,42.790000915527344,19422800
2023-09-15,38.96346664428711,42.709999084472656,43.2400016784668,42.65999984741211,42.75,22983200
2023-09-18,38.89960479736328,42.63999938964844,42.779998779296875,42.400001525878906,42.599998474121094,10467400
2023-09-19,38.93610763549805,42.68000030517578,42.86000061035156,42.470001220703125,42.790000915527344,11031700
2023-09-20,38.58943557739258,42.29999923706055,43.130001068115234,42.27000045776367,42.95000076293945,11240700
2023-09-21,38.05118942260742,41.709999084472656,42.36000061035156,41.689998626708984,42.060001373291016,12260100
2023-09-22,37.330482482910156,40.91999816894531,41.86000061035156,40.86000061035156,41.75,15438200
2023-09-25,37.42171096801758,41.02000045776367,41.09000015258789,40.58000183105469,40.75,10866800
2023-09-26,36.691898345947266,40.220001220703125,41.040000915527344,40.060001373291016,40.66999816894531,21786500
2023-09-27,36.91083908081055,40.459999084472656,40.630001068115234,39.939998626708984,40.290000915527344,15083400
2023-09-28,37.5859260559082,41.20000076293945,41.349998474121094,40.40999984741211,40.47999954223633,14409800
2023-09-29,37.522064208984375,41.130001068115234,41.88999938964844,40.91999816894531,41.45000076293945,16916100
2023-10-02,36.947322845458984,40.5,41.04999923706055,40.290000915527344,40.9900016784668,16178900
2023-10-03,36.36346435546875,39.86000061035156,40.540000915527344,39.59000015258789,40.20000076293945,19283400
2023-10-04,36.31785202026367,39.810001373291016,39.93000030517578,39.13999938964844,39.689998626708984,23342000
2023-10-05,36.381717681884766,39.880001068115234,39.880001068115234,39.189998626708984,39.619998931884766,18734100
2023-10-06,37.01118469238281,40.56999969482422,40.849998474121094,39.5099983215332,39.68000030517578,17080000
2023-10-09,37.16627502441406,40.7400016784668,41.0099983215332,39.95000076293945,40.18000030517578,14859700
2023-10-10,37.804874420166016,41.439998626708984,41.7599983215332,41.13999938964844,41.13999938964844,18902100
2023-10-11,37.88697814941406,41.529998779296875,42.0,41.36000061035156,41.63999938964844,12763900
2023-10-12,37.88697814941406,41.529998779296875,41.790000915527344,41.119998931884766,41.400001525878906,18112500
2023-10-13,37.795753479003906,41.43000030517578,43.31999969482422,41.349998474121094,42.959999084472656,32082900
2023-10-16,37.35786056518555,40.95000076293945,42.0,40.529998779296875,41.95000076293945,25044200
2023-10-17,37.5859260559082,41.20000076293945,41.66999816894531,40.599998474121094,40.650001525878906,20258100
2023-10-18,36.91996383666992,40.470001220703125,40.939998626708984,40.16999816894531,40.939998626708984,23232600
2023-10-19,36.545928955078125,40.060001373291016,40.75,40.029998779296875,40.2599983215332,17483300
2023-10-20,36.19926071166992,39.68000030517578,40.2400016784668,39.560001373291016,39.970001220703125,21396500
2023-10-23,35.478553771972656,38.88999938964844,39.619998931884766,38.790000915527344,39.58000183105469,21333500
2023-10-24,35.515045166015625,38.93000030517578,39.29999923706055,38.7400016784668,38.91999816894531,17181000
2023-10-25,35.223121643066406,38.61000061035156,38.849998474121094,38.2599983215332,38.70000076293945,15570100
2023-10-26,35.88908004760742,39.34000015258789,39.75,38.470001220703125,38.5,25109600
2023-10-27,34.88557052612305,38.2400016784668,39.369998931884766,38.16999816894531,39.33000183105469,20654700
2023-10-30,35.515045166015625,38.93000030517578,38.970001220703125,38.40999984741211,38.54999923706055,21777500
2023-10-31,36.02592849731445,39.4900016784668,39.529998779296875,38.91999816894531,39.040000915527344,16373100
2023-11-01,36.12627410888672,39.599998474121094,39.84000015258789,39.279998779296875,39.540000915527344,16011000
2023-11-02,37.72276306152344,41.349998474121094,41.369998931884766,39.93000030517578,39.9900016784668,23283600
2023-11-03,39.053504943847656,42.2599983215332,42.470001220703125,41.540000915527344,41.560001373291016,20287700
2023-11-06,38.850196838378906,42.040000915527344,42.369998931884766,41.7599983215332,42.369998931884766,20843900
2023-11-07,38.77626419067383,41.959999084472656,42.15999984741211,41.650001525878906,41.70000076293945,11463200
2023-11-08,38.646888732910156,41.81999969482422,42.15999984741211,41.529998779296875,41.849998474121094,14761600
2023-11-09,38.35116195678711,41.5,42.279998779296875,41.290000915527344,42.08000183105469,19128400
2023-11-10,38.88716125488281,42.08000183105469,42.150001525878906,41.470001220703125,41.70000076293945,11912500
2023-11-13,39.460121154785156,42.70000076293945,42.90999984741211,41.93000030517578,41.959999084472656,16332100
2023-11-14,40.99416732788086,44.36000061035156,44.77000045776367,43.099998474121094,43.11000061035156,26218500
2023-11-15,41.474708557128906,44.880001068115234,45.220001220703125,44.47999954223633,44.47999954223633,18894900
2023-11-16,41.2806510925293,44.66999816894531,45.099998474121094,44.31999969482422,44.7599983215332,14744800
2023-11-17,41.91828536987305,45.36000061035156,45.38999938964844,44.650001525878906,44.939998626708984,15573100
2023-11-20,41.82587432861328,45.2599983215332,45.7400016784668,45.209999084472656,45.279998779296875,19670300
2023-11-21,41.66878128051758,45.09000015258789,45.33000183105469,44.70000076293945,45.119998931884766,14466700
2023-11-22,41.604095458984375,45.02000045776367,45.31999969482422,44.84000015258789,45.310001373291016,9441200
2023-11-24,41.798152923583984,45.22999954223633,45.52000045776367,44.84000015258789,44.88999938964844,5941000
2023-11-27,41.659542083740234,45.08000183105469,45.189998626708984,44.86000061035156,44.959999084472656,14679700
2023-11-28,41.45622634887695,44.86000061035156,45.040000915527344,44.560001373291016,45.029998779296875,14064700
2023-11-29,42.27869415283203,45.75,46.029998779296875,45.15999984741211,45.22999954223633,14027600
2023-11-30,42.60213851928711,46.099998474121094,46.16999816894531,45.58000183105469,45.790000915527344,16249000
2023-12-01,43.64640426635742,47.22999954223633,47.2599983215332,45.88999938964844,46.0,20053400
2023-12-04,43.77577590942383,47.369998931884766,47.47999954223633,46.70000076293945,46.790000915527344,19351000
2023-12-05,43.1566162109375,46.70000076293945,47.380001068115234,46.40999984741211,47.0099983215332,14813100
2023-12-06,44.22860336303711,47.86000061035156,49.119998931884766,47.779998779296875,47.79999923706055,33903400
2023-12-07,44.820045471191406,48.5,48.7599983215332,47.779998779296875,47.939998626708984,14896800
2023-12-08,45.18044662475586,48.88999938964844,49.16999816894531,48.41999816894531,48.5099983215332,17591600
2023-12-11,44.49660110473633,48.150001525878906,48.95000076293945,48.119998931884766,48.75,17666000
2023-12-12,44.41343307495117,48.060001373291016,48.11000061035156,47.709999084472656,48.0099983215332,14735600
2023-12-13,45.596309661865234,49.34000015258789,49.529998779296875,47.86000061035156,48.0,22212500
2023-12-14,46.42802047729492,50.2400016784668,51.54999923706055,50.0099983215332,50.0099983215332,51664900
2023-12-15,46.04913330078125,49.83000183105469,50.099998474121094,49.20000076293945,49.689998626708984,35156100
2023-12-18,45.89202880859375,49.65999984741211,50.560001373291016,49.54999923706055,50.15999984741211,17871400
2023-12-19,47.0656623840332,50.93000030517578,51.310001373291016,49.16999816894531,49.41999816894531,23161500
2023-12-20,46.270912170410156,50.06999969482422,51.09000015258789,49.869998931884766,50.70000076293945,17452100
2023-12-21,46.760704040527344,50.599998474121094,50.66999816894531,49.970001220703125,50.40999984741211,13089000
2023-12-22,47.0009765625,50.86000061035156,51.2599983215332,50.689998626708984,50.72999954223633,14440600
2023-12-26,47.44455337524414,51.34000015258789,51.529998779296875,50.790000915527344,50.880001068115234,11501500
2023-12-27,47.555450439453125,51.459999084472656,51.58000183105469,50.93000030517578,51.13999938964844,9901300
2023-12-28,47.610897064208984,51.52000045776367,51.79999923706055,51.400001525878906,51.400001525878906,10218500
2023-12-29,47.536964416503906,51.439998626708984,51.61000061035156,51.220001220703125,51.560001373291016,13149400
2024-01-02,49.01557159423828,53.040000915527344,53.150001525878906,51.189998626708984,51.29999923706055,24784900
2024-01-03,49.570045471191406,53.63999938964844,54.369998931884766,52.22999954223633,53.25,30897600
2024-01-04,49.69017791748047,53.77000045776367,54.75,53.65999984741211,53.91999816894531,23714300
2024-01-05,50.20769119262695,54.33000183105469,54.66999816894531,53.88999938964844,54.029998779296875,17782200
2024-01-08,49.91196060180664,54.0099983215332,54.09000015258789,53.02000045776367,53.9900016784668,17359500
2024-01-09,49.422176361083984,53.47999954223633,53.90999984741211,53.27000045776367,53.849998474121094,17237400
2024-01-10,48.99708938598633,53.02000045776367,53.220001220703125,52.61000061035156,53.04999923706055,16532700
2024-01-11,48.12841033935547,52.08000183105469,52.13999938964844,51.2599983215332,51.84000015258789,25444400
2024-01-12,48.627437591552734,52.619998931884766,53.849998474121094,51.27000045776367,52.29999923706055,37908000
2024-01-16,47.93434143066406,51.869998931884766,52.220001220703125,50.869998931884766,51.779998779296875,21209400
2024-01-17,47.463043212890625,51.36000061035156,51.689998626708984,51.0,51.11000061035156,17393500
2024-01-18,47.23201370239258,51.11000061035156,51.58000183105469,50.5099983215332,51.45000076293945,15788100
2024-01-19,47.610897064208984,51.52000045776367,51.68000030517578,50.619998931884766,51.119998931884766,18211000
2024-01-22,48.83074188232422,52.84000015258789,53.099998474121094,51.95000076293945,51.9900016784668,21573200
2024-01-23,49.25584411621094,53.29999923706055,53.40999984741211,52.59000015258789,52.90999984741211,12962500
2024-01-24,49.21887969970703,53.2599983215332,53.650001525878906,52.9900016784668,53.540000915527344,14402200
2024-01-25,49.65321350097656,53.72999954223633,53.77000045776367,53.040000915527344,53.400001525878906,15634000
2024-01-26,49.59775924682617,53.66999816894531,53.9900016784668,53.61000061035156,53.86000061035156,14041200
2024-01-29,50.00437927246094,54.11000061035156,54.22999954223633,53.439998626708984,53.470001220703125,12158300
2024-01-30,52.758270263671875,57.09000015258789,57.20000076293945,55.0099983215332,55.040000915527344,40086100
2024-01-31,51.908077239990234,56.16999816894531,57.95000076293945,56.13999938964844,56.7400016784668,28967800
2024-02-01,51.80642318725586,56.060001373291016,56.59000015258789,54.849998474121094,56.02000045776367,21178700
2024-02-02,51.81575393676758,55.540000915527344,55.97999954223633,54.9900016784668,55.599998474121094,19283100
2024-02-05,50.84549331665039,54.5,55.13999938964844,54.11000061035156,54.939998626708984,14040600
2024-02-06,50.70554733276367,54.349998474121094,54.970001220703125,54.11000061035156,54.380001068115234,14832700
2024-02-07,50.8828125,54.540000915527344,54.70000076293945,53.77000045776367,54.5,13383300
2024-02-08,50.649574279785156,54.290000915527344,54.4900016784668,53.59000015258789,54.18000030517578,15822200
2024-02-09,50.36968994140625,53.9900016784668,54.439998626708984,53.529998779296875,54.290000915527344,13843300
2024-02-12,50.304378509521484,53.91999816894531,54.540000915527344,53.0,53.56999969482422,17162300
2024-02-13,49.222164154052734,52.7599983215332,53.459999084472656,52.2400016784668,53.290000915527344,17672100
2024-02-14,50.360355377197266,53.97999954223633,54.099998474121094,53.59000015258789,53.63999938964844,14891900
2024-02-15,51.507877349853516,55.209999084472656,55.47999954223633,54.13999938964844,54.220001220703125,16865000
2024-02-16,51.17201614379883,54.849998474121094,55.20000076293945,54.54999923706055,54.959999084472656,11527500
2024-02-20,51.703800201416016,55.41999816894531,55.65999984741211,54.36000061035156,54.58000183105469,16537900
2024-02-21,51.61983871459961,55.33000183105469,55.459999084472656,54.97999954223633,55.2599983215332,9317200
2024-02-22,52.151611328125,55.900001525878906,56.470001220703125,55.40999984741211,55.439998626708984,12904800
2024-02-23,52.17959976196289,55.93000030517578,56.34000015258789,55.75,55.9900016784668,11668900
2024-02-26,51.64781951904297,55.36000061035156,56.5099983215332,55.34000015258789,55.959999084472656,12307100
2024-02-27,51.9743537902832,55.709999084472656,55.91999816894531,55.220001220703125,55.68000030517578,11039300
2024-02-28,51.35861587524414,55.04999923706055,56.18000030517578,54.9900016784668,55.52000045776367,13448100
2024-02-29,51.769107818603516,55.4900016784668,55.650001525878906,54.63999938964844,55.5,23744600
2024-03-01,51.87171936035156,55.599998474121094,55.95000076293945,55.06999969482422,55.47999954223633,12922400
2024-03-04,52.37552261352539,56.13999938964844,56.56999969482422,55.290000915527344,55.40999984741211,14314700
2024-03-05,52.48747634887695,56.2599983215332,57.560001373291016,55.75,55.75,19653900
2024-03-06,53.44840621948242,57.290000915527344,57.54999923706055,56.0099983215332,57.06999969482422,17845000
2024-03-07,53.849578857421875,57.720001220703125,58.119998931884766,57.029998779296875,57.540000915527344,14720300
2024-03-08,53.65365219116211,57.5099983215332,58.38999938964844,57.2599983215332,58.040000915527344,13028000
2024-03-11,53.56036376953125,57.40999984741211,57.540000915527344,56.630001068115234,57.150001525878906,9176900
2024-03-12,53.59767532348633,57.45000076293945,57.93000030517578,57.08000183105469,57.5099983215332,10954000
2024-03-13,53.88689041137695,57.7599983215332,58.369998931884766,57.459999084472656,57.5,12982800
2024-03-14,53.261817932128906,57.09000015258789,58.66999816894531,56.63999938964844,58.33000183105469,18833600
2024-03-15,53.7469482421875,57.61000061035156,57.75,56.45000076293945,56.45000076293945,26164300
2024-03-18,54.69854736328125,58.630001068115234,58.65999984741211,57.560001373291016,57.849998474121094,13994600
2024-03-19,54.913124084472656,58.86000061035156,59.31999969482422,58.540000915527344,58.59000015258789,13455300
2024-03-20,56.09796905517578,60.130001068115234,60.34000015258789,58.459999084472656,58.4900016784668,20269900
2024-03-21,57.217506408691406,61.33000183105469,61.54999923706055,60.310001373291016,60.310001373291016,17892100
2024-03-22,56.74169921875,60.81999969482422,61.66999816894531,60.58000183105469,61.040000915527344,16206800
2024-03-25,56.862979888916016,60.95000076293945,61.52000045776367,60.58000183105469,60.88999938964844,12040300
2024-03-26,57.52537536621094,61.65999984741211,61.95000076293945,61.0,61.150001525878906,17947400
2024-03-27,58.54228591918945,62.75,62.7599983215332,61.720001220703125,62.029998779296875,16684400
2024-03-28,58.99943161010742,63.2400016784668,63.369998931884766,62.58000183105469,62.72999954223633,19012000
2024-04-01,59.204673767089844,63.459999084472656,63.900001525878906,63.02000045776367,63.599998474121094,14223900
2024-04-02,58.62624740600586,62.84000015258789,63.59000015258789,62.650001525878906,62.650001525878906,16062000
2024-04-03,57.5533561706543,61.689998626708984,63.38999938964844,61.52000045776367,62.86000061035156,18079900
2024-04-04,56.82566833496094,60.90999984741211,62.7400016784668,60.75,62.150001525878906,13401100
2024-04-05,57.46939468383789,61.599998474121094,62.040000915527344,60.41999816894531,60.81999969482422,12686300
2024-04-08,57.5906867980957,61.72999954223633,62.31999969482422,61.65999984741211,61.66999816894531,10708300
2024-04-09,57.52537536621094,61.65999984741211,62.09000015258789,60.90999984741211,61.75,10301200
2024-04-10,56.144615173339844,60.18000030517578,61.310001373291016,59.970001220703125,60.52000045776367,18088000
2024-04-11,56.63907241821289,60.709999084472656,60.88999938964844,59.5,60.349998474121094,18181900
2024-04-12,55.67814254760742,59.68000030517578,62.599998474121094,58.75,62.290000915527344,28561900
2024-04-15,54.63325119018555,58.560001373291016,60.90999984741211,58.189998626708984,60.18000030517578,19242300
2024-04-16,53.196510314941406,57.02000045776367,58.54999923706055,56.7400016784668,58.18000030517578,23211400
2024-04-17,54.26940155029297,58.16999816894531,58.88999938964844,57.36000061035156,57.4900016784668,15971600
2024-04-18,54.409339904785156,58.31999969482422,58.970001220703125,57.93000030517578,58.4900016784668,12272500
2024-04-19,55.174354553222656,59.13999938964844,59.439998626708984,58.22999954223633,58.22999954223633,13410100
2024-04-22,56.862979888916016,60.95000076293945,61.060001373291016,59.20000076293945,59.439998626708984,14513100
2024-04-23,58.467647552490234,62.66999816894531,62.77000045776367,61.02000045776367,61.08000183105469,17427800
2024-04-24,58.28106689453125,62.470001220703125,62.72999954223633,61.84000015258789,62.130001068115234,10123000
2024-04-25,57.64665222167969,61.790000915527344,62.43000030517578,61.099998474121094,61.84000015258789,13339100
2024-04-26,58.45832061767578,62.65999984741211,63.22999954223633,61.5099983215332,61.5099983215332,16364100
2024-04-29,58.085140228271484,62.2599983215332,63.36000061035156,61.959999084472656,62.7400016784668,10857100
2024-04-30,57.217506408691406,61.33000183105469,62.34000015258789,61.290000915527344,61.90999984741211,11163400
2024-05-01,57.23616027832031,61.349998474121094,62.27000045776367,60.880001068115234,61.47999954223633,14086600
2024-05-02,57.413421630859375,61.540000915527344,62.189998626708984,60.97999954223633,62.189998626708984,11292500
2024-05-03,57.89335632324219,61.52000045776367,62.150001525878906,61.40999984741211,61.5099983215332,11048900
2024-05-06,59.10730743408203,62.810001373291016,62.939998626708984,61.720001220703125,62.060001373291016,13386700
2024-05-07,58.34505844116211,62.0,63.15999984741211,61.970001220703125,62.81999969482422,10158200
2024-05-08,59.05085372924805,62.75,62.95000076293945,61.5099983215332,61.63999938964844,9755200
2024-05-09,59.58723831176758,63.31999969482422,63.43000030517578,62.290000915527344,62.380001068115234,11563000
2024-05-10,59.78486251831055,63.529998779296875,63.91999816894531,63.119998931884766,63.58000183105469,9548700
2024-05-13,59.66252899169922,63.400001525878906,63.95000076293945,63.369998931884766,63.619998931884766,6617900
2024-05-14,59.841331481933594,63.59000015258789,63.970001220703125,63.22999954223633,63.5099983215332,8322500
2024-05-15,60.453006744384766,64.23999786376953,64.38999938964844,63.599998474121094,63.630001068115234,9461300
2024-05-16,60.35890197753906,64.13999938964844,64.47000122070312,63.43000030517578,64.0999984741211,11682200
2024-05-17,60.293033599853516,64.06999969482422,64.55000305175781,63.900001525878906,64.37999725341797,8418400
2024-05-20,59.436668395996094,63.15999984741211,64.25,62.91999816894531,64.06999969482422,11792100
2024-05-21,60.923526763916016,64.73999786376953,64.87999725341797,63.20000076293945,63.2599983215332,11197200
2024-05-22,60.057769775390625,63.81999969482422,64.9800033569336,63.63999938964844,64.29000091552734,8855300
2024-05-23,59.304931640625,63.02000045776367,64.02999877929688,62.5,63.79999923706055,11535000
2024-05-24,59.8319206237793,63.58000183105469,63.970001220703125,63.27000045776367,63.33000183105469,9424600
2024-05-28,58.76853561401367,62.45000076293945,63.56999969482422,62.349998474121094,63.22999954223633,8404400
2024-05-29,58.354469299316406,62.0099983215332,62.18000030517578,61.20000076293945,61.560001373291016,7224200
2024-05-30,58.2791862487793,61.93000030517578,62.47999954223633,61.61000061035156,62.099998474121094,10061500
2024-05-31,58.63678741455078,62.310001373291016,62.38999938964844,61.439998626708984,62.0,17351600
2024-06-03,58.269771575927734,61.91999816894531,63.0,61.31999969482422,62.91999816894531,11373900
2024-06-04,57.4322395324707,61.029998779296875,62.029998779296875,60.7599983215332,61.02000045776367,10424200
2024-06-05,58.12861633300781,61.77000045776367,61.86000061035156,60.93000030517578,61.279998779296875,8780700
2024-06-06,58.288597106933594,61.939998626708984,62.04999923706055,61.25,61.79999923706055,8537900
2024-06-07,58.13802719116211,61.779998779296875,62.59000015258789,61.58000183105469,61.599998474121094,8260800
2024-06-10,57.808658599853516,61.43000030517578,61.65999984741211,60.7400016784668,61.25,9302300
2024-06-11,55.653656005859375,59.13999938964844,60.790000915527344,58.900001525878906,60.77000045776367,16966800
2024-06-12,56.47236251831055,60.0099983215332,61.209999084472656,59.900001525878906,60.90999984741211,15398500
2024-06-13,56.67940139770508,60.22999954223633,60.369998931884766,59.150001525878906,59.75,9358200
2024-06-14,55.83245849609375,59.33000183105469,59.83000183105469,58.65999984741211,59.439998626708984,10511000
2024-06-17,56.51942825317383,60.060001373291016,60.529998779296875,58.849998474121094,59.220001220703125,15527500
2024-06-18,57.19697570800781,60.779998779296875,61.630001068115234,60.09000015258789,60.369998931884766,15768100
2024-06-20,57.046417236328125,60.619998931884766,61.02000045776367,60.349998474121094,60.41999816894531,9519200
2024-06-21,56.453556060791016,59.9900016784668,60.2599983215332,59.34000015258789,60.20000076293945,18976200
2024-06-24,57.723968505859375,61.34000015258789,61.779998779296875,59.84000015258789,60.099998474121094,13290500
2024-06-25,57.94982147216797,61.58000183105469,61.83000183105469,60.86000061035156,61.20000076293945,11643100
2024-06-26,57.6392707824707,61.25,61.40999984741211,60.560001373291016,61.22999954223633,12409300
2024-06-27,57.92158126831055,61.54999923706055,61.93000030517578,60.959999084472656,61.5,11285100
2024-06-28,59.71898651123047,63.459999084472656,63.58000183105469,61.810001373291016,62.029998779296875,20053200
