Date,Adj Close,Close,High,Low,Open,Volume
2019-01-02,144.75369262695312,172.02999877929688,172.25,163.35000610351562,164.3300018310547,3999400
2019-01-03,142.6332550048828,169.50999450683594,171.77000427246094,168.2899932861328,170.66000366210938,4060200
2019-01-04,147.2948760986328,175.0500030517578,176.0,171.10000610351562,172.99000549316406,3788300
2019-01-07,148.11111450195312,176.02000427246094,177.8300018310547,172.27000427246094,175.22999572753906,3152100
2019-01-08,147.56411743164062,175.3699951171875,178.10000610351562,172.89999389648438,177.77999877929688,2692700
2019-01-09,148.48971557617188,176.47000122070312,177.69000244140625,174.91000366210938,176.10000610351562,3321400
2019-01-10,148.09423828125,176.0,178.07000732421875,175.5,175.66000366210938,2808700
2019-01-11,148.87680053710938,176.92999267578125,177.0399932861328,172.4199981689453,175.10000610351562,3182700
2019-01-14,150.38291931152344,178.72000122070312,179.5399932861328,174.10000610351562,174.52000427246094,3361700
2019-01-15,151.38430786132812,179.91000366210938,179.99000549316406,176.39999389648438,178.32000732421875,2911800
2019-01-16,165.8319091796875,197.0800018310547,198.14999389648438,185.60000610351562,187.0,15194200
2019-01-17,167.523193359375,199.08999633789062,199.8000030517578,192.8300018310547,195.9499969482422,8177000
2019-01-18,170.42616271972656,202.5399932861328,203.0,196.91000366210938,200.3800048828125,5650900
2019-01-22,166.3367462158203,197.67999267578125,201.47000122070312,195.9199981689453,200.5,4648500
2019-01-23,165.680419921875,196.89999389648438,198.08999633789062,194.52999877929688,197.5500030517578,3410700
2019-01-24,166.437744140625,197.8000030517578,199.67999267578125,195.75999450683594,196.22000122070312,2631800
2019-01-25,168.9115447998047,200.74000549316406,201.19000244140625,199.4199981689453,199.8300018310547,3275000
2019-01-28,168.0532989501953,199.72000122070312,200.07000732421875,197.10000610351562,197.99000549316406,2369600
2019-01-29,168.70962524414062,200.5,201.97000122070312,197.8699951171875,199.0,2694100
2019-01-30,170.3756866455078,202.47999572753906,203.2899932861328,199.64999389648438,200.89999389648438,2773300
2019-01-31,166.6144256591797,198.00999450683594,202.35000610351562,196.9499969482422,200.10000610351562,5604500
2019-02-01,165.37753295898438,196.5399932861328,199.63999938964844,196.5399932861328,198.0,3174200
2019-02-04,166.37042236328125,197.72000122070312,197.75999450683594,194.7899932861328,195.8000030517578,2400200
2019-02-05,166.6144256591797,198.00999450683594,199.3300018310547,196.86000061035156,198.1199951171875,2601000
2019-02-06,165.44483947753906,196.6199951171875,199.05999755859375,195.8300018310547,197.17999267578125,2063100
2019-02-07,162.45773315429688,193.07000732421875,195.8800048828125,191.0500030517578,195.27999877929688,2948800
2019-02-08,161.27967834472656,191.6699981689453,192.6199951171875,188.22000122070312,191.72000122070312,2757500
2019-02-11,160.99359130859375,191.3300018310547,193.32000732421875,191.07000732421875,192.8800048828125,2056500
2019-02-12,163.65255737304688,194.49000549316406,195.64999389648438,193.0,193.0500030517578,2392900
2019-02-13,163.82086181640625,194.69000244140625,198.77999877929688,194.60000610351562,195.9199981689453,2757300
2019-02-14,162.00331115722656,192.52999877929688,194.1300048828125,189.44000244140625,192.2100067138672,2865000
2019-02-15,167.0267333984375,198.5,198.88999938964844,193.10000610351562,193.2100067138672,3065400
2019-02-19,167.1697998046875,198.6699981689453,199.05999755859375,195.61000061035156,196.66000366210938,2558200
2019-02-20,167.11090087890625,198.60000610351562,199.3000030517578,197.50999450683594,198.72999572753906,2266000
2019-02-21,165.22607421875,196.36000061035156,199.4499969482422,195.0500030517578,198.97000122070312,2785900
2019-02-22,164.92312622070312,196.0,197.75,195.1999969482422,196.60000610351562,2626600
2019-02-25,167.15293884277344,198.64999389648438,201.5,197.7100067138672,198.0,3032200
2019-02-26,167.36334228515625,198.89999389648438,200.55999755859375,196.5500030517578,198.47000122070312,2499800
2019-02-27,167.3633270263672,198.10000610351562,199.88999938964844,197.1199951171875,198.5,1804200
2019-02-28,166.18051147460938,196.6999969482422,198.39999389648438,196.00999450683594,198.0399932861328,2964300
2019-03-01,167.4477996826172,198.1999969482422,201.44000244140625,197.42999267578125,198.75,2580500
2019-03-04,165.572265625,195.97999572753906,200.8300018310547,194.14999389648438,198.80999755859375,2683600
2019-03-05,165.5891571044922,196.0,196.17999267578125,193.0,195.85000610351562,2338600
2019-03-06,164.52468872070312,194.74000549316406,197.55999755859375,194.52999877929688,195.89999389648438,2247500
2019-03-07,162.86033630371094,192.77000427246094,193.4499969482422,190.0800018310547,193.1300048828125,3567800
2019-03-08,164.94711303710938,195.24000549316406,195.77000427246094,189.7100067138672,190.39999389648438,3162700
2019-03-11,165.56378173828125,195.97000122070312,198.97000122070312,195.72999572753906,197.22999572753906,2669000
2019-03-12,166.1214141845703,196.6300048828125,197.39999389648438,195.69000244140625,196.0,1977400
2019-03-13,166.64523315429688,197.25,198.92999267578125,196.52000427246094,197.75,1904500
2019-03-14,166.8310546875,197.47000122070312,198.5,196.6999969482422,197.32000732421875,1482300
2019-03-15,167.49851989746094,198.25999450683594,198.85000610351562,196.85000610351562,197.16000366210938,2985200
2019-03-18,171.05531311035156,202.47000122070312,203.85000610351562,198.9199981689453,199.17999267578125,3354900
2019-03-19,169.91477966308594,201.1199951171875,206.4499969482422,200.77999877929688,204.8800048828125,3284900
2019-03-20,164.16981506347656,194.32000732421875,200.3300018310547,193.97000122070312,200.3300018310547,5033500
2019-03-21,164.38949584960938,194.5800018310547,195.5500030517578,191.75,192.89999389648438,4031500
2019-03-22,159.64146423339844,188.9600067138672,193.7100067138672,187.77999877929688,192.6699981689453,5703100
2019-03-25,159.26129150390625,188.50999450683594,191.4499969482422,186.5,189.3300018310547,3751000
2019-03-26,161.10302734375,190.69000244140625,192.41000366210938,188.69000244140625,190.02999877929688,2910100
2019-03-27,160.5454864501953,190.02999877929688,191.61000061035156,188.74000549316406,190.60000610351562,2343800
2019-03-28,161.5170135498047,191.17999267578125,191.91000366210938,189.2899932861328,190.74000549316406,2343400
2019-03-29,162.20135498046875,191.99000549316406,193.11000061035156,191.13999938964844,192.67999267578125,2632800
2019-04-01,166.21434020996094,196.74000549316406,198.08999633789062,193.61000061035156,194.0,3562600
2019-04-02,166.85641479492188,197.5,197.75999450683594,195.39999389648438,196.24000549316406,2247000
2019-04-03,169.69505310058594,200.86000061035156,201.08999633789062,198.5399932861328,199.25,3227900
2019-04-04,170.85252380371094,202.22999572753906,204.2899932861328,200.5,200.8000030517578,2582300
2019-04-05,170.979248046875,202.3800048828125,205.5,202.05999755859375,203.3800048828125,2447100
2019-04-08,171.1143798828125,202.5399932861328,203.6300048828125,201.17999267578125,202.7899932861328,1891500
2019-04-09,169.49232482910156,200.6199951171875,201.58999633789062,198.86000061035156,201.22999572753906,2400900
2019-04-10,171.48609924316406,202.97999572753906,203.1699981689453,200.27000427246094,201.8000030517578,1907100
2019-04-11,171.3594512939453,202.8300018310547,205.4499969482422,201.57000732421875,204.22999572753906,2802100
2019-04-12,175.59210205078125,207.83999633789062,209.97000122070312,206.3699951171875,207.0,5096600
2019-04-15,168.89248657226562,199.91000366210938,205.74000549316406,199.6999969482422,204.11000061035156,6617200
2019-04-16,170.52301025390625,201.83999633789062,202.94000244140625,199.24000549316406,199.6199951171875,4852600
2019-04-17,175.64276123046875,207.89999389648438,208.5,201.77999877929688,201.9600067138672,4195300
2019-04-18,173.96151733398438,205.91000366210938,207.86000061035156,205.14999389648438,207.08999633789062,2874300
2019-04-22,172.8548126220703,204.60000610351562,205.58999633789062,204.13999938964844,205.1199951171875,1591400
2019-04-23,172.46620178222656,204.13999938964844,205.19000244140625,202.74000549316406,204.25,2120900
2019-04-24,169.42471313476562,200.5399932861328,203.52000427246094,199.72999572753906,203.0,4606100
2019-04-25,170.1512908935547,201.39999389648438,202.55999755859375,199.10000610351562,199.6999969482422,2075300
2019-04-26,171.57064819335938,203.0800018310547,203.1199951171875,200.32000732421875,201.72999572753906,1543100
2019-04-29,174.81483459472656,206.9199981689453,208.0,203.27000427246094,203.5,2997000
2019-04-30,173.969970703125,205.9199981689453,207.99000549316406,204.14999389648438,206.94000244140625,1833000
2019-05-01,172.96461486816406,204.72999572753906,208.41000366210938,204.02999877929688,206.39999389648438,1981800
2019-05-02,173.1842803955078,204.99000549316406,206.22000122070312,203.1199951171875,204.42999267578125,1514700
2019-05-03,175.3217315673828,207.52000427246094,208.75,205.6699981689453,206.00999450683594,1897600
2019-05-06,174.40086364746094,206.42999267578125,206.97999572753906,201.7100067138672,202.8000030517578,1927800
2019-05-07,171.1904754638672,202.6300048828125,204.0,201.00999450683594,203.33999633789062,2839500
2019-05-08,169.77108764648438,200.9499969482422,203.1999969482422,200.8000030517578,201.39999389648438,1817600
2019-05-09,170.34564208984375,201.6300048828125,202.22000122070312,197.91000366210938,199.50999450683594,2333400
2019-05-10,170.70046997070312,202.0500030517578,202.10000610351562,198.99000549316406,200.97999572753906,2089400
2019-05-13,164.718994140625,194.97000122070312,197.89999389648438,194.0,197.89999389648438,3605600
2019-05-14,165.8257293701172,196.27999877929688,198.1300048828125,194.89999389648438,194.99000549316406,2463300
2019-05-15,165.9270782470703,196.39999389648438,197.58999633789062,193.4199981689453,194.63999938964844,2271100
2019-05-16,168.24195861816406,199.13999938964844,200.0,196.6199951171875,196.6300048828125,2008100
2019-05-17,166.79722595214844,197.42999267578125,199.08999633789062,196.3000030517578,196.3000030517578,1928300
2019-05-20,166.6367645263672,197.24000549316406,197.77999877929688,195.57000732421875,197.08999633789062,2483400
2019-05-21,168.2165985107422,199.11000061035156,199.32000732421875,198.0,198.66000366210938,2327600
2019-05-22,165.18362426757812,195.52000427246094,198.47999572753906,195.4600067138672,197.44000244140625,2427200
2019-05-23,162.18441772460938,191.97000122070312,193.0,189.55999755859375,193.0,3184100
2019-05-24,163.05459594726562,193.0,194.07000732421875,191.67999267578125,192.88999938964844,1637200
2019-05-28,160.04698181152344,189.44000244140625,193.30999755859375,189.38999938964844,192.0,3040000
2019-05-29,159.5886993408203,188.0500030517578,188.64999389648438,184.9199981689453,187.74000549316406,2815800
2019-05-30,159.01161193847656,187.3699951171875,189.3699951171875,186.00999450683594,188.08999633789062,1919300
2019-05-31,154.87022399902344,182.49000549316406,184.88999938964844,182.30999755859375,184.77000427246094,2640100
2019-06-03,155.46429443359375,183.19000244140625,183.49000549316406,180.72999572753906,181.6999969482422,2857800
2019-06-04,161.1417236328125,189.8800048828125,189.99000549316406,185.7100067138672,186.17999267578125,2420800
2019-06-05,159.919677734375,188.44000244140625,190.16000366210938,187.00999450683594,190.10000610351562,1967800
2019-06-06,161.0823516845703,189.80999755859375,190.74000549316406,187.30999755859375,188.05999755859375,1653500
2019-06-07,161.0823516845703,189.80999755859375,190.61000061035156,188.52000427246094,189.8800048828125,1838600
2019-06-10,164.74002075195312,194.1199951171875,197.0,191.39999389648438,191.39999389648438,2372000
2019-06-11,165.25770568847656,194.72999572753906,196.1199951171875,193.50999450683594,195.3000030517578,1632200
2019-06-12,161.4302978515625,190.22000122070312,194.0500030517578,189.8300018310547,193.61000061035156,2059400
2019-06-13,162.47409057617188,191.4499969482422,192.25,190.07000732421875,190.41000366210938,1411400
2019-06-14,162.65234375,191.66000366210938,192.1699981689453,189.30999755859375,191.2899932861328,1403900
2019-06-17,161.94793701171875,190.8300018310547,193.22999572753906,190.74000549316406,192.02000427246094,1155600
2019-06-18,165.46987915039062,194.97999572753906,197.1300048828125,190.6699981689453,190.6699981689453,2363000
2019-06-19,166.0299530029297,195.63999938964844,197.61000061035156,194.7899932861328,195.35000610351562,2196800
2019-06-20,166.08084106445312,195.6999969482422,198.19000244140625,193.61000061035156,197.5,2749300
2019-06-21,166.28456115722656,195.94000244140625,198.33999633789062,193.97000122070312,195.33999633789062,3365500
2019-06-24,167.59996032714844,197.49000549316406,199.35000610351562,196.02999877929688,196.52999877929688,2069800
2019-06-25,166.38641357421875,196.05999755859375,197.52000427246094,194.00999450683594,197.5,1828300
2019-06-26,167.19259643554688,197.00999450683594,197.8699951171875,196.1199951171875,196.5,1649900
2019-06-27,169.1530303955078,199.32000732421875,199.61000061035156,196.75999450683594,197.57000732421875,2239200
2019-06-28,173.63389587402344,204.60000610351562,205.83999633789062,202.94000244140625,203.5,4854900
2019-07-01,175.55178833007812,206.86000061035156,209.85000610351562,205.74000549316406,208.0,2465700
2019-07-02,174.80502319335938,205.97999572753906,206.30999755859375,204.16000366210938,205.39999389648438,1621400
2019-07-03,174.85594177246094,206.0399932861328,207.39999389648438,205.22999572753906,207.3000030517578,978800
2019-07-05,176.43443298339844,207.89999389648438,208.75999450683594,206.1999969482422,206.86000061035156,1511400
2019-07-08,174.60987854003906,205.75,207.25,204.7100067138672,206.36000061035156,1853900
2019-07-09,176.3240966796875,207.77000427246094,207.94000244140625,203.5399932861328,203.75,1812100
2019-07-10,174.79652404785156,205.97000122070312,208.99000549316406,205.64999389648438,207.17999267578125,1779800
2019-07-11,179.36231994628906,211.35000610351562,212.58999633789062,206.0,206.1999969482422,3691600
2019-07-12,181.5602569580078,213.94000244140625,214.19000244140625,210.7899932861328,212.0,2626000
2019-07-15,179.5574493408203,211.5800018310547,214.60000610351562,209.7899932861328,214.11000061035156,2600200
2019-07-16,182.90115356445312,215.52000427246094,217.3300018310547,212.5500030517578,214.8000030517578,5283700
2019-07-17,181.0171356201172,213.3000030517578,215.77999877929688,213.16000366210938,213.8300018310547,2583500
2019-07-18,182.052490234375,214.52000427246094,215.8300018310547,211.75,212.7100067138672,2858100
2019-07-19,181.20387268066406,213.52000427246094,215.77000427246094,213.35000610351562,214.02000427246094,1822300
2019-07-22,181.61117553710938,214.0,214.86000061035156,212.30999755859375,213.39999389648438,1907100
2019-07-23,186.2193603515625,219.42999267578125,220.0,214.9499969482422,214.9499969482422,3330600
2019-07-24,188.4258575439453,222.02999877929688,222.08999633789062,218.6300048828125,219.25,3180000
2019-07-25,186.68609619140625,219.97999572753906,221.77000427246094,218.22999572753906,221.77000427246094,2776700
2019-07-26,188.5192108154297,222.13999938964844,222.24000549316406,220.3699951171875,220.4499969482422,2304500
2019-07-29,186.97467041015625,220.32000732421875,222.1300048828125,220.1999969482422,221.0,1372800
2019-07-30,187.8911895751953,221.39999389648438,221.99000549316406,217.3300018310547,218.49000549316406,1644600
2019-07-31,186.8134307861328,220.1300048828125,221.97999572753906,219.00999450683594,221.24000549316406,1991100
2019-08-01,179.57444763183594,211.60000610351562,219.9499969482422,210.75999450683594,219.35000610351562,3070100
2019-08-02,177.6819610595703,209.3699951171875,211.5800018310547,205.30999755859375,211.5800018310547,2503000
2019-08-05,171.15577697753906,201.67999267578125,205.82000732421875,199.5800018310547,205.82000732421875,2794200
2019-08-06,174.8304901123047,206.00999450683594,206.07000732421875,200.88999938964844,203.55999755859375,2349400
2019-08-07,174.6013641357422,205.74000549316406,205.9600067138672,199.0500030517578,201.11000061035156,2454200
2019-08-08,175.6706085205078,207.0,207.8000030517578,203.5399932861328,207.1699981689453,2342200
2019-08-09,175.5857391357422,206.89999389648438,208.3000030517578,203.86000061035156,205.6199951171875,1790100
2019-08-12,171.02001953125,201.52000427246094,204.14999389648438,200.47999572753906,203.27999877929688,1479300
2019-08-13,173.21804809570312,204.11000061035156,206.60000610351562,200.22999572753906,201.50999450683594,2115900
2019-08-14,165.9620819091797,195.55999755859375,199.91000366210938,195.05999755859375,199.8000030517578,3025100
2019-08-15,166.4882354736328,196.17999267578125,196.97000122070312,193.7100067138672,195.91000366210938,1981900
2019-08-16,169.23788452148438,199.4199981689453,200.6699981689453,197.0,197.02999877929688,1878700
2019-08-19,171.5971221923828,202.1999969482422,204.4499969482422,201.82000732421875,203.80999755859375,1646100
2019-08-20,169.71310424804688,199.97999572753906,201.99000549316406,199.6999969482422,200.2100067138672,1545600
2019-08-21,170.30718994140625,200.67999267578125,203.02000427246094,200.1699981689453,202.74000549316406,1160800
2019-08-22,171.78382873535156,202.4199981689453,203.4499969482422,200.91000366210938,202.27999877929688,1275900
2019-08-23,166.5052032470703,196.1999969482422,201.8800048828125,195.19000244140625,200.80999755859375,2200500
2019-08-26,169.4330291748047,199.64999389648438,199.7100067138672,198.0,198.27000427246094,1441900
2019-08-27,168.09219360351562,198.07000732421875,200.86000061035156,196.5,200.3300018310547,1513300
2019-08-28,170.0865020751953,200.4199981689453,201.47000122070312,196.25,196.57000732421875,1437800
2019-08-29,173.73300170898438,203.44000244140625,204.3699951171875,201.36000061035156,201.36000061035156,1816800
2019-08-30,174.13438415527344,203.91000366210938,205.2100067138672,203.00999450683594,204.85000610351562,1529600
2019-09-03,169.91571044921875,198.97000122070312,201.61000061035156,196.5800018310547,201.10000610351562,2633600
2019-09-04,172.27272033691406,201.72999572753906,202.10000610351562,200.0500030517578,201.49000549316406,1720600
2019-09-05,176.81588745117188,207.0500030517578,208.92999267578125,205.0399932861328,205.27000427246094,2237900
2019-09-06,176.9524688720703,207.2100067138672,208.25,205.57000732421875,207.05999755859375,1438800
2019-09-09,181.0259552001953,211.97999572753906,213.8800048828125,208.44000244140625,209.22000122070312,2734500
2019-09-10,184.14297485351562,215.6300048828125,217.08999633789062,213.22000122070312,213.5,2615800
2019-09-11,185.1421356201172,216.8000030517578,216.85000610351562,213.36000061035156,215.2100067138672,1886300
2019-09-12,186.79884338378906,218.74000549316406,220.75999450683594,215.14999389648438,216.3800048828125,2913800
2019-09-13,187.78945922851562,219.89999389648438,221.5,219.1999969482422,220.35000610351562,2722400
2019-09-16,185.50082397460938,217.22000122070312,219.3300018310547,216.32000732421875,217.82000732421875,2205500
2019-09-17,184.38214111328125,215.91000366210938,216.13999938964844,212.5399932861328,215.8000030517578,2429100
2019-09-18,185.38125610351562,217.0800018310547,217.88999938964844,213.3000030517578,214.8300018310547,2474900
2019-09-19,183.80137634277344,215.22999572753906,217.92999267578125,215.05999755859375,217.5800018310547,1596200
2019-09-20,182.52899169921875,213.74000549316406,216.67999267578125,213.6300048828125,214.66000366210938,5458900
2019-09-23,182.28988647460938,213.4600067138672,214.11000061035156,211.55999755859375,212.85000610351562,1485500
2019-09-24,177.41366577148438,207.75,214.1999969482422,206.8000030517578,214.0399932861328,2837600
2019-09-25,179.36070251464844,210.02999877929688,211.08999633789062,207.4499969482422,207.9600067138672,1593400
2019-09-26,177.8150177001953,208.22000122070312,209.97000122070312,208.11000061035156,209.0500030517578,1685500
2019-09-27,178.4555206298828,208.97000122070312,210.5500030517578,208.08999633789062,209.85000610351562,1530900
2019-09-30,176.9695587158203,207.22999572753906,209.7100067138672,206.8300018310547,209.7100067138672,1794500
2019-10-01,173.09249877929688,202.69000244140625,209.3800048828125,202.61000061035156,207.00999450683594,3156200
2019-10-02,169.30088806152344,198.25,201.8800048828125,197.60000610351562,201.69000244140625,3386800
2019-10-03,168.43836975097656,197.24000549316406,198.3699951171875,193.99000549316406,197.61000061035156,2914500
2019-10-04,171.47854614257812,200.8000030517578,201.22999572753906,196.0399932861328,196.99000549316406,3021100
2019-10-07,171.1369171142578,200.39999389648438,202.52999877929688,199.47000122070312,200.7899932861328,2202200
2019-10-08,168.54934692382812,197.3699951171875,198.9499969482422,195.9199981689453,197.60000610351562,2654900
2019-10-09,168.10525512695312,196.85000610351562,198.97999572753906,196.67999267578125,198.19000244140625,2443500
2019-10-10,170.6842803955078,199.8699951171875,201.32000732421875,197.5399932861328,197.58999633789062,2108000
2019-10-11,174.79190063476562,204.67999267578125,207.2899932861328,203.72000122070312,203.72000122070312,3334300
2019-10-14,175.7655029296875,205.82000732421875,206.1699981689453,202.9199981689453,203.8300018310547,2286100
2019-10-15,176.31199645996094,206.4600067138672,208.24000549316406,198.61000061035156,202.0,8241900
2019-10-16,177.13185119628906,207.4199981689453,208.6199951171875,206.10000610351562,206.1699981689453,3405800
2019-10-17,176.31199645996094,206.4600067138672,208.92999267578125,204.38999938964844,208.2899932861328,2876500
2019-10-18,176.36325073242188,206.52000427246094,208.05999755859375,204.99000549316406,204.99000549316406,2207000
2019-10-21,178.69459533691406,209.25,210.86000061035156,207.67999267578125,208.6699981689453,1934900
2019-10-22,178.99351501464844,209.60000610351562,211.64999389648438,208.30999755859375,209.58999633789062,1868000
2019-10-23,180.46234130859375,211.32000732421875,212.02000427246094,209.0,209.22000122070312,1574500
2019-10-24,180.2317657470703,211.0500030517578,213.14999389648438,209.77999877929688,211.61000061035156,1266500
2019-10-25,182.94740295410156,214.22999572753906,215.4199981689453,210.17999267578125,210.17999267578125,2602100
2019-10-28,185.9534149169922,217.75,218.9199981689453,215.69000244140625,216.32000732421875,2707800
2019-10-29,185.85948181152344,217.63999938964844,219.27999877929688,216.4499969482422,217.22000122070312,2030800
2019-10-30,184.2966766357422,215.80999755859375,217.0500030517578,213.80999755859375,217.02000427246094,1584900
2019-10-31,182.22152709960938,213.3800048828125,215.36000061035156,211.32000732421875,215.14999389648438,1876200
2019-11-01,185.6459503173828,217.38999938964844,217.88999938964844,214.75,215.25999450683594,2112300
2019-11-04,187.7638397216797,219.8699951171875,220.69000244140625,218.57000732421875,219.6999969482422,2538100
2019-11-05,186.7134246826172,218.63999938964844,221.77999877929688,218.47000122070312,220.8000030517578,2525100
2019-11-06,186.5255584716797,218.4199981689453,219.07000732421875,216.5500030517578,218.00999450683594,1863000
2019-11-07,190.68446350097656,223.2899932861328,224.77000427246094,220.41000366210938,220.77000427246094,3748600
2019-11-08,190.35997009277344,222.91000366210938,223.22999572753906,221.10000610351562,223.0,1610800
2019-11-11,187.04647827148438,219.02999877929688,221.41000366210938,218.52000427246094,220.89999389648438,2754500
2019-11-12,188.2249755859375,220.41000366210938,221.11000061035156,217.92999267578125,218.55999755859375,1891600
2019-11-13,187.29415893554688,219.32000732421875,219.83999633789062,217.00999450683594,218.38999938964844,1756000
2019-11-14,187.38809204101562,219.42999267578125,220.47000122070312,218.02999877929688,218.7899932861328,1483100
2019-11-15,188.08834838867188,220.25,221.08999633789062,219.0399932861328,220.0,1693100
2019-11-18,187.64427185058594,219.72999572753906,219.9499969482422,218.0399932861328,219.72999572753906,1603400
2019-11-19,187.9089813232422,220.0399932861328,220.67999267578125,218.30999755859375,220.55999755859375,1817100
2019-11-20,186.090087890625,217.91000366210938,219.47000122070312,216.39999389648438,218.36000061035156,2177700
2019-11-21,186.36331176757812,218.22999572753906,219.32000732421875,216.82000732421875,218.60000610351562,1677700
2019-11-22,188.1139678955078,220.27999877929688,220.7100067138672,218.0,218.0,1529100
2019-11-25,190.22328186035156,222.75,223.9499969482422,220.88999938964844,220.88999938964844,2181800
2019-11-26,189.9671173095703,222.4499969482422,222.75999450683594,221.11000061035156,222.67999267578125,1926300
2019-11-27,190.39405822753906,222.9499969482422,224.27999877929688,221.86000061035156,223.4499969482422,1614600
2019-11-29,190.09352111816406,221.35000610351562,222.0,220.41000366210938,220.8800048828125,770400
2019-12-02,186.90740966796875,217.63999938964844,221.8000030517578,217.0800018310547,220.97000122070312,2118500
2019-12-03,182.2698974609375,212.24000549316406,215.42999267578125,210.0,215.42999267578125,3207100
2019-12-04,185.4474334716797,215.94000244140625,216.99000549316406,212.3800048828125,213.5399932861328,1583600
2019-12-05,186.47799682617188,217.13999938964844,217.6300048828125,215.4199981689453,217.14999389648438,1329300
2019-12-06,192.8931884765625,224.61000061035156,225.39999389648438,218.82000732421875,219.9499969482422,4229400
2019-12-09,190.488525390625,221.80999755859375,224.64999389648438,221.77000427246094,224.61000061035156,2134600
2019-12-10,190.54864501953125,221.8800048828125,222.8800048828125,220.5500030517578,221.6699981689453,1854100
2019-12-11,189.9561309814453,221.19000244140625,222.85000610351562,220.83999633789062,222.25,1778600
2019-12-12,194.12986755371094,226.0500030517578,226.77999877929688,220.60000610351562,221.91000366210938,2974300
2019-12-13,193.2280731201172,225.0,227.99000549316406,223.6999969482422,226.72000122070312,1908200
2019-12-16,195.83880615234375,228.0399932861328,230.6999969482422,227.8699951171875,228.5,3218400
2019-12-17,198.50965881347656,231.14999389648438,232.07000732421875,228.8000030517578,230.0,3590000
2019-12-18,197.908447265625,230.4499969482422,232.1999969482422,229.94000244140625,231.97000122070312,2280800
2019-12-19,197.4705047607422,229.94000244140625,231.38999938964844,228.9600067138672,230.9499969482422,2418100
2019-12-20,196.60311889648438,228.92999267578125,231.2899932861328,228.6199951171875,230.9600067138672,3715500
2019-12-23,196.74058532714844,229.08999633789062,230.47999572753906,228.41000366210938,229.66000366210938,1670400
2019-12-24,197.4447784423828,229.91000366210938,229.9499969482422,228.3699951171875,228.97999572753906,467700
2019-12-26,198.56117248535156,231.2100067138672,232.1999969482422,229.99000549316406,230.25999450683594,1704000
2019-12-27,198.08885192871094,230.66000366210938,232.2100067138672,230.47000122070312,231.80999755859375,1343900
2019-12-30,197.3502960205078,229.8000030517578,231.67999267578125,229.5,231.67999267578125,1494500
2019-12-31,197.46194458007812,229.92999267578125,229.97000122070312,228.6699981689453,229.7100067138672,1447200
2020-01-02,201.23204040527344,234.32000732421875,234.63999938964844,230.16000366210938,231.0,3736300
2020-01-03,198.87896728515625,231.5800018310547,232.61000061035156,230.3000030517578,231.60000610351562,2274500
2020-01-06,200.91427612304688,233.9499969482422,234.02000427246094,229.49000549316406,229.92999267578125,3329300
2020-01-07,202.23683166503906,235.49000549316406,237.77000427246094,234.75999450683594,235.0,5255200
2020-01-08,204.18624877929688,237.75999450683594,239.75,235.47999572753906,235.67999267578125,3564700
2020-01-09,208.34283447265625,242.60000610351562,243.39999389648438,239.82000732421875,241.33999633789062,3980700
2020-01-10,207.9220428466797,242.11000061035156,243.38999938964844,241.38999938964844,242.75,2248100
2020-01-13,210.58428955078125,245.2100067138672,246.11000061035156,243.0,244.44000244140625,3359200
2020-01-14,210.97079467773438,245.66000366210938,248.52000427246094,244.60000610351562,245.32000732421875,4302800
2020-01-15,210.58428955078125,245.2100067138672,249.5,239.16000366210938,242.0,5411200
2020-01-16,214.45742797851562,249.72000122070312,249.82000732421875,246.22999572753906,247.00999450683594,3968400
2020-01-17,214.23416137695312,249.4600067138672,250.4600067138672,248.0,250.22999572753906,3108400
2020-01-21,211.00506591796875,245.6999969482422,248.85000610351562,245.60000610351562,247.2100067138672,2492400
2020-01-22,212.1644744873047,247.0500030517578,248.52000427246094,246.33999633789062,246.61000061035156,2030900
2020-01-23,210.9020538330078,245.5800018310547,247.0,242.8800048828125,244.5,2806800
2020-01-24,207.75885009765625,241.9199981689453,245.7100067138672,240.60000610351562,245.07000732421875,2877400
2020-01-27,204.5126495361328,238.13999938964844,238.99000549316406,235.00999450683594,236.3699951171875,2506200
2020-01-28,208.32566833496094,242.5800018310547,243.5800018310547,238.0500030517578,239.49000549316406,3123000
2020-01-29,206.21299743652344,240.1199951171875,246.5,239.57000732421875,244.52000427246094,3711600
2020-01-30,209.65675354003906,244.1300048828125,244.33999633789062,236.72999572753906,237.69000244140625,3261700
2020-01-31,204.17770385742188,237.75,242.88999938964844,236.8800048828125,241.99000549316406,3482800
2020-02-03,205.25978088378906,239.00999450683594,242.38999938964844,238.0500030517578,238.36000061035156,2733000
2020-02-04,207.77601623535156,241.94000244140625,243.74000549316406,241.5500030517578,242.8800048828125,3052500
2020-02-05,209.80276489257812,244.3000030517578,245.1300048828125,243.0,244.99000549316406,3126600
2020-02-06,207.6729736328125,241.82000732421875,245.77000427246094,241.17999267578125,245.35000610351562,2225600
2020-02-07,204.39236450195312,238.0,240.52000427246094,236.5500030517578,239.75,3006500
2020-02-10,203.84275817871094,237.36000061035156,237.8699951171875,235.4600067138672,237.39999389648438,2591300
2020-02-11,203.06985473632812,236.4600067138672,239.5500030517578,236.22000122070312,239.0,2238800
2020-02-12,204.95057678222656,238.64999389648438,241.17999267578125,237.72000122070312,238.00999450683594,2119200
2020-02-13,204.69297790527344,238.35000610351562,238.97000122070312,236.57000732421875,237.85000610351562,1461300
2020-02-14,203.60232543945312,237.0800018310547,239.00999450683594,236.22999572753906,237.94000244140625,1718700
2020-02-18,200.2787628173828,233.2100067138672,237.07000732421875,231.1999969482422,236.5500030517578,2736500
2020-02-19,203.81703186035156,237.3300018310547,237.8000030517578,233.27999877929688,235.0,2207100
2020-02-20,199.8665771484375,232.72999572753906,236.89999389648438,231.25,236.41000366210938,3183700
2020-02-21,198.05450439453125,230.6199951171875,231.8000030517578,228.3699951171875,230.91000366210938,3081600
2020-02-24,192.8330535888672,224.5399932861328,226.69000244140625,222.5399932861328,223.22999572753906,4139400
2020-02-25,186.881591796875,217.61000061035156,225.8699951171875,215.88999938964844,224.77999877929688,5343100
2020-02-26,185.31005859375,215.77999877929688,220.0,214.75999450683594,218.6999969482422,4171100
2020-02-27,176.64483642578125,205.69000244140625,213.47999572753906,205.3699951171875,210.49000549316406,5848200
2020-02-28,173.4738006591797,200.77000427246094,202.25,194.85000610351562,199.08999633789062,6727100
2020-03-02,180.99093627929688,209.47000122070312,209.6199951171875,197.6300048828125,201.41000366210938,5285500
2020-03-03,175.7721405029297,203.42999267578125,211.7899932861328,202.1199951171875,209.0,5677200
2020-03-04,180.3602294921875,208.74000549316406,208.9199981689453,202.6999969482422,205.83999633789062,3520400
2020-03-05,171.7630157470703,198.7899932861328,203.47000122070312,196.9499969482422,201.3300018310547,4151500
2020-03-06,166.630615234375,192.85000610351562,196.3000030517578,189.27999877929688,190.67999267578125,5071900
2020-03-09,149.31520080566406,172.80999755859375,179.25,170.16000366210938,173.5800018310547,6443000
2020-03-10,159.2862091064453,184.35000610351562,185.39999389648438,173.2899932861328,181.6199951171875,6803900
2020-03-11,148.520263671875,171.88999938964844,180.77000427246094,170.97000122070312,178.47999572753906,5314000
2020-03-12,130.19393920898438,150.67999267578125,166.75,150.0,160.0,8357700
2020-03-13,153.08238220214844,177.1699981689453,177.55999755859375,152.35000610351562,162.82000732421875,6368400
2020-03-16,133.63282775878906,154.66000366210938,169.5399932861328,150.0,150.22999572753906,6888000
2020-03-17,137.09764099121094,158.6699981689453,166.74000549316406,150.0,157.0,6876300
2020-03-18,120.98320770263672,140.02000427246094,155.97000122070312,135.41000366210938,150.0,9543200
2020-03-19,129.1657257080078,149.49000549316406,152.49000549316406,130.85000610351562,137.3800048828125,6548200
2020-03-20,119.59211730957031,138.41000366210938,149.19000244140625,138.2899932861328,148.99000549316406,7561300
2020-03-23,116.61981201171875,134.97000122070312,141.94000244140625,133.25999450683594,136.02999877929688,5472600
2020-03-24,132.7169189453125,153.60000610351562,153.89999389648438,143.6300048828125,144.32000732421875,6647400
2020-03-25,134.03892517089844,155.1300048828125,162.2100067138672,145.32000732421875,154.60000610351562,8587800
2020-03-26,143.2495574951172,165.7899932861328,167.66000366210938,154.30999755859375,156.3699951171875,6762200
2020-03-27,136.81246948242188,158.33999633789062,163.72999572753906,157.0,159.0800018310547,4186700
2020-03-30,137.91844177246094,159.6199951171875,160.42999267578125,153.17999267578125,158.52000427246094,4152800
2020-03-31,133.57229614257812,154.58999633789062,161.10000610351562,153.72000122070312,158.1300048828125,3588200
2020-04-01,125.53669738769531,145.2899932861328,149.57000732421875,145.0,146.10000610351562,4689100
2020-04-02,129.5458984375,149.92999267578125,150.4499969482422,141.6699981689453,143.02000427246094,4446900
2020-04-03,126.95374298095703,146.92999267578125,150.9199981689453,145.22999572753906,149.1999969482422,2801600
2020-04-06,136.7174530029297,158.22999572753906,158.92999267578125,153.77000427246094,155.47000122070312,4689400
2020-04-07,143.44830322265625,166.02000427246094,169.13999938964844,162.4499969482422,166.0,4953500
2020-04-08,152.9009552001953,176.9600067138672,178.10000610351562,168.5500030517578,168.5500030517578,5194800
2020-04-09,159.20846557617188,184.25999450683594,187.3300018310547,179.77000427246094,180.5800018310547,6445800
2020-04-13,154.81912231445312,179.17999267578125,184.97000122070312,179.1300048828125,183.85000610351562,4774300
2020-04-14,153.99827575683594,178.22999572753906,183.3800048828125,174.5399932861328,182.35000610351562,4149600
2020-04-15,154.24880981445312,178.52000427246094,181.67999267578125,169.14999389648438,170.6300048828125,6042700
2020-04-16,152.9700469970703,177.0399932861328,178.44000244140625,172.38999938964844,177.22000122070312,4662200
2020-04-17,158.5431365966797,183.49000549316406,185.27999877929688,178.2899932861328,183.49000549316406,5426700
2020-04-20,155.87327575683594,180.39999389648438,186.32000732421875,178.02000427246094,179.6999969482422,4674800
2020-04-21,150.17922973632812,173.80999755859375,179.1999969482422,173.66000366210938,175.44000244140625,3819000
2020-04-22,152.05416870117188,175.97999572753906,178.17999267578125,174.47000122070312,177.5,2314500
2020-04-23,151.25064086914062,175.0500030517578,179.07000732421875,174.4499969482422,177.0,2013300
2020-04-24,152.9355010986328,177.0,177.9499969482422,173.49000549316406,177.0,2024400
2020-04-27,158.58636474609375,183.5399932861328,184.25,178.72000122070312,179.10000610351562,2743100
2020-04-28,161.58457946777344,187.00999450683594,190.4199981689453,184.8699951171875,189.16000366210938,3344700
2020-04-29,164.19403076171875,190.02999877929688,193.72000122070312,189.57000732421875,192.61000061035156,3086300
2020-04-30,158.48272705078125,183.4199981689453,187.5500030517578,182.89999389648438,186.0,2695400
2020-05-01,153.02191162109375,177.10000610351562,179.60000610351562,176.64999389648438,179.0,2650200
2020-05-04,152.097412109375,176.02999877929688,176.30999755859375,171.72000122070312,175.0,2990100
2020-05-05,154.05877685546875,178.3000030517578,182.60000610351562,178.13999938964844,179.10000610351562,3272600
2020-05-06,152.8664093017578,176.9199981689453,181.1999969482422,175.2100067138672,179.67999267578125,2408700
2020-05-07,157.53219604492188,182.32000732421875,183.3800048828125,179.17999267578125,179.17999267578125,2480100
2020-05-08,160.18484497070312,185.38999938964844,185.91000366210938,182.74000549316406,185.02999877929688,2277500
2020-05-11,158.25802612304688,183.16000366210938,184.85000610351562,181.25999450683594,182.5399932861328,2212200
2020-05-12,153.11700439453125,177.2100067138672,184.3000030517578,176.75,183.88999938964844,3549200
2020-05-13,148.4425048828125,171.8000030517578,176.8800048828125,170.75999450683594,175.66000366210938,3445300
2020-05-14,150.73220825195312,174.4499969482422,174.77999877929688,165.36000061035156,169.0399932861328,4176700
2020-05-15,148.50296020507812,171.8699951171875,174.08999633789062,170.5800018310547,173.47999572753906,2867800
2020-05-18,157.15206909179688,181.8800048828125,183.10000610351562,175.24000549316406,177.7100067138672,4505800
2020-05-19,153.65264892578125,177.8300018310547,182.19000244140625,177.72000122070312,180.55999755859375,2210500
2020-05-20,156.7718963623047,181.44000244140625,183.8300018310547,180.3000030517578,180.9499969482422,2599900
2020-05-21,155.61404418945312,180.10000610351562,181.1699981689453,177.67999267578125,180.1999969482422,2153500
2020-05-22,155.46714782714844,179.92999267578125,180.63999938964844,178.05999755859375,180.02999877929688,2176400
2020-05-26,169.4041748046875,196.05999755859375,197.10000610351562,185.22000122070312,185.6300048828125,5971200
2020-05-27,181.15516662597656,209.66000366210938,210.7100067138672,200.00999450683594,203.0,8182100
2020-05-28,173.86264038085938,201.22000122070312,211.30999755859375,201.2100067138672,210.83999633789062,4886100
2020-05-29,170.8369598388672,196.49000549316406,200.9199981689453,194.64999389648438,197.22999572753906,3822600
2020-06-01,173.82785034179688,199.92999267578125,201.77000427246094,195.1199951171875,197.30999755859375,2230800
2020-06-02,177.4882049560547,204.13999938964844,206.5,201.32000732421875,203.77000427246094,4128700
2020-06-03,183.0787353515625,210.57000732421875,211.92999267578125,206.42999267578125,208.49000549316406,3471900
2020-06-04,186.7738800048828,214.82000732421875,214.99000549316406,207.9600067138672,208.7899932861328,3522300
2020-06-05,189.46914672851562,217.9199981689453,222.97999572753906,217.66000366210938,222.0,4737600
2020-06-08,191.98182678222656,220.80999755859375,222.25999450683594,218.24000549316406,220.02000427246094,3260300
2020-06-09,189.6256103515625,218.10000610351562,220.02000427246094,215.16000366210938,215.74000549316406,2478400
2020-06-10,185.64361572265625,213.52000427246094,219.85000610351562,212.8000030517578,217.38999938964844,3091200
2020-06-11,168.78504943847656,194.1300048828125,206.89999389648438,194.02000427246094,204.6999969482422,4923400
2020-06-12,175.436279296875,201.77999877929688,202.94000244140625,196.2100067138672,200.6199951171875,3380800
2020-06-15,179.37489318847656,206.30999755859375,206.99000549316406,195.14999389648438,195.72999572753906,3467400
2020-06-16,182.22665405273438,209.58999633789062,214.97999572753906,203.72999572753906,214.97999572753906,3099100
2020-06-17,179.27056884765625,206.19000244140625,210.7899932861328,205.44000244140625,210.0,1798300
2020-06-18,177.2273406982422,203.83999633789062,207.25999450683594,202.6699981689453,203.99000549316406,2051700
2020-06-19,175.305908203125,201.6300048828125,207.4199981689453,200.97000122070312,207.0500030517578,4962400
2020-06-22,176.86219787597656,203.4199981689453,204.5800018310547,200.0,200.99000549316406,1806900
2020-06-23,178.04464721679688,204.77999877929688,207.50999450683594,203.63999938964844,206.5,2451800
2020-06-24,172.1671905517578,198.02000427246094,202.61000061035156,197.3800048828125,202.33999633789062,2756700
2020-06-25,180.0617218017578,207.10000610351562,207.38999938964844,197.61000061035156,197.86000061035156,3466500
2020-06-26,164.49005126953125,189.19000244140625,200.24000549316406,188.50999450683594,199.0,9530700
2020-06-29,168.2112274169922,193.47000122070312,193.89999389648438,188.66000366210938,191.3800048828125,3736000
2020-06-30,171.8194122314453,197.6199951171875,198.41000366210938,193.6199951171875,193.83999633789062,3102800
2020-07-01,171.77597045898438,197.57000732421875,199.74000549316406,195.52000427246094,198.8800048828125,2620100
2020-07-02,171.62814331054688,197.39999389648438,203.0,197.1300048828125,202.5,2699400
2020-07-06,180.28781127929688,207.36000061035156,207.7899932861328,201.1300048828125,201.33999633789062,3567700
2020-07-07,173.332275390625,199.36000061035156,205.7100067138672,199.19000244140625,205.5,2853500
2020-07-08,175.84495544433594,202.25,203.25,199.02000427246094,199.5399932861328,2789700
2020-07-09,171.132568359375,196.8300018310547,202.5,195.0,202.11000061035156,3160100
2020-07-10,178.72279357910156,205.55999755859375,206.32000732421875,196.8300018310547,196.8699951171875,4414800
2020-07-13,181.60935974121094,208.8800048828125,212.97999572753906,207.0,209.0,4449600
2020-07-14,186.06959533691406,214.00999450683594,214.3000030517578,207.00999450683594,211.42999267578125,5202000
2020-07-15,188.58226013183594,216.89999389648438,225.24000549316406,214.69000244140625,224.3699951171875,12516700
2020-07-16,186.64346313476562,214.6699981689453,220.4600067138672,213.5,213.50999450683594,5769600
2020-07-17,183.80906677246094,211.41000366210938,215.1699981689453,211.25,214.89999389648438,3614300
2020-07-20,184.06993103027344,211.7100067138672,213.1699981689453,210.25,210.72999572753906,2268700
2020-07-21,184.3394012451172,212.02000427246094,213.80999755859375,210.38999938964844,212.25,3393500
2020-07-22,179.10537719726562,206.0,211.0,205.35000610351562,210.5,4978400
2020-07-23,176.514404296875,203.02000427246094,206.02000427246094,202.0500030517578,205.10000610351562,4088600
2020-07-24,175.16677856445312,201.47000122070312,204.92999267578125,201.32000732421875,203.0,3191500
2020-07-27,176.514404296875,203.02000427246094,204.17999267578125,199.58999633789062,200.10000610351562,2601200
2020-07-28,175.29721069335938,201.6199951171875,203.60000610351562,201.08999633789062,201.91000366210938,2139600
2020-07-29,176.1318817138672,202.5800018310547,203.88999938964844,199.6199951171875,201.6999969482422,2635000
2020-07-30,173.4800567626953,199.52999877929688,199.99000549316406,196.3000030517578,199.5,3057900
2020-07-31,172.11508178710938,197.9600067138672,199.83999633789062,196.50999450683594,199.83999633789062,2399700
2020-08-03,173.35833740234375,199.38999938964844,199.8800048828125,196.52999877929688,198.49000549316406,2294600
2020-08-04,175.31460571289062,201.63999938964844,201.72000122070312,198.47999572753906,199.35000610351562,1944700
2020-08-05,177.81858825683594,204.52000427246094,204.80999755859375,203.00999450683594,203.1699981689453,2232400
2020-08-06,177.58384704589844,204.25,206.2899932861328,203.8300018310547,205.0,1882400
2020-08-07,181.07901000976562,208.27000427246094,208.8000030517578,202.4499969482422,203.47999572753906,3075000
2020-08-10,182.0440673828125,209.3800048828125,210.63999938964844,208.0399932861328,209.58999633789062,2432800
2020-08-11,183.5047607421875,211.05999755859375,216.9499969482422,210.52999877929688,212.72000122070312,4042700
2020-08-12,184.43505859375,212.1300048828125,215.9499969482422,209.27000427246094,214.6999969482422,2439400
2020-08-13,181.183349609375,208.38999938964844,212.1999969482422,207.69000244140625,210.41000366210938,2219900
2020-08-14,180.8181915283203,207.97000122070312,209.47999572753906,206.61000061035156,207.4600067138672,2287600
2020-08-17,176.5579071044922,203.07000732421875,207.85000610351562,202.52999877929688,207.0,3922600
2020-08-18,175.02767944335938,201.30999755859375,203.5800018310547,201.10000610351562,203.4499969482422,3067900
2020-08-19,176.514404296875,203.02000427246094,206.10000610351562,201.77000427246094,202.39999389648438,2458500
2020-08-20,175.4971160888672,201.85000610351562,203.27999877929688,200.33999633789062,200.75999450683594,1764200
2020-08-21,176.00143432617188,202.42999267578125,203.35000610351562,199.82000732421875,200.11000061035156,1780900
2020-08-24,180.27044677734375,207.33999633789062,207.42999267578125,201.32000732421875,203.11000061035156,3097400
2020-08-25,179.10537719726562,206.0,210.49000549316406,205.1699981689453,209.99000549316406,2627600
2020-08-26,180.1660919189453,207.22000122070312,207.27999877929688,205.02999877929688,205.88999938964844,2563200
2020-08-27,182.7135467529297,210.14999389648438,213.0,206.41000366210938,206.67999267578125,3692400
2020-08-28,180.5921173095703,207.7100067138672,212.0,207.08999633789062,211.88999938964844,3697400
2020-08-31,179.20132446289062,204.8699951171875,206.41000366210938,203.6300048828125,205.5,3046200
2020-09-01,179.71739196777344,205.4600067138672,206.7100067138672,203.00999450683594,203.60000610351562,2457000
2020-09-02,183.7235565185547,210.0399932861328,210.92999267578125,205.3699951171875,205.7899932861328,3565200
2020-09-03,181.55429077148438,207.55999755859375,215.22999572753906,205.8300018310547,211.75,3533500
2020-09-04,184.51077270507812,210.94000244140625,213.35000610351562,205.32000732421875,210.88999938964844,3668900
2020-09-08,177.11077880859375,202.47999572753906,209.9600067138672,201.27000427246094,209.50999450683594,4574700
2020-09-09,176.88336181640625,202.22000122070312,204.8300018310547,202.02999877929688,204.19000244140625,4681400
2020-09-10,174.95021057128906,200.00999450683594,205.35000610351562,199.5500030517578,203.72999572753906,2510300
2020-09-11,175.7462921142578,200.9199981689453,201.91000366210938,198.9499969482422,200.24000549316406,2376400
2020-09-14,176.11361694335938,201.33999633789062,203.3000030517578,200.6699981689453,203.3000030517578,2756900
2020-09-15,173.19212341308594,198.0,202.58999633789062,197.97999572753906,202.0,3717600
2020-09-16,175.53631591796875,200.67999267578125,203.8000030517578,198.07000732421875,198.49000549316406,3571400
2020-09-17,170.41928100585938,194.8300018310547,199.88999938964844,194.50999450683594,198.2100067138672,4274800
2020-09-18,170.4454803466797,194.86000061035156,196.64999389648438,192.3800048828125,195.00999450683594,9066300
2020-09-21,169.69325256347656,194.0,194.1699981689453,187.47000122070312,189.89999389648438,4871300
2020-09-22,167.61141967773438,191.6199951171875,196.13999938964844,188.42999267578125,194.0,3355800
2020-09-23,162.80055236816406,186.1199951171875,192.9199981689453,185.8699951171875,192.0,3116100
2020-09-24,170.66419982910156,195.11000061035156,197.4600067138672,187.0500030517578,188.97999572753906,5114600
2020-09-25,170.5242462158203,194.9499969482422,195.38999938964844,189.61000061035156,192.9600067138672,3106000
2020-09-28,174.1280059814453,199.07000732421875,201.8699951171875,197.14999389648438,197.77999877929688,3280100
2020-09-29,172.1336669921875,196.7899932861328,198.77000427246094,195.42999267578125,198.16000366210938,2400000
2020-09-30,175.7899932861328,200.97000122070312,203.0800018310547,198.36000061035156,198.67999267578125,3075800
2020-10-01,173.67315673828125,198.5500030517578,203.1300048828125,197.8699951171875,201.52999877929688,2288700
2020-10-02,174.8540496826172,199.89999389648438,200.6999969482422,195.2899932861328,195.33999633789062,2541200
2020-10-05,176.51600646972656,201.8000030517578,202.83999633789062,199.58999633789062,201.92999267578125,2551600
2020-10-06,175.89492797851562,201.08999633789062,206.08999633789062,199.89999389648438,204.25,2833100
2020-10-07,178.0904541015625,203.60000610351562,205.0,201.1699981689453,203.89999389648438,2326600
2020-10-08,181.9216766357422,207.97999572753906,208.16000366210938,204.11000061035156,205.14999389648438,2330600
2020-10-09,181.5367889404297,207.5399932861328,209.80999755859375,206.07000732421875,208.75999450683594,3040900
2020-10-12,187.29237365722656,214.1199951171875,214.88999938964844,207.41000366210938,207.41000366210938,3474200
2020-10-13,184.39707946777344,210.80999755859375,214.11000061035156,209.17999267578125,214.00999450683594,3317300
2020-10-14,184.76446533203125,211.22999572753906,214.4499969482422,210.27000427246094,213.8800048828125,7550100
2020-10-15,182.4639892578125,208.60000610351562,210.72999572753906,206.89999389648438,209.5800018310547,4325700
2020-10-16,180.3734588623047,206.2100067138672,210.0,205.80999755859375,208.32000732421875,3244500
2020-10-19,179.9185791015625,205.69000244140625,207.91000366210938,204.58999633789062,207.38999938964844,3235300
2020-10-20,181.96539306640625,208.02999877929688,211.3800048828125,206.47000122070312,206.6999969482422,3335500
2020-10-21,177.4868927001953,202.91000366210938,207.9499969482422,202.00999450683594,207.38999938964844,3083600
2020-10-22,179.66490173339844,205.39999389648438,206.3699951171875,202.1999969482422,203.1999969482422,2136900
2020-10-23,179.3500518798828,205.0399932861328,208.2100067138672,204.02000427246094,206.75999450683594,2110200
2020-10-26,175.9386749267578,201.13999938964844,202.80999755859375,198.50999450683594,202.49000549316406,3249700
2020-10-27,171.16275024414062,195.67999267578125,200.58999633789062,195.41000366210938,200.0,3430400
2020-10-28,165.9932403564453,189.77000427246094,193.3699951171875,188.94000244140625,191.30999755859375,4214600
2020-10-29,166.14195251464844,189.94000244140625,192.35000610351562,186.89999389648438,189.8000030517578,3581200
2020-10-30,165.35472106933594,189.0399932861328,190.39999389648438,185.52000427246094,189.50999450683594,3658800
2020-11-02,166.369384765625,190.1999969482422,192.6999969482422,188.22999572753906,192.0,2459600
2020-11-03,173.13084411621094,197.92999267578125,199.0,193.22000122070312,193.94000244140625,4545500
2020-11-04,173.078369140625,197.8699951171875,200.82000732421875,194.89999389648438,196.25,3868500
2020-11-05,177.53062438964844,202.9600067138672,204.1199951171875,199.05999755859375,199.64999389648438,2892800
2020-11-06,176.0435791015625,201.25999450683594,204.38999938964844,200.4199981689453,204.33999633789062,2475100
2020-11-09,188.0008544921875,214.92999267578125,218.0,209.3699951171875,214.49000549316406,6960500
2020-11-10,190.22262573242188,217.47000122070312,218.3800048828125,211.17999267578125,215.25,4166500
2020-11-11,190.72998046875,218.0500030517578,219.9199981689453,215.02999877929688,218.63999938964844,2680700
2020-11-12,187.63351440429688,214.50999450683594,216.86000061035156,212.39999389648438,215.22000122070312,3005500
2020-11-13,191.6309356689453,219.0800018310547,220.9600067138672,215.41000366210938,215.85000610351562,2832100
2020-11-16,194.51747131347656,222.3800048828125,224.60000610351562,220.02999877929688,223.52999877929688,3004700
2020-11-17,196.50299072265625,224.64999389648438,224.85000610351562,218.3300018310547,220.02000427246094,2722900
2020-11-18,196.1968994140625,224.3000030517578,227.72000122070312,223.50999450683594,225.0,2856200
2020-11-19,196.43307495117188,224.57000732421875,224.94000244140625,222.11000061035156,224.3000030517578,1505200
2020-11-20,195.3659210205078,223.35000610351562,224.80999755859375,222.6300048828125,223.0,1848100
2020-11-23,200.15928649902344,228.8300018310547,230.0,225.72999572753906,226.05999755859375,3371300
2020-11-24,207.74302673339844,237.5,238.1199951171875,230.6300048828125,231.10000610351562,3915200
2020-11-25,206.90330505371094,236.5399932861328,237.4499969482422,232.42999267578125,235.0,2272800
2020-11-27,205.9061279296875,235.39999389648438,237.3000030517578,233.7899932861328,237.0,1050400
2020-11-30,201.6900634765625,230.5800018310547,235.0,230.36000061035156,232.0500030517578,2705400
2020-12-01,204.10862731933594,232.0800018310547,234.8699951171875,231.35000610351562,231.9600067138672,2577600
2020-12-02,209.0072784423828,237.64999389648438,238.1300048828125,231.5800018310547,232.0800018310547,2136300
2020-12-03,207.08999633789062,235.47000122070312,238.85000610351562,234.63999938964844,237.2899932861328,2142600
2020-12-04,210.70469665527344,239.5800018310547,239.75,236.9499969482422,237.6999969482422,2373000
2020-12-07,209.7108612060547,238.4499969482422,239.85000610351562,235.4499969482422,238.5399932861328,1788600
2020-12-08,210.0538787841797,238.83999633789062,239.19000244140625,236.5800018310547,237.00999450683594,1371800
2020-12-09,213.55419921875,242.82000732421875,245.36000061035156,239.52999877929688,240.0,3552300
2020-12-10,214.94371032714844,244.39999389648438,245.17999267578125,239.50999450683594,240.0,2541700
2020-12-11,211.0652618408203,239.99000549316406,241.1999969482422,237.10000610351562,240.80999755859375,2077300
2020-12-14,209.13040161132812,237.7899932861328,243.5,237.38999938964844,243.27999877929688,1927800
2020-12-15,213.21119689941406,242.42999267578125,243.61000061035156,237.19000244140625,239.5,2348000
2020-12-16,214.3896484375,243.77000427246094,243.89999389648438,241.1199951171875,243.55999755859375,2400900
2020-12-17,214.97010803222656,244.42999267578125,245.92999267578125,243.0,245.0,2983600
2020-12-18,212.94732666015625,242.1300048828125,245.38999938964844,240.55999755859375,245.38999938964844,4088100
2020-12-21,226.00753784179688,256.9800109863281,260.8500061035156,248.75999450683594,250.2899932861328,7408500
2020-12-22,219.947998046875,250.08999633789062,257.70001220703125,249.8000030517578,256.8599853515625,3599800
2020-12-23,225.5414276123047,256.45001220703125,260.5799865722656,251.3000030517578,251.5,3376100
2020-12-24,225.28634643554688,256.1600036621094,257.6199951171875,253.75,257.0400085449219,968100
2020-12-28,228.30299377441406,259.5899963378906,262.6499938964844,257.0,257.80999755859375,2793400
2020-12-29,226.9133758544922,258.010009765625,260.8599853515625,256.5,260.260009765625,1430900
2020-12-30,228.17987060546875,259.45001220703125,260.6499938964844,257.8299865722656,258.80999755859375,1566500
2020-12-31,231.92642211914062,263.7099914550781,263.92999267578125,258.0,258.79998779296875,2043100
2021-01-04,233.0609588623047,265.0,267.5799865722656,260.1600036621094,267.0,3572000
2021-01-05,238.27622985839844,270.92999267578125,273.5,262.57000732421875,263.8800048828125,4207100
2021-01-06,251.1341094970703,285.54998779296875,288.3800048828125,273.1000061035156,276.2900085449219,6383500
2021-01-07,256.4990234375,291.6499938964844,295.8900146484375,286.67999267578125,287.7699890136719,4009700
2021-01-08,255.11817932128906,290.0799865722656,292.2799987792969,285.05999755859375,292.0,2800800
2021-01-11,258.41619873046875,293.8299865722656,295.0,284.20001220703125,286.79998779296875,2649700
2021-01-12,265.7861328125,302.2099914550781,303.9800109863281,296.0199890136719,297.1400146484375,4814400
2021-01-13,266.4281921386719,302.94000244140625,303.7200012207031,299.1000061035156,300.0799865722656,2413800
2021-01-14,270.7640686035156,307.8699951171875,309.4100036621094,303.5400085449219,304.04998779296875,3192200
2021-01-15,264.7308349609375,301.010009765625,304.8599853515625,296.8800048828125,301.19000244140625,3863700
2021-01-19,258.7415771484375,294.20001220703125,306.6000061035156,293.79998779296875,305.0,6727800
2021-01-20,255.461181640625,290.4700012207031,297.45001220703125,287.4800109863281,295.82000732421875,4792600
2021-01-21,254.4937744140625,289.3699951171875,292.739990234375,288.5299987792969,290.45001220703125,2516000
2021-01-22,254.5113067626953,289.3900146484375,290.5899963378906,285.5,286.69000244140625,2568800
2021-01-25,248.9266815185547,283.0400085449219,286.3500061035156,277.5,285.5299987792969,4575000
2021-01-26,247.80096435546875,281.760009765625,285.7699890136719,280.0799865722656,283.92999267578125,3296800
2021-01-27,240.3869171142578,273.3299865722656,277.3699951171875,271.32000732421875,276.0,3891800
2021-01-28,241.87322998046875,275.0199890136719,279.8299865722656,271.3299865722656,274.6099853515625,3778700
2021-01-29,238.48731994628906,271.1700134277344,277.3999938964844,270.6199951171875,274.2699890136719,3412000
2021-02-01,241.61819458007812,274.7300109863281,276.79998779296875,272.0,272.6600036621094,2324100
2021-02-02,252.3830108642578,286.9700012207031,288.25,278.0,278.32000732421875,5195500
2021-02-03,253.77252197265625,288.54998779296875,289.80999755859375,285.17999267578125,286.6099853515625,2712800
2021-02-04,258.3458557128906,293.75,295.8299865722656,289.5199890136719,290.0,2994700
2021-02-05,258.1260070800781,293.5,297.239990234375,292.19000244140625,295.0,2938100
2021-02-08,263.9744567871094,300.1499938964844,300.8900146484375,294.5,295.0,2826200
2021-02-09,264.2471008300781,300.4599914550781,302.45001220703125,297.70001220703125,299.6000061035156,2071700
2021-02-10,267.6067199707031,304.2799987792969,305.17999267578125,297.75,300.0,3213700
2021-02-11,265.88299560546875,302.32000732421875,305.010009765625,299.1700134277344,303.9800109863281,2159900
2021-02-12,269.40093994140625,306.32000732421875,306.70001220703125,301.7699890136719,301.989990234375,1977300
2021-02-16,274.361083984375,311.9599914550781,312.9200134277344,309.2200012207031,310.0,2792200
2021-02-17,275.0470275878906,312.739990234375,314.9800109863281,308.760009765625,310.0299987792969,2333100
2021-02-18,272.54937744140625,309.8999938964844,314.5,307.5799865722656,309.2200012207031,2093300
2021-02-19,277.5799560546875,315.6199951171875,316.7799987792969,310.2300109863281,310.2300109863281,2749500
2021-02-22,278.6793212890625,316.8699951171875,320.55999755859375,312.2099914550781,313.0,3162300
2021-02-23,280.7372741699219,319.2099914550781,320.0,310.5799865722656,317.9800109863281,2942500
2021-02-24,290.7896728515625,330.6400146484375,330.9700012207031,320.1000061035156,320.1700134277344,3934400
2021-02-25,288.2568054199219,327.760009765625,335.80999755859375,326.2900085449219,333.3299865722656,4244000
2021-02-26,280.9747314453125,319.4800109863281,328.67999267578125,319.0400085449219,325.7699890136719,3732200
2021-03-01,291.2961730957031,329.9200134277344,331.0400085449219,323.30999755859375,325.0,2957800
2021-03-02,292.19677734375,330.94000244140625,336.19000244140625,329.510009765625,330.0,2850300
2021-03-03,295.2781677246094,334.42999267578125,340.1000061035156,333.25,333.67999267578125,3606300
2021-03-04,290.7399597167969,329.2900085449219,339.760009765625,323.9200134277344,333.1300048828125,3647600
2021-03-05,289.0447082519531,327.3699951171875,335.5799865722656,316.4599914550781,335.5799865722656,3740200
2021-03-08,295.06634521484375,334.19000244140625,337.5899963378906,329.1000061035156,331.3599853515625,2998000
2021-03-09,291.8877258300781,330.5899963378906,336.3900146484375,325.57000732421875,328.6199951171875,3324800
2021-03-10,301.97967529296875,342.0199890136719,342.3999938964844,331.5299987792969,332.07000732421875,3153100
2021-03-11,302.05029296875,342.1000061035156,345.0,336.4599914550781,338.6600036621094,2756600
2021-03-12,307.9747619628906,348.80999755859375,350.0,343.6400146484375,345.2200012207031,2436700
2021-03-15,305.537841796875,346.04998779296875,352.4200134277344,342.0,349.44000244140625,2276200
2021-03-16,301.7059631347656,341.7099914550781,346.8999938964844,337.75,345.2799987792969,2332600
2021-03-17,304.56671142578125,344.95001220703125,347.0299987792969,340.3999938964844,344.6199951171875,2710900
2021-03-18,307.25958251953125,348.0,356.8500061035156,346.989990234375,350.75,3713000
2021-03-19,303.9044494628906,344.20001220703125,347.239990234375,340.6300048828125,346.4200134277344,3513000
2021-03-22,299.6045837402344,339.3299865722656,342.8800048828125,336.0,341.05999755859375,2094500
2021-03-23,292.92962646484375,331.7699890136719,341.8900146484375,331.3299865722656,337.6199951171875,2457500
2021-03-24,290.17486572265625,328.6499938964844,336.94000244140625,328.44000244140625,333.4200134277344,3332200
2021-03-25,291.8524169921875,330.54998779296875,331.3900146484375,321.9200134277344,327.3500061035156,2804700
2021-03-26,289.0623779296875,327.3900146484375,335.45001220703125,322.69000244140625,334.510009765625,3082600
2021-03-29,287.5968017578125,325.7300109863281,327.760009765625,317.7200012207031,320.3500061035156,4533200
2021-03-30,293.1415710449219,332.010009765625,335.75,328.8500061035156,329.4100036621094,2717300
2021-03-31,288.718017578125,327.0,332.6499938964844,325.44000244140625,330.2300109863281,2624500
2021-04-01,289.2831115722656,327.6400146484375,329.6600036621094,324.1600036621094,324.29998779296875,2659000
2021-04-05,285.6630859375,323.5400085449219,332.8500061035156,323.04998779296875,332.8500061035156,3235000
2021-04-06,288.7709655761719,327.05999755859375,328.5400085449219,324.0,324.489990234375,1801700
2021-04-07,288.32073974609375,326.54998779296875,329.20001220703125,323.3500061035156,327.70001220703125,2157300
2021-04-08,292.3733825683594,331.1400146484375,331.489990234375,322.9700012207031,324.2900085449219,2402800
2021-04-09,292.08197021484375,330.80999755859375,334.8999938964844,328.7900085449219,334.0,2347100
2021-04-12,292.9914245605469,331.8399963378906,334.4800109863281,329.94000244140625,332.6700134277344,2318800
2021-04-13,289.3183898925781,327.67999267578125,330.04998779296875,324.17999267578125,329.510009765625,3575900
2021-04-14,296.0904541015625,335.3500061035156,344.4700012207031,326.1499938964844,328.54998779296875,9876800
2021-04-15,298.9158630371094,338.54998779296875,341.3500061035156,334.5400085449219,338.8999938964844,4354800
2021-04-16,302.23565673828125,342.30999755859375,343.739990234375,338.6199951171875,340.2900085449219,4231900
2021-04-19,302.9243469238281,343.0899963378906,344.42999267578125,336.6000061035156,340.0,3228200
2021-04-20,293.0267333984375,331.8800048828125,340.4700012207031,329.3500061035156,339.9700012207031,3662300
2021-04-21,296.01983642578125,335.2699890136719,335.4700012207031,327.55999755859375,330.0,2733300
2021-04-22,292.1173095703125,330.8500061035156,336.9700012207031,330.2900085449219,334.6199951171875,2165200
2021-04-23,299.6222229003906,339.3500061035156,340.6700134277344,330.7200012207031,331.25,2163800
2021-04-26,303.3039855957031,343.5199890136719,345.8999938964844,340.8900146484375,341.94000244140625,2171500
2021-04-27,306.0499572753906,346.6300048828125,347.54998779296875,343.6600036621094,344.0,2088600
2021-04-28,307.3567199707031,348.1099853515625,350.1199951171875,346.0899963378906,348.0,2140900
2021-04-29,311.6476745605469,352.9700012207031,353.8299865722656,347.4800109863281,350.54998779296875,2584400
2021-04-30,307.6568603515625,348.45001220703125,352.82000732421875,347.20001220703125,351.1199951171875,2101100
2021-05-03,309.1667175292969,350.1600036621094,354.05999755859375,349.260009765625,350.3399963378906,1871700
2021-05-04,308.8841857910156,349.8399963378906,351.7799987792969,342.57000732421875,348.8999938964844,2831400
2021-05-05,315.7532958984375,357.6199951171875,359.1400146484375,348.54998779296875,352.0,2786800
2021-05-06,323.1258239746094,365.9700012207031,366.29998779296875,356.5,359.7699890136719,3048700
2021-05-07,327.46990966796875,370.8900146484375,371.6499938964844,360.92999267578125,362.29998779296875,3378100
2021-05-10,325.5185546875,368.67999267578125,376.9800109863281,368.5,373.5,3396300
2021-05-11,317.7841491699219,359.9200134277344,368.6300048828125,358.6199951171875,363.0,3734300
2021-05-12,312.9103698730469,354.3999938964844,368.1300048828125,353.2699890136719,363.07000732421875,3309800
2021-05-13,316.8041076660156,358.80999755859375,360.8900146484375,353.25,353.25,2673900
2021-05-14,325.59796142578125,368.7699890136719,369.510009765625,361.70001220703125,362.0,2732300
2021-05-17,326.0218811035156,369.25,370.70001220703125,364.5,367.7799987792969,1826100
2021-05-18,321.88092041015625,364.55999755859375,373.0799865722656,364.0,371.3800048828125,2018600
2021-05-19,316.4244079589844,358.3800048828125,360.0,353.92999267578125,360.0,3696000
2021-05-20,317.6605224609375,359.7799987792969,361.95001220703125,353.3500061035156,358.9800109863281,1919600
2021-05-21,323.3818664550781,366.260009765625,367.1400146484375,360.510009765625,361.489990234375,2657500
2021-05-24,325.1742248535156,368.2900085449219,369.7200012207031,365.510009765625,367.32000732421875,1834300
2021-05-25,321.8367614746094,364.510009765625,373.7699890136719,364.0899963378906,369.9100036621094,2631000
2021-05-26,324.38836669921875,367.3999938964844,368.7900085449219,361.9100036621094,365.0,2121200
2021-05-27,327.89361572265625,371.3699951171875,373.54998779296875,367.29998779296875,371.3299865722656,3897000
2021-05-28,329.57684326171875,372.0199890136719,373.07000732421875,368.260009765625,372.0,2169700
2021-06-01,338.80810546875,382.44000244140625,383.3599853515625,376.30999755859375,377.70001220703125,3644000
2021-06-02,339.6939697265625,383.44000244140625,384.6700134277344,379.3699951171875,383.3299865722656,2809700
2021-06-03,344.3716735839844,388.7200012207031,391.25,380.1300048828125,382.25,3003900
2021-06-04,346.79010009765625,391.45001220703125,392.04998779296875,386.32000732421875,389.67999267578125,2514100
2021-06-07,343.87548828125,388.1600036621094,393.260009765625,387.54998779296875,393.0,2188700
2021-06-08,340.81024169921875,384.70001220703125,386.4800109863281,382.2200012207031,385.7900085449219,2452600
2021-06-09,339.10931396484375,382.7799987792969,384.2699890136719,378.8800048828125,383.1600036621094,2025900
2021-06-10,331.27783203125,373.94000244140625,389.6400146484375,372.3500061035156,389.6400146484375,3900800
2021-06-11,334.9189147949219,378.04998779296875,378.75,375.1099853515625,375.70001220703125,2117300
2021-06-14,330.374267578125,372.9200134277344,378.75,370.70001220703125,377.42999267578125,2560500
2021-06-15,328.9389953613281,371.29998779296875,374.8399963378906,367.1600036621094,373.5,2302900
2021-06-16,328.67327880859375,371.0,374.0799865722656,365.25,370.989990234375,3264200
2021-06-17,320.25714111328125,361.5,373.5199890136719,356.54998779296875,373.5199890136719,4146300
2021-06-18,309.0326232910156,348.8299865722656,358.3800048828125,348.1300048828125,356.5199890136719,6290100
2021-06-21,316.7489318847656,357.5400085449219,357.9700012207031,351.0400085449219,352.8900146484375,2717300
2021-06-22,316.739990234375,357.5299987792969,359.8800048828125,352.6400146484375,357.0,1870800
2021-06-23,319.8583984375,361.04998779296875,362.4800109863281,357.6600036621094,358.7900085449219,1713100
2021-06-24,326.679931640625,368.75,370.8800048828125,362.7799987792969,363.0,2716600
2021-06-25,326.6976013183594,368.7699890136719,371.1499938964844,364.5400085449219,368.82000732421875,2782400
2021-06-28,326.6444396972656,368.7099914550781,368.8699951171875,363.8599853515625,367.79998779296875,1833400
2021-06-29,330.1084289550781,372.6199951171875,378.0899963378906,370.75,374.8599853515625,2365900
2021-06-30,336.2301025390625,379.5299987792969,380.1099853515625,370.8999938964844,370.8999938964844,2238400
2021-07-01,332.20806884765625,374.989990234375,381.6400146484375,374.1499938964844,380.70001220703125,2571000
2021-07-02,331.4727783203125,374.1600036621094,376.6000061035156,372.4200134277344,376.30999755859375,1598900
2021-07-06,327.6632995605469,369.8599853515625,373.6300048828125,365.4100036621094,373.2300109863281,2162900
2021-07-07,325.72314453125,367.6700134277344,370.0899963378906,362.17999267578125,367.5,2012800
2021-07-08,317.98919677734375,358.94000244140625,362.8900146484375,355.5899963378906,359.69000244140625,2940500
2021-07-09,329.3465576171875,371.760009765625,372.1499938964844,364.95001220703125,366.0,2641800
2021-07-12,337.08941650390625,380.5,384.0,367.3299865722656,370.30999755859375,4135900
2021-07-13,333.0851135253906,375.9800109863281,385.3299865722656,372.010009765625,381.05999755859375,6466800
2021-07-14,331.6853942871094,374.3999938964844,381.7699890136719,371.3900146484375,378.75,3295700
2021-07-15,330.75518798828125,373.3500061035156,378.75,370.57000732421875,371.239990234375,2183900
2021-07-16,323.1805419921875,364.79998779296875,374.92999267578125,363.8299865722656,374.92999267578125,2583300
2021-07-19,314.2506408691406,354.7200012207031,355.19000244140625,349.0,354.0,4394600
2021-07-20,323.14520263671875,364.760009765625,367.30999755859375,351.5400085449219,352.2699890136719,2937900
2021-07-21,330.8879699707031,373.5,374.8999938964844,367.92999267578125,368.0400085449219,2398800
2021-07-22,330.1881103515625,372.7099914550781,373.69000244140625,368.45001220703125,372.29998779296875,1887100
2021-07-23,331.37530517578125,374.04998779296875,378.0,371.3800048828125,374.5899963378906,1706900
2021-07-26,333.0142517089844,375.8999938964844,376.67999267578125,373.1099853515625,373.17999267578125,1559100
2021-07-27,332.0751953125,374.8399963378906,375.1400146484375,369.2200012207031,372.5,1791800
2021-07-28,331.5347595214844,374.2300109863281,377.44000244140625,372.3399963378906,375.80999755859375,1668900
2021-07-29,334.4759521484375,377.54998779296875,379.510009765625,374.80999755859375,377.0299987792969,1296600
2021-07-30,332.11053466796875,374.8800048828125,379.95001220703125,373.05999755859375,376.57000732421875,1474900
2021-08-02,335.0429382324219,378.19000244140625,386.92999267578125,375.75,376.1700134277344,2383200
2021-08-03,336.96533203125,380.3599853515625,381.30999755859375,371.7699890136719,380.25,1494600
2021-08-04,334.75054931640625,377.8599853515625,382.6499938964844,375.760009765625,378.4800109863281,1460500
2021-08-05,340.4559020996094,384.29998779296875,384.30999755859375,379.95001220703125,380.1499938964844,1583800
2021-08-06,352.495361328125,397.8900146484375,398.8599853515625,388.6400146484375,388.8800048828125,3655800
2021-08-09,354.2584533691406,399.8800048828125,404.6000061035156,393.5799865722656,396.5899963378906,3319100
2021-08-10,361.4254455566406,407.9700012207031,410.6300048828125,399.5,400.1199951171875,3152300
2021-08-11,366.66998291015625,413.8900146484375,414.67999267578125,407.05999755859375,408.79998779296875,3000500
2021-08-12,367.65338134765625,415.0,418.6199951171875,410.55999755859375,414.3800048828125,2312800
2021-08-13,363.914794921875,410.7799987792969,416.8900146484375,408.17999267578125,416.0,1980000
2021-08-16,361.7620849609375,408.3500061035156,408.989990234375,402.1499938964844,408.989990234375,1590700
2021-08-17,358.7677001953125,404.9700012207031,408.3500061035156,400.20001220703125,403.8399963378906,2077400
2021-08-18,353.3015441894531,398.79998779296875,406.1099853515625,398.5899963378906,402.6000061035156,2187800
2021-08-19,348.668212890625,393.57000732421875,397.7300109863281,390.9100036621094,394.6000061035156,2241500
2021-08-20,350.7059326171875,395.8699951171875,396.45001220703125,391.0,391.489990234375,1612100
2021-08-23,355.6493225097656,401.45001220703125,404.1000061035156,399.0,401.8900146484375,1857600
2021-08-24,361.9481201171875,408.55999755859375,409.6600036621094,402.70001220703125,403.5899963378906,1958400
2021-08-25,365.98785400390625,413.1199951171875,416.67999267578125,408.94000244140625,409.8999938964844,1845300
2021-08-26,365.3588562011719,412.4100036621094,420.7300109863281,411.1600036621094,415.8800048828125,2076500
2021-08-27,371.80828857421875,419.69000244140625,419.8500061035156,412.5,412.7799987792969,2174500
2021-08-30,366.4130859375,413.6000061035156,420.760009765625,412.7200012207031,419.95001220703125,2089400
2021-08-31,368.1134338378906,413.510009765625,414.8599853515625,408.760009765625,412.1099853515625,1958100
2021-09-01,368.2469787597656,413.6600036621094,416.1099853515625,410.30999755859375,413.1600036621094,1680400
2021-09-02,368.9947509765625,414.5,417.5799865722656,412.6400146484375,415.1099853515625,1830400
2021-09-03,366.1549377441406,411.30999755859375,415.1199951171875,410.6000061035156,414.0,1373600
2021-09-07,365.27362060546875,410.32000732421875,414.7300109863281,409.6400146484375,411.0,1557000
2021-09-08,360.53765869140625,405.0,410.9800109863281,404.70001220703125,409.2200012207031,1646200
2021-09-09,360.16375732421875,404.5799865722656,408.8800048828125,403.510009765625,404.6700134277344,2424600
2021-09-10,359.1845703125,403.4800109863281,409.7900085449219,403.1600036621094,408.0,1956000
2021-09-13,364.33001708984375,409.260009765625,409.3699951171875,403.79998779296875,407.4100036621094,1802800
2021-09-14,359.3715515136719,403.69000244140625,417.010009765625,402.7799987792969,410.29998779296875,3263200
2021-09-15,357.82244873046875,401.95001220703125,403.6099853515625,396.2099914550781,398.0,3199800
2021-09-16,353.1310729980469,396.67999267578125,405.9800109863281,394.8900146484375,404.5199890136719,2882900
2021-09-17,348.484130859375,391.4599914550781,399.1600036621094,388.8299865722656,396.32000732421875,3843700
2021-09-20,336.6175231933594,378.1300048828125,380.8599853515625,372.5,377.82000732421875,3834500
2021-09-21,334.5789794921875,375.8399963378906,381.5,374.0799865722656,380.8500061035156,2377300
2021-09-22,343.1517333984375,385.4700012207031,389.2900085449219,379.7099914550781,380.79998779296875,2991300
2021-09-23,348.8402404785156,391.8599853515625,393.739990234375,388.17999267578125,390.3900146484375,2518000
2021-09-24,347.9411926269531,390.8500061035156,392.489990234375,388.6000061035156,390.4700012207031,1789700
2021-09-27,355.91748046875,399.80999755859375,401.0,395.17999267578125,396.5799865722656,2788500
2021-09-28,346.7393798828125,389.5,404.2099914550781,388.3900146484375,400.45001220703125,2609000
2021-09-29,342.6354064941406,384.8900146484375,392.3900146484375,384.29998779296875,390.67999267578125,1955000
2021-09-30,336.528564453125,378.0299987792969,388.0199890136719,376.6199951171875,388.0,2665700
2021-10-01,338.2822570800781,380.0,382.7200012207031,375.8500061035156,379.44000244140625,2382300
2021-10-04,333.074462890625,374.1499938964844,386.8699951171875,372.82000732421875,380.2099914550781,2895600
2021-10-05,343.4544372558594,385.80999755859375,388.2200012207031,375.5,378.1000061035156,2508100
2021-10-06,345.4483947753906,388.04998779296875,389.54998779296875,378.6600036621094,382.3800048828125,2111800
2021-10-07,347.7363586425781,390.6199951171875,397.8500061035156,389.760009765625,392.9100036621094,2348000
2021-10-08,349.68585205078125,392.80999755859375,394.30999755859375,388.17999267578125,390.8299865722656,1446700
2021-10-11,342.9469909667969,385.239990234375,396.95001220703125,385.0199890136719,392.8999938964844,1787400
2021-10-12,344.0953369140625,386.5299987792969,388.5899963378906,381.0199890136719,386.2200012207031,2088200
2021-10-13,343.8995056152344,386.30999755859375,388.3800048828125,378.6300048828125,388.0,2391600
2021-10-14,348.252685546875,391.20001220703125,393.6600036621094,382.20001220703125,392.0,3380900
2021-10-15,361.4902038574219,406.07000732421875,407.2699890136719,396.3399963378906,402.30999755859375,6451400
2021-10-18,368.27362060546875,413.69000244140625,415.94000244140625,407.6000061035156,408.010009765625,3832300
2021-10-19,366.9115905761719,412.1600036621094,415.8500061035156,409.69000244140625,415.17999267578125,2568300
2021-10-20,363.1104431152344,407.8900146484375,414.3299865722656,406.20001220703125,411.0,2453400
2021-10-21,362.84332275390625,407.5899963378906,412.6600036621094,404.6199951171875,406.79998779296875,2162100
2021-10-22,368.8344421386719,414.32000732421875,415.3599853515625,409.1000061035156,409.989990234375,2411000
2021-10-25,369.21728515625,414.75,419.489990234375,413.2699890136719,416.2099914550781,1824700
2021-10-26,371.7632751464844,417.6099853515625,419.80999755859375,413.760009765625,416.3699951171875,1843300
2021-10-27,365.87005615234375,410.989990234375,418.05999755859375,410.54998779296875,416.54998779296875,2067200
2021-10-28,369.27960205078125,414.82000732421875,414.9200134277344,409.05999755859375,412.0,1444700
2021-10-29,367.970947265625,413.3500061035156,415.9599914550781,411.17999267578125,414.0199890136719,2061700
2021-11-01,370.95318603515625,416.70001220703125,418.7300109863281,413.25,417.07000732421875,1820800
2021-11-02,377.31829833984375,423.8500061035156,426.1600036621094,412.7900085449219,415.1000061035156,3000800
2021-11-03,372.0213928222656,417.8999938964844,424.0,412.55999755859375,423.1199951171875,3542400
2021-11-04,363.2705993652344,408.07000732421875,415.989990234375,403.0299987792969,414.6499938964844,3802300
2021-11-05,362.3892822265625,407.0799865722656,414.45001220703125,406.1000061035156,411.3999938964844,2105600
2021-11-08,363.5110168457031,408.3399963378906,413.6499938964844,407.9599914550781,409.8900146484375,1728400
2021-11-09,360.8492736816406,405.3500061035156,407.5799865722656,400.05999755859375,406.1099853515625,2246900
2021-11-10,355.30316162109375,399.1199951171875,405.54998779296875,397.25,402.3299865722656,2243900
2021-11-11,358.16973876953125,402.3399963378906,403.760009765625,398.510009765625,400.1400146484375,1252400
2021-11-12,360.45751953125,404.9100036621094,405.1000061035156,399.20001220703125,403.0,1360100
2021-11-15,360.3685607910156,404.80999755859375,407.3399963378906,403.9100036621094,406.0,1436500
2021-11-16,358.8373107910156,403.0899963378906,405.8399963378906,399.0,403.9100036621094,1311000
2021-11-17,348.564208984375,391.54998779296875,402.6499938964844,391.4700012207031,401.8500061035156,2927000
2021-11-18,348.404052734375,391.3699951171875,393.9200134277344,385.67999267578125,392.29998779296875,1847400
2021-11-19,344.8609619140625,387.3900146484375,390.239990234375,381.0400085449219,382.3800048828125,2610400
2021-11-22,352.6681823730469,396.1600036621094,402.489990234375,390.17999267578125,393.1600036621094,3058700
2021-11-23,361.7304992675781,406.3399963378906,406.9599914550781,397.510009765625,400.25,2402300
2021-11-24,355.3654479980469,399.19000244140625,407.4800109863281,398.29998779296875,405.0,2186300
2021-11-26,346.6414489746094,389.3900146484375,391.7099914550781,382.7200012207031,384.4800109863281,2687900
2021-11-29,344.1043395996094,386.5400085449219,396.3699951171875,382.45001220703125,394.0,2883400
2021-11-30,339.1635437011719,380.989990234375,386.8299865722656,377.260009765625,383.5299987792969,4570400
2021-12-01,336.9173278808594,376.4800109863281,390.1600036621094,376.2099914550781,383.82000732421875,2476000
2021-12-02,346.8150939941406,387.5400085449219,389.0899963378906,376.0299987792969,378.0,3343700
2021-12-03,342.5105895996094,382.7300109863281,389.8800048828125,379.0299987792969,389.8800048828125,2807500
2021-12-06,348.39013671875,389.29998779296875,393.6000061035156,383.489990234375,388.6700134277344,1990200
2021-12-07,358.0641784667969,400.1099853515625,401.75,393.05999755859375,393.5799865722656,2441000
2021-12-08,355.5673828125,397.32000732421875,401.7099914550781,395.1400146484375,401.2300109863281,1635200
2021-12-09,354.8245849609375,396.489990234375,400.19000244140625,393.0,395.70001220703125,2111500
2021-12-10,349.9651794433594,391.05999755859375,398.8599853515625,388.6600036621094,398.0,1893800
2021-12-13,344.2198486328125,384.6400146484375,391.19000244140625,382.6600036621094,391.19000244140625,2313300
2021-12-14,347.96063232421875,388.82000732421875,392.5,383.260009765625,383.55999755859375,2788500
2021-12-15,348.93603515625,389.9100036621094,391.3999938964844,380.6000061035156,389.5,2802300
2021-12-16,355.61199951171875,397.3699951171875,399.8399963378906,391.79998779296875,395.1300048828125,3578200
2021-12-17,341.6783142089844,381.79998779296875,393.6700134277344,380.6300048828125,389.2099914550781,7058600
2021-12-20,332.55908203125,371.6099853515625,375.6300048828125,366.6499938964844,375.5199890136719,3735600
2021-12-21,340.3538818359375,380.32000732421875,382.0899963378906,374.760009765625,376.42999267578125,2942800
2021-12-22,342.15252685546875,382.3299865722656,384.010009765625,379.2699890136719,380.4200134277344,1487900
2021-12-23,344.5777587890625,385.0400085449219,387.6099853515625,383.57000732421875,383.7900085449219,1624000
2021-12-27,347.2625732421875,388.0400085449219,389.1099853515625,385.0,386.989990234375,1430400
2021-12-28,346.8777160644531,387.6099853515625,391.3299865722656,386.239990234375,388.92999267578125,1528200
2021-12-29,345.61590576171875,386.20001220703125,389.4599914550781,384.4200134277344,387.9700012207031,1327800
2021-12-30,345.0072937011719,385.5199890136719,389.7799987792969,385.20001220703125,387.75,1160100
2021-12-31,342.3494567871094,382.54998779296875,387.0,380.8399963378906,385.0,1601300
2022-01-03,353.78643798828125,395.3299865722656,399.29998779296875,387.3399963378906,389.0,3334300
2022-01-04,364.65966796875,407.4800109863281,410.2799987792969,401.17999267578125,402.2300109863281,3916400
2022-01-05,356.73968505859375,398.6300048828125,412.6600036621094,397.8900146484375,409.79998779296875,3469600
2022-01-06,355.2183532714844,396.92999267578125,401.20001220703125,386.42999267578125,401.0,2960900
2022-01-07,355.7373962402344,397.510009765625,400.54998779296875,394.5299987792969,397.6700134277344,2360700
2022-01-10,357.2229919433594,399.1700134277344,404.3699951171875,394.2200012207031,401.32000732421875,3009400
2022-01-11,360.6952209472656,403.04998779296875,403.3399963378906,396.30999755859375,400.25,1748800
2022-01-12,349.2939758300781,390.30999755859375,404.1199951171875,388.55999755859375,403.239990234375,4158000
2022-01-13,349.7325439453125,390.79998779296875,396.8699951171875,389.75,394.04998779296875,2497800
2022-01-14,340.9085998535156,380.94000244140625,384.3900146484375,375.0,382.1300048828125,4685300
2022-01-18,317.1576843261719,354.3999938964844,361.57000732421875,347.2300109863281,360.0400085449219,13123500
2022-01-19,310.8216552734375,347.32000732421875,359.7099914550781,346.3900146484375,358.3399963378906,7426100
2022-01-20,311.5196533203125,348.1000061035156,357.17999267578125,346.1400146484375,348.8999938964844,4599900
2022-01-21,307.7699890136719,343.9100036621094,348.989990234375,340.7200012207031,345.5400085449219,4904100
2022-01-24,307.30462646484375,343.3900146484375,344.07000732421875,326.2300109863281,337.32000732421875,6569800
2022-01-25,305.6580505371094,341.54998779296875,342.92999267578125,330.9100036621094,337.8599853515625,3959300
2022-01-26,306.669189453125,342.67999267578125,350.4800109863281,338.4100036621094,346.6000061035156,3745900
2022-01-27,305.1926574707031,341.0299987792969,348.7699890136719,337.7200012207031,345.6700134277344,2573400
2022-01-28,310.54425048828125,347.010009765625,347.1499938964844,333.45001220703125,337.7300109863281,3714600
2022-01-31,317.4081726074219,354.67999267578125,355.2099914550781,343.44000244140625,344.6000061035156,3312400
2022-02-01,325.802490234375,364.05999755859375,364.5400085449219,354.04998779296875,356.1300048828125,3303700
2022-02-02,324.9076232910156,363.05999755859375,368.5299987792969,357.8299865722656,363.5,2742400
2022-02-03,321.1669006347656,358.8800048828125,365.760009765625,358.1600036621094,362.82000732421875,2372900
2022-02-04,328.9704895019531,367.6000061035156,370.95001220703125,361.0199890136719,362.1700134277344,3762300
2022-02-07,329.4626770019531,368.1499938964844,371.4700012207031,363.3500061035156,365.489990234375,2635600
2022-02-08,331.207763671875,370.1000061035156,372.6499938964844,366.25,371.0799865722656,3422300
2022-02-09,335.1722412109375,374.5299987792969,376.2799987792969,370.8999938964844,373.0,2250400
2022-02-10,331.6283874511719,370.57000732421875,377.3999938964844,368.8299865722656,371.7099914550781,2406200
2022-02-11,324.9076232910156,363.05999755859375,374.8999938964844,360.7699890136719,368.54998779296875,3142100
2022-02-14,322.3839416503906,360.239990234375,364.2900085449219,357.17999267578125,363.05999755859375,2585600
2022-02-15,325.6950988769531,363.94000244140625,365.8900146484375,361.3599853515625,364.0899963378906,1846400
2022-02-16,322.21392822265625,360.04998779296875,363.0199890136719,356.5299987792969,361.3500061035156,2165300
2022-02-17,312.3788146972656,349.05999755859375,360.9599914550781,347.8399963378906,358.7799987792969,3102400
2022-02-18,309.67620849609375,346.0400085449219,350.0,343.3699951171875,345.57000732421875,2910900
2022-02-22,308.0921325683594,344.2699890136719,349.0,341.20001220703125,342.4599914550781,2590800
2022-02-23,305.3358459472656,341.19000244140625,349.260009765625,339.82000732421875,347.57000732421875,2217300
2022-02-24,304.44091796875,340.19000244140625,341.0,326.95001220703125,328.57000732421875,4564000
2022-02-25,313.327392578125,350.1199951171875,350.70001220703125,340.19000244140625,340.19000244140625,2980500
2022-02-28,305.42529296875,341.2900085449219,343.8399963378906,337.54998779296875,340.25,4245700
2022-03-01,295.4422912597656,328.20001220703125,338.1600036621094,327.0199890136719,337.3999938964844,5631500
2022-03-02,302.8057556152344,336.3800048828125,338.0,327.3999938964844,331.6000061035156,3469900
2022-03-03,300.14117431640625,333.4200134277344,341.5,330.1300048828125,338.8699951171875,2393700
2022-03-04,296.7654724121094,329.6700134277344,330.6600036621094,324.0,327.0,3293100
2022-03-07,289.7620544433594,321.8900146484375,327.7900085449219,320.8500061035156,326.82000732421875,3689900
2022-03-08,289.2938537597656,321.3699951171875,330.55999755859375,318.54998779296875,322.5,3596400
2022-03-09,300.294189453125,333.5899963378906,337.4700012207031,330.0299987792969,331.67999267578125,3202100
2022-03-10,296.9725036621094,329.8999938964844,331.8399963378906,324.760009765625,327.6300048828125,2232600
2022-03-11,294.3619384765625,327.0,336.6099853515625,326.7099914550781,334.3699951171875,2613500
2022-03-14,292.5436096191406,324.9800109863281,331.6199951171875,322.8999938964844,329.2099914550781,2342200
2022-03-15,296.30633544921875,329.1600036621094,331.8999938964844,324.8399963378906,327.07000732421875,2140700
2022-03-16,306.74859619140625,340.760009765625,341.3299865722656,334.260009765625,335.07000732421875,3468500
2022-03-17,309.00799560546875,343.2699890136719,343.6000061035156,334.8999938964844,337.3699951171875,2403500
2022-03-18,310.9074401855469,345.3800048828125,346.7699890136719,337.29998779296875,338.8699951171875,5861900
2022-03-21,305.1642150878906,339.0,346.29998779296875,337.1499938964844,345.260009765625,3401200
2022-03-22,308.7739562988281,343.010009765625,346.239990234375,340.1199951171875,342.20001220703125,2840200
2022-03-23,302.11260986328125,335.6099853515625,340.8299865722656,335.1300048828125,340.0,2196800
2022-03-24,302.67071533203125,336.2300109863281,337.5,334.29998779296875,336.44000244140625,1944100
2022-03-25,303.8049621582031,337.489990234375,341.8299865722656,335.4800109863281,337.42999267578125,1580800
2022-03-28,301.8336181640625,335.29998779296875,338.5,331.510009765625,338.1499938964844,2182600
2022-03-29,305.75836181640625,339.6600036621094,344.0,336.7300109863281,342.4700012207031,2378700
2022-03-30,302.0945739746094,335.5899963378906,339.8599853515625,333.6300048828125,339.0,2650200
2022-03-31,297.1526184082031,330.1000061035156,336.5,330.1000061035156,336.1300048828125,2632000
2022-04-01,297.2606201171875,330.2200012207031,334.1600036621094,327.57000732421875,333.92999267578125,2444800
2022-04-04,295.45123291015625,328.2099914550781,331.8699951171875,325.8599853515625,330.0,2569400
2022-04-05,291.62542724609375,323.9599914550781,329.739990234375,323.4800109863281,327.3599853515625,2573900
2022-04-06,284.6938781738281,316.260009765625,320.6199951171875,315.75,320.0,3151300
2022-04-07,282.7944641113281,314.1499938964844,315.8299865722656,308.20001220703125,315.0,3562600
2022-04-08,289.3119201660156,321.3900146484375,323.67999267578125,313.0,313.5799865722656,3294200
2022-04-11,288.74481201171875,320.760009765625,328.8999938964844,319.0299987792969,320.6099853515625,2747700
2022-04-12,287.8625183105469,319.7799987792969,327.1199951171875,318.010009765625,321.67999267578125,2365200
2022-04-13,289.8339538574219,321.9700012207031,322.6300048828125,314.7200012207031,315.79998779296875,3022900
2022-04-14,289.5369567871094,321.6400146484375,333.0299987792969,319.0299987792969,328.4700012207031,5460900
2022-04-18,296.9544677734375,329.8800048828125,332.6600036621094,320.6499938964844,320.6499938964844,3653400
2022-04-19,302.4186706542969,335.95001220703125,337.20001220703125,330.4700012207031,330.4700012207031,2774800
2022-04-20,307.0186767578125,341.05999755859375,344.8999938964844,337.5,338.1000061035156,3040100
2022-04-21,300.933349609375,334.29998779296875,347.3500061035156,333.3599853515625,344.3299865722656,3097800
2022-04-22,287.8536682128906,319.7699890136719,332.5,319.4700012207031,332.30999755859375,3125200
2022-04-25,289.3388977050781,321.4200134277344,322.1600036621094,312.739990234375,316.3800048828125,3093600
2022-04-26,281.86737060546875,313.1199951171875,321.6000061035156,312.79998779296875,317.95001220703125,2791700
2022-04-27,281.9663391113281,313.2300109863281,319.239990234375,312.1400146484375,312.1400146484375,2469300
2022-04-28,286.62939453125,318.4100036621094,319.3599853515625,312.1499938964844,317.1199951171875,2176000
2022-04-29,274.9989013671875,305.489990234375,319.0799865722656,304.7099914550781,317.25,3129600
2022-05-02,279.43682861328125,310.4200134277344,311.3699951171875,302.2099914550781,305.80999755859375,2968100
2022-05-03,283.25360107421875,314.6600036621094,319.5199890136719,311.32000732421875,311.5199890136719,2606200
2022-05-04,291.76043701171875,324.1099853515625,324.79998779296875,312.1700134277344,315.8299865722656,2629400
2022-05-05,281.82232666015625,313.07000732421875,320.67999267578125,308.69000244140625,320.5,2622100
2022-05-06,281.7232666015625,312.9599914550781,313.7099914550781,306.05999755859375,312.2799987792969,2375600
2022-05-09,278.05950927734375,308.8900146484375,313.7699890136719,304.9800109863281,308.9200134277344,3234000
2022-05-10,274.61187744140625,305.05999755859375,315.1499938964844,300.6499938964844,311.7200012207031,2798400
2022-05-11,271.4521484375,301.54998779296875,310.9100036621094,301.0,305.05999755859375,2320600
2022-05-12,269.52569580078125,299.4100036621094,302.8900146484375,293.8999938964844,300.0,3408300
2022-05-13,276.34918212890625,306.989990234375,309.6300048828125,303.57000732421875,303.6300048828125,2152500
2022-05-16,273.1534729003906,303.44000244140625,306.4700012207031,300.54998779296875,305.95001220703125,1568800
2022-05-17,281.73236083984375,312.9700012207031,314.32000732421875,308.1300048828125,309.8699951171875,2096200
2022-05-18,276.1150817871094,306.7300109863281,312.8599853515625,304.8800048828125,309.0,2033200
2022-05-19,277.4384460449219,308.20001220703125,309.989990234375,303.3900146484375,303.82000732421875,2108800
2022-05-20,276.1781311035156,306.79998779296875,312.5899963378906,299.4100036621094,311.260009765625,2201100
2022-05-23,285.0090026855469,316.6099853515625,321.8299865722656,311.07000732421875,312.7200012207031,2653000
2022-05-24,282.614501953125,313.95001220703125,315.79998779296875,306.42999267578125,315.3500061035156,1870900
2022-05-25,283.46966552734375,314.8999938964844,317.6000061035156,309.9800109863281,311.25,1929500
2022-05-26,291.32830810546875,323.6300048828125,325.5,317.9800109863281,318.29998779296875,2440400
2022-05-27,295.7842712402344,328.5799865722656,328.6700134277344,323.19000244140625,326.75,2106700
2022-05-31,296.02874755859375,326.8500061035156,329.7200012207031,322.6600036621094,324.010009765625,2722900
2022-06-01,291.50030517578125,321.8500061035156,329.2699890136719,315.8299865722656,327.0,2330200
2022-06-02,293.6739501953125,324.25,325.20001220703125,319.2300109863281,320.5899963378906,1957500
2022-06-03,288.6292724609375,318.67999267578125,322.5,317.5,320.8800048828125,1238900
2022-06-06,290.28668212890625,320.510009765625,325.2099914550781,319.7900085449219,323.0,1099700
2022-06-07,291.1923522949219,321.510009765625,321.8399963378906,316.6600036621094,318.2799987792969,2516800
2022-06-08,285.0064392089844,314.67999267578125,319.54998779296875,312.79998779296875,318.3399963378906,1438100
2022-06-09,275.5328063964844,304.2200012207031,314.1400146484375,304.0199890136719,313.55999755859375,2896500
2022-06-10,259.9546813964844,287.0199890136719,298.6499938964844,286.8500061035156,296.989990234375,3866900
2022-06-13,256.6036071777344,283.32000732421875,286.4200134277344,278.32000732421875,279.0,4218100
2022-06-14,255.89710998535156,282.5400085449219,289.17999267578125,281.29998779296875,284.3299865722656,2487700
2022-06-15,262.7171325683594,290.07000732421875,294.4800109863281,284.1700134277344,287.1600036621094,2725800
2022-06-16,258.1070251464844,284.9800109863281,286.1300048828125,279.1499938964844,282.67999267578125,2777300
2022-06-17,253.406494140625,279.7900085449219,286.260009765625,278.1499938964844,282.1300048828125,5234400
2022-06-21,257.9530944824219,284.80999755859375,288.07000732421875,282.9800109863281,287.7699890136719,2506300
2022-06-22,257.7085266113281,284.5400085449219,286.010009765625,281.0400085449219,282.2900085449219,2463100
2022-06-23,259.1848449707031,286.1700134277344,286.5899963378906,278.92999267578125,283.760009765625,2547000
2022-06-24,274.2013854980469,302.75,303.1300048828125,290.0,291.0,3984300
2022-06-27,272.4171447753906,300.7799987792969,304.32000732421875,298.8800048828125,303.05999755859375,2091700
2022-06-28,271.2487487792969,299.489990234375,308.9700012207031,299.17999267578125,305.8999938964844,2276600
2022-06-29,274.6813659667969,303.2799987792969,307.44000244140625,299.9100036621094,303.3699951171875,2475900
2022-06-30,269.01171875,297.0199890136719,300.3299865722656,292.2300109863281,296.5799865722656,2669500
2022-07-01,271.0133056640625,299.2300109863281,300.3299865722656,291.7200012207031,295.2699890136719,1749400
2022-07-05,269.1747741699219,297.20001220703125,297.3500061035156,288.3599853515625,293.0,2480900
2022-07-06,266.05908203125,293.760009765625,297.3399963378906,290.6000061035156,296.2699890136719,1774500
2022-07-07,270.4427185058594,298.6000061035156,299.07000732421875,293.6000061035156,297.6600036621094,2046500
2022-07-08,268.51361083984375,296.4700012207031,300.8900146484375,295.07000732421875,300.5,1438900
2022-07-11,265.5337829589844,293.17999267578125,296.5400085449219,291.8800048828125,293.20001220703125,1519400
2022-07-12,264.94512939453125,292.5299987792969,299.0799865722656,289.510009765625,289.7099914550781,1772600
2022-07-13,262.78948974609375,290.1499938964844,291.19000244140625,285.80999755859375,290.510009765625,1884100
2022-07-14,255.0366973876953,281.5899963378906,284.239990234375,277.8399963378906,284.239990234375,3171900
2022-07-15,266.15875244140625,293.8699951171875,296.42999267578125,285.1499938964844,286.5,3457600
2022-07-18,272.8518981933594,301.260009765625,311.25,298.7099914550781,305.760009765625,6767900
2022-07-19,288.0586853027344,318.04998779296875,319.1400146484375,303.5,303.5899963378906,5641100
2022-07-20,291.1380310058594,321.45001220703125,322.1700134277344,316.30999755859375,317.2799987792969,3489800
2022-07-21,295.74810791015625,326.5400085449219,327.1600036621094,319.8500061035156,320.510009765625,2518800
2022-07-22,293.38421630859375,323.92999267578125,329.04998779296875,322.19000244140625,327.1099853515625,1830300
2022-07-25,293.55621337890625,324.1199951171875,327.2900085449219,322.6000061035156,325.9700012207031,4024500
2022-07-26,288.5114440917969,318.54998779296875,324.2900085449219,317.760009765625,321.7699890136719,2054700
2022-07-27,293.9366455078125,324.5400085449219,326.3900146484375,318.3800048828125,320.2900085449219,2081900
2022-07-28,298.07568359375,329.1099853515625,329.9800109863281,321.8900146484375,325.29998779296875,1820700
2022-07-29,301.9521179199219,333.3900146484375,335.17999267578125,329.5,329.5,2112200
2022-08-01,300.765625,332.0799865722656,334.79998779296875,329.010009765625,331.7300109863281,1476500
2022-08-02,296.9617004394531,327.8800048828125,331.8299865722656,327.2200012207031,329.5,1862900
2022-08-03,301.75286865234375,333.1700134277344,335.510009765625,329.6199951171875,332.07000732421875,1770600
2022-08-04,300.5754089355469,331.8699951171875,334.29998779296875,330.6199951171875,333.2799987792969,1533400
2022-08-05,303.1114196777344,334.6700134277344,336.9100036621094,329.6700134277344,330.8999938964844,1876400
2022-08-08,303.1204528808594,334.67999267578125,338.8399963378906,334.3399963378906,337.1099853515625,1460000
2022-08-09,304.8775329589844,336.6199951171875,338.1700134277344,334.57000732421875,336.1499938964844,1587900
2022-08-10,315.1029357910156,347.9100036621094,349.70001220703125,341.3500061035156,341.3599853515625,2459500
2022-08-11,318.51739501953125,351.67999267578125,356.04998779296875,349.7799987792969,350.0,2360800
2022-08-12,320.4556579589844,353.82000732421875,354.55999755859375,350.1499938964844,353.44000244140625,2369000
2022-08-15,322.2942199707031,355.8500061035156,358.6199951171875,349.04998779296875,351.0,2045700
2022-08-16,321.4971618652344,354.9700012207031,356.4700012207031,352.0199890136719,352.989990234375,1740900
2022-08-17,320.3831481933594,353.739990234375,355.5899963378906,350.7699890136719,351.8999938964844,1576300
2022-08-18,321.0895690917969,354.5199890136719,355.1000061035156,350.8599853515625,352.6600036621094,1102200
2022-08-19,316.33465576171875,349.2699890136719,351.8599853515625,347.5,351.0,1812300
2022-08-22,310.1305847167969,342.4200134277344,344.5299987792969,340.760009765625,342.44000244140625,1723900
2022-08-23,308.101806640625,340.17999267578125,344.07000732421875,339.0299987792969,341.95001220703125,1538000
2022-08-24,309.69586181640625,341.94000244140625,344.32000732421875,338.489990234375,339.0199890136719,1530800
2022-08-25,313.8167419433594,346.489990234375,346.8599853515625,342.1099853515625,344.45001220703125,1763900
2022-08-26,304.67828369140625,336.3999938964844,348.739990234375,336.0,348.3399963378906,1703900
2022-08-29,302.4320983886719,333.9200134277344,336.3999938964844,332.010009765625,333.9200134277344,1835600
2022-08-30,302.16943359375,333.6300048828125,336.010009765625,331.17999267578125,335.0,1830300
2022-08-31,303.5748291015625,332.6700134277344,335.1400146484375,329.67999267578125,331.54998779296875,2488000
2022-09-01,304.3321838378906,333.5,333.69000244140625,324.6199951171875,329.8699951171875,1575100
2022-09-02,302.4889221191406,331.4800109863281,340.32000732421875,329.9700012207031,334.67999267578125,2215400
2022-09-06,297.9352722167969,326.489990234375,333.25,323.4599914550781,332.32000732421875,1578100
2022-09-07,301.64935302734375,330.55999755859375,332.1600036621094,323.25,324.25,1496600
2022-09-08,306.04779052734375,335.3800048828125,335.80999755859375,327.3599853515625,330.2900085449219,1755600
2022-09-09,310.35498046875,340.1000061035156,341.0299987792969,337.0299987792969,337.9800109863281,1445600
2022-09-12,312.6180419921875,342.5799865722656,344.3699951171875,340.0899963378906,341.6600036621094,1563200
2022-09-13,299.6690979003906,328.3900146484375,336.5199890136719,326.8299865722656,336.0799865722656,2242100
2022-09-14,298.637939453125,327.260009765625,330.92999267578125,323.5,328.45001220703125,1953300
2022-09-15,302.6165771484375,331.6199951171875,335.2799987792969,327.5899963378906,328.7300109863281,1489400
2022-09-16,297.67974853515625,326.2099914550781,329.0,319.7900085449219,326.3800048828125,2946800
2022-09-19,299.9154968261719,328.6600036621094,329.2900085449219,320.5400085449219,320.57000732421875,1652700
2022-09-20,294.9877014160156,323.260009765625,326.79998779296875,320.010009765625,325.70001220703125,1569900
2022-09-21,292.6607971191406,320.7099914550781,329.7900085449219,320.6300048828125,324.9200134277344,1796700
2022-09-22,285.5521240234375,312.9200134277344,323.3900146484375,311.20001220703125,322.32000732421875,2239900
2022-09-23,275.559814453125,301.9700012207031,309.7900085449219,297.4599914550781,307.54998779296875,2918500
2022-09-26,268.8526611328125,294.6199951171875,302.1000061035156,292.30999755859375,299.0,2308800
2022-09-27,265.89593505859375,291.3800048828125,299.1499938964844,288.6199951171875,297.5,2007400
2022-09-28,274.4830322265625,300.7900085449219,302.4100036621094,292.4599914550781,294.0,2289700
2022-09-29,270.2122802734375,296.1099853515625,299.3500061035156,291.54998779296875,297.07000732421875,1930800
2022-09-30,267.4198913574219,293.04998779296875,301.0899963378906,292.70001220703125,296.0,1970800
2022-10-03,272.9864196777344,299.1499938964844,301.2300109863281,291.1000061035156,297.1700134277344,1938800
2022-10-04,287.33160400390625,314.8699951171875,315.1600036621094,305.8800048828125,306.79998779296875,2399500
2022-10-05,281.9749450683594,309.0,310.2099914550781,303.6000061035156,306.5799865722656,1992800
2022-10-06,278.0235900878906,304.6700134277344,309.0799865722656,303.4200134277344,307.3900146484375,1367400
2022-10-07,274.74761962890625,301.0799865722656,305.1499938964844,299.1499938964844,304.0,1790100
2022-10-10,274.2548828125,300.5400085449219,304.7200012207031,298.42999267578125,303.6300048828125,1309600
2022-10-11,268.47845458984375,294.2099914550781,302.5199890136719,293.9200134277344,298.010009765625,2392800
2022-10-12,269.4822692871094,295.30999755859375,299.7799987792969,291.7099914550781,293.989990234375,1763800
2022-10-13,280.21380615234375,307.07000732421875,308.760009765625,287.75,290.4200134277344,2724900
2022-10-14,273.7528991699219,299.989990234375,311.6199951171875,299.07000732421875,307.4599914550781,2397600
2022-10-17,279.88525390625,306.7099914550781,311.6199951171875,304.1400146484375,304.4100036621094,3118600
2022-10-18,286.4007568359375,313.8500061035156,324.4800109863281,312.0,321.6700134277344,6428600
2022-10-19,284.4935607910156,311.760009765625,314.7900085449219,308.05999755859375,312.6099853515625,2363800
2022-10-20,283.6266784667969,310.80999755859375,316.04998779296875,309.0,312.1000061035156,2382300
2022-10-21,296.6668701171875,325.1000061035156,325.7699890136719,309.489990234375,311.0,3545700
2022-10-24,299.9520568847656,328.70001220703125,331.239990234375,325.8500061035156,328.5,2232600
2022-10-25,303.328369140625,332.3999938964844,333.6000061035156,325.9200134277344,327.8599853515625,1837700
2022-10-26,306.3306884765625,335.69000244140625,338.6700134277344,334.1400146484375,334.5199890136719,2176700
2022-10-27,307.6902770996094,337.17999267578125,341.92999267578125,336.5299987792969,339.30999755859375,1998800
2022-10-28,311.924560546875,341.82000732421875,342.5799865722656,336.0,338.5199890136719,1677100
2022-10-31,314.3792419433594,344.510009765625,346.17999267578125,340.57000732421875,341.07000732421875,2224000
2022-11-01,318.09326171875,348.5799865722656,348.69000244140625,343.7699890136719,345.1300048828125,2316600
2022-11-02,319.1974792480469,349.7900085449219,357.44000244140625,346.739990234375,347.6199951171875,3221200
2022-11-03,318.3579406738281,348.8699951171875,350.6700134277344,342.5899963378906,347.5,2515600
2022-11-04,326.6072998046875,357.9100036621094,358.3800048828125,351.2300109863281,354.0,3172700
2022-11-07,330.8506164550781,362.55999755859375,362.9599914550781,358.5199890136719,360.010009765625,2526900
2022-11-08,332.1828918457031,364.0199890136719,367.19000244140625,361.4599914550781,362.29998779296875,3501300
2022-11-09,330.3395690917969,362.0,367.1499938964844,360.8800048828125,362.95001220703125,3047200
2022-11-10,345.22314453125,378.30999755859375,380.42999267578125,369.739990234375,370.0,3790400
2022-11-11,351.4831848144531,385.1700134277344,387.0,378.75,380.0,3409100
2022-11-14,348.9189147949219,382.3599853515625,387.29998779296875,380.5,384.0,2609100
2022-11-15,349.3934326171875,382.8800048828125,389.5799865722656,380.6499938964844,385.9800109863281,3192400
2022-11-16,348.89154052734375,382.3299865722656,385.3999938964844,380.010009765625,383.2099914550781,2303700
2022-11-17,346.5645446777344,379.7799987792969,381.7200012207031,375.010009765625,377.1499938964844,2297600
2022-11-18,346.0352783203125,379.20001220703125,382.8299865722656,377.3900146484375,381.2799987792969,2384500
2022-11-21,346.9569396972656,380.2099914550781,380.7699890136719,375.4200134277344,378.8999938964844,1877500
2022-11-22,350.296875,383.8699951171875,385.8299865722656,381.3999938964844,381.3999938964844,2019400
2022-11-23,352.46868896484375,386.25,388.20001220703125,383.4100036621094,383.8999938964844,1865400
2022-11-25,354.8504638671875,388.8599853515625,389.44000244140625,385.17999267578125,385.760009765625,1129300
2022-11-28,348.9189147949219,382.3599853515625,388.3900146484375,380.8900146484375,385.42999267578125,2232200
2022-11-29,350.1507568359375,383.7099914550781,384.92999267578125,379.260009765625,381.1300048828125,1746900
2022-11-30,354.6883239746094,386.1499938964844,386.1499938964844,375.1000061035156,382.5,2964100
2022-12-01,352.5389709472656,383.80999755859375,386.5,380.45001220703125,386.5,1706300
2022-12-02,349.5721435546875,380.5799865722656,382.5199890136719,378.3999938964844,381.5199890136719,1932300
2022-12-05,341.2686767578125,371.5400085449219,378.8699951171875,369.30999755859375,378.54998779296875,2329600
2022-12-06,333.34185791015625,362.9100036621094,370.3699951171875,360.3299865722656,369.4800109863281,3081900
2022-12-07,330.5954284667969,359.9200134277344,365.29998779296875,358.1499938964844,362.489990234375,2128200
2022-12-08,328.9052734375,358.0799865722656,362.5899963378906,356.05999755859375,362.0299987792969,1967800
2022-12-09,329.8789978027344,359.1400146484375,361.6400146484375,356.2099914550781,356.7099914550781,1588800
2022-12-12,333.58984375,363.17999267578125,364.010009765625,356.3399963378906,358.57000732421875,1750400
2022-12-13,338.65087890625,368.69000244140625,378.55999755859375,365.510009765625,374.6300048828125,3062600
2022-12-14,331.0179443359375,360.3800048828125,368.8299865722656,359.45001220703125,367.010009765625,2519700
2022-12-15,321.3275451660156,349.8299865722656,356.1099853515625,347.94000244140625,354.4800109863281,3163700
2022-12-16,318.1311340332031,346.3500061035156,347.7799987792969,343.4100036621094,345.0799865722656,5008800
2022-12-19,316.5328369140625,344.6099853515625,348.3999938964844,342.6300048828125,346.2699890136719,1646700
2022-12-20,316.422607421875,344.489990234375,347.4200134277344,343.489990234375,345.989990234375,1623000
2022-12-21,321.63067626953125,350.1600036621094,350.8800048828125,346.8900146484375,348.260009765625,1923100
2022-12-22,317.423828125,345.5799865722656,348.04998779296875,339.8800048828125,347.1600036621094,1528900
2022-12-23,317.3594970703125,345.510009765625,347.760009765625,343.1099853515625,344.8399963378906,1062000
2022-12-27,314.10791015625,341.9700012207031,347.75,341.7900085449219,346.510009765625,1035000
2022-12-28,313.0975341796875,340.8699951171875,342.8500061035156,339.29998779296875,340.5,1117200
2022-12-29,315.4490051269531,343.42999267578125,344.6400146484375,341.239990234375,342.44000244140625,1273600
2022-12-30,315.4030456542969,343.3800048828125,343.69000244140625,339.3999938964844,341.739990234375,1031400
2023-01-03,318.01171875,346.2200012207031,348.6000061035156,342.80999755859375,345.5,1589700
2023-01-04,319.3710021972656,347.70001220703125,350.30999755859375,345.0799865722656,348.0299987792969,1881000
2023-01-05,315.7520446777344,343.760009765625,345.1400146484375,340.1400146484375,344.25,1397800
2023-01-06,319.72015380859375,348.0799865722656,349.0,340.95001220703125,347.29998779296875,3097800
2023-01-09,324.2392272949219,353.0,356.5,349.5,351.8800048828125,1989000
2023-01-10,328.2440185546875,357.3599853515625,357.5,350.5,352.6400146484375,1610100
2023-01-11,334.7839050292969,364.4800109863281,365.5,356.2099914550781,358.8699951171875,2127000
2023-01-12,339.7990417480469,369.94000244140625,370.1000061035156,362.57000732421875,366.239990234375,2103100
2023-01-13,343.52825927734375,374.0,374.3500061035156,362.3599853515625,363.489990234375,3310200
2023-01-17,321.4101867675781,349.9200134277344,366.7900085449219,344.0,364.79998779296875,14448300
2023-01-18,320.6477966308594,349.0899963378906,354.7900085449219,347.79998779296875,348.32000732421875,5585200
2023-01-19,322.172607421875,350.75,352.1600036621094,345.5199890136719,346.0299987792969,3100400
2023-01-20,313.9884948730469,341.8399963378906,352.25,338.2099914550781,349.8699951171875,11247200
2023-01-23,320.6937255859375,349.1400146484375,349.55999755859375,336.1600036621094,341.6700134277344,4915700
2023-01-24,319.94970703125,348.3299865722656,350.29998779296875,340.0,340.0,2372000
2023-01-25,321.1438293457031,349.6300048828125,349.9599914550781,343.8999938964844,344.75,1985200
2023-01-26,326.0487060546875,354.9700012207031,355.0,349.5199890136719,351.7300109863281,1919200
2023-01-27,324.88226318359375,353.70001220703125,355.989990234375,351.8299865722656,351.95001220703125,2427400
2023-01-30,328.3358459472656,357.4599914550781,362.3299865722656,352.3999938964844,353.2900085449219,3184500
2023-01-31,336.00555419921875,365.80999755859375,365.9200134277344,356.8599853515625,359.1600036621094,2311500
2023-02-01,335.9136962890625,365.7099914550781,368.94000244140625,358.760009765625,359.1000061035156,2889400
2023-02-02,339.3674011230469,369.4700012207031,372.8900146484375,364.54998779296875,368.0,2619600
2023-02-03,339.8082580566406,369.95001220703125,374.57000732421875,365.44000244140625,365.6199951171875,2243100
2023-02-06,340.5889587402344,370.79998779296875,371.260009765625,365.7799987792969,369.0,1816200
2023-02-07,343.8956604003906,374.3999938964844,376.30999755859375,367.3399963378906,368.1700134277344,2205500
2023-02-08,344.5386962890625,375.1000061035156,378.3500061035156,371.9800109863281,372.9200134277344,1893200
2023-02-09,338.0079345703125,367.989990234375,379.67999267578125,367.79998779296875,377.0400085449219,2052500
2023-02-10,341.02984619140625,371.2799987792969,372.2300109863281,364.55999755859375,367.0,1933400
2023-02-13,343.54669189453125,374.0199890136719,375.05999755859375,368.0,369.0899963378906,1570600
2023-02-14,341.48919677734375,371.7799987792969,377.04998779296875,369.3800048828125,373.94000244140625,2155500
2023-02-15,343.840576171875,374.3399963378906,374.3699951171875,368.25,368.739990234375,1687200
2023-02-16,340.0379333496094,370.20001220703125,374.25,368.79998779296875,370.75,1947800
2023-02-17,338.4763488769531,368.5,371.05999755859375,366.8599853515625,368.04998779296875,1857300
2023-02-21,331.6976623535156,361.1199951171875,366.7200012207031,360.0899963378906,366.7200012207031,2403000
2023-02-22,331.4864196777344,360.8900146484375,363.0,358.0400085449219,361.6300048828125,2203800
2023-02-23,333.9205322265625,363.5400085449219,367.8800048828125,359.6099853515625,363.20001220703125,1931400
2023-02-24,334.205322265625,363.8500061035156,365.17999267578125,359.5299987792969,360.1700134277344,2428600
2023-02-27,335.7484130859375,365.5299987792969,370.29998779296875,364.510009765625,368.2200012207031,2842400
2023-02-28,322.9992370605469,351.6499938964844,366.010009765625,351.3299865722656,366.0,4945600
2023-03-01,320.29791259765625,346.2300109863281,352.5400085449219,345.9599914550781,349.3900146484375,2717400
2023-03-02,322.9529724121094,349.1000061035156,349.7799987792969,340.489990234375,343.989990234375,3259800
2023-03-03,330.3445129394531,357.0899963378906,357.7699890136719,349.55999755859375,350.6400146484375,2396200
2023-03-06,330.3076171875,357.04998779296875,358.8599853515625,353.7300109863281,358.05999755859375,1614200
2023-03-07,320.1591796875,346.0799865722656,356.20001220703125,345.6300048828125,355.54998779296875,2048500
2023-03-08,323.12872314453125,349.2900085449219,349.69000244140625,345.1700134277344,346.19000244140625,1584600
2023-03-09,316.4680480957031,342.0899963378906,354.2900085449219,341.04998779296875,349.20001220703125,3177800
2023-03-10,303.1280822753906,327.6700134277344,339.92999267578125,326.0299987792969,338.8699951171875,4559700
2023-03-13,291.87884521484375,315.510009765625,326.1099853515625,314.5400085449219,319.6700134277344,5660700
2023-03-14,298.021484375,322.1499938964844,326.3800048828125,318.95001220703125,324.7699890136719,3785900
2023-03-15,288.8074951171875,312.19000244140625,312.510009765625,304.4100036621094,310.7699890136719,6596700
2023-03-16,291.4903259277344,315.0899963378906,318.32000732421875,304.9200134277344,309.0,4399100
2023-03-17,280.8053894042969,303.5400085449219,310.3999938964844,301.8699951171875,310.0899963378906,6369800
2023-03-20,286.3466491699219,309.5299987792969,312.20001220703125,306.260009765625,306.7799987792969,3963700
2023-03-21,293.51629638671875,317.2799987792969,320.32000732421875,315.3500061035156,317.6199951171875,3242400
2023-03-22,290.1766357421875,313.6700134277344,322.2200012207031,313.489990234375,317.2799987792969,2505900
2023-03-23,291.26824951171875,314.8500061035156,321.3599853515625,312.6400146484375,315.2099914550781,2585900
2023-03-24,289.1590270996094,312.57000732421875,312.75,305.3599853515625,310.1499938964844,2456700
2023-03-27,294.67266845703125,318.5299987792969,320.8999938964844,317.1700134277344,318.6199951171875,2300600
2023-03-28,294.58935546875,318.44000244140625,320.6099853515625,316.1199951171875,319.0899963378906,1224300
2023-03-29,296.6986083984375,320.7200012207031,322.7099914550781,318.67999267578125,322.5,1475900
2023-03-30,297.0871887207031,321.1400146484375,324.8699951171875,319.8800048828125,324.55999755859375,1456300
2023-03-31,302.6099548339844,327.1099853515625,327.3299865722656,322.4200134277344,323.4700012207031,2281100
2023-04-03,302.0641784667969,326.5199890136719,328.9800109863281,323.1499938964844,326.1400146484375,1808800
2023-04-04,298.4841003417969,322.6499938964844,326.8699951171875,320.1199951171875,326.82000732421875,1536800
2023-04-05,297.44793701171875,321.5299987792969,322.20001220703125,319.3699951171875,319.6199951171875,1329300
2023-04-06,298.2528076171875,322.3999938964844,323.2300109863281,319.9800109863281,320.3800048828125,1311000
2023-04-10,300.62103271484375,324.9599914550781,324.989990234375,321.30999755859375,322.3999938964844,1114400
2023-04-11,302.8505554199219,327.3699951171875,329.20001220703125,323.6700134277344,326.04998779296875,1559600
2023-04-12,305.50555419921875,330.239990234375,332.07000732421875,327.17999267578125,331.7200012207031,1862400
2023-04-13,307.2540588378906,332.1300048828125,332.94000244140625,327.0,330.0799865722656,1765500
2023-04-14,311.6852722167969,336.9200134277344,339.6300048828125,334.32000732421875,336.5299987792969,2275700
2023-04-17,314.238525390625,339.67999267578125,340.45001220703125,333.67999267578125,336.0,3012100
2023-04-18,308.9006652832031,333.9100036621094,336.54998779296875,326.1300048828125,328.0,7549500
2023-04-19,311.6575012207031,336.8900146484375,336.989990234375,331.6700134277344,332.9800109863281,2625400
2023-04-20,313.3412170410156,338.7099914550781,339.30999755859375,334.32000732421875,334.95001220703125,2217900
2023-04-21,316.0702209472656,341.6600036621094,342.3599853515625,336.0,339.0,2278900
2023-04-24,318.19793701171875,343.9599914550781,345.05999755859375,341.5299987792969,341.989990234375,1966300
2023-04-25,314.0534973144531,339.4800109863281,343.4700012207031,338.3299865722656,341.0,2138200
2023-04-26,311.3521728515625,336.55999755859375,340.6000061035156,334.6400146484375,337.5799865722656,2041900
2023-04-27,316.0146789550781,341.6000061035156,343.3599853515625,338.760009765625,340.1400146484375,1768200
2023-04-28,317.7169189453125,343.44000244140625,344.1000061035156,339.70001220703125,340.04998779296875,1714100
2023-05-01,315.0618896484375,340.57000732421875,347.4599914550781,340.3699951171875,344.04998779296875,1375000
2023-05-02,308.4012145996094,333.3699951171875,339.8900146484375,330.0,339.010009765625,2397600
2023-05-03,304.03466796875,328.6499938964844,334.8299865722656,328.25,332.3599853515625,1825400
2023-05-04,297.1981506347656,321.260009765625,326.9800109863281,318.55999755859375,325.95001220703125,2965100
2023-05-05,302.5267333984375,327.0199890136719,327.8699951171875,322.4200134277344,325.05999755859375,2413400
2023-05-08,302.05499267578125,326.510009765625,330.29998779296875,325.6700134277344,329.6400146484375,1607300
2023-05-09,300.44525146484375,324.7699890136719,327.17999267578125,323.29998779296875,325.0400085449219,1253300
2023-05-10,298.3915100097656,322.54998779296875,329.9200134277344,319.0799865722656,329.9200134277344,1752200
2023-05-11,296.6986083984375,320.7200012207031,321.94000244140625,318.17999267578125,319.6600036621094,1515200
2023-05-12,295.5699462890625,319.5,323.2200012207031,317.32000732421875,322.0400085449219,1099100
2023-05-15,297.94744873046875,322.07000732421875,323.25,318.05999755859375,320.4200134277344,1178200
2023-05-16,296.7818908691406,320.80999755859375,323.07000732421875,320.5,322.5,1618900
2023-05-17,305.4501037597656,330.17999267578125,330.3900146484375,322.6600036621094,322.6600036621094,2098100
2023-05-18,304.89501953125,329.5799865722656,330.6000061035156,325.6600036621094,330.0,1645400
2023-05-19,301.721923828125,326.1499938964844,331.95001220703125,324.7900085449219,330.0,1546100
2023-05-22,300.5841369628906,324.9200134277344,327.3399963378906,322.42999267578125,326.1499938964844,1498900
2023-05-23,299.3351135253906,323.57000732421875,327.1400146484375,322.80999755859375,323.6000061035156,1550900
2023-05-24,295.8567810058594,319.80999755859375,321.8999938964844,318.79998779296875,320.3900146484375,1439100
2023-05-25,299.6219177246094,323.8800048828125,325.17999267578125,318.79998779296875,318.9200134277344,1618500
2023-05-26,307.1429748535156,332.010009765625,332.8699951171875,324.0,324.7200012207031,2718700
2023-05-30,306.0513610839844,330.8299865722656,332.5299987792969,327.7300109863281,332.0799865722656,1998600
2023-05-31,301.9219665527344,323.8999938964844,327.25,321.82000732421875,326.07000732421875,2938000
2023-06-01,294.930908203125,316.3999938964844,324.67999267578125,314.0199890136719,324.510009765625,3339700
2023-06-02,301.68902587890625,323.6499938964844,325.2699890136719,317.04998779296875,318.239990234375,3987700
2023-06-05,299.9737854003906,321.80999755859375,323.489990234375,320.32000732421875,322.92999267578125,1462900
2023-06-06,304.6251525878906,326.79998779296875,328.07000732421875,321.3999938964844,322.42999267578125,1495600
2023-06-07,312.9678955078125,335.75,337.8399963378906,326.32000732421875,327.6400146484375,3382700
2023-06-08,312.7069091796875,335.4700012207031,336.3299865722656,331.3399963378906,335.3599853515625,2009500
2023-06-09,313.2195739746094,336.0199890136719,336.20001220703125,332.5400085449219,335.2099914550781,1702100
2023-06-12,316.45416259765625,339.489990234375,340.0899963378906,336.3500061035156,338.44000244140625,2290800
2023-06-13,319.2599182128906,342.5,345.2799987792969,339.45001220703125,340.20001220703125,1772400
2023-06-14,315.4567565917969,338.4200134277344,347.7300109863281,337.2300109863281,344.7799987792969,1819400
2023-06-15,316.6871643066406,339.739990234375,344.0,335.70001220703125,337.32000732421875,3322700
2023-06-16,315.3542175292969,338.30999755859375,341.3999938964844,337.1099853515625,341.3800048828125,4544900
2023-06-20,308.2791748046875,330.7200012207031,335.3800048828125,329.2300109863281,335.32000732421875,3208100
2023-06-21,303.0125732421875,325.07000732421875,330.0,324.9200134277344,328.45001220703125,2158700
2023-06-22,297.89508056640625,319.5799865722656,324.260009765625,319.010009765625,323.69000244140625,2409100
2023-06-23,293.3555603027344,314.7099914550781,317.7099914550781,314.07000732421875,316.55999755859375,2612000
2023-06-26,291.16497802734375,312.3599853515625,316.6400146484375,312.1700134277344,315.1300048828125,2481000
2023-06-27,292.1810302734375,313.45001220703125,315.67999267578125,310.55999755859375,312.4100036621094,2156800
2023-06-28,292.37677001953125,313.6600036621094,314.8999938964844,310.69000244140625,311.7200012207031,2423500
2023-06-29,301.16693115234375,323.0899963378906,325.5,316.25,317.8500061035156,3553600
2023-06-30,300.6542663574219,322.5400085449219,326.0299987792969,322.45001220703125,325.82000732421875,2361800
2023-07-03,304.4480895996094,326.6099853515625,329.3999938964844,322.4100036621094,322.4100036621094,1106800
2023-07-05,298.3331604003906,320.04998779296875,324.6099853515625,319.6300048828125,323.95001220703125,2561000
2023-07-06,291.7615661621094,313.0,318.6400146484375,312.8399963378906,318.0,2896900
2023-07-07,293.7843933105469,315.1700134277344,317.3699951171875,312.70001220703125,313.20001220703125,2903100
2023-07-10,294.9961242675781,316.4700012207031,320.0799865722656,316.0,316.6700134277344,1775800
2023-07-11,299.1069030761719,320.8800048828125,321.0400085449219,314.5799865722656,318.8299865722656,2041700
2023-07-12,304.2523498535156,326.3999938964844,333.3500061035156,324.25,324.5799865722656,2741300
2023-07-13,306.3776550292969,328.67999267578125,329.2799987792969,325.69000244140625,327.3500061035156,2787800
2023-07-14,304.05657958984375,326.19000244140625,332.4800109863281,325.0199890136719,331.989990234375,1815200
2023-07-17,304.99810791015625,327.20001220703125,327.489990234375,324.3599853515625,325.8900146484375,1777400
2023-07-18,314.3847351074219,337.2699890136719,338.25,327.29998779296875,327.29998779296875,3887400
2023-07-19,317.4422302246094,340.54998779296875,345.8800048828125,331.29998779296875,338.0,6037400
2023-07-20,327.0525817871094,350.8599853515625,351.67999267578125,339.1600036621094,339.1600036621094,3915000
2023-07-21,328.0779724121094,351.9599914550781,355.0799865722656,346.7799987792969,351.7799987792969,3217400
2023-07-24,334.57501220703125,358.92999267578125,361.6199951171875,352.0,352.8299865722656,3517500
2023-07-25,330.632080078125,354.70001220703125,360.82000732421875,353.9800109863281,357.4200134277344,2893000
2023-07-26,333.29803466796875,357.55999755859375,360.260009765625,354.2799987792969,354.489990234375,2281600
2023-07-27,330.4549560546875,354.510009765625,360.5400085449219,354.1700134277344,358.1300048828125,2010800
2023-07-28,329.26177978515625,353.2300109863281,356.5,351.6099853515625,356.1099853515625,1827400
2023-07-31,331.72265625,355.8699951171875,357.20001220703125,354.0199890136719,354.8800048828125,1385500
2023-08-01,333.4471435546875,357.7200012207031,357.8699951171875,353.3900146484375,354.0,2024300
2023-08-02,327.2763366699219,351.1000061035156,354.989990234375,348.8699951171875,354.989990234375,2106600
2023-08-03,329.196533203125,353.1600036621094,355.2099914550781,348.6199951171875,349.989990234375,1840400
2023-08-04,329.25250244140625,353.2200012207031,358.7300109863281,352.510009765625,353.3399963378906,1725300
2023-08-07,331.43365478515625,355.55999755859375,357.6700134277344,353.9200134277344,355.3999938964844,1260300
2023-08-08,324.6290588378906,348.260009765625,352.0,342.0299987792969,351.70001220703125,1917300
2023-08-09,319.4369812011719,342.69000244140625,348.4599914550781,342.489990234375,346.82000732421875,1326000
2023-08-10,317.3023986816406,340.3999938964844,347.260009765625,339.79998779296875,344.07000732421875,1345900
2023-08-11,317.6100158691406,340.7300109863281,341.7900085449219,337.54998779296875,339.92999267578125,1256800
2023-08-14,314.8228759765625,337.739990234375,338.45001220703125,334.8599853515625,337.4100036621094,1347000
2023-08-15,309.6680908203125,332.2099914550781,334.0299987792969,330.4800109863281,333.29998779296875,1657800
2023-08-16,306.7784423828125,329.1099853515625,332.9200134277344,328.9700012207031,330.5400085449219,3340300
2023-08-17,305.2963562011719,327.5199890136719,333.989990234375,324.0,330.0,3135200
2023-08-18,302.8820495605469,324.92999267578125,327.6199951171875,323.20001220703125,324.32000732421875,1730500
2023-08-21,300.2068786621094,322.05999755859375,326.3900146484375,319.3900146484375,325.3900146484375,1983500
2023-08-22,297.15875244140625,318.7900085449219,322.6400146484375,318.30999755859375,322.4800109863281,1810300
2023-08-23,300.45849609375,322.3299865722656,322.45001220703125,318.0,320.6199951171875,1429000
2023-08-24,298.2492980957031,319.9599914550781,327.489990234375,319.510009765625,322.1499938964844,1185600
2023-08-25,298.4264221191406,320.1499938964844,322.7200012207031,318.19000244140625,320.79998779296875,1159600
2023-08-28,303.8515625,325.9700012207031,326.6000061035156,321.3399963378906,321.3399963378906,1440100
2023-08-29,309.9850769042969,332.54998779296875,332.70001220703125,324.67999267578125,325.55999755859375,1831700
2023-08-30,308.83831787109375,328.5799865722656,331.9100036621094,327.6499938964844,330.0,1131500
2023-08-31,308.02056884765625,327.7099914550781,330.489990234375,325.9599914550781,329.4100036621094,1271100
2023-09-01,307.7291564941406,327.3999938964844,331.6199951171875,326.2099914550781,329.6700134277344,1201400
2023-09-05,304.2985534667969,323.75,328.4800109863281,322.6300048828125,327.3399963378906,1846000
2023-09-06,301.8359375,321.1300048828125,324.1400146484375,319.30999755859375,322.30999755859375,2120800
2023-09-07,302.6160888671875,321.9599914550781,324.2200012207031,320.1300048828125,320.6199951171875,1471100
2023-09-08,305.9621887207031,325.5199890136719,325.9700012207031,321.6600036621094,321.9200134277344,2026400
2023-09-11,305.1444396972656,324.6499938964844,330.1499938964844,324.2900085449219,328.260009765625,1283100
2023-09-12,311.0189208984375,330.8999938964844,335.2799987792969,324.0,324.010009765625,2054700
2023-09-13,314.8538513183594,334.9800109863281,337.010009765625,330.82000732421875,333.5,2165000
2023-09-14,323.8676452636719,344.57000732421875,345.1199951171875,336.8500061035156,339.0,2822700
2023-09-15,321.9595947265625,342.5400085449219,346.19000244140625,341.8599853515625,345.1499938964844,3063900
2023-09-18,322.6927185058594,343.32000732421875,344.260009765625,339.2699890136719,342.5400085449219,1356600
2023-09-19,321.3486328125,341.8900146484375,344.9700012207031,337.9700012207031,343.4599914550781,1660200
2023-09-20,316.470458984375,336.70001220703125,343.79998779296875,336.2900085449219,342.6099853515625,1224400
2023-09-21,310.3985595703125,330.239990234375,334.69000244140625,330.0799865722656,334.5,1685100
2023-09-22,308.18988037109375,327.8900146484375,331.5400085449219,326.8299865722656,330.1000061035156,1669100
2023-09-25,309.08270263671875,328.8399963378906,329.2900085449219,325.2799987792969,327.07000732421875,833300
2023-09-26,304.3643493652344,323.82000732421875,327.42999267578125,322.4200134277344,325.6099853515625,1481800
2023-09-27,302.6067199707031,321.95001220703125,325.0,318.9800109863281,324.9800109863281,1493000
2023-09-28,305.66143798828125,325.20001220703125,326.8399963378906,320.2099914550781,320.2099914550781,1389600
2023-09-29,304.1293640136719,323.57000732421875,327.9599914550781,322.2699890136719,327.20001220703125,1403900
2023-10-02,299.3639221191406,318.5,323.5799865722656,317.1000061035156,322.0299987792969,1303800
2023-10-03,287.727783203125,306.1199951171875,315.67999267578125,304.3900146484375,315.2699890136719,3118600
2023-10-04,290.0588073730469,308.6000061035156,309.05999755859375,303.4800109863281,304.8500061035156,1872000
2023-10-05,291.84466552734375,310.5,310.54998779296875,304.2099914550781,307.3599853515625,1584600
2023-10-06,293.7056884765625,312.4800109863281,315.32000732421875,307.1700134277344,308.1099853515625,1595100
2023-10-09,293.82781982421875,312.6099853515625,313.4800109863281,308.3699951171875,308.8999938964844,1094400
2023-10-10,295.8580627441406,314.7699890136719,316.8500061035156,312.2900085449219,314.4700012207031,1193800
2023-10-11,294.21319580078125,313.0199890136719,316.6300048828125,311.6000061035156,315.42999267578125,1672500
2023-10-12,291.233642578125,309.8500061035156,314.25,308.0199890136719,314.1499938964844,1727700
2023-10-13,290.7167053222656,309.29998779296875,316.17999267578125,308.1700134277344,312.0,1785200
2023-10-16,295.5008850097656,314.3900146484375,315.8999938964844,310.25,313.17999267578125,2273900
2023-10-17,290.77313232421875,309.3599853515625,316.17999267578125,305.9100036621094,313.3800048828125,4123000
2023-10-18,283.81768798828125,301.9599914550781,307.2200012207031,301.4800109863281,307.0,3460300
2023-10-19,281.214111328125,299.19000244140625,305.3399963378906,298.6300048828125,301.9599914550781,3211800
2023-10-20,282.0224609375,300.04998779296875,303.25,298.1000061035156,298.5,2329000
2023-10-23,281.2423400878906,299.2200012207031,303.54998779296875,298.19000244140625,298.2900085449219,2959800
2023-10-24,281.2047119140625,299.17999267578125,303.1000061035156,299.0799865722656,300.0,1697100
2023-10-25,278.93011474609375,296.760009765625,300.0,295.0299987792969,298.6000061035156,1809300
2023-10-26,279.1462707519531,296.989990234375,300.1400146484375,294.7799987792969,296.9599914550781,2011200
2023-10-27,272.4917297363281,289.9100036621094,298.2699890136719,289.3599853515625,297.54998779296875,2601700
2023-10-30,282.755615234375,300.8299865722656,301.80999755859375,293.2900085449219,293.45001220703125,3065200
2023-10-31,285.3685302734375,303.6099853515625,304.2900085449219,300.70001220703125,301.67999267578125,2611000
2023-11-01,288.7052307128906,307.1600036621094,308.25,302.8399963378906,303.3299865722656,2345400
2023-11-02,294.9087219238281,313.760009765625,314.5400085449219,308.0,309.69000244140625,2597000
2023-11-03,307.93597412109375,327.6199951171875,329.3299865722656,317.92999267578125,318.4599914550781,3742000
2023-11-06,304.4489440917969,323.9100036621094,328.8999938964844,322.1000061035156,326.6600036621094,2087600
2023-11-07,304.48651123046875,323.95001220703125,326.3900146484375,321.2900085449219,322.1300048828125,1505000
2023-11-08,305.0599060058594,324.55999755859375,326.6600036621094,323.6700134277344,323.95001220703125,1484400
2023-11-09,301.5069885253906,320.7799987792969,326.6499938964844,319.6600036621094,326.0,1787900
2023-11-10,305.9527893066406,325.510009765625,326.05999755859375,321.6499938964844,323.32000732421875,1781400
2023-11-13,307.2686767578125,326.9100036621094,328.7200012207031,323.5299987792969,324.1600036621094,1403300
2023-11-14,318.3691101074219,338.7200012207031,341.7799987792969,332.4700012207031,333.5299987792969,3592700
2023-11-15,317.3164367675781,337.6000061035156,341.0799865722656,335.3399963378906,339.8999938964844,2534500
2023-11-16,316.44232177734375,336.6700134277344,339.75,335.010009765625,337.760009765625,1620400
2023-11-17,318.8108825683594,339.19000244140625,340.45001220703125,338.1199951171875,339.5,1465200
2023-11-20,319.0552978515625,339.45001220703125,341.32000732421875,337.5,340.0,3146000
2023-11-21,314.84442138671875,334.9700012207031,339.0899963378906,334.54998779296875,338.3599853515625,1900900
2023-11-22,318.2939147949219,338.6400146484375,338.9100036621094,335.3699951171875,336.94000244140625,1235200
2023-11-24,318.7733154296875,339.1499938964844,340.2699890136719,337.6400146484375,338.79998779296875,460100
2023-11-27,317.4198303222656,337.7099914550781,340.0199890136719,335.739990234375,339.19000244140625,1250500
2023-11-28,317.36334228515625,337.6499938964844,338.3999938964844,334.8699951171875,337.3800048828125,1419000
2023-11-29,322.44268798828125,340.260009765625,343.5299987792969,336.510009765625,337.0,2038100
2023-11-30,323.65570068359375,341.5400085449219,344.760009765625,340.0899963378906,341.67999267578125,1903600
2023-12-01,330.18487548828125,348.42999267578125,348.8900146484375,340.4200134277344,341.4599914550781,3623300
2023-12-04,331.0946960449219,349.3900146484375,350.489990234375,345.2900085449219,346.29998779296875,2178100
2023-12-05,323.854736328125,341.75,346.8299865722656,340.5400085449219,346.6000061035156,2429700
2023-12-06,324.06317138671875,341.9700012207031,347.0,341.6000061035156,343.510009765625,1869300
2023-12-07,326.5744323730469,344.6199951171875,344.69000244140625,342.0,343.7099914550781,2162400
2023-12-08,332.459228515625,350.8299865722656,352.2900085449219,343.7799987792969,344.30999755859375,2238800
2023-12-11,333.3406066894531,351.760009765625,353.0299987792969,349.04998779296875,351.44000244140625,1636000
2023-12-12,334.14605712890625,352.6099853515625,354.0,349.5799865722656,351.4100036621094,1597600
2023-12-13,343.7361145019531,362.7300109863281,362.8500061035156,351.6000061035156,352.94000244140625,2876500
2023-12-14,363.3901062011719,383.4700012207031,386.20001220703125,365.0,366.5,5376300
2023-12-15,360.58514404296875,380.510009765625,385.8999938964844,379.32000732421875,380.19000244140625,4522300
2023-12-18,356.6903076171875,376.3999938964844,382.760009765625,375.9100036621094,381.260009765625,2740900
2023-12-19,362.4234924316406,382.45001220703125,383.7699890136719,374.54998779296875,376.010009765625,2091800
2023-12-20,357.7516174316406,377.5199890136719,385.1300048828125,377.25,380.7300109863281,1836500
2023-12-21,360.6419372558594,380.57000732421875,381.489990234375,377.010009765625,380.04998779296875,1301600
2023-12-22,360.7177734375,380.6499938964844,383.489990234375,379.4100036621094,382.0,1538200
2023-12-26,361.6274719238281,381.6099853515625,382.6099853515625,380.04998779296875,380.6499938964844,837300
2023-12-27,364.3472595214844,384.4800109863281,385.75,380.30999755859375,381.20001220703125,1367200
2023-12-28,366.1761474609375,386.4100036621094,387.760009765625,383.6300048828125,384.5199890136719,1024700
2023-12-29,365.56964111328125,385.7699890136719,386.6400146484375,383.57000732421875,385.57000732421875,881300
2024-01-02,367.96722412109375,388.29998779296875,389.1400146484375,382.19000244140625,383.0,2263100
2024-01-03,361.7980651855469,381.7900085449219,385.3999938964844,376.760009765625,383.8800048828125,2265300
2024-01-04,362.8973388671875,382.95001220703125,387.0899963378906,381.95001220703125,383.54998779296875,1618300
2024-01-05,366.2045593261719,386.44000244140625,389.4700012207031,381.0799865722656,381.9200134277344,2913900
2024-01-08,368.4978332519531,388.8599853515625,389.0799865722656,382.0299987792969,385.9700012207031,1902600
2024-01-09,363.64593505859375,383.739990234375,385.95001220703125,381.7699890136719,384.6000061035156,1708800
2024-01-10,361.95916748046875,381.9599914550781,383.04998779296875,378.5299987792969,381.3500061035156,1547300
2024-01-11,359.8648681640625,379.75,380.9800109863281,374.67999267578125,380.8900146484375,2209900
2024-01-12,357.9696350097656,377.75,385.8500061035156,376.5799865722656,383.3399963378906,2223800
2024-01-16,360.5282897949219,380.45001220703125,385.010009765625,374.32000732421875,378.3599853515625,3926600
2024-01-17,357.4294738769531,377.17999267578125,380.20001220703125,374.1300048828125,375.20001220703125,2415100
2024-01-18,357.173583984375,376.9100036621094,381.6400146484375,374.55999755859375,380.3299865722656,1771200
2024-01-19,362.18658447265625,382.20001220703125,383.29998779296875,372.07000732421875,376.7300109863281,2603300
2024-01-22,365.74969482421875,385.9599914550781,392.7300109863281,384.55999755859375,386.3599853515625,2922700
2024-01-23,360.8314514160156,380.7699890136719,383.3599853515625,378.6300048828125,379.9800109863281,3313300
2024-01-24,359.5331726074219,379.3999938964844,384.6099853515625,379.17999267578125,381.80999755859375,2235800
2024-01-25,362.6604309082031,382.70001220703125,386.7099914550781,382.010009765625,382.69000244140625,2376300
2024-01-26,358.0075378417969,377.7900085449219,380.8999938964844,376.75,378.6499938964844,3464700
2024-01-29,360.6324462890625,380.55999755859375,380.8399963378906,374.239990234375,375.8900146484375,1632300
2024-01-30,366.6120910644531,386.8699951171875,387.9200134277344,381.5899963378906,384.0,3897900
2024-01-31,363.9018249511719,384.010009765625,393.9100036621094,383.70001220703125,386.0,3421100
2024-02-01,363.7502136230469,383.8500061035156,389.5400085449219,378.79998779296875,384.42999267578125,2138500
2024-02-02,367.55023193359375,387.8599853515625,388.739990234375,380.6000061035156,381.79998779296875,2180900
2024-02-05,362.9636535644531,383.0199890136719,385.3299865722656,381.0,384.6000061035156,2231100
2024-02-06,364.8304748535156,384.989990234375,386.82000732421875,383.0,383.0199890136719,1487800
2024-02-07,366.4131164550781,386.6600036621094,387.07000732421875,382.5,385.30999755859375,1963200
2024-02-08,364.8778991699219,385.0400085449219,388.1099853515625,381.3399963378906,386.0,1913700
2024-02-09,364.1387634277344,384.260009765625,386.1300048828125,382.5899963378906,384.7699890136719,2028200
2024-02-12,372.08001708984375,392.6400146484375,396.3500061035156,384.32000732421875,385.0,2797200
2024-02-13,358.9172668457031,378.75,389.1600036621094,375.20001220703125,387.5899963378906,3030800
2024-02-14,358.2444152832031,378.0400085449219,381.4800109863281,375.7799987792969,380.8800048828125,2041300
2024-02-15,365.23797607421875,385.4200134277344,387.2099914550781,379.1400146484375,379.4200134277344,2218900
2024-02-16,364.309326171875,384.44000244140625,387.5799865722656,380.95001220703125,383.239990234375,2376800
2024-02-20,364.38507080078125,384.5199890136719,385.5799865722656,380.8500061035156,380.95001220703125,2358900
2024-02-21,367.938720703125,388.2699890136719,388.6600036621094,381.260009765625,381.8399963378906,1772500
2024-02-22,370.0235900878906,390.4700012207031,395.6000061035156,389.0,389.2300109863281,2326800
2024-02-23,370.57318115234375,391.04998779296875,396.7900085449219,389.2099914550781,390.0,2247400
2024-02-26,369.7866516113281,390.2200012207031,396.05999755859375,388.82000732421875,391.04998779296875,1797800
2024-02-27,370.3457336425781,390.80999755859375,395.8999938964844,389.3299865722656,392.260009765625,1724900
2024-02-28,375.2320251464844,393.17999267578125,393.260009765625,387.0,387.19000244140625,2572900
2024-02-29,371.2905578613281,389.04998779296875,395.9800109863281,385.6700134277344,395.2200012207031,3139100
2024-03-01,370.3839416503906,388.1000061035156,391.0400085449219,385.25,389.6300048828125,1697700
2024-03-04,374.3445129394531,392.25,396.57000732421875,386.20001220703125,388.80999755859375,1955100
2024-03-05,373.0656433105469,390.9100036621094,397.489990234375,390.30999755859375,390.7200012207031,2697800
2024-03-06,371.786865234375,389.57000732421875,395.2900085449219,384.5199890136719,395.0,2692400
2024-03-07,370.6988525390625,388.42999267578125,394.510009765625,387.05999755859375,391.8999938964844,2033100
2024-03-08,369.3246154785156,386.989990234375,395.6199951171875,386.7099914550781,388.7300109863281,1657200
2024-03-11,368.5324401855469,386.1600036621094,386.4100036621094,381.4200134277344,385.6700134277344,1654200
2024-03-12,370.46026611328125,388.17999267578125,389.1300048828125,383.7799987792969,387.6199951171875,1703900
2024-03-13,374.4017639160156,392.30999755859375,395.25,388.17999267578125,388.9100036621094,2370600
2024-03-14,370.8706359863281,388.6099853515625,396.3800048828125,385.45001220703125,394.42999267578125,3029500
2024-03-15,369.5345764160156,387.2099914550781,391.1300048828125,386.3999938964844,388.8699951171875,3763900
2024-03-18,366.82415771484375,384.3699951171875,389.0299987792969,383.4100036621094,388.6499938964844,2069000
2024-03-19,370.91839599609375,388.6600036621094,390.7799987792969,383.7099914550781,384.07000732421875,1858200
2024-03-20,378.3718566894531,396.4700012207031,396.5,386.0,386.3599853515625,2157400
2024-03-21,394.82489013671875,413.7099914550781,414.0199890136719,399.0899963378906,399.7699890136719,4613800
2024-03-22,388.2493591308594,406.82000732421875,416.760009765625,405.7799987792969,414.3999938964844,2190300
2024-03-25,386.45526123046875,404.94000244140625,410.4599914550781,403.8599853515625,406.8699951171875,1683900
2024-03-26,387.6385498046875,406.17999267578125,409.3299865722656,404.5199890136719,406.0899963378906,1407000
2024-03-27,396.2945556640625,415.25,415.489990234375,408.3699951171875,409.6199951171875,2353600
2024-03-28,398.62322998046875,417.69000244140625,419.20001220703125,414.9800109863281,416.2099914550781,2409700
2024-04-01,394.634033203125,413.510009765625,417.95001220703125,412.0,416.67999267578125,1863900
2024-04-02,391.4273681640625,410.1499938964844,413.1700134277344,407.6199951171875,410.739990234375,1976000
2024-04-03,395.10162353515625,414.0,416.6300048828125,411.0,411.0,1549200
2024-04-04,387.7054138183594,406.25,419.0,405.70001220703125,418.0,1704700
2024-04-05,389.4423522949219,408.07000732421875,409.1400146484375,401.4700012207031,406.55999755859375,1694900
2024-04-08,391.799560546875,410.5400085449219,412.5299987792969,407.54998779296875,409.1000061035156,1181900
2024-04-09,391.9617919921875,410.7099914550781,413.2200012207031,407.04998779296875,411.510009765625,1247200
2024-04-10,382.4660339355469,400.760009765625,405.45001220703125,397.2900085449219,404.010009765625,1903300
2024-04-11,379.33575439453125,397.4800109863281,401.4700012207031,394.8399963378906,400.4800109863281,2176200
2024-04-12,371.71044921875,389.489990234375,394.0899963378906,387.1199951171875,392.8399963378906,2815800
2024-04-15,382.5805969238281,400.8800048828125,412.8699951171875,398.69000244140625,407.0,6177000
2024-04-16,378.7440490722656,396.8599853515625,404.9700012207031,395.17999267578125,404.45001220703125,3459700
2024-04-17,385.47222900390625,403.9100036621094,407.1199951171875,401.17999267578125,402.3999938964844,4373800
2024-04-18,384.7087097167969,403.1099853515625,407.8599853515625,402.4100036621094,405.489990234375,2776300
2024-04-19,385.5581359863281,404.0,408.0,403.010009765625,404.05999755859375,2805500
2024-04-22,398.2987060546875,417.3500061035156,417.9800109863281,404.57000732421875,406.94000244140625,4165600
2024-04-23,404.6451416015625,424.0,425.3500061035156,416.20001220703125,417.7099914550781,2662300
2024-04-24,403.72900390625,423.0400085449219,424.5799865722656,419.6099853515625,421.5,1575900
2024-04-25,400.87542724609375,420.04998779296875,423.6099853515625,414.8500061035156,420.989990234375,1970100
2024-04-26,408.05224609375,427.57000732421875,428.5299987792969,419.6400146484375,420.2300109863281,2322700
2024-04-29,411.144287109375,430.80999755859375,433.3299865722656,427.20001220703125,427.57000732421875,2453000
2024-04-30,407.2314453125,426.7099914550781,431.3900146484375,426.0,428.5,1829900
2024-05-01,407.4604797363281,426.95001220703125,433.42999267578125,425.19000244140625,426.69000244140625,2310100
2024-05-02,412.8240051269531,432.57000732421875,433.6499938964844,428.1700134277344,431.20001220703125,2087500
2024-05-03,418.1778259277344,438.17999267578125,442.29998779296875,434.9200134277344,435.0,2406300
2024-05-06,423.41729736328125,443.6700134277344,444.3800048828125,439.67999267578125,441.75,1914300
2024-05-07,423.54132080078125,443.79998779296875,447.4200134277344,442.8699951171875,445.1700134277344,2058200
2024-05-08,426.5475158691406,446.95001220703125,448.0199890136719,442.04998779296875,442.79998779296875,2006700
2024-05-09,434.7645263671875,455.55999755859375,456.42999267578125,446.3399963378906,446.3399963378906,2710200
2024-05-10,433.9723815917969,454.7300109863281,458.75,454.32000732421875,456.5199890136719,1823900
2024-05-13,432.8558044433594,453.55999755859375,457.20001220703125,453.32000732421875,456.2699890136719,1579600
2024-05-14,437.5416564941406,458.4700012207031,461.7699890136719,454.010009765625,454.8399963378906,2412900
2024-05-15,444.81378173828125,466.0899963378906,466.19000244140625,460.95001220703125,461.5899963378906,2217700
2024-05-16,443.31549072265625,464.5199890136719,468.25,462.2799987792969,464.3699951171875,2070300
2024-05-17,446.369384765625,467.7200012207031,468.6600036621094,464.25,466.3800048828125,1655900
2024-05-20,441.8075866699219,462.94000244140625,471.4800109863281,462.6000061035156,468.20001220703125,2591500
2024-05-21,448.9366455078125,470.4100036621094,471.30999755859375,462.20001220703125,462.2300109863281,2762600
2024-05-22,441.273193359375,462.3800048828125,470.3299865722656,459.75,467.3599853515625,2729500
2024-05-23,437.2362976074219,458.1499938964844,464.30999755859375,457.4100036621094,464.2300109863281,2254500
2024-05-24,440.1279296875,461.17999267578125,465.25,459.1000061035156,459.8399963378906,1932200
2024-05-28,438.8204650878906,459.80999755859375,463.69000244140625,458.9100036621094,459.94000244140625,1930800
2024-05-29,436.3009948730469,457.1700134277344,458.739990234375,451.6499938964844,454.8399963378906,2315700
2024-05-30,432.2780456542969,450.2300109863281,455.8599853515625,447.6000061035156,453.0,2135000
2024-05-31,438.3172607421875,456.5199890136719,456.7699890136719,448.1199951171875,449.760009765625,2638300
2024-06-03,436.83868408203125,454.9800109863281,458.8699951171875,450.20001220703125,458.8699951171875,1930700
2024-06-04,437.1458740234375,455.29998779296875,457.7099914550781,449.2099914550781,450.5,1835000
2024-06-05,443.271484375,461.67999267578125,463.0199890136719,457.5,457.54998779296875,1678900
2024-06-06,439.8343505859375,458.1000061035156,464.5199890136719,457.010009765625,461.82000732421875,1598000
2024-06-07,436.7714538574219,454.9100036621094,461.1600036621094,454.5,455.44000244140625,1736100
2024-06-10,435.4656677246094,453.54998779296875,455.3599853515625,450.29998779296875,452.3299865722656,1698600
2024-06-11,426.55572509765625,444.2699890136719,451.8599853515625,443.3800048828125,451.0400085449219,1938200
2024-06-12,430.8091125488281,448.70001220703125,457.6400146484375,446.19000244140625,455.6000061035156,1733000
2024-06-13,428.55279541015625,446.3500061035156,448.32000732421875,442.1499938964844,446.7300109863281,1849100
2024-06-14,428.6583557128906,446.4599914550781,448.2300109863281,439.1499938964844,441.989990234375,1559100
2024-06-17,432.23004150390625,450.17999267578125,450.7799987792969,443.3900146484375,445.1000061035156,1531600
2024-06-18,439.19097900390625,457.42999267578125,457.69000244140625,448.510009765625,449.57000732421875,1798400
2024-06-20,439.7862854003906,458.04998779296875,460.4100036621094,455.239990234375,458.0,2080600
2024-06-21,432.23004150390625,450.17999267578125,458.79998779296875,449.8999938964844,458.67999267578125,3780800
2024-06-24,443.6651916503906,462.0899963378906,463.5199890136719,450.0,451.25,1882200
2024-06-25,439.14300537109375,457.3800048828125,464.0799865722656,456.75,459.4599914550781,1555900
2024-06-26,437.68353271484375,455.8599853515625,457.92999267578125,452.45001220703125,455.4100036621094,2131700
2024-06-27,428.1783142089844,445.9599914550781,449.7799987792969,442.79998779296875,449.7799987792969,2835200
2024-06-28,434.2846984863281,452.32000732421875,457.3399963378906,449.5299987792969,450.1000061035156,3839700
