Date,Adj Close,Close,High,Low,Open,Volume
2019-01-02,80.47396850585938,99.30999755859375,99.77999877929688,95.94000244140625,95.94999694824219,15670900
2019-01-03,79.3302993774414,97.11000061035156,98.88999938964844,96.69000244140625,98.63999938964844,16286400
2019-01-04,82.2548599243164,100.69000244140625,100.93000030517578,98.27999877929688,99.11000061035156,16935200
2019-01-07,82.31201934814453,100.76000213623047,101.47000122070312,99.70999908447266,100.43000030517578,15430700
2019-01-08,82.15681457519531,100.56999969482422,101.81999969482422,99.55000305175781,101.62999725341797,13578800
2019-01-09,82.01795196533203,100.4000015258789,101.48999786376953,99.93000030517578,100.80999755859375,14230300
2019-01-10,82.00978088378906,100.38999938964844,100.7300033569336,99.2699966430664,100.0199966430664,14376100
2019-01-11,81.61763000488281,99.91000366210938,100.16999816894531,98.94999694824219,99.88999938964844,15439900
2019-01-14,82.45909881591797,100.94000244140625,101.36000061035156,98.66000366210938,98.87000274658203,21258500
2019-01-15,83.06358337402344,101.68000030517578,102.47000122070312,98.5999984741211,98.88999938964844,26504900
2019-01-16,83.73345184326172,102.5,103.44999694824219,101.80000305175781,102.25,18533000
2019-01-17,84.07656860351562,102.91999816894531,103.5,101.91999816894531,102.11000061035156,14247600
2019-01-18,85.44078826904297,104.58999633789062,104.9000015258789,102.83000183105469,103.7699966430664,16428700
2019-01-22,84.09288787841797,102.94000244140625,103.58999633789062,102.12999725341797,103.08000183105469,17083700
2019-01-23,83.88050079345703,102.68000030517578,103.69999694824219,101.97000122070312,103.44000244140625,12146700
2019-01-24,83.92950439453125,102.73999786376953,103.08999633789062,101.94000244140625,102.12999725341797,11296800
2019-01-25,84.46050262451172,103.38999938964844,104.30999755859375,102.73999786376953,103.51000213623047,14369400
2019-01-28,84.86080169677734,103.87999725341797,104.23999786376953,102.58999633789062,102.88999938964844,12283100
2019-01-29,85.09769439697266,104.16999816894531,105.11000061035156,103.7300033569336,103.87999725341797,9743300
2019-01-30,85.29376220703125,104.41000366210938,105.23999786376953,103.77999877929688,104.13999938964844,12526300
2019-01-31,84.55036926269531,103.5,103.80000305175781,102.7300033569336,103.41000366210938,17520600
2019-02-01,84.86080169677734,103.87999725341797,104.8499984741211,103.5199966430664,104.0,13000800
2019-02-04,85.16304016113281,104.25,104.25,103.01000213623047,103.79000091552734,9871500
2019-02-05,84.78726959228516,103.79000091552734,104.55000305175781,103.29000091552734,104.5199966430664,12763000
2019-02-06,84.74642944335938,103.73999786376953,104.62000274658203,103.47000122070312,103.70999908447266,8745000
2019-02-07,83.63543701171875,102.37999725341797,103.5,101.44000244140625,103.25,13177500
2019-02-08,82.80220031738281,101.36000061035156,102.33999633789062,100.05999755859375,102.08000183105469,12892600
2019-02-11,82.41004943847656,100.87999725341797,102.01000213623047,100.7699966430664,101.76000213623047,10978500
2019-02-12,83.8151626586914,102.5999984741211,102.91999816894531,101.88999938964844,101.94999694824219,12852300
2019-02-13,84.21543884277344,103.08999633789062,103.8499984741211,102.9000015258789,102.9000015258789,10754100
2019-02-14,83.6680908203125,102.41999816894531,103.0999984741211,101.3499984741211,102.47000122070312,11518500
2019-02-15,86.22504425048828,105.55000305175781,105.69999694824219,103.66000366210938,103.9000015258789,14716900
2019-02-19,85.92279052734375,105.18000030517578,105.37000274658203,103.80999755859375,104.91000366210938,12764900
2019-02-20,86.33940887451172,105.69000244140625,105.80000305175781,104.87999725341797,105.20999908447266,10030300
2019-02-21,86.15969848632812,105.47000122070312,105.98999786376953,104.95999908447266,105.44999694824219,8400100
2019-02-22,85.77574920654297,105.0,106.08999633789062,104.77999877929688,105.69999694824219,10647300
2019-02-25,86.67434692382812,106.0999984741211,107.2699966430664,105.69000244140625,105.75,11230700
2019-02-26,86.01266479492188,105.29000091552734,105.47000122070312,103.94000244140625,104.5,15465400
2019-02-27,85.90644836425781,105.16000366210938,105.37999725341797,104.51000213623047,105.18000030517578,9968800
2019-02-28,85.25289916992188,104.36000061035156,105.20999908447266,104.18000030517578,105.01000213623047,15156900
2019-03-01,85.31012725830078,104.43000030517578,105.91000366210938,104.19999694824219,105.0999984741211,13813300
2019-03-04,85.11405944824219,104.19000244140625,105.91999816894531,103.2699966430664,104.91999816894531,12466300
2019-03-05,85.04869842529297,104.11000061035156,104.55000305175781,103.26000213623047,104.12999725341797,10856600
2019-03-06,84.73009490966797,103.72000122070312,104.56999969482422,103.55000305175781,103.86000061035156,9070800
2019-03-07,84.11742401123047,102.97000122070312,103.47000122070312,102.16000366210938,103.25,12705700
2019-03-08,84.15007781982422,103.01000213623047,103.2300033569336,101.98999786376953,101.98999786376953,10582400
2019-03-11,85.2447509765625,104.3499984741211,104.55000305175781,103.66000366210938,103.9800033569336,9763200
2019-03-12,84.99150085449219,104.04000091552734,104.79000091552734,103.75,104.58999633789062,10219100
2019-03-13,85.27742767333984,104.38999938964844,104.9800033569336,103.94999694824219,104.19000244140625,13022200
2019-03-14,86.05349731445312,105.33999633789062,105.87000274658203,104.45999908447266,104.5,10926500
2019-03-15,87.0419692993164,106.55000305175781,106.80000305175781,105.2300033569336,105.41000366210938,24811700
2019-03-18,87.56478881835938,107.19000244140625,107.79000091552734,106.5,106.55000305175781,12935500
2019-03-19,87.24617767333984,106.80000305175781,108.4000015258789,106.55000305175781,108.19999694824219,12889300
2019-03-20,85.38361358642578,104.5199966430664,106.6500015258789,104.41000366210938,106.43000030517578,14920700
2019-03-21,84.03571319580078,102.87000274658203,103.48999786376953,102.27999877929688,103.48999786376953,19751000
2019-03-22,81.4951171875,99.76000213623047,102.31999969482422,99.5199966430664,101.81999969482422,31115200
2019-03-25,80.81709289550781,98.93000030517578,100.56999969482422,98.08999633789062,99.58999633789062,21032300
2019-03-26,81.6258316040039,99.91999816894531,100.4000015258789,98.81999969482422,99.81999969482422,15987100
2019-03-27,81.34807586669922,99.58000183105469,100.44999694824219,99.08000183105469,99.87999725341797,12753200
2019-03-28,82.27117156982422,100.70999908447266,100.80000305175781,99.73999786376953,100.0,12454100
2019-03-29,82.69597625732422,101.2300033569336,101.98999786376953,100.58999633789062,101.54000091552734,14523400
2019-04-01,85.48165130615234,104.63999938964844,104.68000030517578,102.12000274658203,102.1500015258789,17499300
2019-04-02,85.89009094238281,105.13999938964844,105.44000244140625,104.33000183105469,104.5999984741211,10295400
2019-04-03,86.06166076660156,105.3499984741211,106.36000061035156,104.79000091552734,105.80999755859375,11499200
2019-04-04,86.89305114746094,105.55999755859375,105.7300033569336,104.44999694824219,104.55000305175781,11952100
2019-04-05,86.68724822998047,105.30999755859375,106.11000061035156,104.98999786376953,105.80000305175781,9933700
2019-04-08,86.96713256835938,105.6500015258789,105.6500015258789,104.91000366210938,105.11000061035156,8056300
2019-04-09,86.32505798339844,104.87000274658203,105.19999694824219,104.25,105.08000183105469,9092200
2019-04-10,86.71196746826172,105.33999633789062,105.72000122070312,104.47000122070312,105.12999725341797,10882300
2019-04-11,87.44456481933594,106.2300033569336,106.7300033569336,105.55999755859375,105.70999908447266,11183800
2019-04-12,91.54393768310547,111.20999908447266,111.8499984741211,108.87999725341797,109.44000244140625,25834100
2019-04-15,90.49849700927734,109.94000244140625,111.0,109.12000274658203,110.91999816894531,15163800
2019-04-16,91.45338439941406,111.0999984741211,111.38999938964844,109.86000061035156,109.9000015258789,11583200
2019-04-17,94.0875015258789,114.30000305175781,114.66000366210938,111.01000213623047,111.69999694824219,17791900
2019-04-18,93.39604187011719,113.45999908447266,114.94999694824219,113.33000183105469,114.52999877929688,12501900
2019-04-22,93.51129913330078,113.5999984741211,113.93000030517578,112.66000366210938,112.83000183105469,7975900
2019-04-23,93.62650299072266,113.73999786376953,114.37000274658203,112.8499984741211,113.0,9193100
2019-04-24,93.4701156616211,113.55000305175781,114.1500015258789,112.80999755859375,113.26000213623047,9245700
2019-04-25,93.5195083618164,113.61000061035156,114.1500015258789,112.5,113.01000213623047,9311800
2019-04-26,94.2274169921875,114.47000122070312,114.58000183105469,113.5999984741211,113.94999694824219,7889300
2019-04-29,95.58564758300781,116.12000274658203,117.16000366210938,114.44999694824219,114.5999984741211,14242200
2019-04-30,95.52802276611328,116.05000305175781,116.72000122070312,115.26000213623047,116.43000030517578,11389100
2019-05-01,94.7954330444336,115.16000366210938,117.0,115.11000061035156,115.72000122070312,10412900
2019-05-02,95.00123596191406,115.41000366210938,115.77999877929688,114.58000183105469,115.16999816894531,8613300
2019-05-03,95.58564758300781,116.12000274658203,116.68000030517578,115.66999816894531,116.0,8185400
2019-05-06,94.73779296875,115.08999633789062,115.47000122070312,113.72000122070312,114.18000030517578,9387000
2019-05-07,93.19024658203125,113.20999908447266,114.02999877929688,112.29000091552734,114.02999877929688,15017700
2019-05-08,92.69635772705078,112.61000061035156,113.66999816894531,112.45999908447266,112.66000366210938,9575800
2019-05-09,92.62225341796875,112.5199966430664,112.73999786376953,110.58000183105469,111.13999938964844,12205900
2019-05-10,92.6140365600586,112.51000213623047,112.83999633789062,110.54000091552734,111.75,13189000
2019-05-13,90.09514617919922,109.44999694824219,110.44999694824219,108.9800033569336,110.08000183105469,13783700
2019-05-14,90.81129455566406,110.31999969482422,111.72000122070312,109.5,109.55000305175781,10503600
2019-05-15,90.46558380126953,109.9000015258789,110.9000015258789,108.61000061035156,109.20999908447266,10142000
2019-05-16,91.62625885009766,111.30999755859375,112.16999816894531,110.58999633789062,110.62000274658203,9672700
2019-05-17,91.18173217773438,110.7699966430664,111.75,109.83000183105469,110.0,9570100
2019-05-20,91.65916442871094,111.3499984741211,111.80999755859375,110.37000274658203,110.58000183105469,8518200
2019-05-21,91.97198486328125,111.7300033569336,111.91999816894531,111.22000122070312,111.44000244140625,7967900
2019-05-22,91.22288513183594,110.81999969482422,111.79000091552734,110.75,111.4000015258789,7918900
2019-05-23,89.42839050292969,108.63999938964844,109.79000091552734,107.5,109.63999938964844,14558000
2019-05-24,90.30917358398438,109.70999908447266,109.95999908447266,109.19000244140625,109.5199966430664,8537300
2019-05-28,89.32960510253906,108.5199966430664,109.83000183105469,108.44000244140625,109.19999694824219,11665500
2019-05-29,89.08267211914062,108.22000122070312,108.4000015258789,107.05999755859375,107.44999694824219,9966400
2019-05-30,88.1277847290039,107.05999755859375,109.18000030517578,106.54000091552734,108.6500015258789,10367800
2019-05-31,87.22232055664062,105.95999908447266,106.58999633789062,104.83999633789062,105.55999755859375,10952800
2019-06-03,87.63389587402344,106.45999908447266,106.86000061035156,105.30000305175781,105.80000305175781,11680700
2019-06-04,90.33387756347656,109.73999786376953,109.9000015258789,107.12999725341797,107.8499984741211,12858600
2019-06-05,90.65489196777344,110.12999725341797,110.37999725341797,108.63999938964844,109.86000061035156,8340500
2019-06-06,90.85247039794922,110.37000274658203,110.87000274658203,108.93000030517578,110.1500015258789,8726700
2019-06-07,89.85643005371094,109.16000366210938,110.0199966430664,108.95999908447266,109.69999694824219,10618900
2019-06-10,90.82776641845703,110.33999633789062,111.20999908447266,110.22000122070312,110.75,11380600
2019-06-11,91.1076431274414,110.68000030517578,111.56999969482422,110.37000274658203,110.81999969482422,9847700
2019-06-12,89.94698333740234,109.2699966430664,110.9000015258789,108.88999938964844,110.69999694824219,9670500
2019-06-13,90.16924285888672,109.54000091552734,110.16000366210938,109.05000305175781,109.45999908447266,8406900
2019-06-14,90.39971923828125,109.81999969482422,110.30000305175781,108.62999725341797,109.56999969482422,9077400
2019-06-17,89.90581512451172,109.22000122070312,110.37000274658203,109.05999755859375,109.69999694824219,8128600
2019-06-18,91.13233184814453,110.70999908447266,111.41000366210938,108.9800033569336,109.01000213623047,11057300
2019-06-19,90.47380828857422,109.91000366210938,111.58999633789062,109.69999694824219,110.81999969482422,13126500
2019-06-20,90.70427703857422,110.19000244140625,111.08999633789062,109.02999877929688,110.87999725341797,13638000
2019-06-21,90.08692932128906,109.44000244140625,111.66999816894531,109.08999633789062,110.19000244140625,27089500
2019-06-24,89.44485473632812,108.66000366210938,109.7699966430664,108.54000091552734,109.27999877929688,13039600
2019-06-25,88.70401000976562,107.76000213623047,108.9800033569336,107.66999816894531,108.68000030517578,18660100
2019-06-26,89.29669189453125,108.4800033569336,109.30999755859375,108.16000366210938,108.30000305175781,10324600
2019-06-27,89.5930404663086,108.83999633789062,109.55000305175781,108.44000244140625,108.83999633789062,10906600
2019-06-28,92.02958679199219,111.80000305175781,112.43000030517578,110.9000015258789,111.04000091552734,21634700
2019-07-01,93.57714080810547,113.68000030517578,114.5199966430664,113.08000183105469,113.2300033569336,12724500
2019-07-02,93.6759262084961,113.80000305175781,114.19999694824219,113.22000122070312,113.51000213623047,10174900
2019-07-03,93.5267105102539,112.81999969482422,113.87000274658203,112.26000213623047,113.33999633789062,6849400
2019-07-05,94.08212280273438,113.48999786376953,114.2699966430664,112.91999816894531,113.51000213623047,7929400
2019-07-08,93.56816101074219,112.87000274658203,113.4800033569336,112.5,112.95999908447266,6917200
2019-07-09,93.96607971191406,113.3499984741211,113.48999786376953,112.1500015258789,112.27999877929688,8947300
2019-07-10,93.69248962402344,113.0199966430664,113.83000183105469,112.73999786376953,113.37000274658203,9242300
2019-07-11,94.58780670166016,114.0999984741211,114.36000061035156,113.12000274658203,113.37000274658203,11595200
2019-07-12,95.58258819580078,115.30000305175781,115.3499984741211,113.93000030517578,114.12999725341797,10783400
2019-07-15,94.42200469970703,113.9000015258789,115.56999969482422,113.52999877929688,115.54000091552734,12946600
2019-07-16,95.4333724975586,115.12000274658203,115.5,112.91999816894531,113.4800033569336,16945000
2019-07-17,94.49662017822266,113.98999786376953,114.94000244140625,113.7300033569336,114.43000030517578,13120900
2019-07-18,95.0603256225586,114.66999816894531,115.06999969482422,113.55000305175781,113.93000030517578,9397200
2019-07-19,94.12356567382812,113.54000091552734,115.12000274658203,113.4000015258789,114.88999938964844,10402800
2019-07-22,94.72872924804688,114.2699966430664,114.44999694824219,112.7699966430664,112.91000366210938,9061100
2019-07-23,96.46131896972656,116.36000061035156,116.44999694824219,114.81999969482422,114.87999725341797,12752200
2019-07-24,96.85094451904297,116.83000183105469,116.87999725341797,115.5199966430664,115.58000183105469,10011000
2019-07-25,95.92247009277344,115.70999908447266,117.23999786376953,115.31999969482422,116.88999938964844,10138400
2019-07-26,96.34526824951172,116.22000122070312,116.51000213623047,115.52999877929688,115.7699966430664,12800400
2019-07-29,96.03852844238281,115.8499984741211,117.18000030517578,115.79000091552734,116.45999908447266,8500400
2019-07-30,95.82299041748047,115.58999633789062,116.08000183105469,114.76000213623047,115.19000244140625,7121100
2019-07-31,96.16287231445312,116.0,116.18000030517578,114.86000061035156,116.0999984741211,13648000
2019-08-01,93.62615203857422,112.94000244140625,116.80000305175781,112.5999984741211,115.33000183105469,15664500
2019-08-02,93.61788940429688,112.93000030517578,113.43000030517578,111.4000015258789,112.4000015258789,11025500
2019-08-05,90.83248138427734,109.56999969482422,110.9800033569336,108.2699966430664,110.79000091552734,15855300
2019-08-06,91.54541778564453,110.43000030517578,110.5,108.33999633789062,110.05000305175781,10203500
2019-08-07,89.55584716796875,108.02999877929688,108.27999877929688,105.94000244140625,108.0,17320900
2019-08-08,91.07286071777344,109.86000061035156,110.08000183105469,108.72000122070312,109.05000305175781,10903300
2019-08-09,90.97339630126953,109.73999786376953,110.44999694824219,108.29000091552734,109.3499984741211,9980800
2019-08-12,89.26567840576172,107.68000030517578,108.51000213623047,107.20999908447266,108.44000244140625,9393700
2019-08-13,90.64180755615234,109.33999633789062,110.33000183105469,107.02999877929688,107.94999694824219,12124700
2019-08-14,86.87818145751953,104.80000305175781,106.91000366210938,104.44999694824219,106.30000305175781,19491800
2019-08-15,87.20979309082031,105.19999694824219,106.37999725341797,104.33999633789062,104.81999969482422,13365600
2019-08-16,89.29885864257812,107.72000122070312,107.9800033569336,105.87000274658203,106.37000274658203,11830600
2019-08-19,90.10296630859375,108.69000244140625,109.75,108.41999816894531,109.62999725341797,8265400
2019-08-20,88.95894622802734,107.30999755859375,108.44000244140625,107.23999786376953,107.8499984741211,8374000
2019-08-21,89.20765686035156,107.61000061035156,108.43000030517578,107.44999694824219,108.20999908447266,8189300
2019-08-22,90.12782287597656,108.72000122070312,109.2699966430664,107.93000030517578,108.37000274658203,9343400
2019-08-23,87.88955688476562,106.0199966430664,108.77999877929688,105.11000061035156,108.0,14762300
2019-08-26,88.59420013427734,106.87000274658203,106.98999786376953,106.01000213623047,106.62000274658203,8209500
2019-08-27,87.65743255615234,105.73999786376953,107.55999755859375,104.83999633789062,107.3499984741211,14331800
2019-08-28,88.53617858886719,106.80000305175781,107.20999908447266,105.04000091552734,105.08000183105469,10585500
2019-08-29,90.54232788085938,109.22000122070312,109.88999938964844,108.0199966430664,108.13999938964844,10002200
2019-08-30,91.07286071777344,109.86000061035156,110.55999755859375,109.47000122070312,109.83999633789062,10170300
2019-09-03,89.99518585205078,108.55999755859375,108.98999786376953,107.31999969482422,108.9800033569336,9868800
2019-09-04,91.08116149902344,109.87000274658203,110.22000122070312,108.55999755859375,109.44999694824219,6929200
2019-09-05,93.15365600585938,112.37000274658203,113.72000122070312,111.19999694824219,111.25,13224700
2019-09-06,93.35260772705078,112.61000061035156,112.9800033569336,111.95999908447266,112.66000366210938,7836600
2019-09-09,95.6655044555664,115.4000015258789,116.05999755859375,113.5999984741211,113.70999908447266,13985100
2019-09-10,96.88412475585938,116.87000274658203,117.2699966430664,115.7300033569336,116.30000305175781,14333100
2019-09-11,97.14937591552734,117.19000244140625,117.19999694824219,115.37999725341797,116.88999938964844,9919200
2019-09-12,97.74626922607422,117.91000366210938,118.47000122070312,115.91999816894531,116.55000305175781,12283500
2019-09-13,99.66952514648438,120.2300033569336,120.4000015258789,118.75,119.0,16257200
2019-09-16,98.78253936767578,119.16000366210938,119.87000274658203,118.37999725341797,118.9000015258789,11993900
2019-09-17,98.29338073730469,118.56999969482422,118.61000061035156,117.23999786376953,118.41999816894531,10735400
2019-09-18,99.27989959716797,119.76000213623047,120.08000183105469,117.75,118.31999969482422,10665600
2019-09-19,98.96487426757812,119.37999725341797,120.33999633789062,119.08999633789062,119.69999694824219,9382600
2019-09-20,98.56697082519531,118.9000015258789,120.33999633789062,118.87000274658203,119.73999786376953,21862800
2019-09-23,98.55040740966797,118.87999725341797,119.12000274658203,117.68000030517578,117.77999877929688,9135100
2019-09-24,97.26543426513672,117.33000183105469,119.26000213623047,117.04000091552734,118.75,11696500
2019-09-25,97.82086181640625,118.0,118.36000061035156,117.12000274658203,117.2699966430664,9389400
2019-09-26,97.0167465209961,117.02999877929688,118.05000305175781,116.94999694824219,117.87999725341797,9899200
2019-09-27,97.58873748779297,117.72000122070312,118.63999938964844,117.27999877929688,117.95999908447266,10207800
2019-09-30,97.56388092041016,117.69000244140625,118.7699966430664,117.22000122070312,118.36000061035156,9755000
2019-10-01,95.78984832763672,115.55000305175781,119.0,115.41000366210938,118.4000015258789,11250300
2019-10-02,93.88317108154297,113.25,114.9000015258789,112.93000030517578,114.80999755859375,12548700
2019-10-03,93.74945831298828,112.19000244140625,112.91000366210938,110.5199966430664,112.2699966430664,12735200
2019-10-04,95.7800521850586,114.62000274658203,114.94000244140625,112.2699966430664,112.33999633789062,9453100
2019-10-07,95.57113647460938,114.37000274658203,115.5,114.06999969482422,114.19000244140625,6771600
2019-10-08,93.4402847290039,111.81999969482422,113.05999755859375,111.66000366210938,113.05999755859375,10806300
2019-10-09,94.11714172363281,112.62999725341797,113.16000366210938,112.06999969482422,112.66999816894531,7273700
2019-10-10,95.43743133544922,114.20999908447266,115.4000015258789,113.0,113.13999938964844,10994100
2019-10-11,97.05020141601562,116.13999938964844,117.98999786376953,115.87000274658203,116.02999877929688,15076500
2019-10-14,97.30924987792969,116.44999694824219,116.87000274658203,115.66000366210938,115.8499984741211,8779000
2019-10-15,100.2423324584961,119.95999908447266,121.58999633789062,117.87000274658203,118.8499984741211,23379000
2019-10-16,100.00833129882812,119.68000030517578,120.62000274658203,119.37999725341797,119.95999908447266,11087700
2019-10-17,100.56822204589844,120.3499984741211,121.56999969482422,119.87999725341797,120.75,10818500
2019-10-18,100.74372100830078,120.55999755859375,121.0199966430664,119.86000061035156,120.0,10417400
2019-10-21,103.24224090576172,123.55000305175781,123.7699966430664,121.98999786376953,122.05000305175781,12714600
2019-10-22,104.27841186523438,124.79000091552734,125.0999984741211,123.12000274658203,123.44999694824219,12549100
2019-10-23,104.55418395996094,125.12000274658203,125.1500015258789,124.16999816894531,124.19999694824219,8828300
2019-10-24,104.47896575927734,125.02999877929688,125.66000366210938,124.06999969482422,125.29000091552734,8020500
2019-10-25,105.3145980834961,126.02999877929688,126.6500015258789,124.75,125.0,9055700
2019-10-28,105.7156982421875,126.51000213623047,127.20999908447266,126.4000015258789,126.56999969482422,9522200
2019-10-29,105.64884185791016,126.43000030517578,127.41999816894531,125.94000244140625,126.05999755859375,9797300
2019-10-30,105.06388854980469,125.7300033569336,126.26000213623047,124.91999816894531,126.05000305175781,8513700
2019-10-31,104.38704681396484,124.91999816894531,125.7300033569336,123.86000061035156,125.48999786376953,11589100
2019-11-01,106.79367065429688,127.80000305175781,127.98999786376953,126.0199966430664,126.19999694824219,11682600
2019-11-04,107.64599609375,128.82000732421875,129.4199981689453,128.55999755859375,129.0800018310547,9159900
2019-11-05,107.8799819946289,129.10000610351562,130.3000030517578,128.83999633789062,129.38999938964844,13747600
2019-11-06,108.04711151123047,129.3000030517578,129.83999633789062,128.5800018310547,128.69000244140625,11231100
2019-11-07,108.6320571899414,130.0,131.2899932861328,129.9199981689453,130.42999267578125,13528900
2019-11-08,108.9496078491211,130.3800048828125,130.39999389648438,129.25,129.8800048828125,9293400
2019-11-11,108.56520080566406,129.9199981689453,130.10000610351562,129.35000610351562,129.60000610351562,8679000
2019-11-12,107.93013000488281,129.16000366210938,130.6199951171875,129.00999450683594,129.6300048828125,9099000
2019-11-13,107.36190032958984,128.47999572753906,128.82000732421875,127.41999816894531,128.1300048828125,8023300
2019-11-14,107.4621810913086,128.60000610351562,128.83999633789062,127.58999633789062,127.72000122070312,8483400
2019-11-15,108.23931121826172,129.52999877929688,129.52999877929688,128.39999389648438,129.22999572753906,10163600
2019-11-18,109.150146484375,130.6199951171875,130.64999389648438,128.99000549316406,129.55999755859375,8749300
2019-11-19,109.11672973632812,130.5800018310547,131.25,130.17999267578125,130.99000549316406,8824500
2019-11-20,108.32286834716797,129.6300048828125,130.6199951171875,128.94000244140625,130.3000030517578,11782800
2019-11-21,108.57354736328125,129.92999267578125,130.72000122070312,129.38999938964844,130.0,7705500
2019-11-22,109.29218292236328,130.7899932861328,131.22000122070312,130.10000610351562,130.14999389648438,8167900
2019-11-25,109.87715148925781,131.49000549316406,132.07000732421875,130.8699951171875,131.25,10068500
2019-11-26,110.02755737304688,131.6699981689453,131.82000732421875,130.36000061035156,131.82000732421875,10490700
2019-11-27,110.35344696044922,132.05999755859375,132.42999267578125,131.64999389648438,132.2899932861328,6607900
2019-11-29,110.102783203125,131.75999450683594,132.41000366210938,131.4499969482422,131.8699951171875,5712000
2019-12-02,109.86041259765625,131.47000122070312,132.74000549316406,131.35000610351562,132.30999755859375,8615600
2019-12-03,108.44820404052734,129.77999877929688,129.9600067138672,128.58999633789062,129.77000427246094,10361300
2019-12-04,110.58743286132812,132.33999633789062,132.47000122070312,129.99000549316406,130.3800048828125,10318200
2019-12-05,111.18907165527344,133.05999755859375,133.30999755859375,132.17999267578125,132.67999267578125,9587400
2019-12-06,112.84364318847656,135.0399932861328,135.77999877929688,134.64999389648438,134.69000244140625,10170600
2019-12-09,112.31717681884766,134.41000366210938,135.4600067138672,134.41000366210938,134.6300048828125,8498200
2019-12-10,112.39237976074219,134.5,134.77000427246094,132.8800048828125,133.25,7532900
2019-12-11,112.12500762939453,134.17999267578125,135.02000427246094,134.00999450683594,134.2899932861328,9011900
2019-12-12,115.33384704589844,138.02000427246094,138.47000122070312,134.2100067138672,134.49000549316406,13717400
2019-12-13,114.32268524169922,136.80999755859375,138.8300018310547,136.22000122070312,137.9499969482422,10592100
2019-12-16,114.76559448242188,137.33999633789062,138.83999633789062,137.32000732421875,138.3800048828125,11372000
2019-12-17,115.46749114990234,138.17999267578125,138.6699981689453,137.22999572753906,137.72999572753906,11546800
2019-12-18,115.35050964355469,138.0399932861328,139.02000427246094,137.72000122070312,138.14999389648438,10381500
2019-12-19,114.77395629882812,137.35000610351562,138.22000122070312,137.10000610351562,137.75999450683594,9350400
2019-12-20,114.68206024169922,137.24000549316406,138.8800048828125,136.89999389648438,138.02000427246094,29992600
2019-12-23,114.64859008789062,137.1999969482422,137.91000366210938,136.8800048828125,137.60000610351562,9738400
2019-12-24,114.96613311767578,137.5800018310547,137.6300048828125,137.05999755859375,137.3300018310547,3324300
2019-12-26,116.18614959716797,139.0399932861328,139.10000610351562,137.77999877929688,137.88999938964844,6770900
2019-12-27,116.26974487304688,139.13999938964844,139.77000427246094,138.6699981689453,139.3000030517578,7868200
2019-12-30,115.84354400634766,138.6300048828125,140.0800018310547,138.47000122070312,139.89999389648438,6963000
2019-12-31,116.48697662353516,139.39999389648438,139.47999572753906,138.2899932861328,138.50999450683594,7201600
2020-01-02,117.89921569824219,141.08999633789062,141.10000610351562,139.25999450683594,139.7899932861328,10803700
2020-01-03,116.34335327148438,138.33999633789062,139.22999572753906,137.0800018310547,137.5,10386800
2020-01-06,116.25083923339844,138.22999572753906,138.27000427246094,136.5,136.55999755859375,10259000
2020-01-07,114.27449798583984,135.8800048828125,137.86000061035156,135.82000732421875,137.27999877929688,10531300
2020-01-08,115.16596221923828,136.94000244140625,137.5800018310547,135.60000610351562,135.6999969482422,9695300
2020-01-09,115.58647155761719,137.44000244140625,138.22999572753906,137.0399932861328,138.0500030517578,9469000
2020-01-10,114.43431091308594,136.07000732421875,137.25,135.80999755859375,137.2100067138672,10190900
2020-01-13,115.38460540771484,137.1999969482422,137.1999969482422,135.75999450683594,136.19000244140625,12355200
2020-01-14,116.73020935058594,138.8000030517578,140.75999450683594,137.69000244140625,137.94000244140625,24906000
2020-01-15,114.98092651367188,136.72000122070312,138.60000610351562,136.14999389648438,137.85000610351562,16293400
2020-01-16,115.42668914794922,137.25,137.89999389648438,136.83999633789062,137.4499969482422,10783800
2020-01-17,116.22564697265625,138.1999969482422,138.2899932861328,137.32000732421875,137.5399932861328,14697700
2020-01-21,115.08185577392578,136.83999633789062,138.07000732421875,136.69000244140625,137.19000244140625,8474200
2020-01-22,114.94728088378906,136.67999267578125,137.39999389648438,136.3800048828125,137.24000549316406,7549100
2020-01-23,114.8295669555664,136.5399932861328,136.74000549316406,134.72000122070312,135.7100067138672,9345700
2020-01-24,111.97859191894531,133.14999389648438,136.42999267578125,132.32000732421875,136.3699951171875,15166400
2020-01-27,111.03669738769531,132.02999877929688,132.94000244140625,129.7100067138672,130.27000427246094,12860500
2020-01-28,113.05506896972656,134.42999267578125,134.97000122070312,132.47999572753906,132.83999633789062,13062800
2020-01-29,112.8868408203125,134.22999572753906,135.5399932861328,133.69000244140625,134.80999755859375,9326000
2020-01-30,114.28289794921875,135.88999938964844,136.1300048828125,132.69000244140625,132.69000244140625,9048900
2020-01-31,111.31417083740234,132.36000061035156,134.8300018310547,131.47000122070312,134.49000549316406,12785200
2020-02-03,112.16358947753906,133.3699951171875,134.24000549316406,132.66000366210938,132.66000366210938,10021100
2020-02-04,113.77830505371094,135.2899932861328,136.60000610351562,135.0800018310547,135.5500030517578,9157100
2020-02-05,115.7126235961914,137.58999633789062,137.72999572753906,136.00999450683594,136.57000732421875,10150700
2020-02-06,115.72944641113281,137.61000061035156,138.2899932861328,137.11000061035156,138.24000549316406,8992300
2020-02-07,115.35938262939453,137.1699981689453,137.6699981689453,136.3000030517578,136.72999572753906,6379800
2020-02-10,115.8387451171875,137.74000549316406,137.85000610351562,136.75,136.9499969482422,5960700
2020-02-11,116.05743408203125,138.0,138.82000732421875,137.77999877929688,138.25999450683594,6578600
2020-02-12,116.05743408203125,138.0,139.2899932861328,137.8000030517578,138.60000610351562,7958000
2020-02-13,115.95652770996094,137.8800048828125,138.33999633789062,136.39999389648438,137.75,7447500
2020-02-14,115.603271484375,137.4600067138672,138.19000244140625,136.94000244140625,137.83999633789062,6627600
2020-02-18,114.0726547241211,135.63999938964844,137.7100067138672,135.0500030517578,137.33999633789062,8996400
2020-02-19,115.62852478027344,137.49000549316406,138.38999938964844,136.33999633789062,136.91000366210938,7071200
2020-02-20,115.62852478027344,137.49000549316406,138.36000061035156,136.52999877929688,137.1699981689453,7422800
2020-02-21,114.21563720703125,135.80999755859375,136.9199981689453,134.9199981689453,136.5500030517578,9772800
2020-02-24,111.14599609375,132.16000366210938,133.1999969482422,130.8000030517578,131.44000244140625,13618400
2020-02-25,106.18413543701172,126.26000213623047,132.22999572753906,125.58999633789062,131.0,20797200
2020-02-26,106.50371551513672,126.63999938964844,128.9499969482422,126.33999633789062,126.93000030517578,24825600
2020-02-27,102.0716552734375,121.37000274658203,125.62000274658203,121.30000305175781,122.91000366210938,23005500
2020-02-28,97.64801025390625,116.11000061035156,118.48999786376953,112.66000366210938,117.5199966430664,45931400
2020-03-02,102.19779968261719,121.5199966430664,121.58000183105469,114.45999908447266,116.62999725341797,27355400
2020-03-03,98.36287689208984,116.95999908447266,122.94999694824219,116.23999786376953,120.97000122070312,32547700
2020-03-04,100.79335021972656,119.8499984741211,120.19000244140625,114.69999694824219,118.33000183105469,25795900
2020-03-05,95.8482894897461,113.97000122070312,116.43000030517578,112.58000183105469,115.66999816894531,25025600
2020-03-06,90.89482879638672,108.08000183105469,110.31999969482422,105.0199966430664,106.26000213623047,38159400
2020-03-09,78.5826416015625,93.44000244140625,99.2300033569336,93.0,96.56999969482422,40352000
2020-03-10,84.68827056884766,100.69999694824219,101.27999877929688,94.58000183105469,99.0,31102700
2020-03-11,80.70195007324219,95.95999908447266,100.05000305175781,94.55000305175781,97.69999694824219,38127000
2020-03-12,74.0496826171875,88.05000305175781,96.95999908447266,86.31999969482422,89.58999633789062,49725200
2020-03-13,87.38788604736328,103.91000366210938,103.98999786376953,92.0,95.98999786376953,38543300
2020-03-16,74.31037902832031,88.36000061035156,93.9800033569336,84.55000305175781,85.19999694824219,38589700
2020-03-17,78.85176849365234,93.76000213623047,97.44000244140625,87.5,90.88999938964844,35239800
2020-03-18,70.55113220214844,83.88999938964844,90.79000091552734,80.36000061035156,87.66999816894531,41525600
2020-03-19,71.7369613647461,85.30000305175781,88.11000061035156,76.91000366210938,81.55999755859375,32175100
2020-03-20,70.22314453125,83.5,89.45999908447266,82.4800033569336,86.30000305175781,30150800
2020-03-23,66.46390533447266,79.02999877929688,83.75,78.08999633789062,82.68000030517578,32536600
2020-03-24,74.36927795410156,88.43000030517578,90.0999984741211,82.9000015258789,84.9000015258789,34363200
2020-03-25,77.14453125,91.7300033569336,95.1500015258789,84.54000091552734,89.23999786376953,38111700
2020-03-26,82.51851654052734,98.12000274658203,98.56999969482422,93.54000091552734,94.08000183105469,29826300
2020-03-27,76.63992309570312,91.12999725341797,94.83999633789062,90.55000305175781,93.19000244140625,30041500
2020-03-30,78.63311004638672,93.5,94.08999633789062,89.30000305175781,90.6500015258789,21656900
2020-03-31,75.71483612060547,90.02999877929688,94.16999816894531,89.33999633789062,92.05000305175781,23379300
2020-04-01,70.9464111328125,84.36000061035156,86.55999755859375,83.25,85.0999984741211,28029600
2020-04-02,73.59555053710938,87.51000213623047,87.91000366210938,82.95999908447266,83.51000213623047,24018000
2020-04-03,71.42024230957031,84.05000305175781,87.4800033569336,82.7699966430664,86.0,21199400
2020-04-06,76.01728820800781,89.45999908447266,90.98999786376953,87.69999694824219,88.98999786376953,26820800
2020-04-07,77.01997375488281,90.63999938964844,94.5,90.37999725341797,94.44999694824219,22563800
2020-04-08,80.1300048828125,94.30000305175781,94.86000061035156,90.55000305175781,92.0999984741211,22903300
2020-04-09,87.31876373291016,102.76000213623047,104.38999938964844,96.88999938964844,96.91999816894531,42055900
2020-04-13,83.43547821044922,98.19000244140625,103.11000061035156,97.30000305175781,103.11000061035156,26911900
2020-04-14,81.1496810913086,95.5,102.0,93.63999938964844,101.0199966430664,46151300
2020-04-15,77.1474380493164,90.79000091552734,92.02999877929688,90.12999725341797,91.1500015258789,30118600
2020-04-16,74.20735168457031,87.33000183105469,90.56999969482422,87.05000305175781,90.2300033569336,32449600
2020-04-17,80.87777709960938,95.18000030517578,95.69999694824219,90.95999908447266,92.0,30191900
2020-04-20,77.92919158935547,91.70999908447266,94.70999908447266,90.45999908447266,92.47000122070312,23679400
2020-04-21,75.66889190673828,89.05000305175781,91.37999725341797,88.33000183105469,88.62000274658203,23035000
2020-04-22,75.91531372070312,89.33999633789062,91.87000274658203,89.18000030517578,90.69000244140625,16662400
2020-04-23,75.95780944824219,89.38999938964844,91.27999877929688,89.26000213623047,89.73999786376953,16638800
2020-04-24,77.07947540283203,90.70999908447266,91.0999984741211,88.48999786376953,90.63999938964844,15809200
2020-04-27,80.40190887451172,94.62000274658203,95.62999725341797,91.54000091552734,91.94000244140625,22870200
2020-04-28,80.97123718261719,95.29000091552734,98.36000061035156,95.02999877929688,97.80999755859375,20238900
2020-04-29,83.15505981445312,97.86000061035156,99.44999694824219,97.2699966430664,99.08000183105469,20462600
2020-04-30,81.37063598632812,95.76000213623047,96.83999633789062,94.55000305175781,95.5999984741211,19127600
2020-05-01,79.23778533935547,93.25,93.73999786376953,91.83999633789062,93.5,18547700
2020-05-04,78.2945785522461,92.13999938964844,92.66999816894531,90.80000305175781,92.0199966430664,15725900
2020-05-05,78.17562866210938,92.0,94.20999908447266,91.9000015258789,93.6500015258789,18064100
2020-05-06,76.70556640625,90.2699966430664,92.76000213623047,89.93000030517578,92.16000366210938,20978000
2020-05-07,77.50433349609375,91.20999908447266,92.91000366210938,90.58000183105469,91.33999633789062,16771900
2020-05-08,78.77042388916016,92.69999694824219,94.08000183105469,92.11000061035156,92.80000305175781,20487800
2020-05-11,76.4506607055664,89.97000122070312,91.11000061035156,89.33000183105469,91.11000061035156,31907600
2020-05-12,73.95243835449219,87.02999877929688,90.79000091552734,86.9000015258789,90.1500015258789,27962900
2020-05-13,71.4032211303711,84.02999877929688,86.86000061035156,83.4000015258789,86.37999725341797,35451600
2020-05-14,74.3687973022461,87.5199966430664,88.11000061035156,82.4000015258789,82.72000122070312,35152500
2020-05-15,72.99224090576172,85.9000015258789,87.27999877929688,85.30000305175781,86.8499984741211,26099000
2020-05-18,76.85852813720703,90.44999694824219,91.1500015258789,87.87999725341797,88.69000244140625,30504400
2020-05-19,75.34600067138672,88.66999816894531,91.19999694824219,88.58999633789062,90.05000305175781,19597300
2020-05-20,77.60629272460938,91.33000183105469,92.38999938964844,90.37000274658203,90.70999908447266,20552400
2020-05-21,76.6205825805664,90.16999816894531,91.76000213623047,89.66999816894531,90.2699966430664,14621400
2020-05-22,76.02576446533203,89.47000122070312,90.36000061035156,88.72000122070312,90.01000213623047,13557900
2020-05-26,81.42162322998047,95.81999969482422,97.5,92.61000061035156,92.88999938964844,41233900
2020-05-27,86.13762664794922,101.37000274658203,102.58000183105469,98.80000305175781,102.06999969482422,39402000
2020-05-28,84.85454559326172,99.86000061035156,102.94999694824219,99.4000015258789,102.94000244140625,24713900
2020-05-29,82.6877212524414,97.30999755859375,99.18000030517578,96.77999877929688,98.66000366210938,26526400
2020-06-01,83.78387451171875,98.5999984741211,99.51000213623047,97.37999725341797,97.75,15176800
2020-06-02,84.06428527832031,98.93000030517578,100.41999816894531,97.93000030517578,100.27999877929688,21195000
2020-06-03,88.60186767578125,104.2699966430664,104.91999816894531,101.05999755859375,101.58000183105469,25941100
2020-06-04,90.44578552246094,106.44000244140625,106.61000061035156,102.79000091552734,103.81999969482422,26784700
2020-06-05,94.5160140991211,111.2300033569336,115.7699966430664,109.52999877929688,114.93000030517578,42231000
2020-06-08,96.40242004394531,113.44999694824219,114.19000244140625,111.94000244140625,113.41000366210938,24881800
2020-06-09,93.92971801757812,110.54000091552734,111.62999725341797,109.01000213623047,110.6500015258789,17031100
2020-06-10,90.12288665771484,106.05999755859375,110.51000213623047,105.8499984741211,110.45999908447266,24913300
2020-06-11,82.60273742675781,97.20999908447266,101.58000183105469,96.54000091552734,100.02999877929688,36259200
2020-06-12,84.86300659179688,99.87000274658203,101.12999725341797,97.33000183105469,100.70999908447266,24856800
2020-06-15,86.03567504882812,101.25,101.43000030517578,95.87000274658203,96.41999816894531,22153600
2020-06-16,86.72393798828125,102.05999755859375,105.68000030517578,99.30999755859375,105.37000274658203,22193600
2020-06-17,84.53165435791016,99.4800033569336,102.54000091552734,99.20999908447266,102.52999877929688,15639800
2020-06-18,84.07276916503906,98.94000244140625,100.5199966430664,98.12999725341797,98.66999816894531,16591900
2020-06-19,83.11256408691406,97.80999755859375,100.5999984741211,96.7300033569336,100.52999877929688,40371200
2020-06-22,82.21184539794922,96.75,97.94999694824219,96.54000091552734,97.25,16216900
2020-06-23,83.21452331542969,97.93000030517578,99.97000122070312,97.8499984741211,98.97000122070312,15381400
2020-06-24,80.43592834472656,94.66000366210938,96.83999633789062,94.30999755859375,96.75,22919800
2020-06-25,83.24004364013672,97.95999908447266,98.20999908447266,94.26000213623047,94.3499984741211,25743600
2020-06-26,78.67695617675781,92.58999633789062,95.37000274658203,92.0,95.11000061035156,41896300
2020-06-29,79.02534484863281,93.0,94.48999786376953,92.18000030517578,93.4000015258789,18499700
2020-06-30,79.92605590820312,94.05999755859375,94.66000366210938,92.56999969482422,92.83000183105469,19137000
2020-07-01,79.24628448486328,93.26000213623047,95.70999908447266,93.02999877929688,94.88999938964844,18755700
2020-07-02,79.5036849975586,92.66000366210938,94.95999908447266,91.93000030517578,94.73999786376953,27845600
2020-07-06,81.51143646240234,95.0,95.19999694824219,93.4800033569336,94.43000030517578,18625300
2020-07-07,79.21195220947266,92.31999969482422,94.0999984741211,92.0,93.81999969482422,25757200
2020-07-08,80.05281829833984,93.30000305175781,93.33999633789062,91.80000305175781,92.29000091552734,18762200
2020-07-09,78.31962585449219,91.27999877929688,94.12000274658203,90.77999877929688,93.5199966430664,25600800
2020-07-10,82.60111236572266,96.2699966430664,96.83999633789062,91.87000274658203,92.0,28954200
2020-07-13,83.78518676757812,97.6500015258789,99.2699966430664,96.2300033569336,98.7300033569336,32079200
2020-07-14,84.26565551757812,98.20999908447266,99.94999694824219,96.63999938964844,98.37000274658203,42731700
2020-07-15,85.5698471069336,99.7300033569336,101.29000091552734,98.6500015258789,100.88999938964844,22508400
2020-07-16,85.81009674072266,100.01000213623047,101.22000122070312,98.55000305175781,98.77999877929688,16886900
2020-07-17,84.2227554321289,98.16000366210938,100.08000183105469,98.13999938964844,100.0,16137700
2020-07-20,83.48489379882812,97.30000305175781,98.38999938964844,97.26000213623047,97.43000030517578,14458100
2020-07-21,85.29528045654297,99.41000366210938,100.05000305175781,97.63999938964844,97.70999908447266,17798100
2020-07-22,84.67752838134766,98.69000244140625,100.12999725341797,97.52999877929688,99.6500015258789,14271200
2020-07-23,84.92633819580078,98.9800033569336,99.3499984741211,97.97000122070312,98.5,12870200
2020-07-24,84.32572174072266,98.27999877929688,99.80000305175781,97.94000244140625,99.5999984741211,12744200
2020-07-27,83.14167785644531,96.9000015258789,97.62999725341797,96.16999816894531,97.51000213623047,11959100
2020-07-28,83.50202941894531,97.31999969482422,97.88999938964844,96.5,96.5,11754300
2020-07-29,85.5269546508789,99.68000030517578,99.70999908447266,97.0,97.06999969482422,12743500
2020-07-30,83.24464416503906,97.0199966430664,97.73999786376953,96.05000305175781,97.54000091552734,14834800
2020-07-31,82.91859436035156,96.63999938964844,96.93000030517578,95.25,96.4800033569336,14535000
2020-08-03,82.45526885986328,96.0999984741211,97.56999969482422,95.8499984741211,97.0199966430664,12962800
2020-08-04,81.98335266113281,95.55000305175781,95.94999694824219,95.02999877929688,95.91000366210938,13366200
2020-08-05,83.40765380859375,97.20999908447266,98.47000122070312,95.72000122070312,95.87000274658203,15260900
2020-08-06,83.43339538574219,97.23999786376953,98.0999984741211,96.54000091552734,97.58000183105469,10482100
2020-08-07,85.26954650878906,99.37999725341797,99.48999786376953,96.55999755859375,96.93000030517578,14743700
2020-08-10,86.35064697265625,100.63999938964844,102.04000091552734,100.02999877929688,100.11000061035156,14989900
2020-08-11,89.07913970947266,103.81999969482422,106.16000366210938,103.51000213623047,103.86000061035156,31518600
2020-08-12,88.32406616210938,102.94000244140625,106.43000030517578,101.70999908447266,106.16000366210938,19240800
2020-08-13,87.83499908447266,102.37000274658203,103.36000061035156,101.63999938964844,102.0,13598600
2020-08-14,87.86932373046875,102.41000366210938,103.30999755859375,101.41999816894531,101.5,12134400
2020-08-17,85.55271911621094,99.70999908447266,102.0,99.52999877929688,101.5,14988000
2020-08-18,84.36004638671875,98.31999969482422,99.91000366210938,98.12000274658203,99.91000366210938,13246500
2020-08-19,84.55738830566406,98.55000305175781,100.58999633789062,98.33999633789062,98.91999816894531,13533000
2020-08-20,83.54495239257812,97.37000274658203,98.02999877929688,96.80000305175781,97.26000213623047,13672600
2020-08-21,83.50202941894531,97.31999969482422,98.56999969482422,96.94000244140625,97.2699966430664,12228300
2020-08-24,85.85298919677734,100.05999755859375,100.20999908447266,97.41999816894531,98.44999694824219,17898300
2020-08-25,86.23050689697266,100.5,101.9800033569336,99.80000305175781,101.2699966430664,13648900
2020-08-26,85.02071380615234,99.08999633789062,100.2699966430664,99.05000305175781,99.94000244140625,12052400
2020-08-27,87.81786346435547,102.3499984741211,102.6500015258789,99.0,99.0,22163900
2020-08-28,88.17821502685547,102.7699966430664,103.25,101.80999755859375,103.13999938964844,13756700
2020-08-31,85.96453857421875,100.19000244140625,102.18000030517578,100.0199966430664,102.12000274658203,14219400
2020-09-01,85.92164611816406,100.13999938964844,100.87000274658203,99.04000091552734,99.55000305175781,11595600
2020-09-02,87.21724700927734,101.6500015258789,101.94000244140625,99.55999755859375,99.94999694824219,14475700
2020-09-03,86.94268035888672,101.33000183105469,104.98999786376953,100.63999938964844,103.31999969482422,23281200
2020-09-04,88.82172393798828,103.5199966430664,105.20999908447266,101.37000274658203,104.05000305175781,26325500
2020-09-08,85.7328872680664,99.91999816894531,103.56999969482422,99.4800033569336,102.9800033569336,22108600
2020-09-09,86.54798889160156,100.87000274658203,101.69000244140625,99.55999755859375,100.80000305175781,13434000
2020-09-10,85.65564727783203,99.83000183105469,102.41999816894531,99.63999938964844,101.4000015258789,15922800
2020-09-11,86.71959686279297,101.06999969482422,101.36000061035156,99.58999633789062,99.97000122070312,13784300
2020-09-14,87.9207992553711,102.47000122070312,103.45999908447266,101.37000274658203,101.51000213623047,19017400
2020-09-15,85.18373107910156,99.27999877929688,102.8499984741211,99.13999938964844,102.7300033569336,23683000
2020-09-16,85.54412841796875,99.69999694824219,101.12999725341797,98.76000213623047,99.43000030517578,19270600
2020-09-17,84.56598663330078,98.55999755859375,99.33999633789062,97.70999908447266,98.69999694824219,18290100
2020-09-18,84.38578796386719,98.3499984741211,99.48999786376953,97.44000244140625,97.88999938964844,20121600
2020-09-21,81.77745056152344,95.30999755859375,96.05000305175781,93.81999969482422,95.19999694824219,28378800
2020-09-22,80.88509368896484,94.2699966430664,95.66000366210938,93.66999816894531,94.95999908447266,19257000
2020-09-23,79.57235717773438,92.73999786376953,95.3499984741211,92.66000366210938,94.77999877929688,19952700
2020-09-24,79.5036849975586,92.66000366210938,94.30000305175781,91.37999725341797,92.31999969482422,18366500
2020-09-25,80.19866943359375,93.47000122070312,93.72000122070312,91.87000274658203,92.05000305175781,13293100
2020-09-28,82.50675964355469,96.16000366210938,96.93000030517578,94.3499984741211,95.05999755859375,20894100
2020-09-29,81.81175231933594,95.3499984741211,96.02999877929688,94.33000183105469,96.02999877929688,12848200
2020-09-30,82.60111236572266,96.2699966430664,97.19999694824219,95.26000213623047,95.3499984741211,16400600
2020-10-01,83.20172119140625,96.97000122070312,97.7699966430664,96.02999877929688,97.12000274658203,15778700
2020-10-02,83.99110412597656,97.88999938964844,98.58999633789062,95.08999633789062,95.25,15149600
2020-10-05,85.76634979248047,99.04000091552734,99.25,97.52999877929688,98.31999969482422,13871900
2020-10-06,84.88307189941406,98.0199966430664,100.86000061035156,97.51000213623047,100.06999969482422,19220400
2020-10-07,86.36388397216797,99.7300033569336,100.3499984741211,98.66999816894531,98.95999908447266,16358500
2020-10-08,88.1391372680664,101.77999877929688,101.91999816894531,99.9000015258789,100.51000213623047,15659000
2020-10-09,87.6368637084961,101.19999694824219,102.11000061035156,100.11000061035156,102.0,13689100
2020-10-12,88.71068572998047,102.44000244140625,103.0,100.8499984741211,101.0999984741211,16058000
2020-10-13,87.27316284179688,100.77999877929688,103.22000122070312,100.26000213623047,103.0,21697300
2020-10-14,86.7882308959961,100.22000122070312,101.93000030517578,100.0999984741211,101.02999877929688,15204100
2020-10-15,88.08717346191406,101.72000122070312,101.77999877929688,99.04000091552734,99.0999984741211,17171200
2020-10-16,87.90532684326172,101.51000213623047,102.33000183105469,100.72000122070312,101.41000366210938,13275000
2020-10-19,86.42453002929688,99.80000305175781,101.87000274658203,99.55999755859375,101.5999984741211,11725700
2020-10-20,86.91812133789062,100.37000274658203,101.7699966430664,100.12000274658203,100.30999755859375,11257100
2020-10-21,86.05211639404297,99.37000274658203,100.98999786376953,99.33000183105469,100.36000061035156,10730500
2020-10-22,89.09170532226562,102.87999725341797,103.23999786376953,99.30999755859375,99.31999969482422,14837200
2020-10-23,89.89706420898438,103.80999755859375,104.44999694824219,102.93000030517578,103.5,15087600
2020-10-26,87.6715087890625,101.23999786376953,102.69999694824219,100.25,102.6500015258789,12410700
2020-10-27,86.01750183105469,99.33000183105469,100.91999816894531,99.16000366210938,100.51000213623047,10391700
2020-10-28,83.60140991210938,96.54000091552734,98.30000305175781,96.06999969482422,97.5,16389500
2020-10-29,84.14697265625,97.16999816894531,97.9800033569336,95.23999786376953,96.12000274658203,14208800
2020-10-30,84.90038299560547,98.04000091552734,98.41999816894531,96.2300033569336,97.91000366210938,15194500
2020-11-02,86.81419372558594,100.25,100.87999725341797,97.86000061035156,99.38999938964844,15011600
2020-11-03,89.5506820678711,103.41000366210938,104.73999786376953,102.69000244140625,103.0199966430664,17482600
2020-11-04,86.81419372558594,100.25,102.06999969482422,98.93000030517578,101.0,18886500
2020-11-05,90.36470031738281,104.3499984741211,105.0999984741211,101.0,101.05999755859375,17837400
2020-11-06,89.1609878540039,102.95999908447266,105.0999984741211,102.38999938964844,105.02999877929688,12552800
2020-11-09,101.23269653320312,116.9000015258789,118.9000015258789,110.3499984741211,113.16000366210938,47792400
2020-11-10,100.90362548828125,116.5199966430664,117.44999694824219,114.69000244140625,117.3499984741211,20539300
2020-11-11,99.39684295654297,114.77999877929688,116.95999908447266,113.95999908447266,116.88999938964844,14443400
2020-11-12,98.17581939697266,113.37000274658203,113.95999908447266,112.05999755859375,112.52999877929688,22063000
2020-11-13,98.79066467285156,114.08000183105469,114.86000061035156,113.56999969482422,114.69999694824219,11847900
2020-11-16,101.5791015625,117.30000305175781,118.61000061035156,115.7300033569336,117.79000091552734,19858600
2020-11-17,100.548583984375,116.11000061035156,116.44000244140625,114.58000183105469,115.38999938964844,14553200
2020-11-18,99.80384063720703,115.25,118.61000061035156,115.19999694824219,117.33999633789062,12571200
2020-11-19,100.07231140136719,115.55999755859375,115.81999969482422,113.55999755859375,114.18000030517578,10202500
2020-11-20,99.21499633789062,114.56999969482422,115.6500015258789,114.08999633789062,114.43000030517578,12718900
2020-11-23,102.07271575927734,117.87000274658203,118.16999816894531,115.56999969482422,116.05000305175781,13209200
2020-11-24,106.79228210449219,123.31999969482422,123.5,119.70999908447266,120.06999969482422,20121600
2020-11-25,105.6751708984375,122.02999877929688,122.37999725341797,120.47000122070312,121.37000274658203,11715600
2020-11-27,104.97372436523438,121.22000122070312,122.3499984741211,121.08000183105469,122.0,5983600
2020-11-30,102.08137512207031,117.87999725341797,120.72000122070312,117.7699966430664,120.0,14411800
2020-12-01,103.69207763671875,119.73999786376953,121.58000183105469,119.62999725341797,120.33999633789062,12668900
2020-12-02,105.68384552001953,122.04000091552734,122.30999755859375,119.2699966430664,119.69999694824219,10811300
2020-12-03,104.99108123779297,121.23999786376953,121.88999938964844,120.36000061035156,121.8499984741211,12904400
2020-12-04,105.94363403320312,122.33999633789062,123.29000091552734,121.69000244140625,122.4800033569336,13583700
2020-12-07,105.54527282714844,121.87999725341797,122.16999816894531,120.20999908447266,121.1500015258789,9724300
2020-12-08,105.64920806884766,122.0,122.33000183105469,120.76000213623047,121.04000091552734,9592100
2020-12-09,104.8265380859375,121.05000305175781,123.30000305175781,120.44000244140625,123.16999816894531,13073900
2020-12-10,104.15106201171875,120.2699966430664,120.77999877929688,119.55999755859375,119.98999786376953,13668400
2020-12-11,103.53620910644531,119.55999755859375,120.0199966430664,118.37000274658203,118.94000244140625,9981600
2020-12-14,102.44507598876953,118.30000305175781,121.41999816894531,118.11000061035156,121.33999633789062,12112400
2020-12-15,104.1943588256836,120.31999969482422,120.9000015258789,118.62000274658203,119.29000091552734,12590200
2020-12-16,104.4974365234375,120.66999816894531,121.08000183105469,119.86000061035156,120.30000305175781,11169400
2020-12-17,103.63146209716797,119.66999816894531,121.44999694824219,119.58000183105469,121.26000213623047,11618000
2020-12-18,103.12053680419922,119.08000183105469,119.87999725341797,118.2699966430664,119.13999938964844,28954800
2020-12-21,106.99144744873047,123.55000305175781,125.0,121.08999633789062,123.16999816894531,28323600
2020-12-22,105.36341857910156,121.66999816894531,123.5199966430664,121.61000061035156,123.38999938964844,11788200
2020-12-23,108.30774688720703,125.06999969482422,126.5199966430664,122.3499984741211,122.77999877929688,14973200
2020-12-24,107.8314437866211,124.5199966430664,125.55000305175781,123.56999969482422,125.08999633789062,4164900
2020-12-28,108.54156494140625,125.33999633789062,126.6500015258789,124.79000091552734,125.81999969482422,8072600
2020-12-29,108.25579071044922,125.01000213623047,126.27999877929688,124.88999938964844,126.19999694824219,8389200
2020-12-30,108.55888366699219,125.36000061035156,125.8499984741211,124.9000015258789,125.48999786376953,7398000
2020-12-31,110.03971099853516,127.06999969482422,127.33000183105469,124.81999969482422,125.08999633789062,8580200
2021-01-04,109.00050354003906,125.87000274658203,127.86000061035156,124.77999877929688,127.5,16819900
2021-01-05,109.59364318847656,125.6500015258789,126.30000305175781,123.7699966430664,124.98999786376953,13731200
2021-01-06,114.73968505859375,131.5500030517578,132.77000427246094,127.87999725341797,129.8800048828125,24909100
2021-01-07,118.50763702392578,135.8699951171875,138.19000244140625,134.9199981689453,135.69000244140625,21940400
2021-01-08,118.63847351074219,136.02000427246094,136.35000610351562,134.1199951171875,135.97000122070312,12035100
2021-01-11,120.40908813476562,138.0500030517578,138.1999969482422,134.11000061035156,134.5800018310547,15937900
2021-01-12,122.30176544189453,140.22000122070312,141.66000366210938,138.8300018310547,139.44000244140625,18033500
2021-01-13,122.41519165039062,140.35000610351562,140.7899932861328,138.10000610351562,138.58999633789062,14816800
2021-01-14,123.1303939819336,141.1699981689453,142.75,140.0,140.49000549316406,18565600
2021-01-15,120.92369842529297,138.63999938964844,141.64999389648438,137.00999450683594,137.42999267578125,27881000
2021-01-19,120.40034484863281,138.0399932861328,140.6999969482422,137.82000732421875,139.86000061035156,19843800
2021-01-20,118.59487915039062,135.97000122070312,138.1699981689453,135.44000244140625,137.82000732421875,16028800
2021-01-21,117.6005630493164,134.8300018310547,136.16000366210938,134.32000732421875,135.69000244140625,13411700
2021-01-22,116.69343566894531,133.7899932861328,134.39999389648438,132.1999969482422,132.69000244140625,12933200
2021-01-25,115.23683166503906,132.1199951171875,133.1699981689453,130.05999755859375,132.13999938964844,14212800
2021-01-26,114.7658462524414,131.5800018310547,133.1699981689453,131.33999633789062,132.75,11307800
2021-01-27,111.52122497558594,127.86000061035156,129.85000610351562,127.3499984741211,129.58999633789062,17603900
2021-01-28,113.48368835449219,130.11000061035156,132.1699981689453,128.99000549316406,129.89999389648438,13761800
2021-01-29,112.22771453857422,128.6699981689453,131.72000122070312,128.19000244140625,131.19000244140625,14808100
2021-02-01,113.05630493164062,129.6199951171875,130.07000732421875,128.47999572753906,129.39999389648438,11080700
2021-02-02,116.53645324707031,133.61000061035156,134.38999938964844,131.22000122070312,131.94000244140625,12253600
2021-02-03,117.87095642089844,135.13999938964844,135.75999450683594,133.50999450683594,133.64999389648438,10600800
2021-02-04,120.5835189819336,138.25,138.66000366210938,135.47000122070312,135.47000122070312,12419500
2021-02-05,120.34800720214844,137.97999572753906,139.49000549316406,137.3800048828125,139.38999938964844,10051300
2021-02-08,122.23200225830078,140.13999938964844,140.3000030517578,138.17999267578125,138.1999969482422,10136400
2021-02-09,121.74356079101562,139.5800018310547,139.97999572753906,138.5399932861328,139.42999267578125,8614800
2021-02-10,121.81332397460938,139.66000366210938,140.8699951171875,139.0399932861328,140.0,10323200
2021-02-11,121.47318267822266,139.27000427246094,140.5500030517578,138.22000122070312,139.66000366210938,9201000
2021-02-12,123.2001724243164,141.25,141.61000061035156,139.0,139.0500030517578,8324600
2021-02-16,126.16566467285156,144.64999389648438,145.32000732421875,142.39999389648438,143.5500030517578,12130600
2021-02-17,126.55816650390625,145.10000610351562,145.3800048828125,143.1199951171875,143.9499969482422,10810100
2021-02-18,126.98556518554688,145.58999633789062,145.7899932861328,143.39999389648438,144.0,10587800
2021-02-19,129.1050262451172,148.02000427246094,148.83999633789062,145.86000061035156,145.86000061035156,11969800
2021-02-22,130.31739807128906,149.41000366210938,150.19000244140625,146.7899932861328,146.8699951171875,11488400
2021-02-23,131.3640899658203,150.61000061035156,152.30999755859375,149.58999633789062,151.50999450683594,16234400
2021-02-24,133.6754150390625,153.25999450683594,153.75999450683594,150.11000061035156,150.11000061035156,15061400
2021-02-25,131.86123657226562,151.17999267578125,154.89999389648438,150.58999633789062,154.27000427246094,18127700
2021-02-26,128.36366271972656,147.1699981689453,150.8699951171875,146.50999450683594,150.3000030517578,19829200
2021-03-01,131.2681121826172,150.5,151.3800048828125,148.47999572753906,149.52000427246094,14845500
2021-03-02,130.8407440185547,150.00999450683594,151.77999877929688,149.83999633789062,150.0800018310547,14221700
2021-03-03,133.37014770507812,152.91000366210938,154.97999572753906,150.82000732421875,151.22999572753906,14324100
2021-03-04,131.32044982910156,150.55999755859375,154.3800048828125,148.6199951171875,152.61000061035156,20093900
2021-03-05,131.62576293945312,150.91000366210938,153.49000549316406,147.97000122070312,153.22000122070312,18465100
2021-03-08,133.37014770507812,152.91000366210938,155.4600067138672,150.75,152.47000122070312,17133300
2021-03-09,132.4281768798828,151.8300018310547,154.25,149.82000732421875,151.5,16238800
2021-03-10,135.30648803710938,155.1300048828125,156.16000366210938,151.50999450683594,151.91000366210938,14342200
2021-03-11,134.59999084472656,154.32000732421875,156.14999389648438,153.36000061035156,154.11000061035156,11771500
2021-03-12,136.19613647460938,156.14999389648438,157.6300048828125,155.07000732421875,156.86000061035156,12849500
2021-03-15,135.51580810546875,155.3699951171875,156.9199981689453,153.9600067138672,156.35000610351562,12101100
2021-03-16,133.8934783935547,153.50999450683594,154.60000610351562,152.19000244140625,154.08999633789062,12805600
2021-03-17,135.27157592773438,155.08999633789062,156.8800048828125,153.0500030517578,155.33999633789062,13952400
2021-03-18,137.50439453125,157.64999389648438,161.69000244140625,157.11000061035156,157.60000610351562,21898500
2021-03-19,135.31520080566406,155.13999938964844,155.94000244140625,151.19000244140625,155.50999450683594,54418800
2021-03-22,131.67808532714844,150.97000122070312,153.97000122070312,150.61000061035156,152.8000030517578,19944800
2021-03-23,130.3610382080078,149.4600067138672,152.1199951171875,148.9600067138672,150.3300018310547,17076300
2021-03-24,131.37278747558594,150.6199951171875,153.17999267578125,149.86000061035156,150.0,13079800
2021-03-25,133.05616760253906,152.5500030517578,152.97000122070312,149.3300018310547,150.0,15608300
2021-03-26,135.27157592773438,155.08999633789062,155.4499969482422,152.5500030517578,154.3000030517578,16754400
2021-03-29,133.1695556640625,152.67999267578125,153.72999572753906,151.0399932861328,152.1199951171875,17570300
2021-03-30,134.739501953125,154.47999572753906,155.8699951171875,153.8800048828125,154.4600067138672,13184300
2021-03-31,132.7770538330078,152.22999572753906,154.49000549316406,152.1199951171875,153.27999877929688,16736700
2021-04-01,134.0679931640625,153.7100067138672,153.7899932861328,151.5500030517578,151.89999389648438,16561500
2021-04-05,134.77857971191406,153.6199951171875,154.94000244140625,152.60000610351562,154.39999389648438,13508000
2021-04-06,133.8310546875,152.5399932861328,154.27999877929688,151.86000061035156,152.7899932861328,13071600
2021-04-07,135.92791748046875,154.92999267578125,155.22999572753906,152.64999389648438,153.10000610351562,16903500
2021-04-08,136.09461975097656,155.1199951171875,155.50999450683594,152.30999755859375,154.0,12335500
2021-04-09,137.11233520507812,156.27999877929688,157.0399932861328,154.97000122070312,155.80999755859375,12122400
2021-04-12,136.82286071777344,155.9499969482422,157.25,155.57000732421875,155.5800018310547,12273400
2021-04-13,135.19097900390625,154.08999633789062,155.1999969482422,152.42999267578125,154.75,16113600
2021-04-14,132.6641845703125,151.2100067138672,153.8300018310547,150.92999267578125,151.47000122070312,19939600
2021-04-15,133.50640869140625,152.1699981689453,152.1999969482422,149.32000732421875,151.25,17694100
2021-04-16,134.49781799316406,153.3000030517578,154.50999450683594,152.69000244140625,153.8699951171875,13773400
2021-04-19,133.92758178710938,152.64999389648438,153.8800048828125,152.22000122070312,153.4199981689453,11900200
2021-04-20,130.96212768554688,149.27000427246094,151.75,148.64999389648438,151.74000549316406,13716700
2021-04-21,132.0763397216797,150.5399932861328,150.61000061035156,146.7899932861328,147.7899932861328,12236700
2021-04-22,129.29515075683594,147.3699951171875,150.3000030517578,147.25999450683594,150.22999572753906,15256100
2021-04-23,131.76930236816406,150.19000244140625,151.1300048828125,146.69000244140625,147.17999267578125,14041900
2021-04-26,132.09388732910156,150.55999755859375,152.4600067138672,150.3800048828125,150.77999877929688,10799100
2021-04-27,132.69924926757812,151.25,151.57000732421875,150.11000061035156,150.5,12821200
2021-04-28,133.55906677246094,152.22999572753906,152.88999938964844,151.39999389648438,152.42999267578125,8943700
2021-04-29,136.15606689453125,155.19000244140625,155.27999877929688,153.1999969482422,153.5399932861328,12976900
2021-04-30,134.94529724121094,153.80999755859375,154.49000549316406,153.00999450683594,154.10000610351562,11705100
2021-05-03,134.55047607421875,153.36000061035156,155.47999572753906,153.1300048828125,154.85000610351562,11801100
2021-05-04,136.41043090820312,155.47999572753906,155.63999938964844,152.13999938964844,152.8699951171875,12977700
2021-05-05,138.20025634765625,157.52000427246094,158.27999877929688,154.6300048828125,156.0,10506700
2021-05-06,140.9814910888672,160.69000244140625,160.82000732421875,157.16000366210938,158.07000732421875,13542400
2021-05-07,141.46401977539062,161.24000549316406,161.5,157.02000427246094,157.22000122070312,14257800
2021-05-10,141.4464569091797,161.22000122070312,163.72999572753906,161.1199951171875,161.5,14014300
2021-05-11,139.09515380859375,158.5399932861328,162.38999938964844,158.0399932861328,161.0800018310547,15451700
2021-05-12,138.13888549804688,157.4499969482422,160.77999877929688,157.02999877929688,159.61000061035156,14381700
2021-05-13,141.69210815429688,161.5,162.4499969482422,157.67999267578125,158.17999267578125,15395000
2021-05-14,143.89425659179688,164.00999450683594,164.4499969482422,161.99000549316406,162.38999938964844,10584000
2021-05-17,144.4733123779297,164.6699981689453,164.85000610351562,163.02999877929688,163.3699951171875,9886800
2021-05-18,142.4378662109375,162.35000610351562,165.5,162.24000549316406,164.67999267578125,11098100
2021-05-19,141.3498992919922,161.11000061035156,161.17999267578125,158.63999938964844,161.0,13278900
2021-05-20,141.1043243408203,160.8300018310547,161.86000061035156,159.52000427246094,160.8300018310547,10426000
2021-05-21,142.7098846435547,162.66000366210938,163.22000122070312,160.94000244140625,161.33999633789062,10249000
2021-05-24,143.48194885253906,163.5399932861328,164.22999572753906,162.1199951171875,163.36000061035156,9440300
2021-05-25,141.9991912841797,161.85000610351562,165.6999969482422,161.55999755859375,163.85000610351562,12609100
2021-05-26,141.9816436767578,161.8300018310547,163.74000549316406,161.30999755859375,163.57000732421875,13058300
2021-05-27,144.19256591796875,164.35000610351562,164.75,162.57000732421875,163.9499969482422,15707500
2021-05-28,144.09605407714844,164.24000549316406,164.94000244140625,163.25999450683594,164.67999267578125,10291300
2021-06-01,145.68405151367188,166.0500030517578,166.91000366210938,165.47999572753906,165.8699951171875,9445400
2021-06-02,145.69284057617188,166.05999755859375,167.44000244140625,165.52999877929688,167.25999450683594,10498600
2021-06-03,145.7893524169922,166.1699981689453,167.25,164.66000366210938,165.41000366210938,13354400
2021-06-04,146.02622985839844,166.44000244140625,166.6699981689453,165.02999877929688,166.2100067138672,8510800
2021-06-07,145.34190368652344,165.66000366210938,167.10000610351562,165.13999938964844,167.0,7267200
2021-06-08,144.76283264160156,165.0,165.75999450683594,163.16000366210938,164.49000549316406,10370700
2021-06-09,142.9555206298828,162.94000244140625,164.22000122070312,162.27999877929688,164.13999938964844,12377400
2021-06-10,140.72705078125,160.39999389648438,165.24000549316406,160.30999755859375,164.36000061035156,12119400
2021-06-11,140.63050842285156,160.2899932861328,161.1999969482422,159.05999755859375,160.42999267578125,13683800
2021-06-14,138.24411010742188,157.57000732421875,160.3300018310547,156.66000366210938,160.14999389648438,19917900
2021-06-15,136.14723205566406,155.17999267578125,156.9199981689453,154.1300048828125,156.6999969482422,24485500
2021-06-16,137.1035919189453,156.27000427246094,157.6199951171875,153.11000061035156,154.72999572753906,25321200
2021-06-17,133.146728515625,151.75999450683594,157.4600067138672,151.25,157.10000610351562,29722400
2021-06-18,129.77772521972656,147.9199981689453,149.6999969482422,147.55999755859375,149.3000030517578,43595700
2021-06-21,131.9798583984375,150.42999267578125,151.1999969482422,149.02000427246094,149.0800018310547,18664800
2021-06-22,131.78684997558594,150.2100067138672,150.97000122070312,148.66000366210938,150.60000610351562,14251200
2021-06-23,132.585205078125,151.1199951171875,152.0399932861328,150.08999633789062,150.1999969482422,12733300
2021-06-24,133.8047332763672,152.50999450683594,153.1199951171875,151.22000122070312,151.9199981689453,13733200
2021-06-25,135.15586853027344,154.0500030517578,154.5,151.6699981689453,152.58999633789062,15484900
2021-06-28,135.4014892578125,154.3300018310547,154.47999572753906,152.1199951171875,153.6999969482422,14125800
2021-06-29,135.23483276367188,154.13999938964844,156.30999755859375,153.61000061035156,155.0,14528700
2021-06-30,136.4630889892578,155.5399932861328,156.0800018310547,153.7100067138672,153.75,12531000
2021-07-01,137.81427001953125,157.0800018310547,157.13999938964844,155.4199981689453,156.25999450683594,10479400
2021-07-02,137.68185424804688,156.02999877929688,156.32000732421875,155.1199951171875,155.9499969482422,11424000
2021-07-06,135.36997985839844,153.41000366210938,155.77999877929688,152.35000610351562,155.77999877929688,15083400
2021-07-07,135.52880859375,153.58999633789062,154.27999877929688,151.5500030517578,152.00999450683594,12271800
2021-07-08,133.19041442871094,150.94000244140625,152.52999877929688,150.0399932861328,151.61000061035156,17834600
2021-07-09,137.45248413085938,155.77000427246094,156.14999389648438,152.5800018310547,153.0500030517578,13694500
2021-07-12,139.42019653320312,158.0,159.16000366210938,153.94000244140625,154.35000610351562,19940400
2021-07-13,137.34654235839844,155.64999389648438,157.38999938964844,153.5,156.0500030517578,22671700
2021-07-14,136.87890625,155.1199951171875,157.27999877929688,152.9499969482422,155.9499969482422,14622800
2021-07-15,137.17892456054688,155.4600067138672,156.52999877929688,153.6999969482422,153.89999389648438,11539300
2021-07-16,134.04637145996094,151.91000366210938,156.27999877929688,151.02000427246094,155.9600067138672,14002700
2021-07-19,129.68728637695312,146.97000122070312,149.82000732421875,145.7100067138672,148.5500030517578,22172900
2021-07-20,132.10504150390625,149.7100067138672,151.1199951171875,146.3300018310547,146.52000427246094,15385200
2021-07-21,134.88465881347656,152.86000061035156,153.64999389648438,151.36000061035156,152.0500030517578,12356700
2021-07-22,133.1815948486328,150.92999267578125,153.44000244140625,149.97000122070312,152.8800048828125,9913300
2021-07-23,132.9256591796875,150.63999938964844,152.83999633789062,150.25,151.47999572753906,9666100
2021-07-26,133.8169403076172,151.64999389648438,151.9600067138672,150.1699981689453,150.19000244140625,8208000
2021-07-27,133.6404571533203,151.4499969482422,152.49000549316406,149.8000030517578,150.39999389648438,11218700
2021-07-28,133.86105346679688,151.6999969482422,152.77000427246094,150.8800048828125,152.2899932861328,9217300
2021-07-29,135.00816345214844,153.0,153.8699951171875,151.91000366210938,153.13999938964844,9063500
2021-07-30,133.93162536621094,151.77999877929688,153.6699981689453,151.1999969482422,152.5800018310547,9805200
2021-08-02,133.39334106445312,151.1699981689453,154.4499969482422,151.07000732421875,152.02999877929688,10203200
2021-08-03,134.9110870361328,152.88999938964844,153.32000732421875,149.52000427246094,151.9499969482422,10394800
2021-08-04,133.4551544189453,151.24000549316406,153.3699951171875,150.91000366210938,151.25,10155000
2021-08-05,135.1405792236328,153.14999389648438,153.69000244140625,152.00999450683594,152.27999877929688,9151500
2021-08-06,138.97900390625,157.5,157.82000732421875,155.11000061035156,155.19000244140625,13328800
2021-08-09,138.82896423339844,157.3300018310547,158.5500030517578,155.89999389648438,157.52000427246094,9516900
2021-08-10,140.53204345703125,159.25999450683594,159.97999572753906,156.30999755859375,156.74000549316406,8667000
2021-08-11,142.20858764648438,161.16000366210938,161.5,159.0800018310547,160.0,9156500
2021-08-12,142.76449584960938,161.7899932861328,162.3699951171875,160.5500030517578,161.8800048828125,8844200
2021-08-13,141.16737365722656,159.97999572753906,162.16000366210938,159.57000732421875,161.7899932861328,8980900
2021-08-16,140.2408905029297,158.92999267578125,159.02999877929688,156.77999877929688,158.94000244140625,8755800
2021-08-17,138.54664611816406,157.00999450683594,158.86000061035156,155.27000427246094,157.57000732421875,9347200
2021-08-18,137.28480529785156,155.5800018310547,158.00999450683594,155.33999633789062,156.30999755859375,8065500
2021-08-19,136.1376495361328,154.27999877929688,155.55999755859375,153.00999450683594,153.16000366210938,9517700
2021-08-20,136.52590942382812,154.72000122070312,154.89999389648438,153.16000366210938,154.35000610351562,6974100
2021-08-23,138.2730712890625,156.6999969482422,157.08999633789062,155.24000549316406,155.3300018310547,7934600
2021-08-24,139.1289825439453,157.6699981689453,158.5500030517578,156.8699951171875,157.0,7670900
2021-08-25,141.99684143066406,160.9199981689453,161.77999877929688,157.8000030517578,158.50999450683594,11335000
2021-08-26,142.729248046875,161.75,163.8300018310547,161.14999389648438,162.25999450683594,11027500
2021-08-27,143.8763427734375,163.0500030517578,163.16000366210938,161.25999450683594,161.75,8780200
2021-08-30,141.5733184814453,160.44000244140625,163.49000549316406,159.8800048828125,163.2100067138672,7937600
2021-08-31,141.14089965820312,159.9499969482422,161.3699951171875,159.35000610351562,160.44000244140625,12340800
2021-09-01,140.93798828125,159.72000122070312,160.75999450683594,158.97000122070312,160.22000122070312,8729900
2021-09-02,141.5908966064453,160.4600067138672,161.61000061035156,159.42999267578125,160.02000427246094,8813300
2021-09-03,140.73500061035156,159.49000549316406,160.88999938964844,159.14999389648438,160.38999938964844,7959700
2021-09-07,140.4879150390625,159.2100067138672,161.3800048828125,158.9600067138672,159.99000549316406,9285600
2021-09-08,139.8614044189453,158.5,159.5800018310547,158.0399932861328,158.88999938964844,7852700
2021-09-09,140.4702911376953,159.19000244140625,160.8300018310547,158.0800018310547,158.27000427246094,7904300
2021-09-10,138.85546875,157.36000061035156,160.72000122070312,157.22000122070312,160.55999755859375,8311600
2021-09-13,141.06146240234375,159.86000061035156,160.0500030517578,158.07000732421875,158.52999877929688,10052800
2021-09-14,138.599609375,157.07000732421875,161.33999633789062,156.25999450683594,160.4499969482422,11685600
2021-09-15,139.56137084960938,158.16000366210938,158.69000244140625,156.47000122070312,156.72000122070312,11691500
2021-09-16,139.4996337890625,158.08999633789062,160.85000610351562,157.22000122070312,159.41000366210938,10880900
2021-09-17,139.13784790039062,157.67999267578125,159.00999450683594,157.0,157.3800048828125,25581600
2021-09-20,134.972900390625,152.9600067138672,154.55999755859375,150.49000549316406,153.88999938964844,15819900
2021-09-21,134.9905242919922,152.97999572753906,154.5500030517578,152.5800018310547,153.52999877929688,8999900
2021-09-22,137.5759735107422,155.91000366210938,157.25,155.10000610351562,155.1999969482422,11236200
2021-09-23,142.2262725830078,161.17999267578125,161.7100067138672,157.6699981689453,158.0,12336100
2021-09-24,143.86753845214844,163.0399932861328,163.58999633789062,160.82000732421875,161.44000244140625,10102400
2021-09-27,147.34420776367188,166.97999572753906,167.39999389648438,164.61000061035156,165.0,13220900
2021-09-28,146.55006408691406,166.0800018310547,169.3000030517578,165.66000366210938,167.6999969482422,13387900
2021-09-29,146.43533325195312,165.9499969482422,166.89999389648438,165.0399932861328,166.2100067138672,7777100
2021-09-30,144.4411163330078,163.69000244140625,166.99000549316406,162.7899932861328,166.9199981689453,13161200
2021-10-01,147.47657775878906,167.1300048828125,168.3000030517578,163.60000610351562,164.0,11285000
2021-10-04,147.3177490234375,166.9499969482422,170.44000244140625,165.72999572753906,166.97000122070312,14120000
2021-10-05,149.72349548339844,168.66000366210938,170.13999938964844,166.6699981689453,167.2100067138672,12292900
2021-10-06,150.0430450439453,169.02000427246094,169.10000610351562,166.0,167.99000549316406,8692600
2021-10-07,150.99290466308594,170.08999633789062,171.50999450683594,169.5399932861328,171.1999969482422,10195400
2021-10-08,151.10830688476562,170.22000122070312,171.33999633789062,169.3000030517578,170.02000427246094,8190100
2021-10-11,147.93023681640625,166.63999938964844,171.2899932861328,166.4600067138672,170.8000030517578,12154700
2021-10-12,146.79397583007812,165.36000061035156,166.69000244140625,164.77000427246094,165.75,13032600
2021-10-13,142.92352294921875,161.0,165.41000366210938,160.60000610351562,164.07000732421875,22753500
2021-10-14,145.11622619628906,163.47000122070312,164.00999450683594,160.05999755859375,161.75,15176800
2021-10-15,147.9036102294922,166.61000061035156,167.1699981689453,164.13999938964844,165.35000610351562,14267400
2021-10-18,147.85037231445312,166.5500030517578,168.61000061035156,165.91000366210938,166.47999572753906,12672900
2021-10-19,149.6436004638672,168.57000732421875,168.64999389648438,166.5800018310547,167.39999389648438,8053900
2021-10-20,151.65870666503906,170.83999633789062,170.8699951171875,167.4600067138672,168.3000030517578,8185600
2021-10-21,150.4691619873047,169.5,171.3300018310547,168.67999267578125,170.75999450683594,8415200
2021-10-22,152.4931640625,171.77999877929688,172.08999633789062,169.6999969482422,170.02999877929688,8817900
2021-10-25,151.7475128173828,170.94000244140625,172.9600067138672,170.47999572753906,172.7100067138672,10159200
2021-10-26,152.1558380126953,171.39999389648438,172.49000549316406,170.5399932861328,171.0,8015100
2021-10-27,148.98666381835938,167.8300018310547,170.6999969482422,167.33999633789062,170.32000732421875,9847000
2021-10-28,151.2326202392578,170.36000061035156,170.50999450683594,167.9600067138672,168.3000030517578,7212900
2021-10-29,150.81539916992188,169.88999938964844,172.24000549316406,169.38999938964844,171.17999267578125,8140100
2021-11-01,150.73550415039062,169.8000030517578,172.3300018310547,169.00999450683594,172.0399932861328,7435500
2021-11-02,151.33026123046875,170.47000122070312,171.69000244140625,168.9199981689453,169.8000030517578,7173800
2021-11-03,151.383544921875,170.52999877929688,171.1300048828125,169.14999389648438,170.1300048828125,8402700
2021-11-04,149.3949737548828,168.2899932861328,170.1999969482422,166.49000549316406,170.0,9574200
2021-11-05,149.18197631835938,168.0500030517578,170.08999633789062,167.41000366210938,168.89999389648438,7975600
2021-11-08,150.0785369873047,169.05999755859375,170.9199981689453,168.74000549316406,169.0500030517578,6413700
2021-11-09,148.94227600097656,167.77999877929688,168.47000122070312,166.60000610351562,167.35000610351562,7990300
2021-11-10,148.80023193359375,167.6199951171875,168.9499969482422,167.08999633789062,167.4499969482422,6999200
2021-11-11,148.7913818359375,167.61000061035156,168.67999267578125,166.89999389648438,167.52000427246094,5815300
2021-11-12,148.1255645751953,166.86000061035156,167.74000549316406,165.72000122070312,167.64999389648438,8113400
2021-11-15,147.8592529296875,166.55999755859375,167.7899932861328,166.0,167.2100067138672,6492500
2021-11-16,146.79397583007812,165.36000061035156,167.07000732421875,165.1199951171875,167.05999755859375,9706100
2021-11-17,146.00390625,164.47000122070312,165.55999755859375,163.38999938964844,165.2100067138672,9909600
2021-11-18,144.74334716796875,163.0500030517578,164.85000610351562,162.55999755859375,164.38999938964844,8122500
2021-11-19,142.8524932861328,160.9199981689453,162.11000061035156,159.4499969482422,161.3000030517578,12193600
2021-11-22,145.8974151611328,164.35000610351562,165.97999572753906,162.99000549316406,164.16000366210938,14549900
2021-11-23,149.3861541748047,168.27999877929688,168.55999755859375,165.3699951171875,165.5,12354400
2021-11-24,148.21437072753906,166.9600067138672,169.44000244140625,166.44000244140625,168.4600067138672,9629800
2021-11-26,143.7490997314453,161.92999267578125,162.64999389648438,158.82000732421875,162.13999938964844,13619300
2021-11-29,143.127685546875,161.22999572753906,164.77999877929688,159.82000732421875,163.30999755859375,12104400
2021-11-30,140.99716186523438,158.8300018310547,160.6300048828125,158.2899932861328,159.16000366210938,18922600
2021-12-01,140.16268920898438,157.88999938964844,163.27000427246094,157.8000030517578,161.0,12253400
2021-12-02,143.1099395751953,161.2100067138672,163.25,158.8000030517578,159.8300018310547,12969900
2021-12-03,140.5177764892578,158.2899932861328,161.8300018310547,157.19000244140625,161.5,12681800
2021-12-06,142.1778106689453,160.16000366210938,162.61000061035156,159.4600067138672,161.00999450683594,11186500
2021-12-07,144.31724548339844,162.57000732421875,163.38999938964844,161.16000366210938,161.8800048828125,9851600
2021-12-08,142.66607666015625,160.7100067138672,163.27000427246094,160.1699981689453,162.66000366210938,11705700
2021-12-09,142.44412231445312,160.4600067138672,160.92999267578125,158.64999389648438,159.64999389648438,11189600
2021-12-10,141.87600708007812,159.82000732421875,161.6999969482422,159.1300048828125,161.32000732421875,10405400
2021-12-13,140.1893310546875,157.9199981689453,159.7899932861328,157.27999877929688,159.5,12069000
2021-12-14,141.2635040283203,159.1300048828125,160.88999938964844,157.3000030517578,157.4499969482422,12563600
2021-12-15,140.20709228515625,157.94000244140625,159.85000610351562,157.35000610351562,159.85000610351562,14014200
2021-12-16,142.39976501464844,160.41000366210938,161.82000732421875,158.6999969482422,160.38999938964844,19542800
2021-12-17,139.1595458984375,156.75999450683594,159.3800048828125,155.17999267578125,159.32000732421875,28082000
2021-12-20,136.65618896484375,153.94000244140625,154.6999969482422,151.83999633789062,154.50999450683594,15148000
2021-12-21,138.56475830078125,156.08999633789062,157.17999267578125,155.08999633789062,155.41000366210938,11291300
2021-12-22,139.10630798339844,156.6999969482422,157.05999755859375,155.24000549316406,155.75,7273000
2021-12-23,139.60337829589844,157.25999450683594,159.1199951171875,157.2100067138672,157.61000061035156,8055200
2021-12-27,140.40235900878906,158.16000366210938,158.1999969482422,156.33999633789062,157.60000610351562,6188100
2021-12-28,140.82850646972656,158.63999938964844,160.14999389648438,158.0800018310547,158.1999969482422,6342300
2021-12-29,140.75750732421875,158.55999755859375,159.6300048828125,158.14999389648438,158.85000610351562,6398900
2021-12-30,140.68643188476562,158.47999572753906,160.24000549316406,158.3699951171875,159.11000061035156,6948200
2021-12-31,140.571044921875,158.35000610351562,159.2899932861328,157.9600067138672,158.4499969482422,5805900
2022-01-03,143.54489135742188,161.6999969482422,162.63999938964844,159.50999450683594,159.86000061035156,13120900
2022-01-04,148.98666381835938,167.8300018310547,168.5800018310547,164.22999572753906,164.30999755859375,20195800
2022-01-05,146.2628936767578,163.77999877929688,168.36000061035156,163.72999572753906,167.82000732421875,17539400
2022-01-06,147.8168182373047,165.52000427246094,167.3699951171875,163.8699951171875,166.91000366210938,14047500
2022-01-07,149.28143310546875,167.16000366210938,167.52999877929688,165.05999755859375,165.6699981689453,13913300
2022-01-10,149.42428588867188,167.32000732421875,169.30999755859375,165.52999877929688,169.07000732421875,12922500
2022-01-11,149.57606506347656,167.49000549316406,168.52000427246094,166.30999755859375,168.25999450683594,11854100
2022-01-12,150.4244842529297,168.44000244140625,169.58999633789062,167.17999267578125,168.4600067138672,12568000
2022-01-13,150.2369384765625,168.22999572753906,169.80999755859375,167.88999938964844,168.33999633789062,13623400
2022-01-14,141.00283813476562,157.88999938964844,161.02999877929688,156.89999389648438,160.75999450683594,40158400
2022-01-18,135.09088134765625,151.27000427246094,155.77999877929688,150.5399932861328,155.77999877929688,32324800
2022-01-19,133.0011749267578,148.92999267578125,152.22999572753906,148.5500030517578,151.57000732421875,22380000
2022-01-20,131.8669891357422,147.66000366210938,150.61000061035156,147.36000061035156,148.99000549316406,14860800
2022-01-21,129.56292724609375,145.0800018310547,147.50999450683594,144.27000427246094,147.5,20705400
2022-01-24,129.44683837890625,144.9499969482422,145.47999572753906,139.57000732421875,142.27999877929688,28471400
2022-01-25,130.85787963867188,146.52999877929688,146.85000610351562,140.7899932861328,143.64999389648438,18915900
2022-01-26,132.0991973876953,147.9199981689453,150.57000732421875,145.9600067138672,148.72000122070312,20709100
2022-01-27,129.76834106445312,145.30999755859375,150.3800048828125,144.1300048828125,149.4199981689453,17536800
2022-01-28,130.92929077148438,146.61000061035156,146.75999450683594,142.1699981689453,144.19000244140625,14117000
2022-01-31,132.70651245117188,148.60000610351562,148.7899932861328,144.6699981689453,145.63999938964844,13985700
2022-02-01,134.9837188720703,151.14999389648438,151.47000122070312,148.3000030517578,148.69000244140625,14584900
2022-02-02,133.9031219482422,149.94000244140625,150.94000244140625,148.07000732421875,150.5,12441100
2022-02-03,132.79574584960938,148.6999969482422,151.64999389648438,148.2899932861328,150.0,12474900
2022-02-04,136.24293518066406,152.55999755859375,153.5,148.77000427246094,149.10000610351562,16654400
2022-02-07,136.69837951660156,153.07000732421875,153.6199951171875,150.85000610351562,153.27000427246094,12572300
2022-02-08,139.27037048339844,155.9499969482422,158.47999572753906,154.8000030517578,155.0,20411400
2022-02-09,139.85084533691406,156.60000610351562,157.42999267578125,155.82000732421875,156.58999633789062,9131100
2022-02-10,139.27037048339844,155.9499969482422,159.02999877929688,155.22000122070312,156.66000366210938,16455600
2022-02-11,137.4574432373047,153.9199981689453,158.19000244140625,152.97000122070312,155.61000061035156,16830000
2022-02-14,136.18043518066406,152.49000549316406,153.67999267578125,150.32000732421875,152.72999572753906,17026500
2022-02-15,138.17189025878906,154.72000122070312,155.94000244140625,153.85000610351562,154.50999450683594,9500000
2022-02-16,138.4219512939453,155.0,156.10000610351562,153.74000549316406,153.74000549316406,9076500
2022-02-17,135.23374938964844,151.42999267578125,153.72999572753906,150.6699981689453,153.0,11367500
2022-02-18,135.86782836914062,152.13999938964844,154.13999938964844,151.1300048828125,152.1300048828125,11733300
2022-02-22,135.62669372558594,151.8699951171875,153.24000549316406,150.41000366210938,150.60000610351562,11333500
2022-02-23,132.78683471679688,148.69000244140625,153.3000030517578,147.97000122070312,153.1199951171875,11799000
2022-02-24,129.08963012695312,144.5500030517578,144.99000549316406,139.77999877929688,142.94000244140625,25655100
2022-02-25,132.14381408691406,147.97000122070312,150.1300048828125,144.91000366210938,145.25,18367700
2022-02-28,126.63375091552734,141.8000030517578,145.05999755859375,140.8800048828125,143.5500030517578,31315300
2022-03-01,121.85594940185547,136.4499969482422,140.47999572753906,133.5800018310547,140.0399932861328,36840400
2022-03-02,124.3832778930664,139.27999877929688,140.0399932861328,136.61000061035156,137.2899932861328,19405600
2022-03-03,123.49918365478516,138.2899932861328,140.97999572753906,137.05999755859375,139.83999633789062,16640800
2022-03-04,120.02523803710938,134.39999389648438,135.4199981689453,132.39999389648438,134.94000244140625,21016000
2022-03-07,115.39031982421875,129.2100067138672,132.69000244140625,128.9499969482422,132.1699981689453,27560100
2022-03-08,114.5776596069336,128.3000030517578,131.7899932861328,127.2699966430664,129.63999938964844,19207800
2022-03-09,119.16788482666016,133.44000244140625,135.24000549316406,132.44000244140625,132.89999389648438,17536200
2022-03-10,117.75688934326172,131.86000061035156,133.4499969482422,130.32000732421875,131.86000061035156,15604200
2022-03-11,115.10453796386719,128.88999938964844,134.0800018310547,128.4199981689453,132.49000549316406,20061800
2022-03-14,116.24763488769531,130.1699981689453,132.9199981689453,129.22999572753906,129.4600067138672,15786900
2022-03-15,118.3105697631836,132.47999572753906,133.5500030517578,131.1300048828125,131.8000030517578,15096600
2022-03-16,123.5973892211914,138.39999389648438,138.49000549316406,134.42999267578125,134.8699951171875,20354900
2022-03-17,125.16021728515625,140.14999389648438,140.19000244140625,135.9199981689453,136.86000061035156,17050500
2022-03-18,125.11558532714844,140.10000610351562,140.85000610351562,138.4600067138672,140.19000244140625,23656500
2022-03-21,124.71369934082031,139.64999389648438,140.75999450683594,138.72999572753906,140.35000610351562,12676100
2022-03-22,127.36604309082031,142.6199951171875,143.92999267578125,141.72000122070312,142.27000427246094,13548600
2022-03-23,124.82977294921875,139.77999877929688,141.58999633789062,139.1999969482422,140.97999572753906,12093200
2022-03-24,125.64247131347656,140.69000244140625,140.7100067138672,139.11000061035156,140.3000030517578,10017600
2022-03-25,126.74093627929688,141.9199981689453,143.17999267578125,140.8000030517578,141.08999633789062,8383500
2022-03-28,125.80323791503906,140.8699951171875,140.97000122070312,137.89999389648438,140.0,10818100
2022-03-29,126.08004760742188,141.17999267578125,143.60000610351562,140.24000549316406,143.35000610351562,11316500
2022-03-30,125.50853729248047,140.5399932861328,142.1199951171875,139.91000366210938,141.89999389648438,8771000
2022-03-31,121.7398910522461,136.32000732421875,140.35000610351562,136.25999450683594,139.8300018310547,17353900
2022-04-01,120.83789825439453,135.30999755859375,137.41000366210938,133.8000030517578,137.39999389648438,15721300
2022-04-04,121.37372589111328,135.91000366210938,136.94000244140625,132.88999938964844,134.1199951171875,17416400
2022-04-05,119.96123504638672,133.33999633789062,135.39999389648438,133.00999450683594,134.07000732421875,12110300
2022-04-06,118.296875,131.49000549316406,132.55999755859375,130.9600067138672,131.5800018310547,12914700
2022-04-07,117.93701934814453,131.08999633789062,131.9199981689453,128.72999572753906,130.9499969482422,12994200
2022-04-08,120.09619903564453,133.49000549316406,133.89999389648438,131.49000549316406,131.6699981689453,13126900
2022-04-11,119.65536499023438,133.0,134.89999389648438,132.57000732421875,133.0,10466400
2022-04-12,118.34184265136719,131.5399932861328,134.5800018310547,130.6999969482422,132.13999938964844,12989900
2022-04-13,114.52729034423828,127.30000305175781,129.25,126.01000213623047,126.94000244140625,30838000
2022-04-14,113.46568298339844,126.12000274658203,128.3000030517578,125.0199966430664,126.5,18835200
2022-04-18,115.57089233398438,128.4600067138672,129.24000549316406,125.54000091552734,125.66999816894531,11834400
2022-04-19,117.96399688720703,131.1199951171875,131.32000732421875,128.22999572753906,128.4499969482422,15015400
2022-04-20,118.37783813476562,131.5800018310547,133.50999450683594,131.33999633789062,132.52000427246094,13430200
2022-04-21,117.46018981933594,130.55999755859375,132.80999755859375,129.9600067138672,132.22000122070312,12174200
2022-04-22,114.08643341064453,126.80999755859375,130.52000427246094,126.69000244140625,130.27999877929688,14318800
2022-04-25,114.05046081542969,126.7699966430664,127.12000274658203,123.11000061035156,126.01000213623047,17149000
2022-04-26,110.67669677734375,123.0199966430664,126.41000366210938,122.87000274658203,124.63999938964844,17209500
2022-04-27,109.23726654052734,121.41999816894531,123.55999755859375,121.22000122070312,122.33000183105469,17215200
2022-04-28,110.964599609375,123.33999633789062,123.6500015258789,121.13999938964844,122.80999755859375,13015600
2022-04-29,107.38394165039062,119.36000061035156,123.61000061035156,118.9000015258789,123.05000305175781,14874800
2022-05-02,108.36457824707031,120.44999694824219,120.70999908447266,118.22000122070312,119.87999725341797,18545000
2022-05-03,110.68570709228516,123.02999877929688,124.16999816894531,120.77999877929688,121.52999877929688,15720900
2022-05-04,114.34733581542969,127.0999984741211,127.4000015258789,122.73999786376953,122.80000305175781,17128500
2022-05-05,111.48638916015625,123.91999816894531,126.0999984741211,122.16000366210938,125.25,15055400
2022-05-06,111.30648040771484,123.72000122070312,124.29000091552734,121.18000030517578,123.80000305175781,14417900
2022-05-09,109.63309478759766,121.86000061035156,123.33000183105469,120.5,122.11000061035156,14312300
2022-05-10,106.96110534667969,118.88999938964844,123.77999877929688,117.55999755859375,123.11000061035156,16382400
2022-05-11,106.2863540649414,118.13999938964844,122.88999938964844,117.94000244140625,119.30000305175781,14630300
2022-05-12,106.19638061523438,118.04000091552734,118.31999969482422,115.37000274658203,117.0,16318800
2022-05-13,107.14102172851562,119.08999633789062,120.25,117.95999908447266,119.41000366210938,10443200
2022-05-16,106.39433288574219,118.26000213623047,119.45999908447266,117.2300033569336,118.54000091552734,10269000
2022-05-17,109.92098999023438,122.18000030517578,122.97000122070312,120.80999755859375,121.04000091552734,11160200
2022-05-18,108.04070281982422,120.08999633789062,121.97000122070312,119.52999877929688,121.30000305175781,12664900
2022-05-19,106.43927001953125,118.30999755859375,119.6500015258789,117.62999725341797,118.19000244140625,12765800
2022-05-20,105.56661987304688,117.33999633789062,119.66999816894531,115.0199966430664,119.45999908447266,13150100
2022-05-23,112.0981674194336,124.5999984741211,126.56999969482422,120.44999694824219,120.45999908447266,24376700
2022-05-24,113.68158721923828,126.36000061035156,127.48999786376953,123.11000061035156,124.36000061035156,19324900
2022-05-25,114.47329711914062,127.23999786376953,127.86000061035156,125.16999816894531,126.27999877929688,12780400
2022-05-26,116.45256805419922,129.44000244140625,130.19000244140625,128.2100067138672,128.3699951171875,15990900
2022-05-27,118.09896850585938,131.27000427246094,131.27000427246094,129.13999938964844,130.16000366210938,11177800
2022-05-31,118.96260070800781,132.22999572753906,133.14999389648438,129.7100067138672,130.17999267578125,17015000
2022-06-01,116.87541198730469,129.91000366210938,132.8699951171875,128.6699981689453,132.8699951171875,10768000
2022-06-02,118.75570678710938,132.0,132.00999450683594,128.6699981689453,129.89999389648438,8374800
2022-06-03,117.10031127929688,130.16000366210938,131.77000427246094,129.99000549316406,131.2100067138672,8596000
2022-06-06,116.71344757080078,129.72999572753906,132.38999938964844,129.4600067138672,131.08999633789062,11323500
2022-06-07,117.01937103271484,130.07000732421875,130.32000732421875,128.6199951171875,128.8300018310547,6722200
2022-06-08,115.15702819824219,128.0,129.4499969482422,126.9000015258789,129.0,8422100
2022-06-09,112.73694610595703,125.30999755859375,128.10000610351562,125.2699966430664,127.37000274658203,13560100
2022-06-10,107.55487823486328,119.55000305175781,123.4000015258789,119.31999969482422,122.58999633789062,12945200
2022-06-13,104.35208129882812,115.98999786376953,117.94999694824219,115.05999755859375,116.86000061035156,16805600
2022-06-14,102.61572265625,114.05999755859375,117.31999969482422,113.22000122070312,115.55000305175781,13357900
2022-06-15,103.83028411865234,115.41000366210938,116.94999694824219,113.16999816894531,115.62000274658203,14083500
2022-06-16,102.04893493652344,113.43000030517578,114.26000213623047,111.87000274658203,113.86000061035156,16724900
2022-06-17,101.6890640258789,113.02999877929688,114.62999725341797,112.16000366210938,113.54000091552734,30919900
2022-06-21,104.20813751220703,115.83000183105469,117.02999877929688,115.04000091552734,115.87000274658203,11680500
2022-06-22,103.62333679199219,115.18000030517578,116.19999694824219,114.38999938964844,114.87999725341797,9842700
2022-06-23,102.48976135253906,113.91999816894531,115.18000030517578,111.4800033569336,115.01000213623047,11851500
2022-06-24,105.54862976074219,117.31999969482422,117.81999969482422,112.83000183105469,113.2300033569336,14841100
2022-06-27,104.70293426513672,116.37999725341797,118.5,115.63999938964844,118.05999755859375,11280500
2022-06-28,104.19912719726562,115.81999969482422,119.29000091552734,115.5999984741211,117.66999816894531,11590900
2022-06-29,103.7313003540039,115.30000305175781,116.81999969482422,114.7300033569336,116.0,9338400
2022-06-30,101.31121063232422,112.61000061035156,114.08000183105469,110.93000030517578,113.16999816894531,15172600
2022-07-01,102.6067123413086,114.05000305175781,114.41999816894531,111.16000366210938,112.6500015258789,10573600
2022-07-05,102.2164306640625,112.62000274658203,112.70999908447266,109.30000305175781,110.7699966430664,12514200
2022-07-06,101.55388641357422,111.88999938964844,112.98999786376953,110.79000091552734,111.7300033569336,10656200
2022-07-07,104.12244415283203,114.72000122070312,114.9000015258789,113.4000015258789,113.5,10347400
2022-07-08,103.79570007324219,114.36000061035156,115.6500015258789,113.61000061035156,115.16000366210938,8807800
2022-07-11,102.43428802490234,112.86000061035156,114.2300033569336,112.22000122070312,113.55000305175781,7939500
2022-07-12,102.53411865234375,112.97000122070312,115.18000030517578,112.26000213623047,112.58000183105469,11250900
2022-07-13,101.57203674316406,111.91000366210938,112.4800033569336,110.37999725341797,111.75,12979900
2022-07-14,98.02323150634766,108.0,108.2300033569336,106.05999755859375,107.98999786376953,26204800
2022-07-15,102.51596069335938,112.94999694824219,113.87999725341797,107.66999816894531,109.16000366210938,18863900
2022-07-18,101.46311950683594,111.79000091552734,115.83999633789062,111.29000091552734,114.7699966430664,13977900
2022-07-19,103.97722625732422,114.55999755859375,114.94000244140625,112.66999816894531,113.12999725341797,11862300
2022-07-20,103.9590835571289,114.54000091552734,114.73999786376953,113.4800033569336,114.0999984741211,11667500
2022-07-21,104.66702270507812,115.31999969482422,115.52999877929688,113.37000274658203,114.44000244140625,11595900
2022-07-22,104.15876007080078,114.76000213623047,116.25,113.66999816894531,115.23999786376953,7645500
2022-07-25,104.57626342773438,115.22000122070312,116.45999908447266,114.7699966430664,115.83999633789062,9394000
2022-07-26,102.94255065917969,113.41999816894531,115.58000183105469,113.02999877929688,114.58000183105469,10675100
2022-07-27,104.59440612792969,115.23999786376953,115.73999786376953,113.30000305175781,114.01000213623047,9337400
2022-07-28,104.2041244506836,114.80999755859375,115.9800033569336,113.52999877929688,115.25,10384800
2022-07-29,104.7033462524414,115.36000061035156,116.5,114.79000091552734,115.58999633789062,12944500
2022-08-01,103.65956115722656,114.20999908447266,115.11000061035156,113.06999969482422,114.5,14740400
2022-08-02,102.04400634765625,112.43000030517578,114.4000015258789,112.2699966430664,113.91999816894531,14942900
2022-08-03,103.11500549316406,113.61000061035156,114.0999984741211,111.70999908447266,113.44999694824219,14394500
2022-08-04,101.98046112060547,112.36000061035156,113.31999969482422,111.0199966430664,112.8499984741211,18033900
2022-08-05,105.06639099121094,115.76000213623047,116.19000244140625,112.05000305175781,112.52999877929688,14174600
2022-08-08,103.78663635253906,114.3499984741211,116.69999694824219,114.18000030517578,116.25,10332500
2022-08-09,104.72148132324219,115.37999725341797,115.98999786376953,114.37000274658203,114.75,10233800
2022-08-10,107.45341491699219,118.38999938964844,119.37000274658203,117.5,117.95999908447266,12847300
2022-08-11,109.0417709350586,120.13999938964844,121.19999694824219,119.30999755859375,119.9000015258789,11684900
2022-08-12,110.84793853759766,122.12999725341797,122.25,119.44000244140625,120.66999816894531,9906700
2022-08-15,111.14744567871094,122.45999908447266,122.72000122070312,120.5999984741211,121.13999938964844,8456200
2022-08-16,112.20936584472656,123.62999725341797,124.23999786376953,121.87000274658203,122.29000091552734,9555000
2022-08-17,111.26543426513672,122.58999633789062,123.16000366210938,121.69000244140625,122.30000305175781,8149300
2022-08-18,110.40320587158203,121.63999938964844,122.47000122070312,120.55000305175781,122.23999786376953,9531800
2022-08-19,107.67125701904297,118.62999725341797,120.98999786376953,118.11000061035156,120.62000274658203,13464500
2022-08-22,105.8923110961914,116.66999816894531,117.16000366210938,115.5,116.75,8967600
2022-08-23,104.84854888916016,115.5199966430664,117.29000091552734,115.37999725341797,116.69000244140625,7607000
2022-08-24,105.10270690917969,115.80000305175781,116.41000366210938,114.44999694824219,115.29000091552734,9771300
2022-08-25,107.59864807128906,118.55000305175781,118.73999786376953,115.68000030517578,116.16000366210938,10758900
2022-08-26,104.07708740234375,114.66999816894531,119.98999786376953,114.5999984741211,119.45999908447266,11276200
2022-08-29,103.82294464111328,114.38999938964844,114.86000061035156,113.45999908447266,114.0,8117300
2022-08-30,103.84110260009766,114.41000366210938,115.58000183105469,113.36000061035156,115.0,10745400
2022-08-31,103.22390747070312,113.7300033569336,115.02999877929688,113.33999633789062,114.4800033569336,10738300
2022-09-01,103.9318618774414,114.51000213623047,114.62999725341797,111.91000366210938,113.29000091552734,9979800
2022-09-02,103.20575714111328,113.70999908447266,117.44999694824219,113.19000244140625,115.87000274658203,10666600
2022-09-06,103.23298645019531,113.73999786376953,114.75,112.06999969482422,114.33000183105469,9751900
2022-09-07,105.19346618652344,115.9000015258789,116.11000061035156,112.76000213623047,113.12999725341797,10647900
2022-09-08,107.64402770996094,118.5999984741211,118.79000091552734,114.62999725341797,115.27999877929688,11435000
2022-09-09,108.16136932373047,119.16999816894531,120.05000305175781,118.66999816894531,119.13999938964844,9299700
2022-09-12,109.44111633300781,120.58000183105469,121.55000305175781,119.79000091552734,120.62000274658203,8614600
2022-09-13,105.63817596435547,116.38999938964844,118.91999816894531,115.77999877929688,118.06999969482422,12904600
2022-09-14,105.39310455322266,116.12000274658203,117.83999633789062,114.87999725341797,116.69999694824219,9345700
2022-09-15,106.98146057128906,117.87000274658203,119.37999725341797,115.76000213623047,116.12000274658203,10821400
2022-09-16,106.26444244384766,117.08000183105469,117.4000015258789,115.37000274658203,117.38999938964844,14844100
2022-09-19,107.24468994140625,118.16000366210938,118.7300033569336,115.51000213623047,116.0,8201300
2022-09-20,105.12991333007812,115.83000183105469,117.69000244140625,114.63999938964844,117.41000366210938,9619000
2022-09-21,102.09845733642578,112.48999786376953,116.5999984741211,112.41999816894531,116.54000091552734,12606300
2022-09-22,100.93670654296875,111.20999908447266,113.5999984741211,111.06999969482422,113.37999725341797,11684500
2022-09-23,99.05793762207031,109.13999938964844,110.33999633789062,107.16000366210938,110.05000305175781,18138600
2022-09-26,96.92501068115234,106.79000091552734,109.61000061035156,106.05999755859375,108.0,15753600
2022-09-27,96.07184600830078,105.8499984741211,108.16999816894531,104.6500015258789,107.75,12793600
2022-09-28,98.01414489746094,107.98999786376953,108.7300033569336,105.63999938964844,105.94999694824219,12762600
2022-09-29,96.35321807861328,106.16000366210938,107.27999877929688,104.4000015258789,106.94999694824219,12713900
2022-09-30,94.84654998779297,104.5,107.62000274658203,104.4000015258789,106.05999755859375,15973400
2022-10-03,97.77816772460938,107.7300033569336,108.36000061035156,104.45999908447266,105.62000274658203,12248100
2022-10-04,102.35257720947266,112.7699966430664,112.98999786376953,109.86000061035156,110.61000061035156,16013600
2022-10-05,101.08885192871094,110.38999938964844,110.94999694824219,108.83000183105469,109.75,10943500
2022-10-06,99.02843475341797,108.13999938964844,110.19000244140625,107.94000244140625,109.45999908447266,11521400
2022-10-07,97.05043029785156,105.9800033569336,107.70999908447266,105.2699966430664,107.5199966430664,11681100
2022-10-10,96.14385223388672,104.98999786376953,107.30999755859375,104.5199966430664,106.7300033569336,8931700
2022-10-11,93.36914825439453,101.95999908447266,104.54000091552734,101.8499984741211,104.37000274658203,12739700
2022-10-12,94.88013458251953,103.61000061035156,104.7300033569336,101.27999877929688,101.80000305175781,13181000
2022-10-13,100.15481567382812,109.37000274658203,109.9000015258789,101.76000213623047,101.9800033569336,22398700
2022-10-14,101.82146453857422,111.19000244140625,115.23999786376953,110.72000122070312,111.95999908447266,33387100
2022-10-17,106.09796905517578,115.86000061035156,117.01000213623047,114.31999969482422,115.41000366210938,22276300
2022-10-18,108.82688903808594,118.83999633789062,120.13999938964844,116.95999908447266,119.66000366210938,21539700
2022-10-19,106.69320678710938,116.51000213623047,118.83000183105469,115.66999816894531,117.98999786376953,17072000
2022-10-20,106.34522247314453,116.12999725341797,118.70999908447266,115.6500015258789,117.16000366210938,12207400
2022-10-21,111.9312744140625,122.2300033569336,122.38999938964844,116.33000183105469,116.45999908447266,20593300
2022-10-24,112.068603515625,122.37999725341797,123.0999984741211,121.33000183105469,122.06999969482422,12624200
2022-10-25,112.36165618896484,122.69999694824219,123.2699966430664,120.88999938964844,121.8499984741211,11289100
2022-10-26,113.65286254882812,124.11000061035156,125.19999694824219,122.87999725341797,123.0,11667000
2022-10-27,114.10157012939453,124.5999984741211,126.19999694824219,124.20999908447266,125.19999694824219,10727600
2022-10-28,115.45687866210938,126.08000183105469,126.27999877929688,124.05000305175781,125.29000091552734,11859500
2022-10-31,115.27371978759766,125.87999725341797,127.43000030517578,125.58999633789062,125.69999694824219,13295200
2022-11-01,117.35244750976562,128.14999389648438,128.27999877929688,126.33000183105469,126.87000274658203,13386900
2022-11-02,116.27188873291016,126.97000122070312,130.36000061035156,126.63999938964844,127.6500015258789,16546100
2022-11-03,116.48250579833984,127.19999694824219,128.17999267578125,125.91000366210938,126.30999755859375,12474400
2022-11-04,119.66928100585938,130.67999267578125,130.8300018310547,128.4600067138672,129.49000549316406,14953200
2022-11-07,120.3011474609375,131.3699951171875,132.2899932861328,130.47999572753906,131.0,12011200
2022-11-08,120.37442779541016,131.4499969482422,132.05999755859375,130.13999938964844,131.24000549316406,9884100
2022-11-09,118.8084945678711,129.74000549316406,131.42999267578125,129.22000122070312,131.32000732421875,9494000
2022-11-10,123.69853973388672,135.0800018310547,135.25,132.52999877929688,132.6300048828125,16351600
2022-11-11,123.90001678466797,135.3000030517578,136.1699981689453,133.77999877929688,135.19000244140625,10704700
2022-11-14,122.62715911865234,133.91000366210938,135.72999572753906,133.91000366210938,134.8000030517578,11085600
2022-11-15,121.7388687133789,132.94000244140625,135.7100067138672,131.60000610351562,134.67999267578125,14038300
2022-11-16,121.9037094116211,133.1199951171875,133.55999755859375,132.02999877929688,133.0,7893400
2022-11-17,121.37257385253906,132.5399932861328,132.88999938964844,131.27999877929688,132.0,8820200
2022-11-18,122.56301879882812,133.83999633789062,134.6699981689453,132.27999877929688,134.57000732421875,9468500
2022-11-21,121.839599609375,133.0500030517578,134.55999755859375,132.75,133.74000549316406,7800500
2022-11-22,123.66192626953125,135.0399932861328,135.27000427246094,133.69000244140625,134.0,9185700
2022-11-23,124.98062896728516,136.47999572753906,136.5,134.86000061035156,134.94000244140625,7316200
2022-11-25,125.21871185302734,136.74000549316406,137.13999938964844,136.05999755859375,136.47999572753906,3220500
2022-11-28,123.03007507324219,134.35000610351562,136.7100067138672,134.19000244140625,136.07000732421875,9906900
2022-11-29,125.0538558959961,136.55999755859375,136.63999938964844,134.41000366210938,134.66000366210938,7925300
2022-11-30,126.5373764038086,138.17999267578125,138.17999267578125,133.19000244140625,136.08999633789062,14761200
2022-12-01,124.76081848144531,136.24000549316406,138.66000366210938,135.42999267578125,138.17999267578125,8858500
2022-12-02,123.77180480957031,135.16000366210938,135.35000610351562,133.33999633789062,134.49000549316406,8931900
2022-12-05,120.3011474609375,131.3699951171875,134.57000732421875,130.60000610351562,134.24000549316406,10154500
2022-12-06,120.50260162353516,131.58999633789062,135.11000061035156,129.8699951171875,133.38999938964844,13966700
2022-12-07,120.4201889038086,131.5,133.0800018310547,130.3300018310547,131.30999755859375,11739400
2022-12-08,121.6839370727539,132.8800048828125,132.97999572753906,131.42999267578125,132.3300018310547,8907300
2022-12-09,121.02459716796875,132.16000366210938,133.75999450683594,132.0,132.1999969482422,7957800
2022-12-12,122.9018783569336,134.2100067138672,134.64999389648438,131.60000610351562,132.39999389648438,8841600
2022-12-13,122.7828140258789,134.0800018310547,137.08999633789062,133.0800018310547,136.88999938964844,10025400
2022-12-14,122.16927337646484,133.41000366210938,135.7100067138672,132.75999450683594,133.77999877929688,9966100
2022-12-15,119.1381607055664,130.10000610351562,132.0800018310547,129.0500030517578,131.14999389648438,12087800
2022-12-16,118.3963851928711,129.2899932861328,129.89999389648438,128.42999267578125,129.14999389648438,21133700
2022-12-19,119.1015396118164,130.05999755859375,131.3300018310547,129.08999633789062,129.64999389648438,9017200
2022-12-20,119.6784439086914,130.69000244140625,132.0500030517578,130.1999969482422,130.97000122070312,8549900
2022-12-21,121.02459716796875,132.16000366210938,132.97999572753906,131.77000427246094,132.17999267578125,8051700
2022-12-22,119.6509780883789,130.66000366210938,131.3000030517578,128.41000366210938,131.10000610351562,8648200
2022-12-23,120.21875,131.27999877929688,131.44000244140625,129.63999938964844,130.5800018310547,5091900
2022-12-27,120.63997650146484,131.74000549316406,132.22000122070312,130.5500030517578,131.57000732421875,5411000
2022-12-28,121.29932403564453,132.4600067138672,133.41000366210938,131.00999450683594,131.85000610351562,8827700
2022-12-29,121.99529266357422,133.22000122070312,133.27000427246094,132.30999755859375,132.92999267578125,6585200
2022-12-30,122.8011474609375,134.10000610351562,134.3300018310547,132.44000244140625,132.80999755859375,9292500
2023-01-03,123.73522186279297,135.1199951171875,136.74000549316406,133.88999938964844,135.24000549316406,11054800
2023-01-04,124.8890380859375,136.3800048828125,137.67999267578125,135.57000732421875,135.99000549316406,11687600
2023-01-05,124.86133575439453,135.35000610351562,135.7100067138672,133.6999969482422,135.66000366210938,8381300
2023-01-06,127.25065612792969,137.94000244140625,138.3800048828125,134.49000549316406,136.1300048828125,10029100
2023-01-09,126.7248306274414,137.3699951171875,138.8800048828125,136.8800048828125,138.60000610351562,8482300
2023-01-10,127.85948181152344,138.60000610351562,138.72000122070312,137.30999755859375,137.7899932861328,9048700
2023-01-11,128.8096923828125,139.6300048828125,139.75,138.10000610351562,138.89999389648438,8703700
2023-01-12,128.6805419921875,139.49000549316406,140.86000061035156,139.22000122070312,140.0,11001700
2023-01-13,131.927734375,143.00999450683594,143.49000549316406,134.8000030517578,135.60000610351562,20200000
2023-01-17,129.88902282714844,140.8000030517578,141.5399932861328,139.22999572753906,141.1699981689453,14292900
2023-01-18,125.98680877685547,136.57000732421875,140.72999572753906,136.41000366210938,138.9199981689453,13392600
2023-01-19,124.30785369873047,134.75,135.89999389648438,133.58999633789062,135.32000732421875,13303400
2023-01-20,124.61225891113281,135.0800018310547,135.49000549316406,133.5500030517578,135.16000366210938,13092500
2023-01-23,126.632568359375,137.27000427246094,137.9600067138672,134.82000732421875,135.1199951171875,10487100
2023-01-24,127.72111511230469,138.4499969482422,140.2899932861328,135.0,136.4199981689453,6945000
2023-01-25,128.33921813964844,139.1199951171875,139.1199951171875,137.25,138.0500030517578,8967000
2023-01-26,129.132568359375,139.97999572753906,140.05999755859375,138.36000061035156,139.4199981689453,7487600
2023-01-27,129.4462127685547,140.32000732421875,141.25999450683594,139.75,140.61000061035156,7489900
2023-01-30,128.34841918945312,139.1300048828125,140.08999633789062,138.91000366210938,139.22999572753906,6729300
2023-01-31,129.11412048339844,139.9600067138672,140.07000732421875,138.25,139.8800048828125,9188700
2023-02-01,128.77276611328125,139.58999633789062,140.8800048828125,138.1199951171875,138.2100067138672,8841800
2023-02-02,128.1731414794922,138.94000244140625,140.4600067138672,138.0,140.0,11822100
2023-02-03,130.15655517578125,141.08999633789062,142.3300018310547,138.1300048828125,138.17999267578125,11501200
2023-02-06,130.9222412109375,141.9199981689453,142.24000549316406,140.02999877929688,140.22999572753906,8406200
2023-02-07,132.5181427001953,143.64999389648438,144.33999633789062,141.17999267578125,141.3800048828125,10447900
2023-02-08,131.58644104003906,142.63999938964844,144.0399932861328,142.27999877929688,142.64999389648438,6958000
2023-02-09,129.53846740722656,140.4199981689453,143.33999633789062,139.8699951171875,143.1199951171875,6443100
2023-02-10,130.11038208007812,141.0399932861328,141.27999877929688,138.58999633789062,139.77999877929688,6582900
2023-02-13,131.52183532714844,142.57000732421875,142.72999572753906,140.74000549316406,141.3000030517578,7134600
2023-02-14,132.10304260253906,143.1999969482422,143.80999755859375,141.60000610351562,142.5,9249400
2023-02-15,132.6565399169922,143.8000030517578,143.88999938964844,141.3000030517578,141.61000061035156,6728300
2023-02-16,130.82997131347656,141.82000732421875,143.38999938964844,141.67999267578125,142.91000366210938,8165300
2023-02-17,131.2174072265625,142.24000549316406,142.8300018310547,140.07000732421875,140.97999572753906,7948800
2023-02-21,128.8096923828125,139.6300048828125,141.33999633789062,138.75,140.69000244140625,9996300
2023-02-22,127.82256317138672,138.55999755859375,139.42999267578125,137.44000244140625,138.9199981689453,11107500
2023-02-23,128.84658813476562,139.6699981689453,140.1699981689453,137.94000244140625,138.72999572753906,8068000
2023-02-24,130.00892639160156,140.92999267578125,141.36000061035156,138.92999267578125,139.11000061035156,9126900
2023-02-27,131.1436309814453,142.16000366210938,143.30999755859375,141.72000122070312,142.11000061035156,10014700
2023-02-28,132.24142456054688,143.35000610351562,143.75999450683594,141.89999389648438,142.94000244140625,11019800
2023-03-01,131.50340270996094,142.5500030517578,143.4600067138672,141.8000030517578,142.10000610351562,7139200
2023-03-02,130.13809204101562,141.07000732421875,142.42999267578125,139.5399932861328,142.24000549316406,11106800
2023-03-03,132.5273895263672,143.66000366210938,143.74000549316406,141.0800018310547,141.50999450683594,9513100
2023-03-06,131.7524871826172,142.82000732421875,144.0399932861328,142.66000366210938,143.44000244140625,9261300
2023-03-07,127.87794494628906,138.6199951171875,142.30999755859375,137.80999755859375,142.00999450683594,11747600
2023-03-08,127.12150573730469,137.8000030517578,138.58999633789062,136.88999938964844,138.0,10002500
2023-03-09,120.23958587646484,130.33999633789062,137.35000610351562,129.22000122070312,136.75999450683594,25888100
2023-03-10,123.29310607910156,133.64999389648438,135.25999450683594,127.81999969482422,128.9600067138672,37599700
2023-03-13,121.07906341552734,131.25,133.8800048828125,129.41000366210938,131.2100067138672,42901100
2023-03-14,124.1878890991211,134.6199951171875,135.52999877929688,131.2899932861328,135.27999877929688,29648100
2023-03-15,118.3207778930664,128.25999450683594,130.99000549316406,126.7300033569336,130.97999572753906,34280600
2023-03-16,120.61783599853516,130.75,131.9499969482422,126.0199966430664,128.00999450683594,24558500
2023-03-17,116.06061553955078,125.80999755859375,128.47999572753906,125.44999694824219,128.3800048828125,38396000
2023-03-20,117.28755950927734,127.13999938964844,129.47000122070312,126.01000213623047,126.98999786376953,22875500
2023-03-21,120.43331146240234,130.5500030517578,131.72999572753906,130.19000244140625,130.58999633789062,17807800
2023-03-22,117.32447052001953,127.18000030517578,130.66000366210938,127.08000183105469,130.55999755859375,17250200
2023-03-23,117.01081848144531,126.83999633789062,129.52999877929688,126.0199966430664,127.9000015258789,16677600
2023-03-24,115.23037719726562,124.91000366210938,125.68000030517578,123.11000061035156,125.62999725341797,22311100
2023-03-27,118.53294372558594,128.49000549316406,129.3800048828125,126.29000091552734,126.79000091552734,18853900
2023-03-28,118.8927230834961,128.8800048828125,129.33999633789062,127.73999786376953,128.7100067138672,10820500
2023-03-29,119.13258361816406,129.13999938964844,130.22000122070312,127.7699966430664,130.10000610351562,14595300
2023-03-30,118.77279663085938,128.75,130.1199951171875,127.6500015258789,129.9499969482422,12134700
2023-03-31,120.21190643310547,130.30999755859375,130.33999633789062,128.85000610351562,129.66000366210938,13105200
2023-04-03,120.07353210449219,130.16000366210938,131.44000244140625,129.41000366210938,129.91000366210938,11775400
2023-04-04,118.46836853027344,128.4199981689453,130.58999633789062,127.41000366210938,130.5,11579900
2023-04-05,118.64501953125,127.61000061035156,128.14999389648438,126.45999908447266,126.80000305175781,9614700
2023-04-06,118.5148696899414,127.47000122070312,128.0800018310547,126.86000061035156,127.0,8760200
2023-04-10,118.90535736083984,127.88999938964844,128.22999572753906,126.22000122070312,126.54000091552734,9477300
2023-04-11,119.4911117553711,128.52000427246094,128.94000244140625,127.54000091552734,128.3000030517578,10516300
2023-04-12,119.47249603271484,128.5,130.42999267578125,128.05999755859375,129.17999267578125,11821000
2023-04-13,119.92809295654297,128.99000549316406,129.0399932861328,126.83000183105469,128.4600067138672,12450200
2023-04-14,128.98379516601562,138.72999572753906,139.1199951171875,134.89999389648438,135.14999389648438,43931300
2023-04-17,130.00653076171875,139.8300018310547,140.05999755859375,137.66000366210938,139.9499969482422,16050500
2023-04-18,131.46624755859375,141.39999389648438,141.77999877929688,139.02999877929688,140.27000427246094,13760100
2023-04-19,131.2988739013672,141.22000122070312,141.5,140.39999389648438,141.22999572753906,9158100
2023-04-20,130.9176788330078,140.80999755859375,141.42999267578125,139.83999633789062,139.91000366210938,10586200
2023-04-21,130.6666717529297,140.5399932861328,141.11000061035156,138.77999877929688,139.74000549316406,11842500
2023-04-24,130.84329223632812,140.72999572753906,141.10000610351562,140.0399932861328,140.4600067138672,7567500
2023-04-25,127.99828338623047,137.6699981689453,139.9600067138672,137.6300048828125,139.60000610351562,10629300
2023-04-26,125.72969055175781,135.22999572753906,137.80999755859375,134.0,137.6199951171875,14416100
2023-04-27,127.42184448242188,137.0500030517578,137.91000366210938,135.66000366210938,136.0,9041100
2023-04-28,128.52822875976562,138.24000549316406,138.32000732421875,135.6699981689453,136.55999755859375,9887300
2023-05-01,131.2802734375,141.1999969482422,143.3699951171875,140.8300018310547,142.25999450683594,20415800
2023-05-02,129.16043090820312,138.9199981689453,142.41000366210938,138.42999267578125,141.39999389648438,14113400
2023-05-03,126.42700958251953,135.97999572753906,138.6699981689453,135.75999450683594,138.44000244140625,12930900
2023-05-04,124.69769287109375,134.1199951171875,135.72000122070312,131.80999755859375,134.9600067138672,17089200
2023-05-05,127.13362884521484,136.74000549316406,137.8800048828125,135.91000366210938,136.44000244140625,11261400
2023-05-08,127.4404296875,137.07000732421875,137.97000122070312,136.47999572753906,137.49000549316406,7484900
2023-05-09,126.82679748535156,136.41000366210938,136.9499969482422,135.2100067138672,135.92999267578125,7343600
2023-05-10,126.89188385009766,136.47999572753906,138.05999755859375,134.8699951171875,137.9499969482422,8133400
2023-05-11,126.49207305908203,136.0500030517578,136.80999755859375,134.89999389648438,135.0,7057300
2023-05-12,124.67909240722656,134.10000610351562,136.99000549316406,133.1300048828125,136.82000732421875,9988600
2023-05-15,125.72969055175781,135.22999572753906,135.6699981689453,133.9600067138672,134.27000427246094,7639500
2023-05-16,124.88362884521484,134.32000732421875,135.94000244140625,133.9600067138672,135.4600067138672,6477200
2023-05-17,128.72349548339844,138.4499969482422,138.58999633789062,135.4600067138672,135.89999389648438,12711500
2023-05-18,129.69972229003906,139.5,139.72999572753906,137.75999450683594,138.27000427246094,10999600
2023-05-19,129.40219116210938,139.17999267578125,140.49000549316406,138.1300048828125,139.7899932861328,13492200
2023-05-22,128.3330078125,138.02999877929688,141.63999938964844,137.66000366210938,141.0,11402500
2023-05-23,126.99413299560547,136.58999633789062,139.02999877929688,136.4600067138672,137.5399932861328,9514900
2023-05-24,125.83197784423828,135.33999633789062,136.35000610351562,135.0800018310547,135.39999389648438,8578000
2023-05-25,126.13878631591797,135.6699981689453,136.27000427246094,134.5800018310547,134.82000732421875,8472500
2023-05-26,127.319580078125,136.94000244140625,137.60000610351562,135.6300048828125,136.11000061035156,8579900
2023-05-30,127.80304718017578,137.4600067138672,137.72000122070312,136.02000427246094,136.8000030517578,7399900
2023-05-31,126.17595672607422,135.7100067138672,136.83999633789062,134.39999389648438,136.72999572753906,14219900
2023-06-01,127.91459655761719,137.5800018310547,138.22999572753906,135.4499969482422,136.52000427246094,12248100
2023-06-02,130.6015625,140.47000122070312,141.47999572753906,139.33999633789062,139.55999755859375,12922500
2023-06-05,129.31849670410156,139.08999633789062,140.11000061035156,138.1300048828125,140.11000061035156,8511900
2023-06-06,129.5509796142578,139.33999633789062,140.10000610351562,138.2100067138672,138.67999267578125,9329500
2023-06-07,130.8061065673828,140.69000244140625,141.27000427246094,138.8300018310547,139.5500030517578,9281400
2023-06-08,130.84329223632812,140.72999572753906,140.88999938964844,139.47999572753906,140.6699981689453,7368100
2023-06-09,131.1036376953125,141.00999450683594,141.8000030517578,140.2100067138672,140.35000610351562,7249100
2023-06-12,131.09434509277344,141.0,141.32000732421875,139.75999450683594,141.07000732421875,7596600
2023-06-13,132.04266357421875,142.02000427246094,142.8699951171875,140.13999938964844,140.47999572753906,7701600
2023-06-14,131.54991149902344,141.49000549316406,143.61000061035156,140.6999969482422,143.0,9068700
2023-06-15,133.0375213623047,143.08999633789062,143.39999389648438,140.02999877929688,140.58999633789062,9343100
2023-06-16,133.195556640625,143.25999450683594,143.97000122070312,142.5,143.0500030517578,13813500
2023-06-20,132.51686096191406,142.52999877929688,143.0,141.0399932861328,142.61000061035156,8428600
2023-06-21,132.3216094970703,142.32000732421875,144.02000427246094,141.69000244140625,142.89999389648438,9926500
2023-06-22,129.7740936279297,139.5800018310547,142.60000610351562,138.9499969482422,142.30999755859375,10075200
2023-06-23,129.09539794921875,138.85000610351562,139.17999267578125,137.6199951171875,138.5399932861328,9919500
2023-06-26,129.41151428222656,139.19000244140625,140.00999450683594,137.69000244140625,138.8699951171875,8429700
2023-06-27,129.42080688476562,139.1999969482422,139.83999633789062,138.5399932861328,139.0,8154000
2023-06-28,128.8536376953125,138.58999633789062,139.2100067138672,137.9600067138672,139.16000366210938,7558600
2023-06-29,133.35362243652344,143.42999267578125,143.55999755859375,139.85000610351562,140.07000732421875,15423200
2023-06-30,135.22239685058594,145.44000244140625,146.0,143.66000366210938,144.60000610351562,14212800
2023-07-03,136.31021118164062,146.61000061035156,147.47999572753906,146.0,146.19000244140625,8021600
2023-07-05,135.40216064453125,144.63999938964844,145.42999267578125,144.36000061035156,144.94000244140625,8934900
2023-07-06,134.06349182128906,143.2100067138672,143.38999938964844,141.44000244140625,143.02000427246094,9709500
2023-07-07,135.121337890625,144.33999633789062,145.83999633789062,143.0,143.91000366210938,8981500
2023-07-10,135.8795928955078,145.14999389648438,145.99000549316406,144.5,144.5,9100100
2023-07-11,138.00460815429688,147.4199981689453,147.82000732421875,145.7100067138672,146.33999633789062,11260900
2023-07-12,138.68798828125,148.14999389648438,149.8699951171875,147.0,147.4499969482422,11323200
2023-07-13,139.36199951171875,148.8699951171875,149.3699951171875,147.75,148.6999969482422,11234900
2023-07-14,140.20452880859375,149.77000427246094,152.88999938964844,148.41000366210938,151.5500030517578,27028400
2023-07-17,143.58395385742188,153.3800048828125,153.75,150.35000610351562,150.35000610351562,17262400
2023-07-18,143.84609985351562,153.66000366210938,154.39999389648438,152.82000732421875,153.3800048828125,13491700
2023-07-19,144.39840698242188,154.25,155.2100067138672,152.22000122070312,152.75,12510000
2023-07-20,146.1770477294922,156.14999389648438,156.58999633789062,154.41000366210938,154.52999877929688,9935900
2023-07-21,145.05369567871094,154.9499969482422,156.13999938964844,154.69000244140625,155.8000030517578,10636400
2023-07-24,147.9088897705078,158.0,158.7899932861328,154.72999572753906,154.97000122070312,14381400
2023-07-25,146.8042755126953,156.82000732421875,157.72000122070312,155.9600067138672,157.3000030517578,9944700
2023-07-26,147.68421936035156,157.75999450683594,158.25,156.27999877929688,156.7100067138672,8728600
2023-07-27,146.05535888671875,156.02000427246094,158.77999877929688,155.5500030517578,157.77000427246094,10778400
2023-07-28,146.8885040283203,156.91000366210938,157.60000610351562,156.44000244140625,157.27999877929688,9103800
2023-07-31,147.87147521972656,157.9600067138672,159.3800048828125,157.14999389648438,157.17999267578125,8892700
2023-08-01,147.14125061035156,157.17999267578125,158.0,156.14999389648438,157.42999267578125,6853900
2023-08-02,145.47494506835938,155.39999389648438,155.69000244140625,153.94000244140625,155.55999755859375,8299400
2023-08-03,146.36428833007812,156.35000610351562,156.9199981689453,154.35000610351562,155.0,6084000
2023-08-04,146.05535888671875,156.02000427246094,157.8000030517578,155.6999969482422,156.39999389648438,6209400
2023-08-07,146.74807739257812,156.75999450683594,157.6999969482422,156.60000610351562,156.60000610351562,7251800
2023-08-08,145.92430114746094,155.8800048828125,155.97999572753906,152.58999633789062,154.32000732421875,8623400
2023-08-09,143.96775817871094,153.7899932861328,155.52000427246094,153.47000122070312,155.32000732421875,6277800
2023-08-10,143.75245666503906,153.55999755859375,155.44000244140625,153.08999633789062,154.3800048828125,5995100
2023-08-11,144.5856170654297,154.4499969482422,154.52000427246094,152.6300048828125,153.02999877929688,5180700
2023-08-14,144.8851776123047,154.77000427246094,154.9199981689453,152.9199981689453,153.61000061035156,5044300
2023-08-15,141.1968231201172,150.8300018310547,153.27000427246094,150.22999572753906,152.85000610351562,10300300
2023-08-16,140.5977020263672,150.19000244140625,150.9600067138672,149.67999267578125,150.60000610351562,6978200
2023-08-17,139.13734436035156,148.6300048828125,151.25999450683594,148.39999389648438,150.8800048828125,9953900
2023-08-18,139.4556427001953,148.97000122070312,149.5,147.44000244140625,147.64999389648438,8517500
2023-08-21,139.93304443359375,149.47999572753906,150.10000610351562,148.02000427246094,149.64999389648438,8327000
2023-08-22,137.0310516357422,146.3800048828125,149.63999938964844,145.85000610351562,149.25999450683594,9673300
2023-08-23,137.95782470703125,147.3699951171875,147.58999633789062,145.4600067138672,146.35000610351562,7858000
2023-08-24,137.82675170898438,147.22999572753906,149.41000366210938,146.99000549316406,147.5,6534000
2023-08-25,137.6582489013672,147.0500030517578,148.6199951171875,145.85000610351562,147.27999877929688,6695500
2023-08-28,138.13568115234375,147.55999755859375,148.61000061035156,147.1300048828125,147.57000732421875,5094100
2023-08-29,139.25901794433594,148.75999450683594,148.85000610351562,147.17999267578125,147.7100067138672,6337000
2023-08-30,138.6973419189453,148.16000366210938,149.14999389648438,147.19000244140625,148.6199951171875,6277300
2023-08-31,136.98422241210938,146.3300018310547,148.35000610351562,145.9600067138672,148.25999450683594,10933900
2023-09-01,137.44293212890625,146.82000732421875,148.0800018310547,145.6999969482422,146.08999633789062,7903500
2023-09-05,135.92640686035156,145.1999969482422,148.2100067138672,145.00999450683594,147.16000366210938,7854700
2023-09-06,135.7017364501953,144.9600067138672,145.5399932861328,144.11000061035156,144.6999969482422,8629200
2023-09-07,134.54092407226562,143.72000122070312,145.27000427246094,143.38999938964844,144.1300048828125,8373700
2023-09-08,134.6438446044922,143.8300018310547,144.1199951171875,142.64999389648438,143.3699951171875,7107900
2023-09-11,135.23365783691406,144.4600067138672,145.0500030517578,143.69000244140625,144.75,6854200
2023-09-12,136.99356079101562,146.33999633789062,147.32000732421875,144.0500030517578,144.5,8363200
2023-09-13,137.0591278076172,146.41000366210938,147.6999969482422,145.82000732421875,147.33999633789062,8325900
2023-09-14,139.71774291992188,149.25,149.89999389648438,147.52000427246094,147.83999633789062,10034900
2023-09-15,139.30584716796875,148.80999755859375,149.72999572753906,148.30999755859375,148.9199981689453,19863400
2023-09-18,139.59603881835938,149.1199951171875,149.13999938964844,147.75,148.16000366210938,6512400
2023-09-19,139.4181671142578,148.92999267578125,149.72000122070312,147.2100067138672,149.5,7943400
2023-09-20,138.82843017578125,148.3000030517578,150.25,148.13999938964844,149.64999389648438,7332000
2023-09-21,137.74249267578125,147.13999938964844,148.85000610351562,146.6300048828125,147.5800018310547,8052400
2023-09-22,136.4225311279297,145.72999572753906,147.50999450683594,145.19000244140625,147.2899932861328,7071700
2023-09-25,137.09657287597656,146.4499969482422,146.52000427246094,143.6999969482422,145.35000610351562,7044700
2023-09-26,135.67364501953125,144.92999267578125,145.83999633789062,144.22999572753906,144.60000610351562,7468400
2023-09-27,136.46934509277344,145.77999877929688,146.08999633789062,144.50999450683594,145.19000244140625,6717800
2023-09-28,138.1637420654297,147.58999633789062,148.8699951171875,146.00999450683594,146.27999877929688,8868100
2023-09-29,135.75790405273438,145.02000427246094,148.75999450683594,144.86000061035156,148.60000610351562,11917800
2023-10-02,134.5877685546875,143.77000427246094,145.6199951171875,142.6300048828125,144.8300018310547,9170600
2023-10-03,133.59544372558594,142.7100067138672,143.58999633789062,142.35000610351562,143.1999969482422,9431100
2023-10-04,134.19456481933594,143.35000610351562,143.47000122070312,141.92999267578125,143.19000244140625,8128700
2023-10-05,134.76036071777344,142.89999389648438,143.10000610351562,140.8300018310547,142.0399932861328,8576200
2023-10-06,136.8350830078125,145.10000610351562,145.8800048828125,142.13999938964844,142.91000366210938,10270600
2023-10-09,136.5238800048828,144.77000427246094,145.39999389648438,143.5,143.66000366210938,6964900
2023-10-10,137.35374450683594,145.64999389648438,146.77000427246094,145.27999877929688,145.4199981689453,11288800
2023-10-11,137.82525634765625,146.14999389648438,147.22999572753906,145.02000427246094,146.50999450683594,8698200
2023-10-12,137.50462341308594,145.80999755859375,146.9600067138672,145.1300048828125,146.3000030517578,10484400
2023-10-13,139.56988525390625,148.0,153.11000061035156,147.83999633789062,148.5,29427000
2023-10-16,139.42843627929688,147.85000610351562,149.52000427246094,146.72000122070312,149.4499969482422,12663500
2023-10-17,139.12664794921875,147.52999877929688,149.30999755859375,146.7899932861328,147.57000732421875,11482700
2023-10-18,137.59893798828125,145.91000366210938,147.47999572753906,145.3699951171875,146.58999633789062,9620300
2023-10-19,137.01425170898438,145.2899932861328,147.02000427246094,144.8800048828125,145.47999572753906,11143600
2023-10-20,134.80752563476562,142.9499969482422,145.13999938964844,142.1199951171875,144.57000732421875,13332900
2023-10-23,132.96859741210938,141.0,143.67999267578125,140.72999572753906,142.94000244140625,10133400
2023-10-24,133.12892150878906,141.1699981689453,141.72999572753906,140.36000061035156,141.19000244140625,8881400
2023-10-25,132.40277099609375,140.39999389648438,141.17999267578125,139.50999450683594,140.57000732421875,8242600
2023-10-26,132.74229431152344,140.75999450683594,141.6699981689453,139.42999267578125,139.75999450683594,9109400
2023-10-27,127.96107482910156,135.69000244140625,139.10000610351562,135.19000244140625,138.9499969482422,17434700
2023-10-30,129.59254455566406,137.4199981689453,138.0399932861328,136.0399932861328,136.44000244140625,9855500
2023-10-31,131.1390838623047,139.05999755859375,139.24000549316406,137.47000122070312,137.7100067138672,9672500
2023-11-01,131.02593994140625,138.94000244140625,140.52999877929688,138.47000122070312,139.25,9432000
2023-11-02,133.36468505859375,141.4199981689453,141.47999572753906,139.22999572753906,140.08999633789062,10186200
2023-11-03,134.85470581054688,143.0,143.77000427246094,141.85000610351562,142.19000244140625,9538700
2023-11-06,135.87318420410156,144.0800018310547,144.19000244140625,142.7899932861328,143.1699981689453,7625100
2023-11-07,135.80715942382812,144.00999450683594,144.25999450683594,142.82000732421875,143.50999450683594,6297900
2023-11-08,136.4767303466797,144.72000122070312,144.83999633789062,143.6199951171875,144.11000061035156,7618200
2023-11-09,136.07122802734375,144.2899932861328,145.64999389648438,143.6999969482422,145.44000244140625,7992500
2023-11-10,138.0893096923828,146.42999267578125,146.47999572753906,144.0800018310547,144.94000244140625,7983300
2023-11-13,137.4763641357422,145.77999877929688,146.25,145.16000366210938,145.6999969482422,6676300
2023-11-14,139.98484802246094,148.44000244140625,149.25,146.52000427246094,146.67999267578125,9927700
2023-11-15,141.21080017089844,149.74000549316406,150.16000366210938,148.4600067138672,148.4600067138672,8365300
2023-11-16,142.8233642578125,151.4499969482422,151.52999877929688,150.08999633789062,150.08999633789062,8126200
2023-11-17,144.11534118652344,152.82000732421875,152.86000061035156,151.5399932861328,152.1999969482422,7812400
2023-11-20,144.55853271484375,153.2899932861328,153.75,151.9199981689453,152.0800018310547,7019000
2023-11-21,144.25680541992188,152.97000122070312,153.6300048828125,152.57000732421875,153.1999969482422,7083500
2023-11-22,144.59629821777344,153.3300018310547,153.8800048828125,152.89999389648438,153.41000366210938,5174500
2023-11-24,144.7943115234375,153.5399932861328,154.44000244140625,153.27999877929688,153.58999633789062,3496900
2023-11-27,144.46429443359375,153.19000244140625,153.52999877929688,152.7100067138672,153.42999267578125,6259100
2023-11-28,144.7943115234375,153.5399932861328,153.8699951171875,152.72000122070312,153.22000122070312,6582700
2023-11-29,145.52992248535156,154.32000732421875,155.6300048828125,154.0,154.1699981689453,9126100
2023-11-30,147.18963623046875,156.0800018310547,156.1300048828125,154.3800048828125,154.91000366210938,9869800
2023-12-01,147.90635681152344,156.83999633789062,157.86000061035156,155.82000732421875,155.82000732421875,8916000
2023-12-04,148.99085998535156,157.99000549316406,158.0500030517578,155.8800048828125,156.02000427246094,9607500
2023-12-05,148.9720001220703,157.97000122070312,158.5,156.97000122070312,157.25999450683594,9135600
2023-12-06,147.4065704345703,156.30999755859375,159.22000122070312,156.0,158.83999633789062,9366000
2023-12-07,147.8592071533203,156.7899932861328,157.30999755859375,156.14999389648438,156.69000244140625,8130900
2023-12-08,149.49066162109375,158.52000427246094,158.77999877929688,156.97999572753906,157.25999450683594,7369400
2023-12-11,150.03762817382812,159.10000610351562,159.3000030517578,158.14999389648438,158.52000427246094,8093900
2023-12-12,151.37677001953125,160.52000427246094,160.64999389648438,158.8800048828125,159.22999572753906,10223000
2023-12-13,151.885986328125,161.05999755859375,162.02999877929688,159.77000427246094,160.52000427246094,12379100
2023-12-14,154.6490936279297,163.99000549316406,164.83999633789062,161.7100067138672,161.8300018310547,13643000
2023-12-15,155.81846618652344,165.22999572753906,165.27999877929688,162.38999938964844,163.0800018310547,20309300
2023-12-18,156.76148986816406,166.22999572753906,167.1300048828125,165.6300048828125,165.9199981689453,8469600
2023-12-19,158.8550262451172,168.4499969482422,168.47000122070312,165.5500030517578,166.0,10345700
2023-12-20,157.0632781982422,166.5500030517578,169.41000366210938,166.4499969482422,167.99000549316406,10734700
2023-12-21,157.9591522216797,167.5,168.08999633789062,165.67999267578125,166.83999633789062,7601700
2023-12-22,157.8648681640625,167.39999389648438,168.22999572753906,167.22999572753906,167.5,6576300
2023-12-26,158.79849243164062,168.38999938964844,168.77000427246094,167.17999267578125,167.4600067138672,4683600
2023-12-27,159.75094604492188,169.39999389648438,169.47000122070312,167.5800018310547,167.83999633789062,6428600
2023-12-28,160.5996856689453,170.3000030517578,170.66000366210938,169.0,169.35000610351562,6320100
2023-12-29,160.4110565185547,170.10000610351562,170.69000244140625,169.6300048828125,170.0,6435100
2024-01-02,162.27830505371094,172.0800018310547,172.1699981689453,168.91000366210938,169.08999633789062,9977400
2024-01-03,161.57101440429688,171.3300018310547,172.0399932861328,170.3699951171875,171.86000061035156,9852300
2024-01-04,162.6431884765625,171.41000366210938,173.35000610351562,170.5399932861328,170.63999938964844,11972500
2024-01-05,163.45924377441406,172.27000427246094,173.3800048828125,171.47000122070312,171.47000122070312,10066000
2024-01-08,163.2220001220703,172.02000427246094,172.36000061035156,169.49000549316406,172.02000427246094,11229900
2024-01-09,161.93157958984375,170.66000366210938,171.7899932861328,170.10000610351562,171.6199951171875,9923600
2024-01-10,162.27317810058594,171.02000427246094,171.0800018310547,168.9499969482422,170.0,9670200
2024-01-11,161.58999633789062,170.3000030517578,170.36000061035156,168.63999938964844,170.3300018310547,11919500
2024-01-12,160.4039306640625,169.0500030517578,176.30999755859375,168.89999389648438,173.8000030517578,19436500
2024-01-16,159.39813232421875,167.99000549316406,168.08999633789062,164.3000030517578,164.8699951171875,17206400
2024-01-17,158.54415893554688,167.08999633789062,169.07000732421875,166.49000549316406,167.33999633789062,11107500
2024-01-18,158.85726928710938,167.4199981689453,167.52999877929688,165.24000549316406,167.1199951171875,9382300
2024-01-19,161.5994873046875,170.30999755859375,170.57000732421875,167.0800018310547,167.5500030517578,13115700
2024-01-22,161.40968322753906,170.11000061035156,171.97999572753906,169.7100067138672,170.4600067138672,12837500
2024-01-23,160.34695434570312,168.99000549316406,169.75,168.44000244140625,169.6699981689453,8360800
2024-01-24,161.77976989746094,170.5,171.00999450683594,168.86000061035156,169.36000061035156,9967100
2024-01-25,164.09495544433594,172.94000244140625,172.99000549316406,170.91000366210938,172.30999755859375,8873500
2024-01-26,163.46871948242188,172.27999877929688,173.05999755859375,171.77999877929688,172.61000061035156,7443000
2024-01-29,163.8957061767578,172.72999572753906,172.83999633789062,171.3000030517578,172.24000549316406,6971200
2024-01-30,167.25465393066406,176.27000427246094,176.75999450683594,172.8300018310547,172.8300018310547,10822100
2024-01-31,165.44232177734375,174.36000061035156,178.3000030517578,174.33999633789062,176.1999969482422,11521800
2024-02-01,164.84454345703125,173.72999572753906,174.83999633789062,171.42999267578125,173.63999938964844,9354800
2024-02-02,165.7934112548828,174.72999572753906,175.82000732421875,173.25999450683594,173.3000030517578,8607600
2024-02-05,165.5751953125,174.5,175.08999633789062,172.9199981689453,173.86000061035156,7820200
2024-02-06,166.1444854736328,175.10000610351562,175.8699951171875,173.75999450683594,174.61000061035156,6764800
2024-02-07,166.45761108398438,175.42999267578125,175.8699951171875,173.9600067138672,175.69000244140625,7225500
2024-02-08,165.85983276367188,174.8000030517578,175.30999755859375,173.57000732421875,175.0,6060300
2024-02-09,166.05908203125,175.00999450683594,175.10000610351562,173.6699981689453,175.0,6296700
2024-02-12,166.7991943359375,175.7899932861328,176.80999755859375,173.6999969482422,174.77999877929688,8539300
2024-02-13,165.3474578857422,174.25999450683594,176.22999572753906,172.6199951171875,175.32000732421875,8397600
2024-02-14,167.02691650390625,176.02999877929688,176.10000610351562,174.4199981689453,175.07000732421875,7056700
2024-02-15,170.6705322265625,179.8699951171875,180.2100067138672,176.14999389648438,176.14999389648438,8723400
2024-02-16,169.8734893798828,179.02999877929688,179.97999572753906,178.16000366210938,179.61000061035156,8152600
2024-02-20,170.53768920898438,179.72999572753906,180.4600067138672,178.41000366210938,179.19000244140625,9668000
2024-02-21,171.64784240722656,180.89999389648438,180.99000549316406,178.52000427246094,179.9499969482422,7024000
2024-02-22,173.7068634033203,183.07000732421875,183.4199981689453,181.24000549316406,181.82000732421875,9296500
2024-02-23,174.57981872558594,183.99000549316406,185.1999969482422,183.19000244140625,183.80999755859375,7105800
2024-02-26,173.98202514648438,183.36000061035156,184.4600067138672,182.47999572753906,183.75,7145400
2024-02-27,174.0674285888672,183.4499969482422,183.5399932861328,182.24000549316406,183.30999755859375,5717100
2024-02-28,174.94985961914062,184.3800048828125,185.1999969482422,182.9600067138672,183.42999267578125,6131600
2024-02-29,176.54397583007812,186.05999755859375,186.42999267578125,183.85000610351562,185.66000366210938,9643000
2024-03-01,175.81332397460938,185.2899932861328,186.44000244140625,185.10000610351562,185.6999969482422,6311800
2024-03-04,177.13223266601562,186.67999267578125,187.58999633789062,184.27000427246094,184.7100067138672,7063600
2024-03-05,178.9066162109375,188.5500030517578,189.3000030517578,186.36000061035156,186.36000061035156,6617800
2024-03-06,179.83644104003906,189.52999877929688,190.07000732421875,187.6300048828125,189.25,7572900
2024-03-07,178.2613525390625,187.8699951171875,190.5,186.6300048828125,189.91000366210938,7618300
2024-03-08,178.59344482421875,188.22000122070312,190.4600067138672,187.9199981689453,188.44000244140625,6172200
2024-03-11,178.65989685058594,188.2899932861328,188.44000244140625,186.22000122070312,187.27999877929688,5762600
2024-03-12,180.13059997558594,189.83999633789062,190.16000366210938,187.91000366210938,188.9499969482422,5708400
2024-03-13,181.5918731689453,191.3800048828125,191.72999572753906,189.83999633789062,190.36000061035156,7795500
2024-03-14,178.35623168945312,187.97000122070312,191.6300048828125,187.10000610351562,191.02999877929688,10310900
2024-03-15,180.56707763671875,190.3000030517578,190.94000244140625,186.47999572753906,186.47999572753906,17214200
2024-03-18,182.80638122558594,192.66000366210938,192.6999969482422,189.88999938964844,190.6300048828125,9013800
2024-03-19,183.8785858154297,193.7899932861328,193.92999267578125,192.3800048828125,192.7100067138672,8478700
2024-03-20,186.28868103027344,196.3300018310547,196.55999755859375,193.61000061035156,194.19000244140625,9367000
2024-03-21,188.87904357910156,199.05999755859375,199.42999267578125,196.3300018310547,196.52000427246094,11203800
2024-03-22,186.56385803222656,196.6199951171875,200.47999572753906,196.5399932861328,199.00999450683594,8108800
2024-03-25,184.85592651367188,194.82000732421875,196.94000244140625,194.36000061035156,196.60000610351562,8620000
2024-03-26,185.71937561035156,195.72999572753906,196.66000366210938,194.05999755859375,194.58999633789062,5961500
2024-03-27,189.31552124023438,199.52000427246094,199.60000610351562,196.3800048828125,196.5,8725800
2024-03-28,190.05563354492188,200.3000030517578,200.72000122070312,198.5399932861328,199.49000549316406,8628300
2024-04-01,188.7651824951172,198.94000244140625,200.94000244140625,198.57000732421875,199.99000549316406,7309000
2024-04-02,188.68930053710938,198.86000061035156,199.77999877929688,198.0800018310547,198.38999938964844,7014700
2024-04-03,188.15792846679688,198.3000030517578,199.55999755859375,197.6999969482422,199.0399932861328,9353400
2024-04-04,186.726318359375,195.64999389648438,199.67999267578125,195.5500030517578,199.14999389648438,9243800
2024-04-05,188.44424438476562,197.4499969482422,198.1199951171875,195.11000061035156,196.16000366210938,6532300
2024-04-08,189.42726135253906,198.47999572753906,198.97999572753906,197.6199951171875,197.6199951171875,8001000
2024-04-09,188.1579132080078,197.14999389648438,198.8800048828125,194.91000366210938,198.07000732421875,7351500
2024-04-10,186.55453491210938,195.47000122070312,197.07000732421875,194.17999267578125,195.5500030517578,7681400
2024-04-11,186.51637268066406,195.42999267578125,196.57000732421875,193.24000549316406,196.0,10137700
2024-04-12,174.452880859375,182.7899932861328,188.92999267578125,182.5399932861328,188.32000732421875,31532300
2024-04-15,174.54830932617188,182.88999938964844,187.4600067138672,182.1999969482422,184.5,14766600
2024-04-16,172.55364990234375,180.8000030517578,183.16000366210938,179.64999389648438,182.89999389648438,16451800
2024-04-17,171.86648559570312,180.0800018310547,182.4199981689453,179.1999969482422,181.3699951171875,9017100
2024-04-18,172.98312377929688,181.25,183.36000061035156,179.97000122070312,181.10000610351562,9557700
2024-04-19,177.32559204101562,185.8000030517578,185.8800048828125,181.41000366210938,182.39999389648438,13402300
2024-04-22,180.77098083496094,189.41000366210938,190.1300048828125,185.97999572753906,185.99000549316406,11529700
2024-04-23,183.3764190673828,192.13999938964844,192.22999572753906,190.52000427246094,191.1300048828125,9144400
2024-04-24,184.27357482910156,193.0800018310547,193.22999572753906,190.1699981689453,190.52999877929688,6964900
2024-04-25,184.55032348632812,193.3699951171875,193.94000244140625,191.17999267578125,192.25,9802300
2024-04-26,184.6648712158203,193.49000549316406,194.8699951171875,193.05999755859375,193.57000732421875,6413700
2024-04-29,184.46444702148438,193.27999877929688,194.25999450683594,192.42999267578125,193.47999572753906,5387800
2024-04-30,182.99468994140625,191.74000549316406,194.99000549316406,191.63999938964844,192.80999755859375,8153700
2024-05-01,183.10919189453125,191.86000061035156,194.4600067138672,190.7899932861328,192.27000427246094,7445300
2024-05-02,182.91835021972656,191.66000366210938,193.5,189.52000427246094,193.07000732421875,6501700
2024-05-03,181.82077026367188,190.50999450683594,192.52999877929688,188.4600067138672,192.0,8922800
2024-05-06,183.2427978515625,192.0,192.1999969482422,189.82000732421875,191.72999572753906,7911100
2024-05-07,183.00421142578125,191.75,192.92999267578125,191.64999389648438,191.6999969482422,7688800
2024-05-08,186.726318359375,195.64999389648438,196.64999389648438,191.0,191.0,9227600
2024-05-09,188.49197387695312,197.5,197.58999633789062,195.10000610351562,195.1699981689453,7977300
2024-05-10,189.70404052734375,198.77000427246094,199.33999633789062,198.27000427246094,198.5399932861328,7529800
2024-05-13,189.6658477783203,198.72999572753906,199.85000610351562,198.0399932861328,198.8000030517578,7049200
2024-05-14,192.31906127929688,201.50999450683594,201.5800018310547,198.16000366210938,199.0,8596200
2024-05-15,192.89169311523438,202.11000061035156,202.69000244140625,199.77000427246094,202.00999450683594,8370000
2024-05-16,193.2352752685547,202.47000122070312,204.47999572753906,201.99000549316406,202.22000122070312,8497900
2024-05-17,195.449462890625,204.7899932861328,205.0500030517578,202.80999755859375,203.80999755859375,9260500
2024-05-20,186.6595458984375,195.5800018310547,205.8800048828125,195.39999389648438,204.38999938964844,17373300
2024-05-21,190.41981506347656,199.52000427246094,199.89999389648438,196.60000610351562,197.0,14420800
2024-05-22,189.26502990722656,198.30999755859375,200.94000244140625,197.69000244140625,199.0,9425300
2024-05-23,187.93841552734375,196.9199981689453,198.3000030517578,196.07000732421875,197.80999755859375,8069400
2024-05-24,191.55555725097656,200.7100067138672,200.75999450683594,197.55999755859375,197.75,7356200
2024-05-28,190.40074157714844,199.5,200.41000366210938,198.66000366210938,199.86000061035156,6910200
2024-05-29,189.07412719726562,198.11000061035156,198.99000549316406,196.88999938964844,198.0,6120000
2024-05-30,190.2384796142578,199.3300018310547,199.85000610351562,198.39999389648438,198.55999755859375,6829100
2024-05-31,193.38800048828125,202.6300048828125,203.3000030517578,198.35000610351562,199.3000030517578,14417900
2024-06-03,192.61492919921875,201.82000732421875,202.4199981689453,199.19000244140625,202.30999755859375,6444300
2024-06-04,190.0762481689453,199.16000366210938,201.97999572753906,198.27999877929688,200.16000366210938,6848300
2024-06-05,188.26292419433594,197.25999450683594,199.82000732421875,196.9199981689453,199.75999450683594,8351600
2024-06-06,187.92889404296875,196.91000366210938,198.02000427246094,195.3300018310547,197.25999450683594,7640300
2024-06-07,190.8302459716797,199.9499969482422,200.9199981689453,197.00999450683594,197.42999267578125,6964500
2024-06-10,190.50570678710938,199.61000061035156,200.83999633789062,198.44000244140625,199.24000549316406,6070800
2024-06-11,185.4951934814453,194.36000061035156,197.94000244140625,193.60000610351562,197.91000366210938,9235300
2024-06-12,182.79428100585938,191.52999877929688,196.72000122070312,191.30999755859375,196.0,12751300
2024-06-13,184.8271026611328,193.66000366210938,194.5800018310547,190.8800048828125,192.32000732421875,8587800
2024-06-14,184.94163513183594,193.77999877929688,194.86000061035156,191.4199981689453,191.4499969482422,6874000
2024-06-17,186.0869140625,194.97999572753906,195.5800018310547,192.63999938964844,193.47999572753906,8725400
2024-06-18,188.0147705078125,197.0,197.9600067138672,194.1300048828125,194.60000610351562,9023000
2024-06-20,189.60861206054688,198.6699981689453,199.4499969482422,196.11000061035156,196.38999938964844,8731100
2024-06-21,187.34671020507812,196.3000030517578,197.1699981689453,194.22000122070312,196.7100067138672,20972100
2024-06-24,189.8090362548828,198.8800048828125,199.22999572753906,197.10000610351562,197.80999755859375,9785900
2024-06-25,189.0359649658203,198.07000732421875,200.07000732421875,197.74000549316406,198.08999633789062,6862500
2024-06-26,188.42514038085938,197.42999267578125,197.94000244140625,196.27999877929688,197.4499969482422,7758600
2024-06-27,190.08580017089844,199.1699981689453,199.86000061035156,196.89999389648438,197.44000244140625,7913500
2024-06-28,193.03485107421875,202.25999450683594,202.60000610351562,199.3000030517578,200.00999450683594,15307600
