Date,Adj Close,Close,High,Low,Open,Volume
2019-01-02,30.892900466918945,37.900001525878906,37.9900016784668,36.7599983215332,36.79999923706055,2410100
2019-01-03,30.73802947998047,37.709999084472656,38.439998626708984,37.4900016784668,37.72999954223633,2892700
2019-01-04,31.74877166748047,38.95000076293945,39.060001373291016,38.25,38.40999984741211,3895800
2019-01-07,31.94440460205078,39.189998626708984,39.560001373291016,38.52000045776367,38.79999923706055,3012600
2019-01-08,32.22969436645508,39.540000915527344,39.54999923706055,38.790000915527344,39.52000045776367,4550300
2019-01-09,32.49052047729492,39.86000061035156,39.970001220703125,39.36000061035156,39.63999938964844,2551800
2019-01-10,32.441619873046875,39.79999923706055,39.95000076293945,39.33000183105469,39.630001068115234,1712700
2019-01-11,32.5802001953125,39.970001220703125,40.130001068115234,39.34000015258789,39.540000915527344,1956600
2019-01-14,32.775821685791016,40.209999084472656,40.4900016784668,39.54999923706055,39.68000030517578,2786600
2019-01-15,33.02851104736328,40.52000045776367,40.529998779296875,39.7599983215332,40.099998474121094,1936000
2019-01-16,33.843624114990234,41.52000045776367,41.619998931884766,40.7599983215332,40.90999984741211,3675100
2019-01-17,34.112613677978516,41.849998474121094,41.95000076293945,41.130001068115234,41.349998474121094,2682500
2019-01-18,34.77286148071289,42.65999984741211,42.720001220703125,41.72999954223633,42.25,3208900
2019-01-22,34.43051528930664,42.2400016784668,42.630001068115234,42.040000915527344,42.290000915527344,4848800
2019-01-23,34.46311950683594,42.279998779296875,42.58000183105469,41.900001525878906,42.400001525878906,2753400
2019-01-24,34.54462432861328,42.380001068115234,42.650001525878906,41.939998626708984,42.15999984741211,1807600
2019-01-25,34.97665023803711,42.90999984741211,43.11000061035156,42.470001220703125,42.709999084472656,4786000
2019-01-28,35.18857192993164,43.16999816894531,43.279998779296875,42.61000061035156,42.689998626708984,3935300
2019-01-29,35.07444763183594,43.029998779296875,43.470001220703125,43.029998779296875,43.22999954223633,5826800
2019-01-30,35.04999542236328,43.0,43.33000183105469,42.880001068115234,43.150001525878906,4767400
2019-01-31,34.7484130859375,42.630001068115234,42.93000030517578,41.900001525878906,42.7599983215332,6340500
2019-02-01,35.02555465698242,42.970001220703125,43.09000015258789,42.619998931884766,42.79999923706055,2783700
2019-02-04,35.359737396240234,43.380001068115234,43.38999938964844,42.79999923706055,43.0099983215332,3093000
2019-02-05,35.21302795410156,43.20000076293945,43.459999084472656,42.88999938964844,43.33000183105469,5854500
2019-02-06,35.327144622802734,43.34000015258789,43.459999084472656,43.060001373291016,43.119998931884766,2423200
2019-02-07,35.69393539428711,43.790000915527344,44.31999969482422,43.38999938964844,44.06999969482422,5776700
2019-02-08,35.4005012512207,43.43000030517578,43.86000061035156,42.97999954223633,43.599998474121094,3377500
2019-02-11,35.6450309753418,43.72999954223633,43.7599983215332,43.400001525878906,43.529998779296875,2062500
2019-02-12,36.07704162597656,44.2599983215332,44.5,44.0099983215332,44.0099983215332,2631700
2019-02-13,36.150413513183594,44.349998474121094,44.560001373291016,44.16999816894531,44.369998931884766,1724800
2019-02-14,35.80805587768555,43.93000030517578,44.16999816894531,43.630001068115234,43.939998626708984,9816100
2019-02-15,36.61502456665039,44.91999816894531,45.02000045776367,44.2599983215332,44.279998779296875,2180800
2019-02-19,36.91661834716797,45.290000915527344,45.40999984741211,44.52000045776367,44.7599983215332,2185700
2019-02-20,37.267112731933594,45.720001220703125,45.75,45.040000915527344,45.310001373291016,1915900
2019-02-21,37.0225830078125,45.41999816894531,45.77000045776367,45.220001220703125,45.75,1725700
2019-02-22,37.13669967651367,45.560001373291016,45.619998931884766,45.27000045776367,45.43000030517578,1488200
2019-02-25,37.0144157409668,45.40999984741211,45.9900016784668,45.369998931884766,45.84000015258789,2423400
2019-02-26,36.631317138671875,44.939998626708984,45.560001373291016,44.939998626708984,45.18000030517578,2525200
2019-02-27,37.00626754760742,45.400001525878906,45.439998626708984,44.810001373291016,44.95000076293945,1779900
2019-02-28,36.892154693603516,45.2599983215332,45.47999954223633,45.2400016784668,45.33000183105469,1399700
2019-03-01,37.0551872253418,45.459999084472656,45.849998474121094,45.119998931884766,45.560001373291016,2391400
2019-03-04,36.90846633911133,45.279998779296875,45.86000061035156,44.880001068115234,45.45000076293945,1832100
2019-03-05,36.851409912109375,45.209999084472656,45.400001525878906,44.65999984741211,45.2400016784668,1525300
2019-03-06,36.10963821411133,44.29999923706055,45.2599983215332,44.209999084472656,45.060001373291016,3057500
2019-03-07,35.5390625,43.599998474121094,44.150001525878906,43.34000015258789,44.060001373291016,2506100
2019-03-08,35.5716667175293,43.63999938964844,43.77000045776367,43.06999969482422,43.150001525878906,2790200
2019-03-11,35.85697555541992,43.9900016784668,44.119998931884766,43.61000061035156,43.72999954223633,2537200
2019-03-12,35.83251190185547,43.959999084472656,44.22999954223633,43.72999954223633,44.099998474121094,1606600
2019-03-13,36.085205078125,44.27000045776367,44.40999984741211,43.95000076293945,44.119998931884766,2594700
2019-03-14,36.23191452026367,44.45000076293945,44.54999923706055,44.18000030517578,44.290000915527344,2172100
2019-03-15,36.299072265625,44.31999969482422,44.650001525878906,44.13999938964844,44.18000030517578,3820000
2019-03-18,36.83143997192383,44.970001220703125,45.08000183105469,44.38999938964844,44.38999938964844,2970600
2019-03-19,36.05336380004883,44.02000045776367,45.279998779296875,43.939998626708984,45.18000030517578,3194800
2019-03-20,34.90673065185547,42.619998931884766,44.09000015258789,42.58000183105469,43.880001068115234,4085500
2019-03-21,34.54636001586914,42.18000030517578,42.720001220703125,41.869998931884766,42.31999969482422,4564200
2019-03-22,33.0803108215332,40.38999938964844,41.790000915527344,40.06999969482422,41.68000030517578,6073300
2019-03-25,33.05573654174805,40.36000061035156,40.810001373291016,40.04999923706055,40.34000015258789,3126000
2019-03-26,33.817440032958984,41.290000915527344,41.31999969482422,40.65999984741211,40.70000076293945,5366600
2019-03-27,33.833824157714844,41.310001373291016,41.54999923706055,40.880001068115234,41.189998626708984,2455000
2019-03-28,34.28427505493164,41.86000061035156,41.880001068115234,41.16999816894531,41.41999816894531,2533700
2019-03-29,34.21055603027344,41.77000045776367,42.290000915527344,41.61000061035156,42.220001220703125,3062400
2019-04-01,35.15244674682617,42.91999816894531,43.0099983215332,42.099998474121094,42.099998474121094,6521300
2019-04-02,35.14425277709961,42.90999984741211,43.27000045776367,42.63999938964844,42.900001525878906,2247100
2019-04-03,35.30805206298828,43.11000061035156,43.63999938964844,42.939998626708984,43.310001373291016,2622800
2019-04-04,35.75033187866211,43.650001525878906,43.779998779296875,43.040000915527344,43.099998474121094,2754500
2019-04-05,35.87317657470703,43.79999923706055,43.91999816894531,43.45000076293945,43.720001220703125,2683100
2019-04-08,35.93870162963867,43.880001068115234,44.0099983215332,43.619998931884766,43.709999084472656,2304800
2019-04-09,35.32444381713867,43.130001068115234,43.650001525878906,43.029998779296875,43.619998931884766,2557900
2019-04-10,35.62747573852539,43.5,43.529998779296875,42.79999923706055,43.130001068115234,1636200
2019-04-11,35.78308868408203,43.689998626708984,44.040000915527344,43.41999816894531,43.61000061035156,5120100
2019-04-12,36.47926330566406,44.540000915527344,44.7599983215332,43.79999923706055,44.2599983215332,5939000
2019-04-15,35.97964859008789,43.93000030517578,44.63999938964844,43.79999923706055,44.560001373291016,3279700
2019-04-16,36.60211944580078,44.689998626708984,44.720001220703125,43.849998474121094,43.93000030517578,2408100
2019-04-17,36.520206451416016,44.59000015258789,44.790000915527344,44.2599983215332,44.7599983215332,1485100
2019-04-18,36.15985107421875,44.150001525878906,44.56999969482422,44.060001373291016,44.47999954223633,2058900
2019-04-22,35.91413497924805,43.849998474121094,44.209999084472656,43.709999084472656,44.06999969482422,1057100
2019-04-23,36.65944290161133,44.7599983215332,44.810001373291016,43.77000045776367,43.900001525878906,2780700
2019-04-24,36.634864807128906,44.72999954223633,44.959999084472656,44.279998779296875,44.5099983215332,1413800
2019-04-25,36.520206451416016,44.59000015258789,44.81999969482422,44.09000015258789,44.61000061035156,1738100
2019-04-26,36.880584716796875,45.029998779296875,45.06999969482422,44.31999969482422,44.45000076293945,2669600
2019-04-29,37.347415924072266,45.599998474121094,45.900001525878906,45.08000183105469,45.18000030517578,2442300
2019-04-30,37.257320404052734,45.4900016784668,45.779998779296875,45.220001220703125,45.65999984741211,1512100
2019-05-01,36.8150634765625,44.95000076293945,45.83000183105469,44.77000045776367,45.459999084472656,3606500
2019-05-02,37.24095153808594,45.470001220703125,45.599998474121094,44.95000076293945,44.959999084472656,1730800
2019-05-03,37.683231353759766,46.0099983215332,46.060001373291016,45.439998626708984,45.540000915527344,5913600
2019-05-06,37.59312057495117,45.900001525878906,46.09000015258789,45.220001220703125,45.2599983215332,1526600
2019-05-07,36.946109771728516,45.11000061035156,45.529998779296875,44.81999969482422,45.45000076293945,1903300
2019-05-08,36.56935119628906,44.650001525878906,45.16999816894531,44.619998931884766,44.91999816894531,1821300
2019-05-09,36.55297088623047,44.630001068115234,44.72999954223633,43.869998931884766,44.119998931884766,2029100
2019-05-10,36.65944290161133,44.7599983215332,44.849998474121094,43.90999984741211,44.34000015258789,1580200
2019-05-13,35.1606330871582,42.93000030517578,44.02000045776367,42.77000045776367,43.84000015258789,1902700
2019-05-14,35.660240173339844,43.540000915527344,43.849998474121094,42.90999984741211,43.13999938964844,1479200
2019-05-15,35.24252700805664,43.029998779296875,43.16999816894531,42.47999954223633,43.0,6239300
2019-05-16,35.62747573852539,43.5,43.790000915527344,43.209999084472656,43.209999084472656,1434500
2019-05-17,35.365386962890625,43.18000030517578,43.84000015258789,43.060001373291016,43.06999969482422,1223900
2019-05-20,35.46368408203125,43.29999923706055,43.560001373291016,43.0,43.0099983215332,982700
2019-05-21,35.74213409423828,43.63999938964844,43.810001373291016,43.52000045776367,43.52000045776367,723600
2019-05-22,35.373573303222656,43.189998626708984,43.54999923706055,43.08000183105469,43.439998626708984,1396400
2019-05-23,34.61188888549805,42.2599983215332,42.709999084472656,41.90999984741211,42.630001068115234,1916500
2019-05-24,35.021400451660156,42.7599983215332,42.869998931884766,42.43000030517578,42.439998626708984,1224300
2019-05-28,34.58731460571289,42.22999954223633,42.779998779296875,42.209999084472656,42.63999938964844,1519200
2019-05-29,34.74292755126953,42.41999816894531,42.54999923706055,41.650001525878906,41.81999969482422,1523400
2019-05-30,34.21055603027344,41.77000045776367,42.810001373291016,41.40999984741211,42.5099983215332,1706000
2019-05-31,33.5307731628418,40.939998626708984,41.349998474121094,40.849998474121094,41.119998931884766,3394400
2019-06-03,33.88296127319336,41.369998931884766,41.66999816894531,40.7599983215332,40.880001068115234,1680700
2019-06-04,35.04597854614258,42.790000915527344,42.84000015258789,41.88999938964844,41.88999938964844,2192500
2019-06-05,34.94768142700195,42.66999816894531,42.880001068115234,42.13999938964844,42.779998779296875,2570400
2019-06-06,34.93949508666992,42.65999984741211,42.83000183105469,42.20000076293945,42.65999984741211,1101600
2019-06-07,34.7347297668457,42.40999984741211,42.630001068115234,42.29999923706055,42.5,1294200
2019-06-10,34.980445861816406,42.709999084472656,43.27000045776367,42.709999084472656,42.79999923706055,1778300
2019-06-11,35.13606643676758,42.900001525878906,43.31999969482422,42.689998626708984,43.02000045776367,1074700
2019-06-12,34.882171630859375,42.59000015258789,42.97999954223633,42.38999938964844,42.77000045776367,1092400
2019-06-13,34.972259521484375,42.70000076293945,43.08000183105469,42.540000915527344,42.709999084472656,971300
2019-06-14,35.04597854614258,42.790000915527344,42.93000030517578,42.209999084472656,42.68000030517578,1287100
2019-06-17,34.58731460571289,42.22999954223633,42.939998626708984,42.150001525878906,42.7599983215332,4427800
2019-06-18,35.15244674682617,42.91999816894531,43.13999938964844,42.08000183105469,42.150001525878906,3086300
2019-06-19,34.94768142700195,42.66999816894531,43.439998626708984,42.63999938964844,43.220001220703125,2056000
2019-06-20,35.021400451660156,42.7599983215332,42.970001220703125,42.060001373291016,42.86000061035156,2551500
2019-06-21,34.96532440185547,42.400001525878906,42.75,42.349998474121094,42.369998931884766,2167800
2019-06-24,34.627220153808594,41.9900016784668,42.65999984741211,41.9900016784668,42.279998779296875,2506000
2019-06-25,34.5942268371582,41.95000076293945,42.08000183105469,41.459999084472656,42.0,1350900
2019-06-26,34.72616958618164,42.11000061035156,42.470001220703125,42.029998779296875,42.13999938964844,1492000
2019-06-27,35.229225158691406,42.720001220703125,42.77000045776367,42.189998626708984,42.189998626708984,1705400
2019-06-28,35.756996154785156,43.36000061035156,43.68000030517578,42.88999938964844,43.18000030517578,4325300
2019-07-01,36.037376403808594,43.70000076293945,44.209999084472656,43.45000076293945,43.84000015258789,2221700
2019-07-02,35.54257583618164,43.099998474121094,43.70000076293945,42.900001525878906,43.65999984741211,1964100
2019-07-03,35.905433654785156,43.540000915527344,43.619998931884766,43.15999984741211,43.2599983215332,1839400
2019-07-05,36.28476333618164,44.0,44.189998626708984,43.75,43.869998931884766,1900600
2019-07-08,35.864192962646484,43.4900016784668,43.86000061035156,43.34000015258789,43.720001220703125,1709200
2019-07-09,35.98788070678711,43.63999938964844,43.68000030517578,43.15999984741211,43.18000030517578,1302800
2019-07-10,35.6497802734375,43.22999954223633,43.68000030517578,43.119998931884766,43.61000061035156,1645100
2019-07-11,35.92191696166992,43.560001373291016,43.650001525878906,43.04999923706055,43.34000015258789,987300
2019-07-12,36.260032653808594,43.970001220703125,44.08000183105469,43.52000045776367,43.619998931884766,1939300
2019-07-15,35.625057220458984,43.20000076293945,44.09000015258789,43.09000015258789,44.09000015258789,1737500
2019-07-16,35.60029602050781,43.16999816894531,43.36000061035156,42.869998931884766,43.25,1548600
2019-07-17,35.36115264892578,42.880001068115234,43.150001525878906,42.619998931884766,42.970001220703125,1258500
2019-07-18,35.66627883911133,43.25,43.5,42.619998931884766,42.7599983215332,1354700
2019-07-19,35.897178649902344,43.529998779296875,43.810001373291016,43.290000915527344,43.290000915527344,1442100
2019-07-22,35.69926834106445,43.290000915527344,43.47999954223633,43.06999969482422,43.470001220703125,4163100
2019-07-23,36.15281677246094,43.84000015258789,43.869998931884766,43.220001220703125,43.29999923706055,1734200
2019-07-24,36.94448471069336,44.79999923706055,44.93000030517578,43.65999984741211,43.689998626708984,2412300
2019-07-25,36.57339096069336,44.349998474121094,44.97999954223633,44.20000076293945,44.83000183105469,3745300
2019-07-26,37.05992889404297,44.939998626708984,45.02000045776367,44.34000015258789,44.439998626708984,1364300
2019-07-29,36.73832702636719,44.54999923706055,45.060001373291016,44.45000076293945,44.83000183105469,1698700
2019-07-30,37.084678649902344,44.970001220703125,44.9900016784668,44.15999984741211,44.220001220703125,1486200
2019-07-31,36.91975021362305,44.77000045776367,45.220001220703125,44.619998931884766,44.939998626708984,3883200
2019-08-01,35.501346588134766,43.04999923706055,45.0099983215332,42.900001525878906,44.689998626708984,4298800
2019-08-02,35.2044677734375,42.689998626708984,43.040000915527344,42.130001068115234,42.88999938964844,4258800
2019-08-05,34.082942962646484,41.33000183105469,41.91999816894531,40.7400016784668,41.790000915527344,1866000
2019-08-06,34.396305084228516,41.709999084472656,41.810001373291016,40.900001525878906,41.599998474121094,2007300
2019-08-07,33.97573471069336,41.20000076293945,41.31999969482422,40.349998474121094,40.84000015258789,2623300
2019-08-08,34.6684455871582,42.040000915527344,42.189998626708984,41.45000076293945,41.5099983215332,4000700
2019-08-09,34.48701095581055,41.81999969482422,42.029998779296875,41.47999954223633,41.81999969482422,997300
2019-08-12,33.76131820678711,40.939998626708984,41.31999969482422,40.880001068115234,41.290000915527344,2591700
2019-08-13,34.07469940185547,41.31999969482422,41.9900016784668,40.70000076293945,40.72999954223633,2676200
2019-08-14,32.96965789794922,39.97999954223633,40.61000061035156,39.68000030517578,40.22999954223633,3206000
2019-08-15,32.7552490234375,39.720001220703125,40.27000045776367,39.61000061035156,40.02000045776367,1683900
2019-08-16,33.58815002441406,40.72999954223633,40.81999969482422,40.0,40.0,1675200
2019-08-19,33.96748352050781,41.189998626708984,41.45000076293945,41.150001525878906,41.439998626708984,1016000
2019-08-20,33.49744415283203,40.619998931884766,40.97999954223633,40.529998779296875,40.91999816894531,841500
2019-08-21,33.69535446166992,40.86000061035156,41.02000045776367,40.720001220703125,40.88999938964844,1477600
2019-08-22,33.83554458618164,41.029998779296875,41.349998474121094,40.709999084472656,41.209999084472656,1279200
2019-08-23,32.81296920776367,39.790000915527344,41.2400016784668,39.599998474121094,40.72999954223633,4958200
2019-08-26,33.10161209106445,40.13999938964844,40.16999816894531,39.75,40.029998779296875,1564900
2019-08-27,32.57383346557617,39.5,40.400001525878906,39.279998779296875,40.2599983215332,1756100
2019-08-28,32.977909088134766,39.9900016784668,40.2400016784668,39.310001373291016,39.310001373291016,1920800
2019-08-29,33.65413284301758,40.810001373291016,40.939998626708984,40.36000061035156,40.38999938964844,1512400
2019-08-30,33.76957702636719,40.95000076293945,41.29999923706055,40.810001373291016,41.08000183105469,1289700
2019-09-03,33.10161209106445,40.13999938964844,40.720001220703125,39.880001068115234,40.720001220703125,1908700
2019-09-04,33.348995208740234,40.439998626708984,40.54999923706055,40.16999816894531,40.45000076293945,1340300
2019-09-05,34.24786376953125,41.529998779296875,41.93000030517578,41.04999923706055,41.04999923706055,2012300
2019-09-06,34.06645584106445,41.310001373291016,41.689998626708984,41.22999954223633,41.470001220703125,1429200
2019-09-09,35.22096633911133,42.709999084472656,42.880001068115234,41.52000045776367,41.63999938964844,3525500
2019-09-10,35.82296371459961,43.439998626708984,43.470001220703125,42.810001373291016,42.84000015258789,1770200
2019-09-11,36.260032653808594,43.970001220703125,44.0099983215332,42.849998474121094,43.540000915527344,1783100
2019-09-12,36.30126190185547,44.02000045776367,44.2599983215332,43.290000915527344,43.70000076293945,2102600
2019-09-13,36.65585708618164,44.45000076293945,44.81999969482422,44.209999084472656,44.43000030517578,1730700
2019-09-16,36.639373779296875,44.43000030517578,44.58000183105469,43.880001068115234,43.97999954223633,983800
2019-09-17,36.235286712646484,43.939998626708984,44.20000076293945,43.599998474121094,44.20000076293945,3428800
2019-09-18,36.48268508911133,44.2400016784668,44.41999816894531,43.560001373291016,43.79999923706055,1493500
2019-09-19,36.235286712646484,43.939998626708984,44.59000015258789,43.88999938964844,44.15999984741211,2737400
2019-09-20,36.13987731933594,43.560001373291016,44.09000015258789,43.43000030517578,43.689998626708984,3044300
2019-09-23,36.13987731933594,43.560001373291016,43.7400016784668,43.06999969482422,43.2599983215332,1618700
2019-09-24,35.683570861816406,43.0099983215332,43.720001220703125,42.75,43.4900016784668,1256200
2019-09-25,36.23944091796875,43.68000030517578,43.790000915527344,42.97999954223633,43.04999923706055,1110900
2019-09-26,35.866092681884766,43.22999954223633,43.599998474121094,43.189998626708984,43.54999923706055,1430000
2019-09-27,35.94076919555664,43.31999969482422,44.029998779296875,43.09000015258789,43.529998779296875,1909400
2019-09-30,35.80801010131836,43.15999984741211,43.5,43.08000183105469,43.400001525878906,719500
2019-10-01,34.98665237426758,42.16999816894531,43.709999084472656,42.040000915527344,43.52000045776367,2206600
2019-10-02,34.53864288330078,41.630001068115234,41.959999084472656,41.310001373291016,41.790000915527344,2004300
2019-10-03,34.53864288330078,41.630001068115234,41.630001068115234,40.779998779296875,41.5,1629500
2019-10-04,34.99494934082031,42.18000030517578,42.22999954223633,41.400001525878906,41.72999954223633,945300
2019-10-07,34.87050247192383,42.029998779296875,42.439998626708984,41.95000076293945,42.029998779296875,541500
2019-10-08,34.05744934082031,41.04999923706055,41.52000045776367,41.0099983215332,41.52000045776367,1172300
2019-10-09,34.27315139770508,41.310001373291016,41.540000915527344,41.040000915527344,41.310001373291016,629600
2019-10-10,34.74604797363281,41.880001068115234,42.130001068115234,41.4900016784668,41.4900016784668,1908900
2019-10-11,35.34340286254883,42.599998474121094,43.13999938964844,42.459999084472656,42.459999084472656,2783500
2019-10-14,35.36000442504883,42.619998931884766,42.689998626708984,42.130001068115234,42.36000061035156,1631200
2019-10-15,35.91587829589844,43.290000915527344,43.54999923706055,42.61000061035156,42.70000076293945,1550000
2019-10-16,35.832908630371094,43.189998626708984,43.63999938964844,42.9900016784668,43.33000183105469,2275900
2019-10-17,35.8826789855957,43.25,43.380001068115234,42.95000076293945,43.29999923706055,1276400
2019-10-18,36.1149787902832,43.529998779296875,43.68000030517578,43.08000183105469,43.08000183105469,669400
2019-10-21,36.62937927246094,44.150001525878906,44.349998474121094,43.880001068115234,43.880001068115234,1550700
2019-10-22,36.8119010925293,44.369998931884766,44.84000015258789,43.779998779296875,44.119998931884766,1652800
2019-10-23,36.903167724609375,44.47999954223633,44.4900016784668,44.119998931884766,44.29999923706055,1607200
2019-10-24,36.66256332397461,44.189998626708984,44.630001068115234,43.97999954223633,44.630001068115234,1062400
2019-10-25,37.019309997558594,44.619998931884766,44.83000183105469,44.029998779296875,44.11000061035156,906100
2019-10-28,37.3262939453125,44.9900016784668,45.20000076293945,44.79999923706055,44.900001525878906,3086000
2019-10-29,37.48391342163086,45.18000030517578,45.36000061035156,44.75,44.869998931884766,1885100
2019-10-30,37.05249786376953,44.65999984741211,45.099998474121094,44.400001525878906,45.099998474121094,2188200
2019-10-31,36.61277770996094,44.130001068115234,44.5,43.68000030517578,44.400001525878906,2438800
2019-11-01,37.29309844970703,44.95000076293945,44.959999084472656,44.400001525878906,44.470001220703125,2337600
2019-11-04,38.03148651123047,45.84000015258789,45.900001525878906,45.290000915527344,45.40999984741211,1279700
2019-11-05,38.37166213989258,46.25,46.540000915527344,45.9900016784668,46.0,2069600
2019-11-06,38.18083953857422,46.02000045776367,46.150001525878906,45.779998779296875,46.08000183105469,2768400
2019-11-07,38.446327209472656,46.34000015258789,46.83000183105469,46.25,46.58000183105469,2537400
2019-11-08,38.554176330566406,46.470001220703125,46.54999923706055,46.099998474121094,46.310001373291016,607800
2019-11-11,38.388248443603516,46.27000045776367,46.470001220703125,46.119998931884766,46.209999084472656,1166000
2019-11-12,38.446327209472656,46.34000015258789,46.54999923706055,46.060001373291016,46.33000183105469,679700
2019-11-13,38.08958053588867,45.90999984741211,46.13999938964844,45.630001068115234,45.95000076293945,772900
2019-11-14,38.0480842590332,45.86000061035156,45.9900016784668,45.650001525878906,45.70000076293945,911800
2019-11-15,38.114471435546875,45.939998626708984,46.16999816894531,45.849998474121094,46.099998474121094,989100
2019-11-18,37.965118408203125,45.7599983215332,45.90999984741211,45.5,45.79999923706055,1181200
2019-11-19,38.114471435546875,45.939998626708984,46.09000015258789,45.689998626708984,45.939998626708984,766900
2019-11-20,37.92364501953125,45.709999084472656,45.970001220703125,45.380001068115234,45.77000045776367,1125500
2019-11-21,37.915348052978516,45.70000076293945,46.02000045776367,45.459999084472656,45.900001525878906,895700
2019-11-22,38.12276077270508,45.95000076293945,46.13999938964844,45.75,45.779998779296875,1214300
2019-11-25,38.46292495727539,46.36000061035156,46.47999954223633,45.970001220703125,46.11000061035156,1315200
2019-11-26,38.3135871887207,46.18000030517578,46.349998474121094,46.04999923706055,46.349998474121094,1537300
2019-11-27,38.587371826171875,46.5099983215332,46.58000183105469,46.25,46.36000061035156,797500
2019-11-29,38.33846664428711,46.209999084472656,46.560001373291016,46.16999816894531,46.40999984741211,394900
2019-12-02,38.09787368774414,45.91999816894531,46.650001525878906,45.869998931884766,46.470001220703125,894100
2019-12-03,37.55028533935547,45.2599983215332,45.369998931884766,44.900001525878906,45.2599983215332,2274400
2019-12-04,37.99001693725586,45.790000915527344,46.0,45.400001525878906,45.529998779296875,1076200
2019-12-05,38.20573043823242,46.04999923706055,46.130001068115234,45.86000061035156,46.040000915527344,981200
2019-12-06,38.62885665893555,46.560001373291016,46.849998474121094,46.529998779296875,46.68000030517578,1949900
2019-12-09,38.61225891113281,46.540000915527344,46.7400016784668,46.369998931884766,46.380001068115234,816600
2019-12-10,38.65373992919922,46.59000015258789,46.72999954223633,46.36000061035156,46.4900016784668,669400
2019-12-11,38.49611282348633,46.400001525878906,46.72999954223633,46.36000061035156,46.59000015258789,675600
2019-12-12,39.607845306396484,47.7400016784668,47.810001373291016,46.5,46.54999923706055,3266800
2019-12-13,39.20132064819336,47.25,47.91999816894531,47.02000045776367,47.61000061035156,2014900
2019-12-16,39.466800689697266,47.56999969482422,47.959999084472656,47.56999969482422,47.72999954223633,1860300
2019-12-17,39.84015655517578,48.02000045776367,48.11000061035156,47.5,47.599998474121094,1132000
2019-12-18,39.67422103881836,47.81999969482422,48.16999816894531,47.79999923706055,48.040000915527344,1152100
2019-12-19,39.599552154541016,47.72999954223633,47.93000030517578,47.689998626708984,47.880001068115234,1372700
2019-12-20,39.69396209716797,47.5099983215332,47.81999969482422,47.38999938964844,47.81999969482422,1363400
2019-12-23,39.46839141845703,47.2400016784668,47.59000015258789,47.150001525878906,47.529998779296875,908800
2019-12-24,39.568641662597656,47.36000061035156,47.36000061035156,47.150001525878906,47.25,351900
2019-12-26,39.602054595947266,47.400001525878906,47.52000045776367,47.2599983215332,47.459999084472656,675700
2019-12-27,39.393184661865234,47.150001525878906,47.459999084472656,47.09000015258789,47.459999084472656,886000
2019-12-30,39.40988540649414,47.16999816894531,47.459999084472656,47.130001068115234,47.349998474121094,2149900
2019-12-31,39.51015090942383,47.290000915527344,47.43000030517578,47.099998474121094,47.099998474121094,1424900
2020-01-02,39.59369659423828,47.38999938964844,47.5099983215332,46.939998626708984,47.5099983215332,1005900
2020-01-03,39.21773910522461,46.939998626708984,47.11000061035156,46.529998779296875,46.779998779296875,842300
2020-01-06,38.908607482910156,46.56999969482422,46.66999816894531,46.20000076293945,46.4900016784668,1481000
2020-01-07,38.64959716796875,46.2599983215332,46.529998779296875,46.130001068115234,46.41999816894531,1217500
2020-01-08,38.95037841796875,46.619998931884766,46.810001373291016,46.130001068115234,46.279998779296875,3871200
2020-01-09,39.14254379272461,46.849998474121094,46.9900016784668,46.689998626708984,46.97999954223633,1572900
2020-01-10,38.71643829345703,46.34000015258789,46.83000183105469,46.290000915527344,46.83000183105469,1565100
2020-01-13,38.98379898071289,46.65999984741211,46.65999984741211,46.209999084472656,46.52000045776367,1339200
2020-01-14,39.04228210449219,46.72999954223633,46.959999084472656,46.459999084472656,46.75,1600000
2020-01-15,38.54098892211914,46.130001068115234,46.470001220703125,45.939998626708984,46.369998931884766,1595600
2020-01-16,39.03392791748047,46.720001220703125,46.72999954223633,46.279998779296875,46.279998779296875,1878100
2020-01-17,39.134185791015625,46.84000015258789,47.029998779296875,46.70000076293945,47.029998779296875,1103700
2020-01-21,38.683021545410156,46.29999923706055,46.7400016784668,46.2599983215332,46.5099983215332,1068500
2020-01-22,38.6412467956543,46.25,46.400001525878906,46.13999938964844,46.369998931884766,1190600
2020-01-23,38.62453842163086,46.22999954223633,46.36000061035156,45.599998474121094,46.150001525878906,1743900
2020-01-24,38.01462936401367,45.5,46.25,45.06999969482422,46.13999938964844,3860300
2020-01-27,37.346248626708984,44.70000076293945,45.08000183105469,44.439998626708984,44.54999923706055,1650000
2020-01-28,37.67209243774414,45.09000015258789,45.41999816894531,44.84000015258789,45.0,1365000
2020-01-29,37.287750244140625,44.630001068115234,45.400001525878906,44.599998474121094,45.15999984741211,1011200
2020-01-30,37.68043899536133,45.099998474121094,45.099998474121094,44.11000061035156,44.29999923706055,1824700
2020-01-31,36.920143127441406,44.189998626708984,44.77000045776367,44.060001373291016,44.72999954223633,2831200
2020-02-03,37.32953643798828,44.68000030517578,44.97999954223633,44.41999816894531,44.41999816894531,1956500
2020-02-04,37.87260437011719,45.33000183105469,45.65999984741211,45.290000915527344,45.439998626708984,2781700
2020-02-05,38.74150848388672,46.369998931884766,46.45000076293945,45.86000061035156,45.86000061035156,1578000
2020-02-06,38.36553955078125,45.91999816894531,46.68000030517578,45.91999816894531,46.61000061035156,974500
2020-02-07,38.056396484375,45.54999923706055,45.77000045776367,45.41999816894531,45.560001373291016,1026800
2020-02-10,38.03968811035156,45.529998779296875,45.54999923706055,45.209999084472656,45.349998474121094,877900
2020-02-11,38.35718536376953,45.90999984741211,46.16999816894531,45.599998474121094,45.709999084472656,1157400
2020-02-12,38.35718536376953,45.90999984741211,46.33000183105469,45.779998779296875,46.15999984741211,726900
2020-02-13,38.52427673339844,46.11000061035156,46.119998931884766,45.650001525878906,45.720001220703125,1378700
2020-02-14,38.281978607177734,45.81999969482422,46.130001068115234,45.65999984741211,45.97999954223633,962000
2020-02-18,37.7890510559082,45.22999954223633,45.779998779296875,44.970001220703125,45.58000183105469,1443300
2020-02-19,38.01462936401367,45.5,45.650001525878906,45.33000183105469,45.43000030517578,1240300
2020-02-20,38.4156608581543,45.97999954223633,46.11000061035156,45.34000015258789,45.34000015258789,1644500
2020-02-21,37.89767074584961,45.36000061035156,45.779998779296875,45.099998474121094,45.779998779296875,2224200
2020-02-24,36.719635009765625,43.95000076293945,44.220001220703125,43.650001525878906,44.0099983215332,2093900
2020-02-25,35.232460021972656,42.16999816894531,43.970001220703125,42.02000045776367,43.959999084472656,3527400
2020-02-26,34.68103790283203,41.5099983215332,42.720001220703125,41.45000076293945,42.36000061035156,6872300
2020-02-27,33.30249786376953,39.86000061035156,41.619998931884766,39.849998474121094,40.54999923706055,5270400
2020-02-28,32.37510681152344,38.75,39.290000915527344,37.91999816894531,38.66999816894531,5842100
2020-03-02,33.8121337890625,40.470001220703125,40.4900016784668,38.310001373291016,38.720001220703125,2681200
2020-03-03,32.500423431396484,38.900001525878906,40.869998931884766,38.459999084472656,40.43000030517578,5187300
2020-03-04,33.16881561279297,39.70000076293945,39.81999969482422,38.369998931884766,39.40999984741211,4296900
2020-03-05,31.57303237915039,37.790000915527344,38.540000915527344,37.310001373291016,38.439998626708984,3077800
2020-03-06,30.31144142150879,36.279998779296875,37.2400016784668,35.56999969482422,36.119998931884766,2943200
2020-03-09,25.849952697753906,30.940000534057617,33.41999816894531,30.799999237060547,32.790000915527344,3679500
2020-03-10,27.537626266479492,32.959999084472656,33.08000183105469,31.020000457763672,32.4900016784668,2595200
2020-03-11,25.657785415649414,30.709999084472656,32.29999923706055,30.260000228881836,31.889999389648438,4878800
2020-03-12,23.385265350341797,27.989999771118164,30.510000228881836,27.3700008392334,28.25,3233000
2020-03-13,26.092241287231445,31.229999542236328,31.239999771118164,28.709999084472656,30.06999969482422,4937400
2020-03-16,22.725238800048828,27.200000762939453,28.670000076293945,27.0,27.6200008392334,4036800
2020-03-17,24.003520965576172,28.729999542236328,28.899999618530273,26.40999984741211,27.700000762939453,3265600
2020-03-18,21.338327407836914,25.540000915527344,27.690000534057617,24.93000030517578,26.899999618530273,3204500
2020-03-19,22.716873168945312,27.190000534057617,27.65999984741211,24.100000381469727,25.170000076293945,4916500
2020-03-20,21.21299934387207,25.389999389648438,27.639999389648438,25.299999237060547,27.459999084472656,6410000
2020-03-23,19.448890686035156,23.1299991607666,25.149999618530273,22.559999465942383,25.0,5157800
2020-03-24,21.736011505126953,25.850000381469727,25.940000534057617,24.40999984741211,24.639999389648438,3735900
2020-03-25,22.15643310546875,26.350000381469727,27.440000534057617,25.040000915527344,26.450000762939453,5588600
2020-03-26,24.107213973999023,28.670000076293945,28.889999389648438,26.489999771118164,26.489999771118164,4370300
2020-03-27,23.215906143188477,27.610000610351562,28.510000228881836,27.059999465942383,27.540000915527344,3811100
2020-03-30,23.283178329467773,27.690000534057617,27.780000686645508,26.65999984741211,27.709999084472656,2146900
2020-03-31,22.669349670410156,26.959999084472656,27.81999969482422,26.489999771118164,27.510000228881836,1621400
2020-04-01,21.155818939208984,25.15999984741211,25.709999084472656,24.90999984741211,25.670000076293945,2427700
2020-04-02,21.508981704711914,25.579999923706055,26.309999465942383,24.899999618530273,24.93000030517578,1954200
2020-04-03,20.558820724487305,24.450000762939453,25.719999313354492,24.100000381469727,25.579999923706055,1224100
2020-04-06,22.164844512939453,26.360000610351562,26.639999389648438,25.600000381469727,25.709999084472656,2049300
2020-04-07,22.988880157470703,27.34000015258789,28.649999618530273,27.110000610351562,27.889999389648438,2713300
2020-04-08,24.090394973754883,28.649999618530273,28.84000015258789,27.3700008392334,27.860000610351562,2529500
2020-04-09,25.889814376831055,30.790000915527344,31.06999969482422,29.610000610351562,29.649999618530273,3101100
2020-04-13,24.57808494567871,29.229999542236328,30.940000534057617,28.920000076293945,30.940000534057617,2608800
2020-04-14,24.224925994873047,28.809999465942383,30.18000030517578,28.31999969482422,30.100000381469727,3053400
2020-04-15,22.660947799682617,26.950000762939453,27.559999465942383,26.829999923706055,27.559999465942383,1570500
2020-04-16,21.87895393371582,26.020000457763672,26.989999771118164,25.65999984741211,26.989999771118164,5952900
2020-04-17,23.678373336791992,28.15999984741211,28.350000381469727,27.290000915527344,27.459999084472656,5441500
2020-04-20,23.51861572265625,27.969999313354492,28.670000076293945,27.030000686645508,27.329999923706055,2901500
2020-04-21,22.719804763793945,27.020000457763672,27.579999923706055,26.729999542236328,27.139999389648438,2962200
2020-04-22,22.77025604248047,27.079999923706055,28.030000686645508,26.93000030517578,27.600000381469727,2040600
2020-04-23,23.064558029174805,27.43000030517578,28.09000015258789,27.200000762939453,27.239999771118164,2967700
2020-04-24,23.65315055847168,28.1299991607666,28.389999389648438,27.3799991607666,27.690000534057617,2593400
2020-04-27,25.10782814025879,29.860000610351562,30.110000610351562,28.3700008392334,28.610000610351562,3166100
2020-04-28,25.780502319335938,30.65999984741211,31.540000915527344,30.350000381469727,30.93000030517578,2960600
2020-04-29,27.302446365356445,32.470001220703125,32.939998626708984,31.56999969482422,31.729999542236328,3690900
2020-04-30,26.32706069946289,31.309999465942383,31.790000915527344,30.899999618530273,31.729999542236328,4672600
2020-05-01,25.099414825439453,29.850000381469727,30.5,29.469999313354492,30.399999618530273,3099000
2020-05-04,24.830345153808594,29.530000686645508,29.639999389648438,28.81999969482422,29.350000381469727,3112800
2020-05-05,24.44355010986328,29.06999969482422,30.540000915527344,28.950000762939453,30.18000030517578,2909900
2020-05-06,23.821317672729492,28.329999923706055,29.559999465942383,28.260000228881836,29.469999313354492,2383600
2020-05-07,24.216520309448242,28.799999237060547,29.75,28.709999084472656,28.729999542236328,2576000
2020-05-08,25.25077247619629,30.030000686645508,30.139999389648438,29.350000381469727,29.5,1876100
2020-05-11,24.351057052612305,28.959999084472656,29.540000915527344,28.65999984741211,29.520000457763672,3249700
2020-05-12,23.131824493408203,27.510000228881836,29.239999771118164,27.489999771118164,29.100000381469727,4280200
2020-05-13,21.91258430480957,26.059999465942383,27.399999618530273,25.649999618530273,27.219999313354492,4739900
2020-05-14,22.694583892822266,26.989999771118164,27.110000610351562,24.780000686645508,25.3799991607666,7245500
2020-05-15,22.417095184326172,26.65999984741211,27.040000915527344,26.309999465942383,26.579999923706055,2864500
2020-05-18,24.494001388549805,29.1299991607666,29.329999923706055,27.829999923706055,27.829999923706055,4497100
2020-05-19,23.56906509399414,28.030000686645508,29.079999923706055,28.0,28.979999542236328,2759700
2020-05-20,24.678991317749023,29.350000381469727,29.459999084472656,28.639999389648438,28.690000534057617,4108700
2020-05-21,24.586498260498047,29.239999771118164,29.690000534057617,29.110000610351562,29.270000457763672,2984400
2020-05-22,24.30060386657715,28.899999618530273,29.549999237060547,28.6200008392334,29.329999923706055,2150900
2020-05-26,26.26820182800293,31.239999771118164,31.6299991607666,30.100000381469727,30.15999984741211,5312900
2020-05-27,28.118070602416992,33.439998626708984,33.4900016784668,31.93000030517578,32.86000061035156,5690200
2020-05-28,27.05860137939453,32.18000030517578,34.08000183105469,32.06999969482422,34.08000183105469,3562400
2020-05-29,26.44477653503418,31.450000762939453,31.989999771118164,31.110000610351562,31.809999465942383,3458100
2020-06-01,26.80634307861328,31.8799991607666,32.31999969482422,31.3700008392334,31.600000381469727,1518800
2020-06-02,26.8483829498291,31.93000030517578,32.619998931884766,31.610000610351562,32.40999984741211,1964400
2020-06-03,28.202157974243164,33.540000915527344,33.900001525878906,32.709999084472656,32.72999954223633,4239400
2020-06-04,29.169137954711914,34.689998626708984,34.720001220703125,33.02000045776367,33.4900016784668,6006900
2020-06-05,30.825607299804688,36.65999984741211,37.86000061035156,36.369998931884766,37.310001373291016,8275400
2020-06-08,31.82622528076172,37.849998474121094,38.09000015258789,37.040000915527344,37.83000183105469,7722600
2020-06-09,31.04422950744629,36.91999816894531,37.459999084472656,36.25,36.810001373291016,5328000
2020-06-10,29.127092361450195,34.63999938964844,36.869998931884766,34.58000183105469,36.7400016784668,5855600
2020-06-11,26.469999313354492,31.479999542236328,33.040000915527344,31.389999389648438,32.33000183105469,6661700
2020-06-12,27.487436294555664,32.689998626708984,33.18000030517578,31.549999237060547,32.9900016784668,6175000
2020-06-15,27.756500244140625,33.0099983215332,33.27000045776367,31.100000381469727,31.209999084472656,5120300
2020-06-16,28.706668853759766,34.13999938964844,34.93000030517578,33.150001525878906,34.86000061035156,4098300
2020-06-17,27.82377052307129,33.09000015258789,34.220001220703125,33.02000045776367,34.189998626708984,2485000
2020-06-18,27.89103889465332,33.16999816894531,33.7599983215332,32.5,32.63999938964844,1987600
2020-06-19,27.65559959411621,32.88999938964844,33.75,32.16999816894531,33.66999816894531,7644800
2020-06-22,27.59539031982422,32.540000915527344,32.84000015258789,31.90999984741211,32.310001373291016,3161400
2020-06-23,27.39185905456543,32.29999923706055,33.45000076293945,32.27000045776367,33.16999816894531,5780700
2020-06-24,25.958663940429688,30.610000610351562,31.799999237060547,30.389999389648438,31.799999237060547,4328200
2020-06-25,26.806713104248047,31.610000610351562,31.65999984741211,30.200000762939453,30.299999237060547,2642200
2020-06-26,25.17845916748047,29.690000534057617,30.940000534057617,29.6200008392334,30.889999389648438,6571800
2020-06-29,26.102832794189453,30.780000686645508,31.149999618530273,29.940000534057617,30.049999237060547,4559200
2020-06-30,26.747346878051758,31.540000915527344,31.739999771118164,30.479999542236328,30.549999237060547,1842100
2020-07-01,25.7551326751709,30.3700008392334,31.700000762939453,30.270000457763672,31.65999984741211,2235600
2020-07-02,25.704248428344727,30.309999465942383,31.690000534057617,30.18000030517578,31.309999465942383,2243300
2020-07-06,25.958663940429688,30.610000610351562,31.6200008392334,30.309999465942383,31.190000534057617,4732600
2020-07-07,25.034290313720703,29.520000457763672,30.270000457763672,29.399999618530273,30.25,1850100
2020-07-08,25.09366226196289,29.59000015258789,30.0,28.979999542236328,29.459999084472656,2203600
2020-07-09,24.101444244384766,28.420000076293945,29.530000686645508,28.190000534057617,29.450000762939453,3307100
2020-07-10,25.237823486328125,29.760000228881836,29.799999237060547,28.3700008392334,28.3799991607666,2233600
2020-07-13,25.53464126586914,30.110000610351562,30.690000534057617,29.389999389648438,30.34000015258789,4395900
2020-07-14,25.119104385375977,29.6200008392334,30.1299991607666,29.190000534057617,29.920000076293945,3154400
2020-07-15,26.45053482055664,31.190000534057617,31.389999389648438,30.280000686645508,30.360000610351562,3061700
2020-07-16,26.365724563598633,31.09000015258789,31.719999313354492,30.530000686645508,30.8700008392334,2464200
2020-07-17,25.653371810913086,30.25,31.219999313354492,30.239999771118164,31.059999465942383,2853300
2020-07-20,25.288707733154297,29.81999969482422,30.290000915527344,29.700000762939453,30.100000381469727,1706100
2020-07-21,26.577739715576172,31.34000015258789,31.389999389648438,30.139999389648438,30.139999389648438,2354800
2020-07-22,26.374202728271484,31.100000381469727,31.31999969482422,30.68000030517578,31.079999923706055,1860700
2020-07-23,26.925437927246094,31.75,32.0,31.010000228881836,31.020000457763672,2914100
2020-07-24,26.806713104248047,31.610000610351562,32.220001220703125,31.549999237060547,31.799999237060547,1805400
2020-07-27,26.204599380493164,30.899999618530273,31.510000228881836,30.700000762939453,31.510000228881836,2099200
2020-07-28,26.08586883544922,30.760000228881836,31.1200008392334,30.68000030517578,30.700000762939453,2061800
2020-07-29,27.010236740112305,31.850000381469727,31.90999984741211,30.6299991607666,30.770000457763672,2379700
2020-07-30,26.543813705444336,31.299999237060547,31.329999923706055,30.440000534057617,31.149999618530273,1922300
2020-07-31,26.348764419555664,31.06999969482422,31.18000030517578,30.469999313354492,31.18000030517578,2395800
2020-08-03,26.280920028686523,30.989999771118164,31.34000015258789,30.709999084472656,31.149999618530273,1855000
2020-08-04,26.16219711303711,30.850000381469727,31.010000228881836,30.59000015258789,30.8799991607666,1422800
2020-08-05,26.73038673400879,31.520000457763672,31.600000381469727,31.020000457763672,31.139999389648438,2861300
2020-08-06,26.569259643554688,31.329999923706055,31.739999771118164,31.200000762939453,31.3799991607666,1658700
2020-08-07,27.63779067993164,32.59000015258789,32.619998931884766,30.899999618530273,31.139999389648438,3207100
2020-08-10,28.13814353942871,33.18000030517578,33.650001525878906,32.70000076293945,32.75,3569600
2020-08-11,28.697851181030273,33.84000015258789,34.68000030517578,33.66999816894531,34.0,3652600
2020-08-12,28.417991638183594,33.5099983215332,34.61000061035156,32.970001220703125,34.59000015258789,2733700
2020-08-13,27.926136016845703,32.93000030517578,33.43000030517578,32.84000015258789,33.20000076293945,2343300
2020-08-14,28.231430053710938,33.290000915527344,33.619998931884766,32.5099983215332,32.75,2015700
2020-08-17,27.756519317626953,32.72999954223633,33.25,32.56999969482422,33.209999084472656,1411700
2020-08-18,27.052642822265625,31.899999618530273,32.790000915527344,31.809999465942383,32.70000076293945,2199500
2020-08-19,27.137447357177734,32.0,32.5,31.75,31.920000076293945,1375200
2020-08-20,26.59469985961914,31.360000610351562,31.719999313354492,31.219999313354492,31.59000015258789,1834700
2020-08-21,26.408126831054688,31.139999389648438,31.540000915527344,30.920000076293945,31.190000534057617,1548300
2020-08-24,27.451217651367188,32.369998931884766,32.380001068115234,31.100000381469727,31.389999389648438,3620500
2020-08-25,27.519073486328125,32.45000076293945,33.060001373291016,32.08000183105469,32.72999954223633,1612700
2020-08-26,26.984800338745117,31.81999969482422,32.47999954223633,31.780000686645508,32.47999954223633,1297300
2020-08-27,27.485145568847656,32.40999984741211,32.70000076293945,31.790000915527344,31.790000915527344,2356300
2020-08-28,27.519073486328125,32.45000076293945,32.79999923706055,32.2400016784668,32.7400016784668,2955400
2020-08-31,27.044166564941406,31.889999389648438,32.38999938964844,31.860000610351562,32.369998931884766,3185200
2020-09-01,27.086563110351562,31.940000534057617,32.220001220703125,31.31999969482422,31.65999984741211,2424300
2020-09-02,27.340980529785156,32.2400016784668,32.400001525878906,31.670000076293945,31.920000076293945,2086900
2020-09-03,27.349464416503906,32.25,33.54999923706055,32.06999969482422,32.43000030517578,5111900
2020-09-04,27.883729934692383,32.880001068115234,33.349998474121094,32.27000045776367,33.0,4343400
2020-09-08,26.69645881652832,31.479999542236328,32.529998779296875,31.299999237060547,32.52000045776367,3308100
2020-09-09,26.59469985961914,31.360000610351562,31.739999771118164,31.020000457763672,31.729999542236328,1452200
2020-09-10,26.153717041015625,30.84000015258789,31.75,30.799999237060547,31.469999313354492,2374000
2020-09-11,26.30636215209961,31.020000457763672,31.149999618530273,30.600000381469727,30.90999984741211,1707800
2020-09-14,26.891510009765625,31.709999084472656,32.060001373291016,31.110000610351562,31.219999313354492,1535100
2020-09-15,26.416610717773438,31.149999618530273,31.81999969482422,31.040000915527344,31.81999969482422,1696700
2020-09-16,26.65406036376953,31.43000030517578,31.93000030517578,30.8799991607666,31.149999618530273,2054600
2020-09-17,26.569259643554688,31.329999923706055,31.399999618530273,30.809999465942383,30.950000762939453,1163200
2020-09-18,26.32332420349121,31.040000915527344,31.469999313354492,30.899999618530273,31.270000457763672,1579000
2020-09-21,25.1431827545166,29.3799991607666,30.280000686645508,29.049999237060547,30.0,3467500
2020-09-22,24.69817543029785,28.860000610351562,29.780000686645508,28.68000030517578,29.350000381469727,2186200
2020-09-23,24.141908645629883,28.209999084472656,29.56999969482422,28.18000030517578,29.020000457763672,1822400
2020-09-24,24.18470001220703,28.260000228881836,28.8799991607666,27.790000915527344,28.239999771118164,1838900
2020-09-25,24.46710968017578,28.59000015258789,28.719999313354492,27.8799991607666,28.100000381469727,1309300
2020-09-28,25.331457138061523,29.600000381469727,29.860000610351562,29.110000610351562,29.110000610351562,2576600
2020-09-29,24.98058319091797,29.190000534057617,29.530000686645508,28.75,29.530000686645508,1418900
2020-09-30,25.20309066772461,29.450000762939453,29.829999923706055,29.200000762939453,29.239999771118164,1477300
2020-10-01,25.451271057128906,29.739999771118164,29.84000015258789,29.239999771118164,29.610000610351562,1101400
2020-10-02,26.144458770751953,30.549999237060547,30.690000534057617,29.100000381469727,29.190000534057617,1714300
2020-10-05,27.085834503173828,31.649999618530273,31.719999313354492,30.8700008392334,30.8700008392334,2447200
2020-10-06,27.051607131958008,31.610000610351562,32.869998931884766,31.520000457763672,31.989999771118164,7836800
2020-10-07,27.779024124145508,32.459999084472656,32.84000015258789,32.06999969482422,32.06999969482422,5056200
2020-10-08,28.224035263061523,32.97999954223633,33.09000015258789,32.540000915527344,32.68000030517578,3490200
2020-10-09,28.027206420898438,32.75,33.38999938964844,32.56999969482422,33.27000045776367,1306100
2020-10-12,28.412321090698242,33.20000076293945,33.2400016784668,32.630001068115234,32.7400016784668,1337500
2020-10-13,27.599315643310547,32.25,33.06999969482422,32.119998931884766,33.06999969482422,2207000
2020-10-14,27.205646514892578,31.790000915527344,32.54999923706055,31.760000228881836,32.2599983215332,2447200
2020-10-15,27.75334930419922,32.43000030517578,32.47999954223633,31.360000610351562,31.399999618530273,1578500
2020-10-16,27.813257217407227,32.5,32.810001373291016,32.029998779296875,32.56999969482422,2915300
2020-10-19,27.556516647338867,32.20000076293945,32.939998626708984,32.15999984741211,32.720001220703125,2597800
2020-10-20,28.03575897216797,32.7599983215332,33.349998474121094,32.540000915527344,32.540000915527344,2370400
2020-10-21,28.069995880126953,32.79999923706055,33.15999984741211,32.70000076293945,32.81999969482422,1118500
2020-10-22,29.225317001342773,34.150001525878906,34.20000076293945,32.79999923706055,32.79999923706055,2396700
2020-10-23,29.60185432434082,34.59000015258789,34.869998931884766,34.060001373291016,34.470001220703125,10495200
2020-10-26,28.985700607299805,33.869998931884766,34.150001525878906,33.41999816894531,34.04999923706055,2226700
2020-10-27,27.967302322387695,32.68000030517578,33.7400016784668,32.65999984741211,33.7400016784668,1924200
2020-10-28,27.385360717773438,32.0,32.58000183105469,31.84000015258789,31.950000762939453,2405700
2020-10-29,27.967302322387695,32.68000030517578,32.880001068115234,31.420000076293945,31.889999389648438,2036400
2020-10-30,28.369525909423828,33.150001525878906,33.189998626708984,32.439998626708984,32.5099983215332,2442100
2020-11-02,29.09695053100586,34.0,34.18000030517578,33.150001525878906,33.59000015258789,2245100
2020-11-03,29.918508529663086,34.959999084472656,35.22999954223633,34.61000061035156,34.68000030517578,9300900
2020-11-04,28.309621810913086,33.08000183105469,34.130001068115234,32.779998779296875,34.11000061035156,3882500
2020-11-05,29.31944465637207,34.2599983215332,34.540000915527344,33.27000045776367,33.40999984741211,3897800
2020-11-06,28.814529418945312,33.66999816894531,34.77000045776367,33.52000045776367,34.650001525878906,1884400
2020-11-09,32.708396911621094,38.220001220703125,39.11000061035156,36.68000030517578,36.68000030517578,14231100
2020-11-10,33.161964416503906,38.75,39.06999969482422,38.0099983215332,38.459999084472656,4210600
2020-11-11,32.34895706176758,37.79999923706055,38.959999084472656,37.45000076293945,38.959999084472656,4407000
2020-11-12,31.69855499267578,37.040000915527344,37.45000076293945,36.560001373291016,37.16999816894531,5521500
2020-11-13,32.460208892822266,37.93000030517578,38.16999816894531,37.400001525878906,37.400001525878906,1842200
2020-11-16,33.803802490234375,39.5,39.66999816894531,38.86000061035156,39.34000015258789,3196400
2020-11-17,33.69255065917969,39.369998931884766,39.43000030517578,38.349998474121094,38.90999984741211,3051400
2020-11-18,33.11061096191406,38.689998626708984,39.900001525878906,38.68000030517578,39.59000015258789,8568600
2020-11-19,33.25609588623047,38.86000061035156,38.880001068115234,38.06999969482422,38.540000915527344,2732000
2020-11-20,32.939453125,38.4900016784668,38.650001525878906,38.099998474121094,38.4900016784668,1760200
2020-11-23,33.52139663696289,39.16999816894531,39.400001525878906,38.849998474121094,39.0,1553100
2020-11-24,35.147396087646484,41.06999969482422,41.16999816894531,39.880001068115234,39.900001525878906,5059800
2020-11-25,34.63393020629883,40.470001220703125,40.70000076293945,39.959999084472656,40.70000076293945,2242500
2020-11-27,34.19746780395508,39.959999084472656,40.45000076293945,39.650001525878906,40.45000076293945,2098500
2020-11-30,33.05070877075195,38.619998931884766,39.939998626708984,38.54999923706055,39.7400016784668,3610500
2020-12-01,33.795249938964844,39.4900016784668,39.97999954223633,39.279998779296875,39.45000076293945,2193000
2020-12-02,34.385738372802734,40.18000030517578,40.34000015258789,39.2599983215332,39.459999084472656,2181700
2020-12-03,34.539791107177734,40.36000061035156,40.65999984741211,39.88999938964844,40.20000076293945,1462600
2020-12-04,35.207313537597656,41.13999938964844,41.16999816894531,40.560001373291016,40.75,1774100
2020-12-07,35.08749008178711,41.0,41.11000061035156,40.40999984741211,40.86000061035156,5240400
2020-12-08,35.04470443725586,40.95000076293945,41.09000015258789,40.52000045776367,40.540000915527344,1952200
2020-12-09,35.21586990356445,41.150001525878906,41.61000061035156,40.91999816894531,41.33000183105469,4485500
2020-12-10,35.36134719848633,41.31999969482422,41.369998931884766,40.599998474121094,40.869998931884766,7968000
2020-12-11,34.95056915283203,40.84000015258789,41.20000076293945,40.56999969482422,40.88999938964844,2515600
2020-12-14,34.7965202331543,40.65999984741211,41.63999938964844,40.560001373291016,41.540000915527344,2358900
2020-12-15,35.54107666015625,41.529998779296875,41.650001525878906,40.709999084472656,41.0099983215332,1854900
2020-12-16,35.60953140258789,41.61000061035156,41.77000045776367,41.27000045776367,41.689998626708984,3575500
2020-12-17,35.51538848876953,41.5,41.689998626708984,41.040000915527344,41.689998626708984,2013000
2020-12-18,34.95912170410156,40.849998474121094,41.65999984741211,40.66999816894531,41.41999816894531,3655500
2020-12-21,35.22551727294922,40.86000061035156,41.08000183105469,40.209999084472656,40.7599983215332,5223500
2020-12-22,34.9410285949707,40.529998779296875,41.08000183105469,40.529998779296875,41.0,1290900
2020-12-23,35.94968795776367,41.70000076293945,41.810001373291016,40.77000045776367,40.79999923706055,2271000
2020-12-24,35.74278259277344,41.459999084472656,41.83000183105469,41.06999969482422,41.83000183105469,1071900
2020-12-28,35.9410514831543,41.689998626708984,42.099998474121094,41.40999984741211,41.84000015258789,1686200
2020-12-29,35.38069534301758,41.040000915527344,41.790000915527344,40.95000076293945,41.790000915527344,1805600
2020-12-30,35.82036590576172,41.54999923706055,41.689998626708984,41.09000015258789,41.18000030517578,1492700
2020-12-31,36.053131103515625,41.81999969482422,41.93000030517578,41.189998626708984,41.47999954223633,1592000
2021-01-04,35.69967269897461,41.40999984741211,42.150001525878906,40.77000045776367,41.970001220703125,2886500
2021-01-05,36.139339447021484,41.91999816894531,42.29999923706055,41.31999969482422,41.33000183105469,3075200
2021-01-06,38.63082504272461,44.810001373291016,45.33000183105469,43.09000015258789,43.09000015258789,6080500
2021-01-07,39.423954010009766,45.72999954223633,46.16999816894531,45.40999984741211,45.5,3008300
2021-01-08,38.98427963256836,45.220001220703125,45.959999084472656,44.43000030517578,45.959999084472656,2088000
2021-01-11,39.46706771850586,45.779998779296875,45.790000915527344,44.40999984741211,44.72999954223633,2387900
2021-01-12,40.044673919677734,46.45000076293945,46.72999954223633,45.88999938964844,46.0,2467400
2021-01-13,39.786041259765625,46.150001525878906,46.45000076293945,45.70000076293945,46.41999816894531,2002200
2021-01-14,40.57054901123047,47.060001373291016,47.25,46.29999923706055,46.54999923706055,2289500
2021-01-15,39.69120407104492,46.040000915527344,46.59000015258789,45.70000076293945,46.18000030517578,2976500
2021-01-19,39.92398452758789,46.310001373291016,46.47999954223633,45.869998931884766,46.38999938964844,6340100
2021-01-20,39.622230529785156,45.959999084472656,46.36000061035156,45.63999938964844,46.36000061035156,2447900
2021-01-21,38.90669250488281,45.130001068115234,46.130001068115234,44.9900016784668,46.029998779296875,1769900
2021-01-22,39.1739387512207,45.439998626708984,45.47999954223633,44.52000045776367,44.59000015258789,2476900
2021-01-25,38.949806213378906,45.18000030517578,45.2400016784668,44.150001525878906,45.0099983215332,2846300
2021-01-26,38.406673431396484,44.54999923706055,45.68000030517578,44.47999954223633,45.47999954223633,2068800
2021-01-27,37.165245056152344,43.11000061035156,43.90999984741211,43.040000915527344,43.75,5464300
2021-01-28,37.81182861328125,43.86000061035156,44.099998474121094,43.439998626708984,43.58000183105469,3038300
2021-01-29,36.837642669677734,42.72999954223633,44.119998931884766,42.59000015258789,43.95000076293945,3786800
2021-02-01,37.49284362792969,43.4900016784668,43.630001068115234,42.68000030517578,42.97999954223633,3325500
2021-02-02,38.29460144042969,44.41999816894531,44.75,43.849998474121094,44.02000045776367,2581900
2021-02-03,38.604957580566406,44.779998779296875,44.84000015258789,44.189998626708984,44.5,3033000
2021-02-04,39.751556396484375,46.11000061035156,46.279998779296875,45.02000045776367,45.02000045776367,2939100
2021-02-05,39.69120407104492,46.040000915527344,46.63999938964844,45.72999954223633,46.5,2240300
2021-02-08,40.449851989746094,46.91999816894531,46.939998626708984,46.20000076293945,46.43000030517578,2811600
2021-02-09,40.83780288696289,47.369998931884766,47.439998626708984,46.54999923706055,46.88999938964844,3888400
2021-02-10,40.863670349121094,47.400001525878906,47.95000076293945,47.130001068115234,47.58000183105469,1500300
2021-02-11,40.59641647338867,47.09000015258789,47.709999084472656,46.459999084472656,47.439998626708984,1405700
2021-02-12,40.924015045166016,47.470001220703125,47.72999954223633,46.88999938964844,47.130001068115234,1696300
2021-02-16,41.87232208251953,48.56999969482422,48.790000915527344,47.91999816894531,48.060001373291016,1965900
2021-02-17,41.829219818115234,48.52000045776367,48.939998626708984,48.22999954223633,48.5099983215332,2762800
2021-02-18,41.38093185424805,48.0,48.470001220703125,47.65999984741211,48.04999923706055,1816300
2021-02-19,42.579261779785156,49.38999938964844,49.459999084472656,48.2599983215332,48.349998474121094,1958800
2021-02-22,43.32927703857422,50.2599983215332,50.599998474121094,49.290000915527344,49.31999969482422,2584200
2021-02-23,43.751712799072266,50.75,50.880001068115234,50.029998779296875,50.709999084472656,4267100
2021-02-24,45.019004821777344,52.220001220703125,52.38999938964844,50.939998626708984,50.939998626708984,4948400
2021-02-25,43.78619384765625,50.790000915527344,52.90999984741211,50.66999816894531,52.79999923706055,5020400
2021-02-26,42.872371673583984,49.72999954223633,50.81999969482422,49.25,50.689998626708984,5807200
2021-03-01,44.38104248046875,51.47999954223633,51.779998779296875,50.689998626708984,50.689998626708984,3720800
2021-03-02,44.54484176635742,51.66999816894531,52.099998474121094,51.119998931884766,51.4900016784668,4021700
2021-03-03,44.56208038330078,51.689998626708984,52.93000030517578,51.630001068115234,51.86000061035156,4023500
2021-03-04,43.95000076293945,50.97999954223633,52.34000015258789,50.099998474121094,51.81999969482422,5356000
2021-03-05,45.001766204833984,52.20000076293945,52.400001525878906,50.15999984741211,52.060001373291016,4568900
2021-03-08,46.036285400390625,53.400001525878906,54.27000045776367,52.47999954223633,52.779998779296875,9984100
2021-03-09,45.329368591308594,52.58000183105469,53.36000061035156,51.47999954223633,53.119998931884766,4399100
2021-03-10,46.381126403808594,53.79999923706055,53.86000061035156,52.61000061035156,52.810001373291016,3718300
2021-03-11,46.63975143432617,54.099998474121094,54.34000015258789,53.27000045776367,53.75,2753100
2021-03-12,47.46737289428711,55.060001373291016,55.290000915527344,54.56999969482422,54.849998474121094,4073500
2021-03-15,47.113914489746094,54.650001525878906,55.2400016784668,53.970001220703125,55.2400016784668,3629000
2021-03-16,46.48457336425781,53.91999816894531,54.38999938964844,53.33000183105469,54.38999938964844,3115000
2021-03-17,46.803558349609375,54.290000915527344,54.83000183105469,53.66999816894531,54.400001525878906,3767200
2021-03-18,46.93286895751953,54.439998626708984,56.5,54.16999816894531,55.040000915527344,6452000
2021-03-19,46.475948333740234,53.90999984741211,54.400001525878906,52.83000183105469,53.75,7673600
2021-03-22,45.1057014465332,52.0099983215332,53.20000076293945,51.650001525878906,53.189998626708984,4527700
2021-03-23,43.71810531616211,50.40999984741211,51.91999816894531,50.150001525878906,51.459999084472656,3382700
2021-03-24,43.50995635986328,50.16999816894531,52.0099983215332,50.119998931884766,51.0,3586500
2021-03-25,44.741458892822266,51.59000015258789,51.790000915527344,49.38999938964844,49.849998474121094,3616900
2021-03-26,45.591365814208984,52.56999969482422,52.779998779296875,51.72999954223633,52.290000915527344,6348500
2021-03-29,44.41189956665039,51.209999084472656,52.33000183105469,50.619998931884766,51.900001525878906,4504600
2021-03-30,45.38322448730469,52.33000183105469,52.63999938964844,51.59000015258789,51.59000015258789,3971800
2021-03-31,44.992958068847656,51.880001068115234,52.619998931884766,51.75,52.220001220703125,2960600
2021-04-01,45.33119201660156,52.27000045776367,52.290000915527344,51.630001068115234,51.72999954223633,2754600
2021-04-05,45.42658615112305,52.380001068115234,53.13999938964844,52.0099983215332,52.88999938964844,3299000
2021-04-06,45.261810302734375,52.189998626708984,52.61000061035156,51.810001373291016,52.25,2298900
2021-04-07,45.1057014465332,52.0099983215332,52.540000915527344,51.7599983215332,52.310001373291016,1861000
2021-04-08,45.17508316040039,52.09000015258789,52.209999084472656,51.060001373291016,51.849998474121094,1936400
2021-04-09,45.64339065551758,52.630001068115234,52.65999984741211,52.13999938964844,52.470001220703125,1720800
2021-04-12,45.92091369628906,52.95000076293945,53.18000030517578,52.709999084472656,52.790000915527344,2101000
2021-04-13,45.131717681884766,52.040000915527344,52.72999954223633,51.7599983215332,52.70000076293945,2202100
2021-04-14,45.60870361328125,52.59000015258789,53.13999938964844,51.959999084472656,51.97999954223633,2843600
2021-04-15,45.461265563964844,52.41999816894531,52.849998474121094,51.45000076293945,52.849998474121094,3113300
2021-04-16,45.81684494018555,52.83000183105469,53.16999816894531,52.45000076293945,52.79999923706055,1903900
2021-04-19,45.64339065551758,52.630001068115234,53.279998779296875,52.2400016784668,52.790000915527344,2180900
2021-04-20,44.021636962890625,50.7599983215332,52.29999923706055,50.4900016784668,52.29999923706055,3041100
2021-04-21,44.984291076660156,51.869998931884766,51.959999084472656,50.220001220703125,50.650001525878906,2128000
2021-04-22,44.41189956665039,51.209999084472656,52.08000183105469,51.189998626708984,51.939998626708984,2486600
2021-04-23,45.99030303955078,53.029998779296875,53.29999923706055,51.15999984741211,51.25,2288200
2021-04-26,46.250484466552734,53.33000183105469,54.060001373291016,53.27000045776367,53.400001525878906,1448200
2021-04-27,46.658077239990234,53.79999923706055,53.849998474121094,53.25,53.41999816894531,3870600
2021-04-28,46.63206100463867,53.77000045776367,54.16999816894531,53.61000061035156,53.91999816894531,1882800
2021-04-29,47.187103271484375,54.40999984741211,54.86000061035156,54.040000915527344,54.33000183105469,1743400
2021-04-30,46.51064682006836,53.630001068115234,54.650001525878906,53.630001068115234,54.04999923706055,1715200
2021-05-03,46.78817367553711,53.95000076293945,54.47999954223633,53.47999954223633,54.25,1775900
2021-05-04,47.36922836303711,54.619998931884766,54.619998931884766,53.15999984741211,53.650001525878906,2365700
2021-05-05,47.53399658203125,54.810001373291016,55.09000015258789,54.029998779296875,54.7400016784668,1747800
2021-05-06,47.568687438964844,54.849998474121094,54.91999816894531,53.900001525878906,54.849998474121094,5091300
2021-05-07,47.6380729675293,54.93000030517578,55.0,53.68000030517578,54.0,1895300
2021-05-10,47.16975402832031,54.38999938964844,55.650001525878906,54.380001068115234,55.130001068115234,1371200
2021-05-11,46.73612976074219,53.88999938964844,54.7599983215332,53.529998779296875,53.689998626708984,2988200
2021-05-12,45.55666732788086,52.529998779296875,54.709999084472656,52.43000030517578,54.380001068115234,5020600
2021-05-13,47.039669036865234,54.2400016784668,54.56999969482422,52.40999984741211,52.529998779296875,4119200
2021-05-14,47.828861236572266,55.150001525878906,55.279998779296875,54.2599983215332,54.619998931884766,2786100
2021-05-17,48.07170104980469,55.43000030517578,55.459999084472656,54.540000915527344,55.0,1918500
2021-05-18,47.27383041381836,54.5099983215332,55.68000030517578,54.47999954223633,55.380001068115234,2139300
2021-05-19,47.031002044677734,54.22999954223633,54.2599983215332,53.0099983215332,53.79999923706055,2358300
2021-05-20,46.94427490234375,54.130001068115234,54.36000061035156,53.43000030517578,54.22999954223633,1422800
2021-05-21,47.473297119140625,54.7400016784668,55.18000030517578,54.33000183105469,54.5,1830400
2021-05-24,47.282501220703125,54.52000045776367,54.939998626708984,54.22999954223633,54.939998626708984,5421400
2021-05-25,46.28515625,53.369998931884766,55.20000076293945,53.29999923706055,54.650001525878906,2452700
2021-05-26,46.99630355834961,54.189998626708984,54.2400016784668,53.25,53.560001373291016,2194500
2021-05-27,47.71613693237305,55.02000045776367,55.15999984741211,54.599998474121094,54.83000183105469,2583400
2021-05-28,47.68143081665039,54.97999954223633,55.16999816894531,54.2599983215332,55.16999816894531,1664900
2021-06-01,48.097713470458984,55.459999084472656,55.63999938964844,55.16999816894531,55.27000045776367,2624900
2021-06-02,47.66409683227539,54.959999084472656,55.72999954223633,54.939998626708984,55.70000076293945,2848500
2021-06-03,47.75949478149414,55.06999969482422,55.439998626708984,54.619998931884766,54.81999969482422,1658800
2021-06-04,47.74214172363281,55.04999923706055,55.15999984741211,54.400001525878906,55.099998474121094,1490500
2021-06-07,47.85487747192383,55.18000030517578,55.380001068115234,54.93000030517578,55.310001373291016,2039500
2021-06-08,47.89823913574219,55.22999954223633,55.380001068115234,54.31999969482422,54.880001068115234,1968100
2021-06-09,47.230464935302734,54.459999084472656,55.029998779296875,54.33000183105469,54.91999816894531,1645600
2021-06-10,46.2938232421875,53.380001068115234,55.16999816894531,53.349998474121094,55.06999969482422,4152700
2021-06-11,46.527992248535156,53.650001525878906,54.0099983215332,53.36000061035156,53.58000183105469,3533900
2021-06-14,45.842872619628906,52.86000061035156,53.900001525878906,52.47999954223633,53.68000030517578,3579400
2021-06-15,46.44994354248047,53.560001373291016,54.02000045776367,52.61000061035156,52.91999816894531,9652800
2021-06-16,46.88357162475586,54.060001373291016,54.34000015258789,52.65999984741211,53.31999969482422,3771600
2021-06-17,44.76747131347656,51.619998931884766,54.40999984741211,51.5099983215332,54.40999984741211,5539400
2021-06-18,43.30181884765625,49.93000030517578,51.189998626708984,49.84000015258789,50.79999923706055,7044200
2021-06-21,44.811214447021484,51.41999816894531,51.47999954223633,50.04999923706055,50.18000030517578,4209200
2021-06-22,44.741493225097656,51.34000015258789,51.65999984741211,50.619998931884766,51.38999938964844,1937300
2021-06-23,44.846065521240234,51.459999084472656,51.900001525878906,51.400001525878906,51.5099983215332,2542500
2021-06-24,45.48225402832031,52.189998626708984,52.34000015258789,51.29999923706055,51.75,1825600
2021-06-25,46.06614303588867,52.86000061035156,53.099998474121094,52.11000061035156,52.560001373291016,4178500
2021-06-28,44.985504150390625,51.619998931884766,52.77000045776367,51.34000015258789,52.650001525878906,2146600
2021-06-29,44.67177200317383,51.2599983215332,52.380001068115234,51.040000915527344,52.02000045776367,1889200
2021-06-30,44.72407150268555,51.31999969482422,51.599998474121094,51.02000045776367,51.04999923706055,2183500
2021-07-01,45.17723846435547,51.84000015258789,51.95000076293945,51.349998474121094,51.560001373291016,2594600
2021-07-02,44.715354919433594,51.310001373291016,51.95000076293945,51.119998931884766,51.77000045776367,1655100
2021-07-06,43.52143859863281,49.939998626708984,51.150001525878906,49.599998474121094,51.119998931884766,2613600
2021-07-07,43.3297004699707,49.720001220703125,50.16999816894531,49.310001373291016,49.47999954223633,4223300
2021-07-08,42.55409240722656,48.83000183105469,49.43000030517578,48.2400016784668,48.720001220703125,5378000
2021-07-09,44.18376159667969,50.70000076293945,50.7599983215332,49.58000183105469,49.7400016784668,3012200
2021-07-12,44.42776870727539,50.97999954223633,51.040000915527344,49.70000076293945,50.25,2776600
2021-07-13,43.442996978759766,49.849998474121094,50.81999969482422,49.68000030517578,50.79999923706055,2657300
2021-07-14,43.286136627197266,49.66999816894531,50.630001068115234,49.11000061035156,50.08000183105469,2739600
2021-07-15,43.713157653808594,50.15999984741211,50.439998626708984,49.0,49.209999084472656,2528500
2021-07-16,42.61509323120117,48.900001525878906,50.529998779296875,48.7599983215332,50.529998779296875,2265100
2021-07-19,41.13359832763672,47.20000076293945,47.9900016784668,46.86000061035156,47.650001525878906,4668100
2021-07-20,42.292659759521484,48.529998779296875,49.459999084472656,47.029998779296875,47.18000030517578,11080600
2021-07-21,43.1728401184082,49.540000915527344,49.880001068115234,48.959999084472656,48.959999084472656,3025900
2021-07-22,42.292659759521484,48.529998779296875,49.45000076293945,48.220001220703125,49.43000030517578,1857200
2021-07-23,42.5279426574707,48.79999923706055,49.349998474121094,48.43000030517578,49.0099983215332,1191000
2021-07-26,42.885257720947266,49.209999084472656,49.66999816894531,48.810001373291016,48.81999969482422,3536200
2021-07-27,42.684814453125,48.97999954223633,49.31999969482422,48.36000061035156,48.709999084472656,2374400
2021-07-28,43.268699645996094,49.650001525878906,50.15999984741211,48.7400016784668,49.31999969482422,2809200
2021-07-29,43.608585357666016,50.040000915527344,50.540000915527344,49.63999938964844,50.099998474121094,2992400
2021-07-30,43.10312271118164,49.459999084472656,50.47999954223633,49.310001373291016,49.81999969482422,2342400
2021-08-02,42.82425308227539,49.13999938964844,50.849998474121094,49.08000183105469,49.709999084472656,5847300
2021-08-03,43.51272201538086,49.93000030517578,50.0099983215332,48.38999938964844,49.369998931884766,3135400
2021-08-04,43.0595588684082,49.40999984741211,50.08000183105469,49.11000061035156,49.38999938964844,2101200
2021-08-05,43.87873840332031,50.349998474121094,50.459999084472656,49.70000076293945,49.75,2358000
2021-08-06,45.168521881103516,51.83000183105469,52.18000030517578,51.0,51.11000061035156,4049900
2021-08-09,44.915794372558594,51.540000915527344,52.119998931884766,51.18000030517578,51.68000030517578,2374700
2021-08-10,45.368961334228516,52.060001373291016,52.220001220703125,51.220001220703125,51.45000076293945,2532500
2021-08-11,46.10099411010742,52.900001525878906,52.93000030517578,51.70000076293945,52.2599983215332,2484700
2021-08-12,45.93540954589844,52.709999084472656,53.029998779296875,52.34000015258789,52.93000030517578,2062200
2021-08-13,45.57810974121094,52.29999923706055,52.88999938964844,52.15999984741211,52.810001373291016,2269500
2021-08-16,45.351531982421875,52.040000915527344,52.18000030517578,51.29999923706055,51.849998474121094,2067400
2021-08-17,44.68920135498047,51.279998779296875,51.900001525878906,50.63999938964844,51.58000183105469,2121900
2021-08-18,44.28833770751953,50.81999969482422,51.7599983215332,50.77000045776367,51.130001068115234,1933900
2021-08-19,43.678306579589844,50.119998931884766,50.70000076293945,49.70000076293945,50.22999954223633,2819000
2021-08-20,44.39291000366211,50.939998626708984,50.97999954223633,49.86000061035156,50.04999923706055,1620900
2021-08-23,44.785072326660156,51.38999938964844,51.619998931884766,51.119998931884766,51.36000061035156,2333900
2021-08-24,45.116233825683594,51.77000045776367,51.959999084472656,51.2599983215332,51.5099983215332,1505300
2021-08-25,45.586822509765625,52.310001373291016,52.86000061035156,51.81999969482422,52.0099983215332,2038800
2021-08-26,44.994224548339844,51.630001068115234,52.540000915527344,51.59000015258789,52.400001525878906,2097800
2021-08-27,46.05742263793945,52.849998474121094,52.939998626708984,51.70000076293945,51.790000915527344,2390300
2021-08-30,45.116233825683594,51.77000045776367,52.9900016784668,51.709999084472656,52.88999938964844,1789200
2021-08-31,45.42997741699219,52.130001068115234,52.41999816894531,51.56999969482422,51.849998474121094,2497500
2021-09-01,45.090087890625,51.7400016784668,52.22999954223633,51.33000183105469,52.220001220703125,1983100
2021-09-02,45.12494659423828,51.779998779296875,52.189998626708984,51.5,51.81999969482422,2092400
2021-09-03,44.95936584472656,51.59000015258789,52.060001373291016,51.369998931884766,51.81999969482422,2853600
2021-09-07,44.750205993652344,51.349998474121094,52.34000015258789,51.31999969482422,51.619998931884766,3442900
2021-09-08,44.27090072631836,50.79999923706055,51.31999969482422,50.630001068115234,51.130001068115234,1930300
2021-09-09,44.41033172607422,50.959999084472656,51.54999923706055,50.599998474121094,50.70000076293945,3097200
2021-09-10,43.93973922729492,50.41999816894531,51.38999938964844,50.380001068115234,51.18000030517578,1994900
2021-09-13,44.54977035522461,51.119998931884766,51.29999923706055,50.5,50.83000183105469,3255800
2021-09-14,43.5998649597168,50.029998779296875,51.349998474121094,49.810001373291016,51.209999084472656,2645600
2021-09-15,44.22732925415039,50.75,50.900001525878906,50.060001373291016,50.13999938964844,2252300
2021-09-16,44.00074768066406,50.4900016784668,51.279998779296875,50.279998779296875,51.0099983215332,2266500
2021-09-17,44.02688980102539,50.52000045776367,50.959999084472656,50.209999084472656,50.540000915527344,6572100
2021-09-20,43.016937255859375,49.11000061035156,49.150001525878906,48.25,49.040000915527344,3304500
2021-09-21,42.8680305480957,48.939998626708984,49.560001373291016,48.70000076293945,49.369998931884766,1565100
2021-09-22,43.560020446777344,49.72999954223633,50.220001220703125,49.47999954223633,49.54999923706055,2983400
2021-09-23,45.04033279418945,51.41999816894531,51.7599983215332,50.119998931884766,50.310001373291016,2306400
2021-09-24,45.408233642578125,51.84000015258789,52.18000030517578,51.2599983215332,51.2599983215332,1986400
2021-09-27,46.99365997314453,53.650001525878906,54.0,52.34000015258789,52.38999938964844,2820700
2021-09-28,46.57321548461914,53.16999816894531,54.150001525878906,53.0099983215332,53.86000061035156,3509200
2021-09-29,46.96739196777344,53.619998931884766,53.81999969482422,52.869998931884766,53.25,4028100
2021-09-30,46.34547424316406,52.90999984741211,53.9900016784668,52.900001525878906,53.810001373291016,3433400
2021-10-01,47.41410446166992,54.130001068115234,54.5099983215332,52.93000030517578,53.06999969482422,2764200
2021-10-04,47.519222259521484,54.25,54.869998931884766,53.810001373291016,54.18000030517578,3204500
2021-10-05,47.77323913574219,54.540000915527344,55.04999923706055,54.150001525878906,54.540000915527344,2787700
2021-10-06,47.6768913269043,54.43000030517578,54.439998626708984,53.18000030517578,54.130001068115234,2350700
2021-10-07,48.04478454589844,54.849998474121094,55.33000183105469,54.650001525878906,54.91999816894531,2335300
2021-10-08,48.27252960205078,55.11000061035156,55.470001220703125,54.68000030517578,54.75,2023100
2021-10-11,47.834556579589844,54.61000061035156,55.720001220703125,54.599998474121094,55.40999984741211,1826900
2021-10-12,47.834556579589844,54.61000061035156,54.84000015258789,54.189998626708984,54.52000045776367,2043600
2021-10-13,47.69440841674805,54.45000076293945,54.59000015258789,53.38999938964844,54.59000015258789,2294000
2021-10-14,48.33383560180664,55.18000030517578,55.2400016784668,54.52000045776367,55.040000915527344,2144700
2021-10-15,48.43019485473633,55.290000915527344,56.0099983215332,55.290000915527344,55.86000061035156,2890900
2021-10-18,48.5791015625,55.459999084472656,55.959999084472656,55.209999084472656,55.25,2128800
2021-10-19,48.70172119140625,55.599998474121094,55.63999938964844,55.060001373291016,55.619998931884766,3005700
2021-10-20,49.80540084838867,56.86000061035156,56.900001525878906,55.34000015258789,55.5,2688200
2021-10-21,49.53385543823242,56.54999923706055,57.040000915527344,56.15999984741211,56.91999816894531,2090600
2021-10-22,49.90174865722656,56.970001220703125,57.2400016784668,56.47999954223633,56.65999984741211,1730300
2021-10-25,49.989349365234375,57.06999969482422,57.439998626708984,56.849998474121094,57.25,2189200
2021-10-26,49.61269760131836,56.63999938964844,57.16999816894531,56.5099983215332,57.16999816894531,1297400
2021-10-27,47.99222183227539,54.790000915527344,56.29999923706055,54.7400016784668,56.25,2546900
2021-10-28,48.67544937133789,55.56999969482422,55.56999969482422,54.97999954223633,55.08000183105469,1447500
2021-10-29,48.4739875793457,55.34000015258789,55.880001068115234,55.209999084472656,55.650001525878906,1749500
2021-11-01,49.90174865722656,56.970001220703125,57.0099983215332,55.7599983215332,55.779998779296875,2724000
2021-11-02,49.717811584472656,56.7599983215332,57.22999954223633,56.630001068115234,57.0,1154900
2021-11-03,50.70761489868164,57.88999938964844,58.119998931884766,56.43000030517578,56.5099983215332,2337900
2021-11-04,49.95429992675781,57.029998779296875,57.90999984741211,56.52000045776367,57.88999938964844,1941900
2021-11-05,50.418548583984375,57.560001373291016,58.11000061035156,57.150001525878906,57.41999816894531,1533500
2021-11-08,50.453590393066406,57.599998474121094,58.310001373291016,57.279998779296875,57.779998779296875,1773900
2021-11-09,50.1908073425293,57.29999923706055,57.52000045776367,56.900001525878906,57.25,2153200
2021-11-10,50.1908073425293,57.29999923706055,57.7599983215332,57.209999084472656,57.470001220703125,3624000
2021-11-11,50.50613784790039,57.65999984741211,57.939998626708984,57.220001220703125,57.43000030517578,1419700
2021-11-12,50.31343078613281,57.439998626708984,57.790000915527344,56.9900016784668,57.619998931884766,2587600
2021-11-15,50.453590393066406,57.599998474121094,57.95000076293945,57.47999954223633,57.689998626708984,1367200
2021-11-16,50.418548583984375,57.560001373291016,57.93000030517578,57.16999816894531,57.599998474121094,1927500
2021-11-17,49.91926956176758,56.9900016784668,57.380001068115234,56.54999923706055,57.36000061035156,2914500
2021-11-18,49.70904541015625,56.75,57.189998626708984,56.380001068115234,57.099998474121094,1568200
2021-11-19,49.35866165161133,56.349998474121094,56.59000015258789,55.5099983215332,56.0099983215332,1668700
2021-11-22,49.980587005615234,57.060001373291016,57.88999938964844,56.869998931884766,57.06999969482422,3095500
2021-11-23,50.70761489868164,57.88999938964844,57.959999084472656,57.2400016784668,57.43000030517578,1784700
2021-11-24,50.55870056152344,57.720001220703125,58.119998931884766,57.52000045776367,57.689998626708984,1519800
2021-11-26,48.228721618652344,55.060001373291016,55.95000076293945,54.2400016784668,55.77000045776367,2823000
2021-11-29,48.24623489379883,55.08000183105469,56.02000045776367,54.63999938964844,55.869998931884766,2290700
2021-11-30,47.01118087768555,53.66999816894531,54.58000183105469,53.40999984741211,54.2400016784668,3897300
2021-12-01,46.43306350708008,53.0099983215332,55.58000183105469,52.9900016784668,54.81999969482422,3140000
2021-12-02,48.02727127075195,54.83000183105469,55.13999938964844,53.22999954223633,53.4900016784668,3065600
2021-12-03,46.83599853515625,53.470001220703125,55.0099983215332,53.08000183105469,55.0099983215332,3562800
2021-12-06,48.01849365234375,54.81999969482422,55.47999954223633,54.0099983215332,54.22999954223633,3337100
2021-12-07,48.20244216918945,55.029998779296875,55.630001068115234,54.75,55.290000915527344,2837600
2021-12-08,48.11485290527344,54.93000030517578,55.470001220703125,54.779998779296875,55.18000030517578,1803100
2021-12-09,47.70316696166992,54.459999084472656,55.0,54.31999969482422,54.560001373291016,1704000
2021-12-10,47.80827713012695,54.58000183105469,54.939998626708984,53.849998474121094,54.75,1577600
2021-12-13,46.67832946777344,53.290000915527344,54.40999984741211,53.2400016784668,54.31999969482422,2186300
2021-12-14,47.03746795654297,53.70000076293945,54.529998779296875,53.290000915527344,53.349998474121094,3152700
2021-12-15,47.29148483276367,53.9900016784668,54.38999938964844,53.220001220703125,54.040000915527344,3625200
2021-12-16,47.44914245605469,54.16999816894531,55.2599983215332,53.939998626708984,54.63999938964844,3505000
2021-12-17,46.34547424316406,52.90999984741211,53.900001525878906,52.45000076293945,53.849998474121094,5358900
2021-12-20,45.48118591308594,51.56999969482422,52.09000015258789,50.65999984741211,51.939998626708984,5987200
2021-12-21,46.892269134521484,53.16999816894531,53.25,52.09000015258789,52.279998779296875,3185200
2021-12-22,47.28031539916992,53.61000061035156,53.63999938964844,52.84000015258789,53.08000183105469,2520200
2021-12-23,47.686012268066406,54.06999969482422,54.45000076293945,53.869998931884766,53.91999816894531,1097700
2021-12-27,48.29454040527344,54.7599983215332,54.7599983215332,53.7599983215332,54.18000030517578,1365700
2021-12-28,48.31217575073242,54.779998779296875,55.15999984741211,54.470001220703125,54.56999969482422,1752100
2021-12-29,48.365089416503906,54.84000015258789,54.970001220703125,54.540000915527344,54.790000915527344,1864000
2021-12-30,48.13579177856445,54.58000183105469,55.400001525878906,54.5099983215332,54.79999923706055,1456000
2021-12-31,48.11815643310547,54.560001373291016,54.880001068115234,54.349998474121094,54.47999954223633,1862200
2022-01-03,49.070640563964844,55.63999938964844,56.060001373291016,55.040000915527344,55.08000183105469,2683100
2022-01-04,50.3935432434082,57.13999938964844,57.59000015258789,56.2400016784668,56.290000915527344,4277100
2022-01-05,50.014305114746094,56.709999084472656,57.880001068115234,56.63999938964844,57.31999969482422,5185000
2022-01-06,51.71643829345703,58.63999938964844,58.75,57.15999984741211,57.4900016784668,7572200
2022-01-07,52.28086853027344,59.279998779296875,59.380001068115234,58.33000183105469,58.650001525878906,6298800
2022-01-10,52.28086853027344,59.279998779296875,59.849998474121094,58.529998779296875,59.560001373291016,3744600
2022-01-11,52.58955001831055,59.630001068115234,59.689998626708984,58.66999816894531,59.560001373291016,3027000
2022-01-12,52.730655670166016,59.790000915527344,60.189998626708984,59.310001373291016,59.650001525878906,2433600
2022-01-13,52.951141357421875,60.040000915527344,60.599998474121094,59.849998474121094,59.869998931884766,3372800
2022-01-14,53.27745056152344,60.40999984741211,60.43000030517578,58.970001220703125,59.25,2494300
2022-01-18,52.22795486450195,59.220001220703125,60.400001525878906,59.029998779296875,60.279998779296875,3358900
2022-01-19,50.772769927978516,57.56999969482422,59.529998779296875,57.54999923706055,59.529998779296875,2745100
2022-01-20,49.59980010986328,56.2400016784668,58.349998474121094,56.09000015258789,57.709999084472656,3860000
2022-01-21,48.61203384399414,55.119998931884766,56.4900016784668,54.959999084472656,56.040000915527344,5748900
2022-01-24,49.12356185913086,55.70000076293945,55.88999938964844,53.47999954223633,54.27000045776367,6064200
2022-01-25,49.229393005371094,55.81999969482422,56.380001068115234,54.119998931884766,55.09000015258789,4035100
2022-01-26,48.903076171875,55.45000076293945,56.810001373291016,54.599998474121094,56.45000076293945,4124000
2022-01-27,47.87120819091797,54.279998779296875,56.650001525878906,53.81999969482422,55.90999984741211,3319500
2022-01-28,48.13579177856445,54.58000183105469,54.61000061035156,53.20000076293945,54.290000915527344,2764400
2022-01-31,48.532657623291016,55.029998779296875,55.08000183105469,53.54999923706055,54.2599983215332,2958000
2022-02-01,49.27348327636719,55.869998931884766,55.9900016784668,54.52000045776367,55.099998474121094,3251000
2022-02-02,49.15001678466797,55.72999954223633,55.91999816894531,55.13999938964844,55.869998931884766,1650500
2022-02-03,48.84134292602539,55.380001068115234,56.36000061035156,55.25,55.72999954223633,3972400
2022-02-04,49.714447021484375,56.369998931884766,56.810001373291016,55.38999938964844,55.59000015258789,2290100
2022-02-07,50.005489349365234,56.70000076293945,57.060001373291016,56.16999816894531,56.459999084472656,1728900
2022-02-08,51.2842903137207,58.150001525878906,58.27000045776367,57.220001220703125,57.29999923706055,2513400
2022-02-09,50.940330505371094,57.7599983215332,58.38999938964844,57.630001068115234,58.290000915527344,2151800
2022-02-10,50.843318939208984,57.650001525878906,58.75,57.290000915527344,57.83000183105469,3022600
2022-02-11,50.52581787109375,57.290000915527344,58.61000061035156,56.88999938964844,57.31999969482422,5464500
2022-02-14,50.084869384765625,56.790000915527344,57.95000076293945,56.33000183105469,57.4900016784668,4045300
2022-02-15,51.328392028808594,58.20000076293945,58.290000915527344,57.33000183105469,57.45000076293945,2892000
2022-02-16,51.46067428588867,58.349998474121094,58.630001068115234,57.56999969482422,57.90999984741211,2075000
2022-02-17,49.84674072265625,56.52000045776367,57.81999969482422,56.380001068115234,57.75,2388500
2022-02-18,49.84674072265625,56.52000045776367,57.189998626708984,56.310001373291016,56.310001373291016,2723500
2022-02-22,49.46751022338867,56.09000015258789,56.790000915527344,55.709999084472656,56.29999923706055,3424900
2022-02-23,48.656131744384766,55.16999816894531,56.93000030517578,54.959999084472656,56.439998626708984,2964500
2022-02-24,47.85356903076172,54.2599983215332,54.400001525878906,52.369998931884766,53.150001525878906,5625400
2022-02-25,49.899662017822266,56.58000183105469,56.709999084472656,54.56999969482422,54.70000076293945,3514200
2022-02-28,49.93492889404297,56.619998931884766,56.70000076293945,55.36000061035156,55.41999816894531,5116400
2022-03-01,47.43024826049805,53.779998779296875,56.2599983215332,53.2400016784668,56.029998779296875,5784900
2022-03-02,49.41460037231445,56.029998779296875,56.400001525878906,54.31999969482422,54.31999969482422,6914900
2022-03-03,49.07946014404297,55.650001525878906,56.40999984741211,55.150001525878906,56.119998931884766,4041900
2022-03-04,47.28031539916992,53.61000061035156,54.56999969482422,52.9900016784668,54.540000915527344,6326100
2022-03-07,45.28715133666992,51.349998474121094,53.52000045776367,51.33000183105469,53.16999816894531,7453500
2022-03-08,45.53409194946289,51.630001068115234,53.060001373291016,51.16999816894531,51.90999984741211,10781900
2022-03-09,47.12157440185547,53.43000030517578,53.869998931884766,53.11000061035156,53.20000076293945,5494000
2022-03-10,46.954010009765625,53.2400016784668,53.52000045776367,52.43000030517578,52.689998626708984,3783900
2022-03-11,46.901084899902344,53.18000030517578,54.36000061035156,53.130001068115234,53.66999816894531,7200600
2022-03-14,47.12157440185547,53.43000030517578,54.58000183105469,53.11000061035156,53.97999954223633,9575500
2022-03-15,47.26268005371094,53.59000015258789,54.189998626708984,52.869998931884766,53.70000076293945,6007900
2022-03-16,48.717864990234375,55.2400016784668,55.5,54.11000061035156,54.33000183105469,7599600
2022-03-17,48.20634841918945,54.65999984741211,54.77000045776367,53.790000915527344,54.61000061035156,4353200
2022-03-18,48.144615173339844,54.59000015258789,54.83000183105469,53.439998626708984,54.58000183105469,5662900
2022-03-21,47.8739128112793,53.939998626708984,55.06999969482422,53.459999084472656,54.599998474121094,5050600
2022-03-22,48.69932174682617,54.869998931884766,55.400001525878906,54.560001373291016,54.560001373291016,3936000
2022-03-23,47.19938659667969,53.18000030517578,54.61000061035156,53.130001068115234,54.560001373291016,2698300
2022-03-24,47.61652374267578,53.650001525878906,53.900001525878906,53.0099983215332,53.61000061035156,2221100
2022-03-25,48.370933532714844,54.5,54.619998931884766,53.709999084472656,53.81999969482422,2478400
2022-03-28,47.989295959472656,54.06999969482422,54.22999954223633,53.27000045776367,54.209999084472656,2351600
2022-03-29,48.77032470703125,54.95000076293945,55.2599983215332,54.34000015258789,54.810001373291016,2612300
2022-03-30,47.430137634277344,53.439998626708984,54.970001220703125,53.0,54.95000076293945,4754700
2022-03-31,46.46272277832031,52.349998474121094,53.779998779296875,52.31999969482422,53.380001068115234,3901300
2022-04-01,46.04558181762695,51.880001068115234,53.08000183105469,51.599998474121094,52.84000015258789,4476900
2022-04-04,45.814815521240234,51.619998931884766,51.95000076293945,50.90999984741211,51.79999923706055,4120500
2022-04-05,45.237911224365234,50.970001220703125,51.880001068115234,50.83000183105469,51.59000015258789,3032400
2022-04-06,44.465763092041016,50.099998474121094,50.810001373291016,50.02000045776367,50.599998474121094,3971100
2022-04-07,43.915489196777344,49.47999954223633,50.33000183105469,48.970001220703125,50.20000076293945,3722800
2022-04-08,43.950984954833984,49.52000045776367,50.09000015258789,49.2599983215332,49.70000076293945,2992000
2022-04-11,44.07524108886719,49.65999984741211,50.58000183105469,49.439998626708984,49.45000076293945,2156300
2022-04-12,43.62260055541992,49.150001525878906,50.290000915527344,48.900001525878906,49.7400016784668,2918100
2022-04-13,44.23499298095703,49.84000015258789,49.900001525878906,48.54999923706055,48.880001068115234,2747900
2022-04-14,43.81785202026367,49.369998931884766,50.20000076293945,49.189998626708984,49.86000061035156,2646900
2022-04-18,43.986480712890625,49.560001373291016,49.79999923706055,49.02000045776367,49.189998626708984,2337700
2022-04-19,45.3266716003418,51.06999969482422,51.18000030517578,49.880001068115234,49.880001068115234,2655600
2022-04-20,45.68169021606445,51.470001220703125,52.040000915527344,51.34000015258789,51.439998626708984,2860800
2022-04-21,44.88290786743164,50.56999969482422,52.20000076293945,50.31999969482422,51.90999984741211,3007000
2022-04-22,43.755733489990234,49.29999923706055,50.54999923706055,49.290000915527344,50.439998626708984,2692400
2022-04-25,43.82673263549805,49.380001068115234,49.5,48.02000045776367,48.939998626708984,3498300
2022-04-26,42.52204132080078,47.90999984741211,49.18000030517578,47.880001068115234,48.650001525878906,3644400
2022-04-27,42.51316833496094,47.900001525878906,48.36000061035156,47.540000915527344,47.869998931884766,4182300
2022-04-28,43.125572204589844,48.59000015258789,48.75,47.61000061035156,48.400001525878906,2807200
2022-04-29,41.76763153076172,47.060001373291016,48.790000915527344,46.93000030517578,48.459999084472656,3302700
2022-05-02,42.353416442871094,47.720001220703125,47.86000061035156,46.63999938964844,47.40999984741211,4105700
2022-05-03,43.045692443847656,48.5,48.77000045776367,47.56999969482422,47.939998626708984,3525000
2022-05-04,44.208377838134766,49.810001373291016,49.93000030517578,48.119998931884766,48.650001525878906,5617000
2022-05-05,42.868186950683594,48.29999923706055,49.33000183105469,47.619998931884766,49.31999969482422,4997700
2022-05-06,42.39779281616211,47.77000045776367,48.290000915527344,47.22999954223633,48.06999969482422,4915100
2022-05-09,41.67888259887695,46.959999084472656,47.540000915527344,46.689998626708984,47.08000183105469,4560600
2022-05-10,41.12860870361328,46.34000015258789,47.54999923706055,45.43000030517578,47.2400016784668,5935800
2022-05-11,40.383079528808594,45.5,47.25,45.439998626708984,46.27000045776367,5588400
2022-05-12,40.383079528808594,45.5,45.70000076293945,44.5099983215332,45.27000045776367,5085000
2022-05-13,40.89785385131836,46.08000183105469,46.560001373291016,45.68000030517578,45.9900016784668,2738600
2022-05-16,40.507328033447266,45.63999938964844,46.25,45.25,45.900001525878906,1921000
2022-05-17,42.07828140258789,47.40999984741211,47.4900016784668,46.470001220703125,46.5,2861400
2022-05-18,41.07535934448242,46.279998779296875,47.16999816894531,46.029998779296875,46.90999984741211,3577800
2022-05-19,40.75584030151367,45.91999816894531,46.400001525878906,45.68000030517578,45.7599983215332,2914700
2022-05-20,40.75584030151367,45.91999816894531,46.619998931884766,44.90999984741211,46.290000915527344,2896500
2022-05-23,41.78539276123047,47.08000183105469,47.599998474121094,46.380001068115234,46.66999816894531,3522200
2022-05-24,41.47474670410156,46.72999954223633,46.959999084472656,45.720001220703125,46.84000015258789,2856300
2022-05-25,42.07828140258789,47.40999984741211,47.75,46.4900016784668,46.54999923706055,2505400
2022-05-26,43.07231903076172,48.529998779296875,48.75,47.59000015258789,47.709999084472656,2025700
2022-05-27,43.72910690307617,49.27000045776367,49.279998779296875,48.540000915527344,48.68000030517578,2205100
2022-05-31,43.66697692871094,49.20000076293945,49.47999954223633,48.439998626708984,48.869998931884766,2378800
2022-06-01,43.09007263183594,48.54999923706055,49.349998474121094,47.83000183105469,49.220001220703125,1855600
2022-06-02,43.915489196777344,49.47999954223633,49.4900016784668,48.220001220703125,48.47999954223633,2102200
2022-06-03,43.32083511352539,48.810001373291016,49.22999954223633,48.66999816894531,49.06999969482422,1581900
2022-06-06,43.50720977783203,49.02000045776367,49.75,48.970001220703125,49.20000076293945,1941900
2022-06-07,43.90660858154297,49.470001220703125,49.5,48.439998626708984,48.560001373291016,1245300
2022-06-08,43.1788330078125,48.650001525878906,49.119998931884766,48.33000183105469,49.0,1259700
2022-06-09,41.883018493652344,47.189998626708984,48.63999938964844,47.15999984741211,48.45000076293945,1680400
2022-06-10,40.43633270263672,45.560001373291016,46.54999923706055,45.38999938964844,46.279998779296875,3449100
2022-06-13,39.10502624511719,44.060001373291016,44.900001525878906,43.81999969482422,44.470001220703125,4035800
2022-06-14,39.273651123046875,44.25,44.75,43.79999923706055,44.20000076293945,2609600
2022-06-15,39.52216339111328,44.529998779296875,45.2400016784668,43.939998626708984,44.65999984741211,4240900
2022-06-16,38.00446701049805,42.81999969482422,43.7400016784668,42.61000061035156,43.599998474121094,2764900
2022-06-17,38.52811050415039,43.40999984741211,43.84000015258789,42.88999938964844,43.119998931884766,4210300
2022-06-21,39.17674255371094,43.849998474121094,44.29999923706055,43.599998474121094,44.099998474121094,2175600
2022-06-22,39.20355224609375,43.880001068115234,44.02000045776367,43.22999954223633,43.22999954223633,1987400
2022-06-23,38.81043243408203,43.439998626708984,43.900001525878906,42.7400016784668,43.849998474121094,2895000
2022-06-24,40.20418167114258,45.0,45.08000183105469,43.66999816894531,43.68000030517578,2699100
2022-06-27,40.150577545166016,44.939998626708984,45.459999084472656,44.70000076293945,45.2599983215332,1243800
2022-06-28,39.900421142578125,44.65999984741211,45.83000183105469,44.61000061035156,45.2599983215332,1686100
2022-06-29,39.569847106933594,44.290000915527344,44.790000915527344,44.029998779296875,44.70000076293945,2091400
2022-06-30,39.20355224609375,43.880001068115234,44.459999084472656,42.970001220703125,43.47999954223633,2015600
2022-07-01,39.86467742919922,44.619998931884766,44.72999954223633,43.40999984741211,43.66999816894531,1943000
2022-07-05,40.00763702392578,44.779998779296875,44.79999923706055,43.189998626708984,43.81999969482422,1548800
2022-07-06,39.7038688659668,44.439998626708984,44.77000045776367,43.95000076293945,44.529998779296875,1511600
2022-07-07,40.18631362915039,44.97999954223633,45.209999084472656,44.7599983215332,44.77000045776367,1026100
2022-07-08,40.070167541503906,44.849998474121094,45.20000076293945,44.529998779296875,45.11000061035156,975100
2022-07-11,39.6591911315918,44.38999938964844,44.709999084472656,44.189998626708984,44.4900016784668,881300
2022-07-12,39.72173309326172,44.459999084472656,45.119998931884766,43.970001220703125,43.9900016784668,1743900
2022-07-13,39.12313461303711,43.790000915527344,44.13999938964844,43.349998474121094,44.02000045776367,2513700
2022-07-14,38.51560974121094,43.11000061035156,43.20000076293945,42.56999969482422,42.959999084472656,1898600
2022-07-15,39.8914909362793,44.650001525878906,44.900001525878906,43.54999923706055,43.90999984741211,2165700
2022-07-18,40.04336166381836,44.81999969482422,45.66999816894531,44.630001068115234,45.13999938964844,1363000
2022-07-19,41.29417037963867,46.220001220703125,46.38999938964844,45.380001068115234,45.40999984741211,1755000
2022-07-20,41.80341339111328,46.790000915527344,46.880001068115234,45.97999954223633,46.04999923706055,1306500
2022-07-21,41.964229583740234,46.970001220703125,46.970001220703125,46.15999984741211,46.599998474121094,1725000
2022-07-22,41.54431915283203,46.5,47.349998474121094,46.15999984741211,46.939998626708984,1346000
2022-07-25,42.16078567504883,47.189998626708984,47.369998931884766,46.56999969482422,46.720001220703125,1586500
2022-07-26,41.758750915527344,46.7400016784668,47.310001373291016,46.61000061035156,46.81999969482422,1844100
2022-07-27,42.634307861328125,47.720001220703125,47.9900016784668,46.900001525878906,46.900001525878906,1904300
2022-07-28,42.804054260253906,47.90999984741211,47.970001220703125,47.150001525878906,47.7599983215332,1385700
2022-07-29,43.375850677490234,48.54999923706055,48.75,47.83000183105469,47.90999984741211,2219700
2022-08-01,43.456241607666016,48.63999938964844,48.86000061035156,47.90999984741211,48.29999923706055,2723200
2022-08-02,42.92020034790039,48.040000915527344,48.54999923706055,47.959999084472656,48.470001220703125,2277500
2022-08-03,43.46519088745117,48.650001525878906,48.880001068115234,48.08000183105469,48.38999938964844,1098700
2022-08-04,43.21501922607422,48.369998931884766,48.709999084472656,48.2599983215332,48.709999084472656,1241100
2022-08-05,43.60813903808594,48.810001373291016,49.0,48.029998779296875,48.13999938964844,1663200
2022-08-08,43.60813903808594,48.810001373291016,49.33000183105469,48.66999816894531,49.08000183105469,912800
2022-08-09,43.724281311035156,48.939998626708984,48.970001220703125,48.56999969482422,48.75,992000
2022-08-10,44.841064453125,50.189998626708984,50.41999816894531,49.40999984741211,49.59000015258789,1885800
2022-08-11,45.4485969543457,50.869998931884766,51.06999969482422,50.56999969482422,50.56999969482422,1709300
2022-08-12,46.12760543823242,51.630001068115234,51.650001525878906,50.880001068115234,51.15999984741211,1105400
2022-08-15,46.29734420776367,51.81999969482422,51.84000015258789,50.97999954223633,51.13999938964844,882200
2022-08-16,46.74406433105469,52.31999969482422,52.540000915527344,51.5099983215332,51.65999984741211,1269200
2022-08-17,46.2080078125,51.720001220703125,52.02000045776367,51.349998474121094,51.84000015258789,1395300
2022-08-18,46.350955963134766,51.880001068115234,51.93000030517578,51.459999084472656,51.720001220703125,1240300
2022-08-19,45.52899932861328,50.959999084472656,51.5099983215332,50.72999954223633,51.470001220703125,1824800
2022-08-22,44.4122200012207,49.709999084472656,50.31999969482422,49.61000061035156,50.22999954223633,1353600
2022-08-23,44.26926803588867,49.54999923706055,50.13999938964844,49.529998779296875,49.790000915527344,895800
2022-08-24,44.162052154541016,49.43000030517578,49.68000030517578,49.20000076293945,49.47999954223633,1141300
2022-08-25,44.85893249511719,50.209999084472656,50.29999923706055,49.45000076293945,49.540000915527344,1274800
2022-08-26,43.626007080078125,48.83000183105469,50.4900016784668,48.79999923706055,50.36000061035156,1269000
2022-08-29,43.0095329284668,48.13999938964844,48.619998931884766,48.02000045776367,48.439998626708984,1585500
2022-08-30,42.9023323059082,48.02000045776367,48.459999084472656,47.619998931884766,48.45000076293945,1741700
2022-08-31,42.598567962646484,47.68000030517578,48.33000183105469,47.599998474121094,48.130001068115234,1725900
2022-09-01,42.25906753540039,47.29999923706055,47.599998474121094,46.810001373291016,47.47999954223633,2314800
2022-09-02,41.98209762573242,46.9900016784668,48.209999084472656,46.75,47.72999954223633,1662200
2022-09-06,41.33883285522461,46.27000045776367,47.2400016784668,45.9900016784668,47.2400016784668,2831100
2022-09-07,42.16972351074219,47.20000076293945,47.2599983215332,46.0,46.22999954223633,1726700
2022-09-08,43.06315231323242,48.20000076293945,48.22999954223633,46.63999938964844,46.810001373291016,2068400
2022-09-09,43.69747543334961,48.90999984741211,49.040000915527344,48.459999084472656,48.5,1693600
2022-09-12,44.17992401123047,49.45000076293945,49.66999816894531,49.02000045776367,49.13999938964844,1947400
2022-09-13,42.71470260620117,47.810001373291016,48.689998626708984,47.56999969482422,48.52000045776367,2420200
2022-09-14,42.77725601196289,47.880001068115234,48.11000061035156,47.2599983215332,47.90999984741211,1922700
2022-09-15,43.23289489746094,48.38999938964844,48.97999954223633,47.88999938964844,47.90999984741211,1971000
2022-09-16,42.812992095947266,47.91999816894531,47.95000076293945,47.290000915527344,47.90999984741211,2969000
2022-09-19,43.4935302734375,48.380001068115234,48.5,47.06999969482422,47.119998931884766,1926500
2022-09-20,43.17887878417969,48.029998779296875,48.290000915527344,47.599998474121094,48.0099983215332,2013100
2022-09-21,42.62150573730469,47.40999984741211,48.77000045776367,47.38999938964844,48.2599983215332,2354600
2022-09-22,41.6415901184082,46.31999969482422,47.66999816894531,46.16999816894531,47.5,1988000
2022-09-23,40.89542007446289,45.4900016784668,45.869998931884766,44.77000045776367,45.70000076293945,3253500
2022-09-26,40.38299560546875,44.91999816894531,45.779998779296875,44.72999954223633,45.119998931884766,1988500
2022-09-27,39.97844696044922,44.470001220703125,45.56999969482422,43.97999954223633,45.290000915527344,2912500
2022-09-28,40.6976432800293,45.27000045776367,45.619998931884766,44.43000030517578,44.43000030517578,2764400
2022-09-29,40.02340316772461,44.52000045776367,44.81999969482422,43.95000076293945,44.77000045776367,1701900
2022-09-30,39.816627502441406,44.290000915527344,45.27000045776367,44.209999084472656,44.560001373291016,2153700
2022-10-03,40.859466552734375,45.45000076293945,45.65999984741211,44.130001068115234,44.790000915527344,2080200
2022-10-04,42.71139144897461,47.5099983215332,47.52000045776367,46.040000915527344,46.040000915527344,2562500
2022-10-05,42.37876892089844,47.13999938964844,47.220001220703125,46.560001373291016,46.869998931884766,2575900
2022-10-06,41.920284271240234,46.630001068115234,47.16999816894531,46.38999938964844,46.75,1841000
2022-10-07,40.95835494995117,45.560001373291016,46.38999938964844,45.33000183105469,46.290000915527344,1455200
2022-10-10,40.76057434082031,45.34000015258789,46.02000045776367,45.08000183105469,45.779998779296875,1279500
2022-10-11,40.526832580566406,45.08000183105469,45.68000030517578,44.720001220703125,45.04999923706055,1924500
2022-10-12,40.4189567565918,44.959999084472656,45.5,44.54999923706055,45.029998779296875,1532300
2022-10-13,42.1180534362793,46.849998474121094,47.040000915527344,43.93000030517578,44.349998474121094,3350900
2022-10-14,41.53371047973633,46.20000076293945,47.88999938964844,46.130001068115234,47.2599983215332,2127400
2022-10-17,42.64846420288086,47.439998626708984,47.65999984741211,46.93000030517578,47.04999923706055,2875900
2022-10-18,42.76533889770508,47.56999969482422,48.380001068115234,47.150001525878906,48.15999984741211,2444200
2022-10-19,41.839378356933594,46.540000915527344,47.52000045776367,46.15999984741211,47.02000045776367,1961200
2022-10-20,40.55381393432617,45.11000061035156,46.79999923706055,44.83000183105469,46.599998474121094,2549800
2022-10-21,41.165122985839844,45.790000915527344,45.939998626708984,44.84000015258789,45.209999084472656,2240300
2022-10-24,41.85736083984375,46.560001373291016,46.68000030517578,45.95000076293945,46.119998931884766,2357100
2022-10-25,42.54058837890625,47.31999969482422,47.41999816894531,46.209999084472656,46.33000183105469,1395000
2022-10-26,42.468666076660156,47.2400016784668,47.84000015258789,47.209999084472656,47.52000045776367,1350100
2022-10-27,42.52260971069336,47.29999923706055,48.040000915527344,47.22999954223633,47.66999816894531,1578600
2022-10-28,43.62837600708008,48.529998779296875,48.560001373291016,47.41999816894531,47.59000015258789,1602500
2022-10-31,43.6463623046875,48.54999923706055,48.86000061035156,48.18000030517578,48.22999954223633,2062500
2022-11-01,43.70928955078125,48.619998931884766,48.959999084472656,48.43000030517578,48.84000015258789,1383000
2022-11-02,42.71139144897461,47.5099983215332,49.0,47.45000076293945,48.41999816894531,3760100
2022-11-03,42.279884338378906,47.029998779296875,47.279998779296875,46.380001068115234,47.060001373291016,970200
2022-11-04,43.277767181396484,48.13999938964844,48.27000045776367,47.36000061035156,47.630001068115234,1471900
2022-11-07,43.5924186706543,48.4900016784668,48.689998626708984,47.9900016784668,48.47999954223633,1299400
2022-11-08,43.52050018310547,48.40999984741211,48.88999938964844,47.93000030517578,48.529998779296875,1174100
2022-11-09,42.76533889770508,47.56999969482422,48.189998626708984,47.459999084472656,47.95000076293945,1766100
2022-11-10,44.940914154052734,49.9900016784668,50.09000015258789,48.849998474121094,48.849998474121094,2620400
2022-11-11,44.761112213134766,49.790000915527344,50.400001525878906,49.59000015258789,50.29999923706055,1768200
2022-11-14,44.00595474243164,48.95000076293945,49.72999954223633,48.939998626708984,49.56999969482422,1358300
2022-11-15,44.26667022705078,49.2400016784668,50.029998779296875,48.810001373291016,49.630001068115234,1980500
2022-11-16,43.56544876098633,48.459999084472656,49.209999084472656,48.310001373291016,49.13999938964844,1312600
2022-11-17,42.96311569213867,47.790000915527344,48.0,47.47999954223633,47.83000183105469,1560300
2022-11-18,43.30473709106445,48.16999816894531,48.70000076293945,47.68000030517578,48.310001373291016,3023500
2022-11-21,43.51151657104492,48.400001525878906,48.439998626708984,48.02000045776367,48.099998474121094,811900
2022-11-22,44.050907135009766,49.0,49.06999969482422,48.56999969482422,48.56999969482422,974800
2022-11-23,44.050907135009766,49.0,49.220001220703125,48.790000915527344,48.869998931884766,678600
2022-11-25,44.374542236328125,49.36000061035156,49.41999816894531,49.04999923706055,49.16999816894531,290100
2022-11-28,43.3946418762207,48.27000045776367,49.150001525878906,48.099998474121094,48.90999984741211,1119800
2022-11-29,43.727256774902344,48.63999938964844,48.75,48.18000030517578,48.31999969482422,1153200
2022-11-30,44.51838302612305,49.52000045776367,49.54999923706055,47.619998931884766,48.560001373291016,2855000
2022-12-01,44.21272277832031,49.18000030517578,49.83000183105469,48.86000061035156,49.63999938964844,2061800
2022-12-02,44.02394104003906,48.970001220703125,49.06999969482422,48.63999938964844,48.68000030517578,2204500
2022-12-05,41.95624542236328,46.66999816894531,48.63999938964844,46.38999938964844,48.63999938964844,2559000
2022-12-06,41.52472686767578,46.189998626708984,46.88999938964844,45.81999969482422,46.61000061035156,2695000
2022-12-07,41.52472686767578,46.189998626708984,46.619998931884766,45.630001068115234,46.02000045776367,2111000
2022-12-08,41.62360382080078,46.29999923706055,46.650001525878906,46.040000915527344,46.380001068115234,1335100
2022-12-09,41.443809509277344,46.099998474121094,46.470001220703125,45.9900016784668,46.060001373291016,1676100
2022-12-12,41.848358154296875,46.54999923706055,46.75,45.72999954223633,46.209999084472656,2244600
2022-12-13,41.36290740966797,46.0099983215332,47.70000076293945,45.779998779296875,47.70000076293945,3248600
2022-12-14,40.67967224121094,45.25,46.20000076293945,45.09000015258789,45.970001220703125,2902900
2022-12-15,39.93349838256836,44.41999816894531,44.88999938964844,44.15999984741211,44.70000076293945,2713100
2022-12-16,39.609859466552734,44.060001373291016,44.459999084472656,43.79999923706055,43.90999984741211,5399200
2022-12-19,39.72785568237305,43.77000045776367,44.040000915527344,43.439998626708984,43.61000061035156,987800
2022-12-20,39.92753982543945,43.9900016784668,44.29999923706055,43.72999954223633,43.86000061035156,1565900
2022-12-21,40.65365982055664,44.790000915527344,45.029998779296875,44.43000030517578,44.43000030517578,1114700
2022-12-22,40.39951705932617,44.5099983215332,44.540000915527344,43.689998626708984,44.47999954223633,2000400
2022-12-23,40.65365982055664,44.790000915527344,44.880001068115234,44.29999923706055,44.43000030517578,834900
2022-12-27,40.68088150024414,44.81999969482422,45.029998779296875,44.540000915527344,44.849998474121094,1043700
2022-12-28,40.36320877075195,44.470001220703125,44.959999084472656,44.470001220703125,44.810001373291016,1065400
2022-12-29,41.198246002197266,45.38999938964844,45.439998626708984,44.4900016784668,44.65999984741211,925700
2022-12-30,40.980411529541016,45.150001525878906,45.36000061035156,44.86000061035156,45.029998779296875,1266100
2023-01-03,40.8170280456543,44.970001220703125,45.7599983215332,44.689998626708984,45.40999984741211,1723500
2023-01-04,41.279937744140625,45.47999954223633,46.029998779296875,45.27000045776367,45.27000045776367,1682900
2023-01-05,40.880558013916016,45.040000915527344,45.29999923706055,44.7400016784668,45.13999938964844,2067400
2023-01-06,41.97882080078125,46.25,46.380001068115234,45.13999938964844,45.29999923706055,1216200
2023-01-09,41.715606689453125,45.959999084472656,46.5,45.86000061035156,46.45000076293945,1334000
2023-01-10,42.02419662475586,46.29999923706055,46.380001068115234,45.63999938964844,45.880001068115234,1527800
2023-01-11,42.387271881103516,46.70000076293945,46.790000915527344,46.31999969482422,46.41999816894531,883300
2023-01-12,42.79570770263672,47.150001525878906,47.5,46.75,46.90999984741211,1450100
2023-01-13,42.904632568359375,47.27000045776367,47.38999938964844,46.09000015258789,46.560001373291016,3097000
2023-01-17,42.74125671386719,47.09000015258789,47.310001373291016,46.709999084472656,47.27000045776367,2861500
2023-01-18,41.479618072509766,45.70000076293945,46.959999084472656,45.689998626708984,46.849998474121094,2123700
2023-01-19,41.388851165771484,45.599998474121094,45.75,44.959999084472656,45.310001373291016,1951300
2023-01-20,42.496185302734375,46.81999969482422,46.849998474121094,45.79999923706055,45.91999816894531,3445300
2023-01-23,43.06800842285156,47.45000076293945,47.709999084472656,46.869998931884766,46.869998931884766,1887700
2023-01-24,42.650489807128906,46.9900016784668,47.380001068115234,46.7599983215332,47.25,1084700
2023-01-25,42.85016632080078,47.209999084472656,47.25,46.400001525878906,46.58000183105469,1147300
2023-01-26,43.313072204589844,47.720001220703125,47.81999969482422,47.13999938964844,47.5,1209700
2023-01-27,43.55813980102539,47.9900016784668,48.150001525878906,47.59000015258789,47.63999938964844,1112700
2023-01-30,43.13154602050781,47.52000045776367,48.0099983215332,47.47999954223633,47.599998474121094,824800
2023-01-31,44.2661018371582,48.77000045776367,48.779998779296875,47.439998626708984,47.58000183105469,1226200
2023-02-01,44.8288459777832,49.38999938964844,49.880001068115234,48.34000015258789,48.47999954223633,2051000
2023-02-02,45.76372528076172,50.41999816894531,50.54999923706055,49.58000183105469,49.689998626708984,1964300
2023-02-03,45.72742462158203,50.380001068115234,50.81999969482422,49.86000061035156,49.900001525878906,1381000
2023-02-06,45.228214263916016,49.83000183105469,50.220001220703125,49.560001373291016,49.95000076293945,1206900
2023-02-07,45.772804260253906,50.43000030517578,50.59000015258789,49.43000030517578,49.58000183105469,1238100
2023-02-08,45.427894592285156,50.04999923706055,50.459999084472656,49.88999938964844,50.06999969482422,972600
2023-02-09,44.71992874145508,49.27000045776367,50.38999938964844,49.20000076293945,50.27000045776367,1547300
2023-02-10,44.71992874145508,49.27000045776367,49.349998474121094,48.959999084472656,49.08000183105469,1129700
2023-02-13,45.173744201660156,49.77000045776367,49.790000915527344,49.06999969482422,49.15999984741211,739700
2023-02-14,45.04667663574219,49.630001068115234,50.029998779296875,49.08000183105469,49.61000061035156,1267800
2023-02-15,45.32804870605469,49.939998626708984,50.0099983215332,49.15999984741211,49.22999954223633,860300
2023-02-16,44.73808670043945,49.290000915527344,49.79999923706055,49.16999816894531,49.380001068115234,1034200
2023-02-17,44.9105339050293,49.47999954223633,49.560001373291016,48.959999084472656,49.18000030517578,1063100
2023-02-21,43.75782012939453,48.209999084472656,49.060001373291016,48.04999923706055,48.959999084472656,1016900
2023-02-22,43.62166976928711,48.060001373291016,48.400001525878906,47.79999923706055,48.20000076293945,1045800
2023-02-23,43.85765838623047,48.31999969482422,48.560001373291016,47.7400016784668,48.369998931884766,1307500
2023-02-24,43.839508056640625,48.29999923706055,48.33000183105469,47.59000015258789,47.75,1640800
2023-02-27,43.87582015991211,48.34000015258789,48.95000076293945,48.18000030517578,48.650001525878906,1030900
2023-02-28,43.80319595336914,48.2599983215332,48.66999816894531,48.220001220703125,48.369998931884766,1354800
2023-03-01,43.585365295410156,48.02000045776367,48.22999954223633,47.709999084472656,48.0099983215332,1426100
2023-03-02,42.85016632080078,47.209999084472656,47.619998931884766,46.77000045776367,47.5099983215332,1895700
2023-03-03,43.48552322387695,47.90999984741211,47.97999954223633,47.150001525878906,47.560001373291016,1677500
2023-03-06,43.20415115356445,47.599998474121094,48.349998474121094,47.5099983215332,47.939998626708984,1837800
2023-03-07,41.92436981201172,46.189998626708984,47.380001068115234,46.119998931884766,47.349998474121094,1854100
2023-03-08,41.760990142822266,46.0099983215332,46.459999084472656,45.7400016784668,46.27000045776367,2370200
2023-03-09,38.72035598754883,42.65999984741211,45.41999816894531,42.560001373291016,45.349998474121094,7124000
2023-03-10,37.1047477722168,40.880001068115234,42.56999969482422,39.650001525878906,41.11000061035156,16310100
2023-03-13,33.41061019897461,36.810001373291016,38.540000915527344,35.09000015258789,37.58000183105469,15545800
2023-03-14,34.05503463745117,37.52000045776367,39.9900016784668,37.029998779296875,39.95000076293945,12319700
2023-03-15,33.36521911621094,36.7599983215332,37.130001068115234,35.54999923706055,35.900001525878906,11774500
2023-03-16,34.390865325927734,37.88999938964844,38.7599983215332,35.47999954223633,36.189998626708984,12343800
2023-03-17,32.47572326660156,35.779998779296875,37.2400016784668,35.54999923706055,37.15999984741211,8937700
2023-03-20,32.99330520629883,36.08000183105469,37.38999938964844,35.959999084472656,36.61000061035156,6247300
2023-03-21,34.73075866699219,37.97999954223633,38.22999954223633,37.34000015258789,37.720001220703125,4214800
2023-03-22,32.93843078613281,36.02000045776367,38.040000915527344,36.0,37.900001525878906,6463100
2023-03-23,32.11543273925781,35.119998931884766,36.65999984741211,34.849998474121094,36.45000076293945,6891200
2023-03-24,32.83784484863281,35.90999984741211,35.959999084472656,34.33000183105469,34.59000015258789,5386000
2023-03-27,33.560264587402344,36.70000076293945,37.58000183105469,36.5,37.400001525878906,3698300
2023-03-28,33.54197311401367,36.68000030517578,37.040000915527344,36.29999923706055,36.61000061035156,3334400
2023-03-29,34.03577423095703,37.220001220703125,37.2599983215332,36.689998626708984,37.130001068115234,2715900
2023-03-30,33.523677825927734,36.65999984741211,37.70000076293945,36.54999923706055,37.619998931884766,4574700
2023-03-31,33.89860534667969,37.06999969482422,37.18000030517578,36.630001068115234,37.0,2129200
2023-04-03,33.61511993408203,36.7599983215332,37.38999938964844,36.54999923706055,37.20000076293945,1836000
2023-04-04,32.94758224487305,36.029998779296875,37.0,35.54999923706055,36.900001525878906,3655400
2023-04-05,32.73725128173828,35.79999923706055,35.95000076293945,35.349998474121094,35.4900016784668,2494100
2023-04-06,33.1121826171875,36.209999084472656,36.45000076293945,35.790000915527344,35.790000915527344,2465800
2023-04-10,33.34079360961914,36.459999084472656,36.720001220703125,35.81999969482422,36.0099983215332,1727600
2023-04-11,33.57855224609375,36.720001220703125,36.95000076293945,36.41999816894531,36.61000061035156,1728900
2023-04-12,33.27678298950195,36.38999938964844,37.08000183105469,36.18000030517578,36.959999084472656,2194600
2023-04-13,33.74314880371094,36.900001525878906,37.04999923706055,36.11000061035156,36.560001373291016,2301100
2023-04-14,33.36822509765625,36.4900016784668,37.56999969482422,36.22999954223633,37.470001220703125,3428400
2023-04-17,34.127220153808594,37.31999969482422,37.34000015258789,35.91999816894531,36.33000183105469,2589400
2023-04-18,33.66999435424805,36.81999969482422,37.369998931884766,36.56999969482422,37.369998931884766,2394400
2023-04-19,34.703330993652344,37.95000076293945,38.119998931884766,36.790000915527344,37.02000045776367,3415800
2023-04-20,34.127220153808594,37.31999969482422,37.849998474121094,37.06999969482422,37.33000183105469,2056100
2023-04-21,33.71571731567383,36.869998931884766,37.2400016784668,36.61000061035156,37.22999954223633,2390000
2023-04-24,33.560264587402344,36.70000076293945,37.189998626708984,36.630001068115234,36.790000915527344,1655600
2023-04-25,32.325748443603516,35.349998474121094,36.25,35.209999084472656,36.25,3605100
2023-04-26,32.462928771972656,35.5,36.099998474121094,35.130001068115234,35.5,4196500
2023-04-27,33.04816818237305,36.13999938964844,36.279998779296875,35.58000183105469,35.58000183105469,2403200
2023-04-28,33.49625015258789,36.630001068115234,36.86000061035156,35.900001525878906,36.040000915527344,5410000
2023-05-01,32.755550384521484,35.81999969482422,36.72999954223633,35.720001220703125,36.5,2467700
2023-05-02,31.05466651916504,33.959999084472656,35.70000076293945,33.349998474121094,35.70000076293945,7780100
2023-05-03,30.551721572875977,33.40999984741211,34.810001373291016,33.310001373291016,34.119998931884766,7890800
2023-05-04,29.17090606689453,31.899999618530273,32.689998626708984,30.850000381469727,32.22999954223633,14416000
2023-05-05,30.771194458007812,33.650001525878906,33.7400016784668,32.79999923706055,33.31999969482422,6701400
2023-05-08,30.4237060546875,33.27000045776367,34.43000030517578,33.16999816894531,34.27000045776367,2593600
2023-05-09,30.25909996032715,33.09000015258789,33.369998931884766,32.54999923706055,32.95000076293945,3013800
2023-05-10,30.039630889892578,32.849998474121094,33.75,32.4900016784668,33.70000076293945,2149500
2023-05-11,29.57326316833496,32.34000015258789,32.689998626708984,32.029998779296875,32.33000183105469,3632400
2023-05-12,29.57326316833496,32.34000015258789,32.68000030517578,31.959999084472656,32.630001068115234,2540300
2023-05-15,30.414562225341797,33.2599983215332,33.43000030517578,32.380001068115234,32.439998626708984,5617800
2023-05-16,29.948190689086914,32.75,33.540000915527344,32.7400016784668,33.290000915527344,4834700
2023-05-17,31.80451774597168,34.779998779296875,34.880001068115234,33.369998931884766,33.369998931884766,5448400
2023-05-18,32.01483917236328,35.0099983215332,35.11000061035156,34.439998626708984,34.83000183105469,3561600
2023-05-19,31.493610382080078,34.439998626708984,35.29999923706055,33.95000076293945,35.209999084472656,3699500
2023-05-22,32.234310150146484,35.25,35.36000061035156,34.36000061035156,34.72999954223633,4498300
2023-05-23,32.44462966918945,35.47999954223633,36.43000030517578,35.27000045776367,35.290000915527344,5400700
2023-05-24,31.87767219543457,34.86000061035156,35.310001373291016,34.599998474121094,35.18000030517578,3933900
2023-05-25,31.667354583740234,34.630001068115234,34.970001220703125,34.150001525878906,34.68000030517578,2727400
2023-05-26,32.01483917236328,35.0099983215332,35.06999969482422,34.209999084472656,34.63999938964844,2725700
2023-05-30,32.051422119140625,35.04999923706055,35.25,34.47999954223633,35.25,3821500
2023-05-31,31.155261993408203,34.06999969482422,34.91999816894531,33.66999816894531,34.79999923706055,4479100
2023-06-01,31.80451774597168,34.779998779296875,35.099998474121094,33.91999816894531,34.310001373291016,3999200
2023-06-02,33.44137954711914,36.56999969482422,36.689998626708984,35.2599983215332,35.400001525878906,5258300
2023-06-05,32.70982360839844,35.77000045776367,36.459999084472656,35.43000030517578,36.459999084472656,3780400
2023-06-06,34.13636779785156,37.33000183105469,37.72999954223633,35.599998474121094,35.810001373291016,5310100
2023-06-07,34.95936965942383,38.22999954223633,38.47999954223633,37.349998474121094,37.709999084472656,5385500
2023-06-08,34.685028076171875,37.93000030517578,38.130001068115234,37.380001068115234,38.040000915527344,3397100
2023-06-09,34.33754348754883,37.54999923706055,37.91999816894531,37.400001525878906,37.880001068115234,2294900
2023-06-12,34.072349548339844,37.2599983215332,38.22999954223633,36.91999816894531,37.59000015258789,5838400
2023-06-13,34.785621643066406,38.040000915527344,38.2400016784668,37.04999923706055,37.33000183105469,5064500
2023-06-14,33.96261978149414,37.13999938964844,38.369998931884766,36.90999984741211,38.06999969482422,4137000
2023-06-15,34.5478630065918,37.779998779296875,37.880001068115234,36.849998474121094,36.880001068115234,2470900
2023-06-16,34.163795471191406,37.36000061035156,38.0099983215332,37.09000015258789,37.9900016784668,3083900
2023-06-20,33.8051872253418,36.66999816894531,36.97999954223633,36.400001525878906,36.97999954223633,3293900
2023-06-21,33.40878677368164,36.2400016784668,36.63999938964844,36.150001525878906,36.560001373291016,2549500
2023-06-22,32.514564514160156,35.27000045776367,36.209999084472656,35.09000015258789,36.11000061035156,4056900
2023-06-23,32.09049987792969,34.810001373291016,35.2599983215332,34.65999984741211,34.88999938964844,3404300
2023-06-26,32.41315460205078,35.15999984741211,35.650001525878906,34.959999084472656,35.040000915527344,2389200
2023-06-27,32.91096878051758,35.70000076293945,35.95000076293945,34.88999938964844,35.209999084472656,3113100
2023-06-28,32.79113006591797,35.56999969482422,35.650001525878906,35.13999938964844,35.599998474121094,2297900
2023-06-29,33.37190628051758,36.20000076293945,36.459999084472656,35.93000030517578,36.040000915527344,2373600
2023-06-30,33.187530517578125,36.0,36.63999938964844,35.97999954223633,36.540000915527344,1914800
2023-07-03,33.82361602783203,36.689998626708984,36.849998474121094,36.0099983215332,36.06999969482422,1555300
2023-07-05,33.40878677368164,36.2400016784668,36.720001220703125,35.95000076293945,36.34000015258789,2341100
2023-07-06,32.87409210205078,35.65999984741211,35.709999084472656,35.04999923706055,35.630001068115234,2954800
2023-07-07,33.510189056396484,36.349998474121094,36.689998626708984,35.61000061035156,35.61000061035156,3632300
2023-07-10,33.768310546875,36.630001068115234,37.02000045776367,36.09000015258789,36.2400016784668,2174200
2023-07-11,34.23847198486328,37.13999938964844,37.22999954223633,36.529998779296875,36.849998474121094,2003800
2023-07-12,34.84690856933594,37.79999923706055,38.279998779296875,37.619998931884766,37.7599983215332,4032600
2023-07-13,35.44612503051758,38.45000076293945,38.61000061035156,37.7599983215332,38.060001373291016,2471400
2023-07-14,34.7639274597168,37.709999084472656,38.849998474121094,37.4900016784668,38.849998474121094,3378100
2023-07-17,35.363162994384766,38.36000061035156,38.52000045776367,37.5,37.63999938964844,2111900
2023-07-18,36.60769271850586,39.709999084472656,39.77000045776367,38.310001373291016,38.369998931884766,4095900
2023-07-19,37.61253356933594,40.79999923706055,40.880001068115234,39.619998931884766,39.91999816894531,4456400
2023-07-20,37.56644058227539,40.75,40.849998474121094,40.099998474121094,40.709999084472656,5781700
2023-07-21,37.11471939086914,40.2599983215332,41.08000183105469,40.18000030517578,41.0,2942600
2023-07-24,37.861446380615234,41.06999969482422,41.189998626708984,40.20000076293945,40.20000076293945,4002400
2023-07-25,37.39128875732422,40.560001373291016,41.31999969482422,40.47999954223633,41.04999923706055,4800800
2023-07-26,38.783321380615234,42.06999969482422,42.290000915527344,41.119998931884766,41.18000030517578,4006800
2023-07-27,38.202537536621094,41.439998626708984,42.58000183105469,41.279998779296875,42.470001220703125,3594200
2023-07-28,38.663475036621094,41.939998626708984,42.119998931884766,41.5099983215332,41.97999954223633,1548800
2023-07-31,38.68191146850586,41.959999084472656,42.290000915527344,41.68000030517578,42.02000045776367,2960200
2023-08-01,38.29472732543945,41.540000915527344,41.720001220703125,40.9900016784668,41.720001220703125,1631100
2023-08-02,38.09190368652344,41.31999969482422,41.36000061035156,40.68000030517578,40.959999084472656,2016200
2023-08-03,38.506752014160156,41.77000045776367,41.88999938964844,40.939998626708984,41.20000076293945,2119300
2023-08-04,38.61737823486328,41.88999938964844,42.31999969482422,41.56999969482422,41.619998931884766,1721100
2023-08-07,39.023006439208984,42.33000183105469,42.36000061035156,41.86000061035156,42.060001373291016,1855300
2023-08-08,38.506752014160156,41.77000045776367,41.810001373291016,40.58000183105469,41.150001525878906,2419000
2023-08-09,37.97206497192383,41.189998626708984,41.650001525878906,41.029998779296875,41.59000015258789,1901700
2023-08-10,37.95363235473633,41.16999816894531,41.810001373291016,40.970001220703125,41.5099983215332,2577300
2023-08-11,38.101139068603516,41.33000183105469,41.41999816894531,40.86000061035156,40.93000030517578,1367300
2023-08-14,37.511131286621094,40.689998626708984,41.040000915527344,40.470001220703125,41.040000915527344,1433200
2023-08-15,36.34956359863281,39.43000030517578,40.130001068115234,39.310001373291016,40.08000183105469,2826000
2023-08-16,35.916290283203125,38.959999084472656,39.560001373291016,38.91999816894531,39.2599983215332,2390900
2023-08-17,35.8794059753418,38.91999816894531,39.349998474121094,38.790000915527344,39.20000076293945,1748400
2023-08-18,35.907066345214844,38.95000076293945,39.15999984741211,38.41999816894531,38.59000015258789,1487500
2023-08-21,35.65815734863281,38.68000030517578,39.15999984741211,38.369998931884766,39.02000045776367,1866000
2023-08-22,34.77315902709961,37.720001220703125,38.88999938964844,37.689998626708984,38.619998931884766,2600800
2023-08-23,35.243316650390625,38.22999954223633,38.279998779296875,37.43000030517578,37.630001068115234,1507500
2023-08-24,35.3447265625,38.34000015258789,38.900001525878906,38.09000015258789,38.20000076293945,1712500
2023-08-25,35.19721603393555,38.18000030517578,38.79999923706055,37.709999084472656,38.560001373291016,1778900
2023-08-28,35.639713287353516,38.65999984741211,38.959999084472656,38.33000183105469,38.369998931884766,1799800
2023-08-29,36.072998046875,39.130001068115234,39.33000183105469,38.41999816894531,38.75,1762900
2023-08-30,35.89784240722656,38.939998626708984,39.220001220703125,38.790000915527344,39.099998474121094,2333200
2023-08-31,36.00846862792969,39.060001373291016,39.279998779296875,38.810001373291016,38.9900016784668,4226200
2023-09-01,36.72753143310547,39.84000015258789,40.0,39.380001068115234,39.439998626708984,4519400
2023-09-05,36.05455780029297,39.11000061035156,39.84000015258789,39.09000015258789,39.61000061035156,5153300
2023-09-06,35.29863357543945,38.290000915527344,39.220001220703125,38.060001373291016,38.970001220703125,3827500
2023-09-07,34.86534881591797,37.81999969482422,38.380001068115234,37.709999084472656,38.099998474121094,1635300
2023-09-08,35.18799591064453,38.16999816894531,38.27000045776367,37.41999816894531,37.869998931884766,3609300
2023-09-11,35.141902923583984,38.119998931884766,38.7599983215332,38.06999969482422,38.349998474121094,2391200
2023-09-12,35.501441955566406,38.5099983215332,38.810001373291016,38.04999923706055,38.11000061035156,2569400
2023-09-13,35.10504150390625,38.08000183105469,38.849998474121094,37.869998931884766,38.72999954223633,2189900
2023-09-14,35.667381286621094,38.689998626708984,38.869998931884766,38.36000061035156,38.36000061035156,3180600
2023-09-15,35.538307189941406,38.54999923706055,38.72999954223633,38.18000030517578,38.439998626708984,3507100
2023-09-18,35.136226654052734,37.75,38.130001068115234,37.59000015258789,38.130001068115234,2803500
2023-09-19,34.996612548828125,37.599998474121094,38.04999923706055,37.380001068115234,37.7599983215332,1983400
2023-09-20,34.69876480102539,37.279998779296875,38.130001068115234,37.279998779296875,37.81999969482422,2712300
2023-09-21,34.19615936279297,36.7400016784668,37.290000915527344,36.68000030517578,37.06999969482422,2505200
2023-09-22,34.01931381225586,36.54999923706055,36.93000030517578,36.45000076293945,36.81999969482422,1473100
2023-09-25,34.42884826660156,36.9900016784668,36.9900016784668,36.27000045776367,36.38999938964844,1381500
2023-09-26,33.851768493652344,36.369998931884766,37.040000915527344,36.310001373291016,36.56999969482422,1914000
2023-09-27,33.71216583251953,36.220001220703125,36.54999923706055,35.88999938964844,36.54999923706055,1962900
2023-09-28,34.07516098022461,36.61000061035156,36.88999938964844,36.220001220703125,36.220001220703125,2616600
2023-09-29,34.29854202270508,36.849998474121094,37.369998931884766,36.77000045776367,36.90999984741211,2014500
2023-10-02,33.553932189941406,36.04999923706055,36.91999816894531,35.90999984741211,36.790000915527344,2604300
2023-10-03,32.874473571777344,35.31999969482422,35.849998474121094,35.130001068115234,35.79999923706055,4880800
2023-10-04,33.15370178222656,35.619998931884766,35.68000030517578,34.9900016784668,35.43000030517578,2138200
2023-10-05,33.674930572509766,36.18000030517578,36.27000045776367,35.45000076293945,35.4900016784668,3590600
2023-10-06,33.79593276977539,36.310001373291016,36.720001220703125,35.529998779296875,35.7599983215332,2934400
2023-10-09,33.833168029785156,36.349998474121094,36.540000915527344,35.91999816894531,35.970001220703125,1464800
2023-10-10,34.3078498840332,36.86000061035156,37.189998626708984,36.619998931884766,36.68000030517578,4777200
2023-10-11,34.41953659057617,36.97999954223633,37.439998626708984,36.599998474121094,36.95000076293945,1561100
2023-10-12,33.96346664428711,36.4900016784668,36.959999084472656,36.18000030517578,36.959999084472656,2942400
2023-10-13,33.488773345947266,35.97999954223633,36.970001220703125,35.83000183105469,36.79999923706055,4401400
2023-10-16,34.261314392089844,36.810001373291016,36.88999938964844,36.31999969482422,36.400001525878906,3454000
2023-10-17,34.931461334228516,37.529998779296875,37.90999984741211,36.54999923706055,36.58000183105469,3504800
2023-10-18,34.047237396240234,36.58000183105469,37.2400016784668,36.4900016784668,37.099998474121094,3288400
2023-10-19,33.637699127197266,36.13999938964844,37.20000076293945,36.04999923706055,36.56999969482422,4678700
2023-10-20,32.455631256103516,34.869998931884766,36.099998474121094,34.86000061035156,36.099998474121094,5624900
2023-10-23,32.34394073486328,34.75,35.380001068115234,34.689998626708984,34.779998779296875,3920900
2023-10-24,32.26947784423828,34.66999816894531,35.130001068115234,34.34000015258789,34.939998626708984,4289900
2023-10-25,32.11125564575195,34.5,34.709999084472656,33.970001220703125,34.38999938964844,3549600
2023-10-26,32.95824432373047,35.40999984741211,35.689998626708984,34.5099983215332,34.650001525878906,3158500
2023-10-27,32.26947784423828,34.66999816894531,35.36000061035156,34.369998931884766,35.36000061035156,3184700
2023-10-30,32.688323974609375,35.119998931884766,35.279998779296875,34.689998626708984,35.02000045776367,1947400
2023-10-31,32.874473571777344,35.31999969482422,35.43000030517578,34.91999816894531,35.150001525878906,1111800
2023-11-01,33.032711029052734,35.4900016784668,35.61000061035156,35.0,35.31999969482422,2012200
2023-11-02,34.67084503173828,37.25,37.29999923706055,35.90999984741211,35.93000030517578,4785700
2023-11-03,35.787757873535156,38.45000076293945,38.81999969482422,38.130001068115234,38.130001068115234,2329400
2023-11-06,35.285152435302734,37.90999984741211,38.63999938964844,37.70000076293945,38.41999816894531,2162200
2023-11-07,34.987308502197266,37.59000015258789,37.90999984741211,37.439998626708984,37.68000030517578,1425700
2023-11-08,34.63361358642578,37.209999084472656,37.68000030517578,37.09000015258789,37.68000030517578,1564800
2023-11-09,34.12168884277344,36.65999984741211,37.45000076293945,36.529998779296875,37.31999969482422,2410000
2023-11-10,34.41022872924805,36.970001220703125,37.029998779296875,36.45000076293945,36.86000061035156,1816200
2023-11-13,34.41953659057617,36.97999954223633,37.09000015258789,36.47999954223633,36.7400016784668,1938700
2023-11-14,36.569602966308594,39.290000915527344,39.66999816894531,38.16999816894531,38.16999816894531,3750700
2023-11-15,37.062904357910156,39.81999969482422,40.04999923706055,39.290000915527344,39.29999923706055,3854900
2023-11-16,36.6440544128418,39.369998931884766,39.88999938964844,39.13999938964844,39.709999084472656,2157100
2023-11-17,37.17459487915039,39.939998626708984,40.06999969482422,39.56999969482422,39.720001220703125,2577400
2023-11-20,37.137367248535156,39.900001525878906,40.0099983215332,39.5,39.77000045776367,4311900
2023-11-21,36.49513244628906,39.209999084472656,39.84000015258789,39.16999816894531,39.779998779296875,2213700
2023-11-22,36.67198181152344,39.400001525878906,39.689998626708984,39.20000076293945,39.540000915527344,1500400
2023-11-24,36.76506042480469,39.5,39.65999984741211,39.2599983215332,39.380001068115234,787100
2023-11-27,36.6440544128418,39.369998931884766,39.439998626708984,39.060001373291016,39.22999954223633,4562400
2023-11-28,36.653358459472656,39.380001068115234,39.45000076293945,38.970001220703125,39.31999969482422,2608600
2023-11-29,37.397972106933594,40.18000030517578,40.540000915527344,39.599998474121094,39.599998474121094,2925800
2023-11-30,37.55620193481445,40.349998474121094,40.59000015258789,39.959999084472656,40.16999816894531,2936200
2023-12-01,39.12919235229492,42.040000915527344,42.11000061035156,39.970001220703125,40.09000015258789,5412300
2023-12-04,39.61318588256836,42.560001373291016,42.61000061035156,41.5,41.619998931884766,3039600
2023-12-05,39.07334518432617,41.97999954223633,42.34000015258789,41.880001068115234,42.25,3812500
2023-12-06,39.06404113769531,41.970001220703125,43.20000076293945,41.93000030517578,42.209999084472656,2651700
2023-12-07,39.73418426513672,42.689998626708984,42.709999084472656,42.02000045776367,42.06999969482422,1994600
2023-12-08,40.17164993286133,43.15999984741211,43.369998931884766,42.45000076293945,42.66999816894531,3012100
2023-12-11,40.15302658081055,43.13999938964844,43.310001373291016,42.93000030517578,43.0,2250800
2023-12-12,39.96686935424805,42.939998626708984,43.189998626708984,42.790000915527344,43.11000061035156,2825300
2023-12-13,41.940093994140625,45.060001373291016,45.09000015258789,42.869998931884766,42.97999954223633,5563600
2023-12-14,43.773685455322266,47.029998779296875,47.38999938964844,46.060001373291016,46.18000030517578,8115700
2023-12-15,43.18730926513672,46.400001525878906,47.15999984741211,46.15999984741211,46.939998626708984,5186100
2023-12-18,42.88068389892578,45.72999954223633,46.400001525878906,45.65999984741211,46.2599983215332,7640000
2023-12-19,43.42454528808594,46.310001373291016,46.470001220703125,45.540000915527344,45.7400016784668,4271800
2023-12-20,42.49623107910156,45.31999969482422,46.61000061035156,45.290000915527344,46.130001068115234,2632000
2023-12-21,42.908809661865234,45.7599983215332,45.970001220703125,45.29999923706055,45.65999984741211,1759600
2023-12-22,43.10572814941406,45.970001220703125,46.40999984741211,45.75,45.95000076293945,2618000
2023-12-26,43.67771911621094,46.58000183105469,46.72999954223633,45.900001525878906,45.97999954223633,2799300
2023-12-27,43.64020919799805,46.540000915527344,46.70000076293945,46.27000045776367,46.529998779296875,1301400
2023-12-28,43.715232849121094,46.619998931884766,46.689998626708984,46.310001373291016,46.310001373291016,1150400
2023-12-29,43.15261459350586,46.02000045776367,46.58000183105469,46.0,46.45000076293945,1453900
2024-01-02,43.32139587402344,46.20000076293945,46.61000061035156,45.54999923706055,45.63999938964844,1521900
2024-01-03,42.1399040222168,44.939998626708984,45.68000030517578,44.880001068115234,45.66999816894531,1900500
2024-01-04,42.39308166503906,45.209999084472656,45.650001525878906,44.880001068115234,44.880001068115234,1468100
2024-01-05,42.82441711425781,45.66999816894531,46.119998931884766,44.91999816894531,44.970001220703125,1811100
2024-01-08,43.21824645996094,46.09000015258789,46.130001068115234,45.36000061035156,45.599998474121094,2802300
2024-01-09,42.711891174316406,45.54999923706055,45.75,45.36000061035156,45.54999923706055,1215000
2024-01-10,42.81504440307617,45.65999984741211,45.709999084472656,45.16999816894531,45.40999984741211,1993000
2024-01-11,42.36494827270508,45.18000030517578,45.40999984741211,44.54999923706055,45.349998474121094,1601100
2024-01-12,42.008628845214844,44.79999923706055,45.70000076293945,44.41999816894531,45.31999969482422,1933900
2024-01-16,41.38975143432617,44.13999938964844,44.5099983215332,43.880001068115234,44.15999984741211,1928000
2024-01-17,41.211585998535156,43.95000076293945,44.2599983215332,43.31999969482422,43.52000045776367,1970300
2024-01-18,41.4272575378418,44.18000030517578,44.349998474121094,43.68000030517578,44.15999984741211,1382100
2024-01-19,42.43997573852539,45.2599983215332,45.2599983215332,44.0,44.349998474121094,1626600
2024-01-22,43.11510467529297,45.97999954223633,46.029998779296875,45.380001068115234,45.41999816894531,1600800
2024-01-23,42.758785247802734,45.599998474121094,46.290000915527344,45.459999084472656,46.09000015258789,1076100
2024-01-24,43.180747985839844,46.04999923706055,46.439998626708984,45.779998779296875,45.849998474121094,1353800
2024-01-25,43.06822204589844,45.93000030517578,46.470001220703125,45.400001525878906,46.2400016784668,1211000
2024-01-26,43.28388977050781,46.15999984741211,46.52000045776367,45.90999984741211,45.97999954223633,978500
2024-01-29,43.83713150024414,46.75,46.75,46.0099983215332,46.11000061035156,1323100
2024-01-30,43.85588073730469,46.77000045776367,46.90999984741211,46.529998779296875,46.529998779296875,1743600
2024-01-31,41.989871978759766,44.779998779296875,46.16999816894531,44.7400016784668,45.439998626708984,3695200
2024-02-01,41.08968734741211,43.81999969482422,45.040000915527344,42.56999969482422,44.939998626708984,4377300
2024-02-02,41.26784896850586,44.0099983215332,44.2400016784668,43.0099983215332,43.0099983215332,5870100
2024-02-05,40.63959884643555,43.34000015258789,43.65999984741211,43.0099983215332,43.619998931884766,1955200
2024-02-06,40.35829162597656,43.040000915527344,43.779998779296875,42.810001373291016,43.29999923706055,1873800
2024-02-07,40.339534759521484,43.02000045776367,43.22999954223633,42.13999938964844,43.099998474121094,2963200
2024-02-08,40.4614372253418,43.150001525878906,43.220001220703125,42.61000061035156,42.7400016784668,1435800
2024-02-09,40.98654556274414,43.709999084472656,43.77000045776367,42.7599983215332,43.189998626708984,1634500
2024-02-12,41.67105484008789,44.439998626708984,44.86000061035156,43.65999984741211,43.65999984741211,2582400
2024-02-13,40.18013000488281,42.849998474121094,43.439998626708984,42.2400016784668,43.189998626708984,6549300
2024-02-14,40.949039459228516,43.66999816894531,43.709999084472656,42.95000076293945,43.310001373291016,2011500
2024-02-15,42.0461311340332,44.84000015258789,45.06999969482422,43.86000061035156,43.91999816894531,1921900
2024-02-16,41.67105484008789,44.439998626708984,44.79999923706055,44.11000061035156,44.65999984741211,1684000
2024-02-20,41.39912796020508,44.150001525878906,44.43000030517578,43.849998474121094,43.88999938964844,1512300
2024-02-21,41.22096252441406,43.959999084472656,44.099998474121094,43.59000015258789,43.939998626708984,1677700
2024-02-22,41.31473922729492,44.060001373291016,44.40999984741211,43.790000915527344,44.060001373291016,2533300
2024-02-23,41.342864990234375,44.09000015258789,44.41999816894531,43.790000915527344,44.08000183105469,2836800
2024-02-26,40.98654556274414,43.709999084472656,44.34000015258789,43.4900016784668,43.86000061035156,1752300
2024-02-27,41.43663024902344,44.189998626708984,44.279998779296875,43.849998474121094,43.91999816894531,1788200
2024-02-28,41.14595413208008,43.880001068115234,44.31999969482422,43.79999923706055,43.900001525878906,1902100
2024-02-29,41.65230178833008,44.41999816894531,44.88999938964844,44.06999969482422,44.43000030517578,1979700
2024-03-01,41.342864990234375,44.09000015258789,44.209999084472656,43.34000015258789,44.0099983215332,1838800
2024-03-04,41.380374908447266,44.130001068115234,44.79999923706055,44.08000183105469,44.45000076293945,12699100
2024-03-05,42.627506256103516,45.459999084472656,45.68000030517578,43.900001525878906,43.900001525878906,11674000
2024-03-06,42.52435302734375,45.349998474121094,45.880001068115234,44.459999084472656,45.22999954223633,7021500
2024-03-07,42.58999252319336,45.41999816894531,46.08000183105469,45.29999923706055,45.689998626708984,2081200
2024-03-08,42.571250915527344,45.400001525878906,46.13999938964844,45.36000061035156,45.83000183105469,2291900
2024-03-11,42.5993766784668,45.43000030517578,45.619998931884766,45.06999969482422,45.25,1655800
2024-03-12,42.38370895385742,45.20000076293945,45.61000061035156,45.0099983215332,45.369998931884766,3317500
2024-03-13,42.47746658325195,45.29999923706055,45.77000045776367,45.09000015258789,45.2400016784668,1908300
2024-03-14,41.64292907714844,44.40999984741211,45.33000183105469,44.130001068115234,45.130001068115234,2872800
2024-03-15,41.7929573059082,44.56999969482422,44.959999084472656,44.099998474121094,44.099998474121094,5367600
2024-03-18,41.68058776855469,44.13999938964844,44.36000061035156,43.900001525878906,44.25,2331000
2024-03-19,41.86944580078125,44.34000015258789,44.54999923706055,43.869998931884766,43.959999084472656,2043000
2024-03-20,43.10646057128906,45.650001525878906,46.0099983215332,44.08000183105469,44.18000030517578,3142600
2024-03-21,43.72967529296875,46.310001373291016,46.63999938964844,45.900001525878906,45.91999816894531,2028900
2024-03-22,42.87982940673828,45.40999984741211,46.59000015258789,45.349998474121094,46.220001220703125,3269900
2024-03-25,42.974246978759766,45.5099983215332,45.939998626708984,45.43000030517578,45.43000030517578,1666400
2024-03-26,42.860939025878906,45.38999938964844,45.959999084472656,45.349998474121094,45.779998779296875,1347300
2024-03-27,44.239585876464844,46.849998474121094,46.86000061035156,45.61000061035156,45.61000061035156,2185500
2024-03-28,44.47565841674805,47.099998474121094,47.2599983215332,46.709999084472656,46.7400016784668,2835900
2024-04-01,43.6919059753418,46.27000045776367,47.150001525878906,46.22999954223633,47.060001373291016,1737100
2024-04-02,43.00259017944336,45.540000915527344,45.939998626708984,45.41999816894531,45.88999938964844,1627300
2024-04-03,42.974246978759766,45.5099983215332,45.84000015258789,45.290000915527344,45.45000076293945,1868900
2024-04-04,42.70041275024414,45.220001220703125,46.34000015258789,45.13999938964844,45.959999084472656,1400600
2024-04-05,42.84205627441406,45.369998931884766,45.599998474121094,45.0099983215332,45.08000183105469,997100
2024-04-08,43.5030517578125,46.06999969482422,46.189998626708984,45.439998626708984,45.56999969482422,1129300
2024-04-09,43.616363525390625,46.189998626708984,46.43000030517578,45.81999969482422,46.15999984741211,1079900
2024-04-10,41.81278991699219,44.279998779296875,45.220001220703125,43.97999954223633,45.220001220703125,2506800
2024-04-11,41.76557159423828,44.22999954223633,44.4900016784668,43.63999938964844,44.41999816894531,1417300
2024-04-12,41.350093841552734,43.790000915527344,44.099998474121094,43.59000015258789,43.7599983215332,1356700
2024-04-15,41.18012237548828,43.61000061035156,44.61000061035156,43.279998779296875,44.119998931884766,1659400
2024-04-16,40.65131759643555,43.04999923706055,43.38999938964844,42.77000045776367,43.349998474121094,1415500
2024-04-17,40.69853210449219,43.099998474121094,43.66999816894531,43.0099983215332,43.369998931884766,2241300
2024-04-18,40.9818229675293,43.400001525878906,43.720001220703125,43.04999923706055,43.22999954223633,1227800
2024-04-19,41.935543060302734,44.40999984741211,44.41999816894531,43.20000076293945,43.38999938964844,1416900
2024-04-22,42.6531982421875,45.16999816894531,45.369998931884766,44.290000915527344,44.45000076293945,1316600
2024-04-23,43.09701156616211,45.63999938964844,45.90999984741211,44.939998626708984,45.150001525878906,1758600
2024-04-24,43.3991813659668,45.959999084472656,46.029998779296875,45.150001525878906,45.31999969482422,1131400
2024-04-25,42.93648910522461,45.470001220703125,45.790000915527344,44.88999938964844,45.61000061035156,1199000
2024-04-26,42.80428695678711,45.33000183105469,45.83000183105469,45.310001373291016,45.459999084472656,1100300
2024-04-29,42.587100982666016,45.099998474121094,45.65999984741211,44.97999954223633,45.38999938964844,1078600
2024-04-30,41.850555419921875,44.31999969482422,45.029998779296875,44.31999969482422,44.790000915527344,2095200
2024-05-01,42.74763107299805,45.27000045776367,46.119998931884766,44.720001220703125,44.720001220703125,3171900
2024-05-02,43.30475997924805,45.86000061035156,45.90999984741211,45.36000061035156,45.77000045776367,1295400
2024-05-03,43.80521774291992,46.38999938964844,46.880001068115234,46.27000045776367,46.560001373291016,1920400
2024-05-06,44.27735900878906,46.88999938964844,47.04999923706055,46.470001220703125,46.68000030517578,966300
2024-05-07,44.21126174926758,46.81999969482422,47.29999923706055,46.779998779296875,47.040000915527344,1862200
2024-05-08,44.42845153808594,47.04999923706055,47.09000015258789,46.31999969482422,46.459999084472656,1374400
2024-05-09,44.72117233276367,47.36000061035156,47.38999938964844,46.91999816894531,47.060001373291016,1258000
2024-05-10,44.702293395996094,47.34000015258789,47.54999923706055,47.029998779296875,47.470001220703125,1129700
2024-05-13,44.47565841674805,47.099998474121094,47.68000030517578,47.099998474121094,47.5099983215332,1020200
2024-05-14,44.985572814941406,47.63999938964844,47.66999816894531,47.2400016784668,47.369998931884766,1121000
2024-05-15,45.22163772583008,47.88999938964844,48.31999969482422,47.56999969482422,48.0099983215332,1408300
2024-05-16,45.061126708984375,47.720001220703125,48.11000061035156,47.70000076293945,47.83000183105469,1335000
2024-05-17,45.25941467285156,47.93000030517578,48.099998474121094,47.72999954223633,47.81999969482422,1117600
2024-05-20,44.645633697509766,47.279998779296875,48.060001373291016,47.2599983215332,47.97999954223633,1175500
2024-05-21,44.825042724609375,47.470001220703125,47.650001525878906,47.209999084472656,47.209999084472656,911800
2024-05-22,44.343467712402344,46.959999084472656,47.540000915527344,46.790000915527344,47.36000061035156,2492500
2024-05-23,43.370853424072266,45.93000030517578,47.189998626708984,45.7400016784668,47.189998626708984,1171800
2024-05-24,43.654144287109375,46.22999954223633,46.290000915527344,45.9900016784668,46.16999816894531,661600
2024-05-28,43.30475997924805,45.86000061035156,46.470001220703125,45.66999816894531,46.400001525878906,1436300
2024-05-29,42.426570892333984,44.93000030517578,45.13999938964844,44.619998931884766,45.13999938964844,4397300
2024-05-30,43.078125,45.619998931884766,45.7599983215332,45.13999938964844,45.22999954223633,1131700
2024-05-31,43.654144287109375,46.22999954223633,46.2599983215332,45.720001220703125,45.849998474121094,1722500
2024-06-03,43.144229888916016,45.689998626708984,46.70000076293945,45.349998474121094,46.470001220703125,1135300
2024-06-04,42.43601608276367,44.939998626708984,45.4900016784668,44.81999969482422,45.220001220703125,1180200
2024-06-05,42.568214416503906,45.08000183105469,45.209999084472656,44.7599983215332,45.15999984741211,750900
2024-06-06,42.61542892456055,45.130001068115234,45.33000183105469,44.7400016784668,45.09000015258789,3136500
2024-06-07,42.52099609375,45.029998779296875,45.189998626708984,44.68000030517578,44.68000030517578,742700
2024-06-10,42.0110969543457,44.4900016784668,44.619998931884766,44.08000183105469,44.4900016784668,1607100
2024-06-11,41.6428108215332,44.099998474121094,44.22999954223633,43.720001220703125,44.08000183105469,1778000
2024-06-12,42.53044891357422,45.040000915527344,45.79999923706055,44.7400016784668,45.040000915527344,2238400
2024-06-13,42.029972076416016,44.5099983215332,44.95000076293945,44.209999084472656,44.900001525878906,1374600
2024-06-14,41.49173355102539,43.939998626708984,44.290000915527344,43.68000030517578,44.029998779296875,957300
2024-06-17,42.1244010925293,44.61000061035156,44.630001068115234,43.63999938964844,43.83000183105469,819200
2024-06-18,42.27549362182617,44.77000045776367,45.0,44.400001525878906,44.47999954223633,645200
2024-06-20,42.3604736328125,44.86000061035156,44.93000030517578,44.529998779296875,44.58000183105469,1446600
2024-06-21,42.30381774902344,44.79999923706055,44.86000061035156,44.40999984741211,44.720001220703125,1235500
2024-06-24,43.1038703918457,45.310001373291016,45.68000030517578,44.54999923706055,44.59000015258789,1435700
2024-06-25,42.58064651489258,44.7599983215332,45.31999969482422,44.720001220703125,45.099998474121094,825700
2024-06-26,42.59016036987305,44.77000045776367,44.869998931884766,44.279998779296875,44.560001373291016,764800
2024-06-27,43.018253326416016,45.220001220703125,45.22999954223633,44.47999954223633,44.630001068115234,904300
2024-06-28,44.13127517700195,46.38999938964844,46.529998779296875,45.4900016784668,45.4900016784668,2072500
