Date,Adj Close,Close,High,Low,Open,Volume
2019-01-02,38.652645111083984,47.56999969482422,47.66999816894531,46.029998779296875,46.220001220703125,9455800
2019-01-03,38.498268127441406,47.380001068115234,48.33000183105469,47.04999923706055,47.400001525878906,9238500
2019-01-04,39.725189208984375,48.88999938964844,49.029998779296875,48.06999969482422,48.310001373291016,10113200
2019-01-07,39.985206604003906,49.209999084472656,49.65999984741211,48.34000015258789,48.709999084472656,7751400
2019-01-08,40.32648468017578,49.630001068115234,49.66999816894531,48.630001068115234,49.529998779296875,10226100
2019-01-09,40.62711715698242,50.0,50.150001525878906,49.349998474121094,49.7599983215332,6577100
2019-01-10,40.48898696899414,49.83000183105469,50.040000915527344,49.20000076293945,49.66999816894531,8144200
2019-01-11,40.610877990722656,49.97999954223633,50.220001220703125,49.22999954223633,49.4900016784668,6621700
2019-01-14,40.80588150024414,50.220001220703125,50.619998931884766,49.45000076293945,49.529998779296875,5730600
2019-01-15,41.08214569091797,50.560001373291016,50.619998931884766,49.63999938964844,50.11000061035156,8007100
2019-01-16,42.146583557128906,51.869998931884766,51.95000076293945,50.81999969482422,51.06999969482422,11264200
2019-01-17,42.414710998535156,52.20000076293945,52.380001068115234,51.310001373291016,51.58000183105469,9646900
2019-01-18,43.267887115478516,53.25,53.290000915527344,52.040000915527344,52.79999923706055,8841500
2019-01-22,42.98349380493164,52.900001525878906,53.29999923706055,52.540000915527344,52.880001068115234,10077100
2019-01-23,42.910362243652344,52.810001373291016,53.15999984741211,52.33000183105469,52.9900016784668,6593800
2019-01-24,42.93474578857422,52.84000015258789,53.209999084472656,52.209999084472656,52.61000061035156,8268200
2019-01-25,43.44663619995117,53.470001220703125,53.720001220703125,52.86000061035156,53.2599983215332,6879500
2019-01-28,43.81228256225586,53.91999816894531,54.0,53.150001525878906,53.150001525878906,6949400
2019-01-29,43.7066650390625,53.790000915527344,54.27000045776367,53.77000045776367,53.900001525878906,6450100
2019-01-30,43.519771575927734,53.560001373291016,54.040000915527344,53.470001220703125,53.900001525878906,9538100
2019-01-31,43.03225326538086,52.959999084472656,53.540000915527344,51.97999954223633,53.16999816894531,15374400
2019-02-01,43.40601348876953,53.41999816894531,53.58000183105469,53.060001373291016,53.150001525878906,6377500
2019-02-04,43.90166091918945,54.029998779296875,54.04999923706055,53.189998626708984,53.47999954223633,4608200
2019-02-05,43.714786529541016,53.79999923706055,54.11000061035156,53.400001525878906,54.099998474121094,6477600
2019-02-06,43.779781341552734,53.880001068115234,54.060001373291016,53.52000045776367,53.619998931884766,4841600
2019-02-07,44.42981719970703,54.68000030517578,55.380001068115234,54.189998626708984,55.11000061035156,18191300
2019-02-08,43.99917984008789,54.150001525878906,54.75,53.689998626708984,54.41999816894531,8278700
2019-02-11,44.45419692993164,54.709999084472656,54.72999954223633,54.130001068115234,54.310001373291016,4965300
2019-02-12,44.91733932495117,55.279998779296875,55.58000183105469,55.02000045776367,55.02000045776367,9019300
2019-02-13,45.03109359741211,55.41999816894531,55.61000061035156,55.06999969482422,55.439998626708984,6958900
2019-02-14,44.56795120239258,54.849998474121094,55.189998626708984,54.47999954223633,54.849998474121094,7795400
2019-02-15,45.53487777709961,56.040000915527344,56.16999816894531,55.09000015258789,55.310001373291016,6160900
2019-02-19,45.97364807128906,56.58000183105469,56.72999954223633,55.560001373291016,55.779998779296875,5496500
2019-02-20,46.48555374145508,57.209999084472656,57.2599983215332,56.2599983215332,56.56999969482422,4742100
2019-02-21,46.201168060302734,56.86000061035156,57.310001373291016,56.560001373291016,57.22999954223633,3325100
2019-02-22,46.339298248291016,57.029998779296875,57.099998474121094,56.650001525878906,56.880001068115234,3097200
2019-02-25,46.15240478515625,56.79999923706055,57.52000045776367,56.7599983215332,57.459999084472656,6316300
2019-02-26,45.63237380981445,56.15999984741211,56.9900016784668,56.13999938964844,56.400001525878906,6179100
2019-02-27,46.12803268432617,56.77000045776367,56.83000183105469,55.97999954223633,56.150001525878906,3995600
2019-02-28,45.99802780151367,56.61000061035156,56.91999816894531,56.61000061035156,56.790000915527344,3231600
2019-03-01,46.176780700683594,56.83000183105469,57.31999969482422,56.31999969482422,57.0099983215332,3941700
2019-03-04,45.95740509033203,56.560001373291016,57.279998779296875,56.099998474121094,56.790000915527344,3800700
2019-03-05,45.868019104003906,56.45000076293945,56.689998626708984,55.720001220703125,56.52000045776367,4748100
2019-03-06,44.746726989746094,55.06999969482422,56.45000076293945,54.95000076293945,56.279998779296875,8675700
2019-03-07,43.97479248046875,54.119998931884766,54.88999938964844,53.84000015258789,54.72999954223633,7850500
2019-03-08,44.064178466796875,54.22999954223633,54.40999984741211,53.54999923706055,53.61000061035156,5549700
2019-03-11,44.4135627746582,54.65999984741211,54.83000183105469,54.15999984741211,54.38999938964844,5287500
2019-03-12,44.31606674194336,54.540000915527344,54.939998626708984,54.279998779296875,54.7400016784668,7350100
2019-03-13,44.6573486328125,54.959999084472656,55.150001525878906,54.56999969482422,54.849998474121094,6447200
2019-03-14,44.77109146118164,55.099998474121094,55.220001220703125,54.790000915527344,54.939998626708984,5180800
2019-03-15,44.74578094482422,54.810001373291016,55.29999923706055,54.68000030517578,54.720001220703125,7365100
2019-03-18,45.39888000488281,55.61000061035156,55.7599983215332,54.90999984741211,54.91999816894531,9968500
2019-03-19,44.26411819458008,54.220001220703125,55.93000030517578,54.119998931884766,55.880001068115234,7677900
2019-03-20,42.75381851196289,52.369998931884766,54.349998474121094,52.310001373291016,54.08000183105469,16840400
2019-03-21,42.157859802246094,51.63999938964844,52.45000076293945,51.380001068115234,52.040000915527344,18597700
2019-03-22,40.32917022705078,49.400001525878906,51.119998931884766,48.97999954223633,51.0099983215332,23856300
2019-03-25,40.386314392089844,49.470001220703125,49.97999954223633,48.970001220703125,49.31999969482422,17633400
2019-03-26,41.3741340637207,50.68000030517578,50.72999954223633,49.81999969482422,49.90999984741211,16517800
2019-03-27,41.463924407958984,50.790000915527344,51.06999969482422,50.20000076293945,50.560001373291016,10436800
2019-03-28,42.01089859008789,51.459999084472656,51.5099983215332,50.59000015258789,50.939998626708984,13339000
2019-03-29,41.91294860839844,51.34000015258789,52.08000183105469,51.130001068115234,51.95000076293945,9879000
2019-04-01,43.12934494018555,52.83000183105469,52.880001068115234,51.779998779296875,51.84000015258789,14323700
2019-04-02,43.12934494018555,52.83000183105469,53.27000045776367,52.400001525878906,52.65999984741211,7795400
2019-04-03,43.227317810058594,52.95000076293945,53.720001220703125,52.77000045776367,53.279998779296875,9604900
2019-04-04,43.839599609375,53.70000076293945,53.84000015258789,52.79999923706055,52.849998474121094,9295500
2019-04-05,44.035526275634766,53.939998626708984,54.02000045776367,53.38999938964844,53.75,6785100
2019-04-08,44.035526275634766,53.939998626708984,54.16999816894531,53.540000915527344,53.84000015258789,4990700
2019-04-09,43.25997543334961,52.9900016784668,53.70000076293945,52.869998931884766,53.61000061035156,8469600
2019-04-10,43.660003662109375,53.47999954223633,53.5099983215332,52.4900016784668,53.0099983215332,9800700
2019-04-11,43.847755432128906,53.709999084472656,54.15999984741211,53.369998931884766,53.58000183105469,6985100
2019-04-12,44.770267486572266,54.84000015258789,55.060001373291016,53.790000915527344,54.36000061035156,12660100
2019-04-15,44.02736282348633,53.93000030517578,54.90999984741211,53.77000045776367,54.810001373291016,7756500
2019-04-16,44.85190200805664,54.939998626708984,54.970001220703125,53.75,53.900001525878906,10041900
2019-04-17,44.86825180053711,54.959999084472656,55.20000076293945,54.470001220703125,55.20000076293945,5668500
2019-04-18,44.31310272216797,54.279998779296875,54.88999938964844,54.13999938964844,54.79999923706055,12082400
2019-04-22,43.94572448730469,53.83000183105469,54.34000015258789,53.58000183105469,54.119998931884766,5162000
2019-04-23,44.884559631347656,54.97999954223633,55.099998474121094,53.63999938964844,53.79999923706055,7625400
2019-04-24,44.884559631347656,54.97999954223633,55.29999923706055,54.349998474121094,54.7599983215332,5866600
2019-04-25,44.713134765625,54.77000045776367,55.09000015258789,54.16999816894531,54.779998779296875,4914400
2019-04-26,45.17030334472656,55.33000183105469,55.36000061035156,54.33000183105469,54.5,7644600
2019-04-29,45.766258239746094,56.060001373291016,56.459999084472656,55.439998626708984,55.52000045776367,7392400
2019-04-30,45.55399703979492,55.79999923706055,56.310001373291016,55.529998779296875,56.220001220703125,5863800
2019-05-01,44.99885177612305,55.119998931884766,56.27000045776367,54.84000015258789,55.790000915527344,16093300
2019-05-02,45.578495025634766,55.83000183105469,56.02000045776367,55.220001220703125,55.220001220703125,5809500
2019-05-03,46.23975372314453,56.63999938964844,56.70000076293945,55.900001525878906,56.099998474121094,8946100
2019-05-06,46.16627883911133,56.54999923706055,56.7400016784668,55.43000030517578,55.7599983215332,8262000
2019-05-07,45.35806655883789,55.560001373291016,56.060001373291016,55.189998626708984,55.86000061035156,6373600
2019-05-08,44.86825180053711,54.959999084472656,55.63999938964844,54.93000030517578,55.31999969482422,6674000
2019-05-09,44.85190200805664,54.939998626708984,55.09000015258789,54.0099983215332,54.290000915527344,7423700
2019-05-10,44.974365234375,55.09000015258789,55.209999084472656,54.06999969482422,54.709999084472656,6873900
2019-05-13,43.137508392333984,52.84000015258789,54.279998779296875,52.619998931884766,54.0,10748200
2019-05-14,43.75795364379883,53.599998474121094,54.02000045776367,52.77000045776367,53.02000045776367,6799800
2019-05-15,43.21098327636719,52.93000030517578,53.09000015258789,52.20000076293945,52.97999954223633,9134600
2019-05-16,43.676326751708984,53.5,53.849998474121094,53.220001220703125,53.279998779296875,6662700
2019-05-17,43.3089485168457,53.04999923706055,53.959999084472656,52.88999938964844,52.9900016784668,6419400
2019-05-20,43.52936935424805,53.31999969482422,53.619998931884766,52.779998779296875,52.84000015258789,4308900
2019-05-21,43.83142852783203,53.689998626708984,53.939998626708984,53.529998779296875,53.540000915527344,4624100
2019-05-22,43.34160232543945,53.09000015258789,53.560001373291016,52.939998626708984,53.47999954223633,4366300
2019-05-23,42.34563064575195,51.869998931884766,52.5,51.439998626708984,52.380001068115234,11027100
2019-05-24,42.92524719238281,52.58000183105469,52.709999084472656,52.08000183105469,52.119998931884766,4269900
2019-05-28,42.34563064575195,51.869998931884766,52.56999969482422,51.81999969482422,52.290000915527344,5855200
2019-05-29,42.59870529174805,52.18000030517578,52.31999969482422,51.13999938964844,51.34000015258789,7448300
2019-05-30,41.87211608886719,51.290000915527344,52.68000030517578,50.79999923706055,52.310001373291016,6676900
2019-05-31,40.99859619140625,50.220001220703125,50.75,50.060001373291016,50.439998626708984,8304400
2019-06-03,41.463924407958984,50.790000915527344,51.22999954223633,49.95000076293945,50.11000061035156,8330200
2019-06-04,42.93341827392578,52.59000015258789,52.650001525878906,51.40999984741211,51.5,8663000
2019-06-05,42.72932434082031,52.34000015258789,52.619998931884766,51.70000076293945,52.5099983215332,7036500
2019-06-06,42.61502456665039,52.20000076293945,52.470001220703125,51.599998474121094,52.25,3719000
2019-06-07,42.329288482666016,51.849998474121094,52.11000061035156,51.619998931884766,51.900001525878906,5320100
2019-06-10,42.68850326538086,52.290000915527344,52.939998626708984,52.220001220703125,52.279998779296875,6026700
2019-06-11,42.917091369628906,52.56999969482422,53.040000915527344,52.2599983215332,52.630001068115234,4529500
2019-06-12,42.67217254638672,52.27000045776367,52.720001220703125,51.95000076293945,52.5,4319400
2019-06-13,42.80279541015625,52.43000030517578,52.869998931884766,52.220001220703125,52.43000030517578,4270100
2019-06-14,42.917091369628906,52.56999969482422,52.75,51.81999969482422,52.5099983215332,4172200
2019-06-17,42.337459564208984,51.86000061035156,52.790000915527344,51.72999954223633,52.54999923706055,4406000
2019-06-18,43.05586624145508,52.7400016784668,52.9900016784668,51.630001068115234,51.66999816894531,7802800
2019-06-19,42.72932434082031,52.34000015258789,53.459999084472656,52.34000015258789,52.68000030517578,6800300
2019-06-20,42.851783752441406,52.4900016784668,52.709999084472656,51.52000045776367,52.66999816894531,8585900
2019-06-21,42.779476165771484,52.06999969482422,52.540000915527344,51.900001525878906,51.97999954223633,6438100
2019-06-24,42.38511276245117,51.59000015258789,52.43000030517578,51.540000915527344,51.95000076293945,4445700
2019-06-25,42.40977096557617,51.619998931884766,51.79999923706055,50.86000061035156,51.52000045776367,6723700
2019-06-26,42.598724365234375,51.849998474121094,52.31999969482422,51.779998779296875,51.880001068115234,7134800
2019-06-27,43.239559173583984,52.630001068115234,52.720001220703125,51.90999984741211,51.90999984741211,5101000
2019-06-28,43.896827697753906,53.43000030517578,53.84000015258789,52.779998779296875,53.16999816894531,7125300
2019-07-01,44.1761589050293,53.77000045776367,54.459999084472656,53.43000030517578,54.029998779296875,7598300
2019-07-02,43.52711868286133,52.97999954223633,53.709999084472656,52.650001525878906,53.560001373291016,5640800
2019-07-03,43.91325378417969,53.45000076293945,53.5099983215332,52.939998626708984,53.099998474121094,3516500
2019-07-05,44.430850982666016,54.08000183105469,54.380001068115234,53.81999969482422,54.0,5706500
2019-07-08,43.855743408203125,53.380001068115234,53.849998474121094,53.18000030517578,53.630001068115234,4225700
2019-07-09,44.06935501098633,53.63999938964844,53.689998626708984,53.02000045776367,53.040000915527344,2859600
2019-07-10,43.56819534301758,53.029998779296875,53.65999984741211,52.91999816894531,53.439998626708984,6585800
2019-07-11,43.91325378417969,53.45000076293945,53.540000915527344,52.7599983215332,53.150001525878906,5084400
2019-07-12,44.34047317504883,53.970001220703125,54.099998474121094,53.36000061035156,53.54999923706055,4899500
2019-07-15,43.47781753540039,52.91999816894531,54.220001220703125,52.77000045776367,54.0,5897400
2019-07-16,43.436744689941406,52.869998931884766,53.13999938964844,52.45000076293945,52.900001525878906,5496100
2019-07-17,43.10811233520508,52.470001220703125,52.849998474121094,52.13999938964844,52.72999954223633,5009800
2019-07-18,43.46138381958008,52.900001525878906,53.29999923706055,52.09000015258789,52.31999969482422,5818200
2019-07-19,43.80644607543945,53.31999969482422,53.65999984741211,52.93000030517578,52.97999954223633,5851900
2019-07-22,43.52711868286133,52.97999954223633,53.2599983215332,52.650001525878906,53.220001220703125,3864500
2019-07-23,43.98719787597656,53.540000915527344,53.560001373291016,52.7400016784668,52.95000076293945,4972700
2019-07-24,45.030609130859375,54.810001373291016,54.97999954223633,53.36000061035156,53.36000061035156,7966100
2019-07-25,44.72661590576172,54.439998626708984,55.290000915527344,54.22999954223633,54.81999969482422,6920700
2019-07-26,45.48245620727539,55.36000061035156,55.470001220703125,54.439998626708984,54.5099983215332,5096300
2019-07-29,44.99773406982422,54.77000045776367,55.52000045776367,54.66999816894531,55.349998474121094,4615400
2019-07-30,45.5235481262207,55.40999984741211,55.43000030517578,54.20000076293945,54.38999938964844,3642000
2019-07-31,45.30171585083008,55.13999938964844,55.7400016784668,54.939998626708984,55.40999984741211,8447100
2019-08-01,43.41209411621094,52.84000015258789,55.41999816894531,52.65999984741211,55.06999969482422,14856500
2019-08-02,43.0341682434082,52.380001068115234,52.869998931884766,51.65999984741211,52.709999084472656,11075300
2019-08-05,41.629276275634766,50.66999816894531,51.41999816894531,49.93000030517578,51.22999954223633,14909200
2019-08-06,41.98255157470703,51.099998474121094,51.31999969482422,50.11000061035156,51.040000915527344,9020400
2019-08-07,41.423885345458984,50.41999816894531,50.58000183105469,49.41999816894531,49.970001220703125,10157700
2019-08-08,42.204383850097656,51.369998931884766,51.65999984741211,50.7599983215332,50.900001525878906,6407000
2019-08-09,42.04827117919922,51.18000030517578,51.43000030517578,50.709999084472656,51.18000030517578,4140800
2019-08-12,41.20205307006836,50.150001525878906,50.650001525878906,50.08000183105469,50.52000045776367,6006500
2019-08-13,41.6046257019043,50.63999938964844,51.5099983215332,49.849998474121094,49.849998474121094,6702100
2019-08-14,40.2736701965332,49.02000045776367,49.79999923706055,48.650001525878906,49.27000045776367,10682000
2019-08-15,39.9532585144043,48.630001068115234,49.380001068115234,48.52000045776367,49.13999938964844,5770800
2019-08-16,41.07059860229492,49.9900016784668,50.060001373291016,49.029998779296875,49.029998779296875,6735600
2019-08-19,41.4896125793457,50.5,50.9900016784668,50.459999084472656,50.81999969482422,5388000
2019-08-20,40.906280517578125,49.790000915527344,50.22999954223633,49.630001068115234,50.189998626708984,4903200
2019-08-21,41.136322021484375,50.06999969482422,50.27000045776367,49.849998474121094,50.16999816894531,6792300
2019-08-22,41.29242706298828,50.2599983215332,50.65999984741211,49.849998474121094,50.369998931884766,5248300
2019-08-23,39.96147155761719,48.63999938964844,50.5099983215332,48.400001525878906,50.0,11731700
2019-08-26,40.331180572509766,49.09000015258789,49.16999816894531,48.5099983215332,48.9900016784668,4696400
2019-08-27,39.62461471557617,48.22999954223633,49.40999984741211,47.97999954223633,49.27000045776367,10938000
2019-08-28,40.22437286376953,48.959999084472656,49.279998779296875,48.02000045776367,48.02000045776367,5304100
2019-08-29,41.07881546020508,50.0,50.18000030517578,49.41999816894531,49.41999816894531,7457500
2019-08-30,41.17741012573242,50.119998931884766,50.630001068115234,49.939998626708984,50.38999938964844,4662400
2019-09-03,40.21615982055664,48.95000076293945,49.709999084472656,48.65999984741211,49.689998626708984,6966100
2019-09-04,40.528358459472656,49.33000183105469,49.59000015258789,49.0099983215332,49.380001068115234,4993200
2019-09-05,41.71143341064453,50.77000045776367,51.290000915527344,50.150001525878906,50.189998626708984,9728500
2019-09-06,41.473167419433594,50.47999954223633,50.9900016784668,50.349998474121094,50.7400016784668,5241100
2019-09-09,42.935585021972656,52.2599983215332,52.47999954223633,50.689998626708984,50.970001220703125,11154300
2019-09-10,43.74072265625,53.2400016784668,53.27000045776367,52.369998931884766,52.459999084472656,10997800
2019-09-11,44.26652908325195,53.880001068115234,53.93000030517578,52.38999938964844,53.349998474121094,9274600
2019-09-12,44.36512756347656,54.0,54.22999954223633,52.95000076293945,53.400001525878906,7905000
2019-09-13,44.849849700927734,54.59000015258789,55.029998779296875,54.220001220703125,54.560001373291016,7829400
2019-09-16,44.858062744140625,54.599998474121094,54.779998779296875,53.849998474121094,53.97999954223633,4588700
2019-09-17,44.29939270019531,53.91999816894531,54.349998474121094,53.47999954223633,54.349998474121094,5810600
2019-09-18,44.619808197021484,54.310001373291016,54.54999923706055,53.349998474121094,53.630001068115234,7089900
2019-09-19,44.22544860839844,53.83000183105469,54.709999084472656,53.7400016784668,54.18000030517578,5765000
2019-09-20,44.06011962890625,53.29999923706055,53.970001220703125,53.130001068115234,53.540000915527344,6592100
2019-09-23,44.09318923950195,53.34000015258789,53.56999969482422,52.68000030517578,52.91999816894531,3880200
2019-09-24,43.44841384887695,52.560001373291016,53.5,52.25,53.29999923706055,8216400
2019-09-25,44.21718978881836,53.4900016784668,53.619998931884766,52.560001373291016,52.630001068115234,5950600
2019-09-26,43.688133239746094,52.849998474121094,53.40999984741211,52.810001373291016,53.29999923706055,6259700
2019-09-27,43.8947868347168,53.099998474121094,54.0,52.83000183105469,53.16999816894531,7067400
2019-09-30,43.638526916503906,52.790000915527344,53.470001220703125,52.790000915527344,53.25,6432700
2019-10-01,42.65483093261719,51.599998474121094,53.650001525878906,51.41999816894531,53.38999938964844,7462800
2019-10-02,42.12578201293945,50.959999084472656,51.400001525878906,50.560001373291016,51.13999938964844,6149100
2019-10-03,42.1671028137207,51.0099983215332,51.0099983215332,49.90999984741211,50.70000076293945,6626100
2019-10-04,42.671363830566406,51.619998931884766,51.689998626708984,50.61000061035156,51.16999816894531,5747300
2019-10-07,42.58042526245117,51.5099983215332,52.02000045776367,51.349998474121094,51.54999923706055,5869300
2019-10-08,41.480995178222656,50.18000030517578,50.88999938964844,50.119998931884766,50.86000061035156,6884600
2019-10-09,41.77030944824219,50.529998779296875,50.790000915527344,50.13999938964844,50.54999923706055,3786000
2019-10-10,42.291107177734375,51.15999984741211,51.540000915527344,50.5,50.77000045776367,4769600
2019-10-11,43.10948944091797,52.150001525878906,52.79999923706055,52.09000015258789,52.09000015258789,7122000
2019-10-14,43.084686279296875,52.119998931884766,52.2599983215332,51.599998474121094,51.7400016784668,2406600
2019-10-15,43.82865524291992,53.02000045776367,53.29999923706055,52.150001525878906,52.349998474121094,5134700
2019-10-16,43.67160415649414,52.83000183105469,53.45000076293945,52.58000183105469,53.0099983215332,4789300
2019-10-17,43.481475830078125,52.599998474121094,53.04999923706055,52.45000076293945,53.02000045776367,4655500
2019-10-18,43.99398422241211,53.220001220703125,53.40999984741211,52.630001068115234,52.630001068115234,4706500
2019-10-21,44.580909729003906,53.93000030517578,54.209999084472656,53.720001220703125,53.72999954223633,5557000
2019-10-22,44.76277160644531,54.150001525878906,54.77000045776367,53.34000015258789,53.93000030517578,7314600
2019-10-23,44.87850570678711,54.290000915527344,54.36000061035156,53.779998779296875,53.9900016784668,5332500
2019-10-24,44.50651931762695,53.84000015258789,54.47999954223633,53.54999923706055,54.369998931884766,3604200
2019-10-25,44.96942138671875,54.400001525878906,54.66999816894531,53.75,53.75,3542300
2019-10-28,45.4240837097168,54.95000076293945,55.13999938964844,54.5099983215332,54.7599983215332,7457000
2019-10-29,45.68861389160156,55.27000045776367,55.400001525878906,54.5099983215332,54.72999954223633,4962600
2019-10-30,45.242225646972656,54.72999954223633,55.189998626708984,54.349998474121094,55.060001373291016,6516000
2019-10-31,44.556114196777344,53.900001525878906,54.4900016784668,53.279998779296875,54.310001373291016,7693400
2019-11-01,45.49848175048828,55.040000915527344,55.040000915527344,54.150001525878906,54.439998626708984,7541000
2019-11-04,46.38299560546875,56.11000061035156,56.150001525878906,55.40999984741211,55.54999923706055,6166900
2019-11-05,46.854190826416016,56.68000030517578,57.06999969482422,56.33000183105469,56.349998474121094,6966800
2019-11-06,46.59791946411133,56.369998931884766,56.529998779296875,56.0099983215332,56.5099983215332,4810700
2019-11-07,46.920310974121094,56.7599983215332,57.33000183105469,56.59000015258789,56.95000076293945,5133200
2019-11-08,46.9533805847168,56.79999923706055,56.95000076293945,56.380001068115234,56.630001068115234,4069300
2019-11-11,46.70538330078125,56.5,56.810001373291016,56.29999923706055,56.400001525878906,2154500
2019-11-12,46.79631423950195,56.61000061035156,56.869998931884766,56.20000076293945,56.599998474121094,4208000
2019-11-13,46.25899124145508,55.959999084472656,56.279998779296875,55.630001068115234,55.90999984741211,9086900
2019-11-14,46.19286346435547,55.880001068115234,56.029998779296875,55.54999923706055,55.72999954223633,4749800
2019-11-15,46.27552795410156,55.97999954223633,56.279998779296875,55.81999969482422,56.150001525878906,3683700
2019-11-18,46.02753829956055,55.68000030517578,55.869998931884766,55.36000061035156,55.779998779296875,3472700
2019-11-19,46.17633819580078,55.86000061035156,56.06999969482422,55.540000915527344,55.83000183105469,3810000
2019-11-20,45.961395263671875,55.599998474121094,55.93000030517578,55.130001068115234,55.560001373291016,5749500
2019-11-21,45.903533935546875,55.529998779296875,55.9900016784668,55.220001220703125,55.86000061035156,2902200
2019-11-22,46.23419952392578,55.93000030517578,56.20000076293945,55.630001068115234,55.65999984741211,3330500
2019-11-25,46.713645935058594,56.5099983215332,56.63999938964844,55.880001068115234,56.09000015258789,5113400
2019-11-26,46.4243278503418,56.15999984741211,56.41999816894531,56.02000045776367,56.369998931884766,4349700
2019-11-27,46.738441467285156,56.540000915527344,56.66999816894531,56.2400016784668,56.470001220703125,3170400
2019-11-29,46.47392272949219,56.220001220703125,56.689998626708984,56.18000030517578,56.459999084472656,1234200
2019-12-02,46.201133728027344,55.88999938964844,56.83000183105469,55.83000183105469,56.68000030517578,11040700
2019-12-03,45.56460952758789,55.119998931884766,55.189998626708984,54.619998931884766,55.04999923706055,7121800
2019-12-04,46.18459701538086,55.869998931884766,56.11000061035156,55.290000915527344,55.349998474121094,5085000
2019-12-05,46.37472152709961,56.099998474121094,56.279998779296875,55.88999938964844,56.119998931884766,4875300
2019-12-06,47.03604507446289,56.900001525878906,57.279998779296875,56.83000183105469,57.16999816894531,6831000
2019-12-09,47.05257034301758,56.91999816894531,57.13999938964844,56.650001525878906,56.65999984741211,5237800
2019-12-10,47.168312072753906,57.060001373291016,57.2400016784668,56.65999984741211,56.77000045776367,3802100
2019-12-11,47.0443115234375,56.90999984741211,57.310001373291016,56.779998779296875,57.029998779296875,2832100
2019-12-12,48.515724182128906,58.689998626708984,58.81999969482422,56.91999816894531,56.91999816894531,7305900
2019-12-13,48.110679626464844,58.20000076293945,59.02000045776367,57.810001373291016,58.5,7759300
2019-12-16,48.449607849121094,58.61000061035156,59.08000183105469,58.540000915527344,58.790000915527344,8469500
2019-12-17,48.953857421875,59.220001220703125,59.29999923706055,58.47999954223633,58.560001373291016,7348600
2019-12-18,48.747196197509766,58.970001220703125,59.380001068115234,58.869998931884766,59.27000045776367,3756200
2019-12-19,48.672794342041016,58.880001068115234,59.04999923706055,58.75,58.970001220703125,4613100
2019-12-20,48.735172271728516,58.59000015258789,58.959999084472656,58.439998626708984,58.83000183105469,6168400
2019-12-23,48.444053649902344,58.2400016784668,58.79999923706055,58.15999984741211,58.630001068115234,2582600
2019-12-24,48.56051254272461,58.380001068115234,58.52000045776367,58.13999938964844,58.349998474121094,2017100
2019-12-26,48.66032028198242,58.5,58.619998931884766,58.27000045776367,58.4900016784668,1347700
2019-12-27,48.33591842651367,58.11000061035156,58.540000915527344,58.04999923706055,58.540000915527344,2176600
2019-12-30,48.31096649169922,58.08000183105469,58.5099983215332,58.08000183105469,58.5099983215332,4132600
2019-12-31,48.45237350463867,58.25,58.47999954223633,58.029998779296875,58.119998931884766,2535200
2020-01-02,48.58546447753906,58.40999984741211,58.470001220703125,57.77000045776367,58.459999084472656,3811400
2020-01-03,48.0614128112793,57.779998779296875,58.0099983215332,57.2599983215332,57.61000061035156,6355500
2020-01-06,47.64552688598633,57.279998779296875,57.439998626708984,56.779998779296875,57.36000061035156,5437000
2020-01-07,47.3460693359375,56.91999816894531,57.209999084472656,56.65999984741211,57.15999984741211,4620200
2020-01-08,47.69541931152344,57.34000015258789,57.59000015258789,56.90999984741211,56.91999816894531,5006800
2020-01-09,47.86179733276367,57.540000915527344,57.75,57.33000183105469,57.630001068115234,5647700
2020-01-10,47.354393005371094,56.93000030517578,57.52000045776367,56.79999923706055,57.459999084472656,8127200
2020-01-13,47.59561538696289,57.220001220703125,57.2400016784668,56.68000030517578,57.02000045776367,3628100
2020-01-14,47.67879104614258,57.31999969482422,57.689998626708984,56.9900016784668,57.18000030517578,4521600
2020-01-15,47.07990264892578,56.599998474121094,57.04999923706055,56.33000183105469,56.84000015258789,10385900
2020-01-16,47.753658294677734,57.40999984741211,57.47999954223633,56.88999938964844,56.900001525878906,7366500
2020-01-17,47.86179733276367,57.540000915527344,57.95000076293945,57.439998626708984,57.90999984741211,8412800
2020-01-21,47.24625015258789,56.79999923706055,57.40999984741211,56.790000915527344,57.13999938964844,5027900
2020-01-22,47.2878532409668,56.849998474121094,57.029998779296875,56.650001525878906,56.880001068115234,4256600
2020-01-23,47.36270523071289,56.939998626708984,57.040000915527344,56.06999969482422,56.63999938964844,5487300
2020-01-24,46.5142707824707,55.91999816894531,57.0,55.369998931884766,56.900001525878906,10017600
2020-01-27,45.707435607910156,54.95000076293945,55.43000030517578,54.630001068115234,54.77000045776367,8614800
2020-01-28,46.106689453125,55.43000030517578,55.84000015258789,55.099998474121094,55.400001525878906,5870100
2020-01-29,45.54106521606445,54.75,55.779998779296875,54.709999084472656,55.54999923706055,5794600
2020-01-30,45.99856185913086,55.29999923706055,55.33000183105469,54.06999969482422,54.279998779296875,6160000
2020-01-31,45.075252532958984,54.189998626708984,54.900001525878906,54.04999923706055,54.810001373291016,8871900
2020-02-03,45.67415237426758,54.90999984741211,55.16999816894531,54.5099983215332,54.529998779296875,8341700
2020-02-04,46.314640045166016,55.68000030517578,56.099998474121094,55.599998474121094,55.84000015258789,11053400
2020-02-05,47.354393005371094,56.93000030517578,57.040000915527344,56.31999969482422,56.31999969482422,9558300
2020-02-06,46.86362075805664,56.34000015258789,57.36000061035156,56.290000915527344,57.2400016784668,5807800
2020-02-07,46.40614318847656,55.790000915527344,56.060001373291016,55.61000061035156,55.880001068115234,5569400
2020-02-10,46.36455154418945,55.7400016784668,55.7400016784668,55.36000061035156,55.459999084472656,3071000
2020-02-11,46.72222137451172,56.16999816894531,56.59000015258789,55.959999084472656,56.099998474121094,4995400
2020-02-12,46.84700012207031,56.31999969482422,56.7599983215332,56.099998474121094,56.560001373291016,4410900
2020-02-13,47.07157516479492,56.59000015258789,56.650001525878906,55.9900016784668,56.02000045776367,8503400
2020-02-14,46.76382827758789,56.220001220703125,56.709999084472656,56.04999923706055,56.54999923706055,5276400
2020-02-18,46.13164138793945,55.459999084472656,56.209999084472656,55.130001068115234,55.91999816894531,7410600
2020-02-19,46.5142707824707,55.91999816894531,56.04999923706055,55.47999954223633,55.68000030517578,5375500
2020-02-20,46.930171966552734,56.41999816894531,56.65999984741211,55.66999816894531,55.66999816894531,7806800
2020-02-21,46.2896842956543,55.650001525878906,56.13999938964844,55.290000915527344,56.09000015258789,9623900
2020-02-24,44.858985900878906,53.93000030517578,54.2599983215332,53.529998779296875,54.150001525878906,9308500
2020-02-25,43.12885284423828,51.849998474121094,54.04999923706055,51.650001525878906,54.0,11800100
2020-02-26,42.41349792480469,50.9900016784668,52.47999954223633,50.91999816894531,52.06999969482422,8492000
2020-02-27,40.699989318847656,48.93000030517578,51.189998626708984,48.90999984741211,49.79999923706055,13750500
2020-02-28,39.51883316040039,47.5099983215332,48.2599983215332,46.41999816894531,47.45000076293945,13822800
2020-03-02,41.298892974853516,49.650001525878906,49.68000030517578,46.90999984741211,47.40999984741211,9062300
2020-03-03,39.58538818359375,47.59000015258789,50.150001525878906,47.04999923706055,49.599998474121094,15844900
2020-03-04,40.292415618896484,48.439998626708984,48.560001373291016,46.79999923706055,48.279998779296875,12236100
2020-03-05,38.17964172363281,45.900001525878906,47.040000915527344,45.31999969482422,47.040000915527344,11490600
2020-03-06,36.50771713256836,43.88999938964844,45.279998779296875,43.029998779296875,44.11000061035156,9931700
2020-03-09,30.851476669311523,37.09000015258789,40.369998931884766,36.939998626708984,39.779998779296875,11877900
2020-03-10,33.03078842163086,39.709999084472656,39.81999969482422,37.119998931884766,38.83000183105469,14950900
2020-03-11,30.735023498535156,36.95000076293945,38.849998474121094,36.41999816894531,38.33000183105469,14164900
2020-03-12,28.156435012817383,33.849998474121094,37.150001525878906,32.84000015258789,33.939998626708984,18536000
2020-03-13,31.3089599609375,37.63999938964844,37.68000030517578,34.65999984741211,36.40999984741211,11725700
2020-03-16,27.033510208129883,32.5,34.5,30.829999923706055,32.380001068115234,8745800
2020-03-17,29.079740524291992,34.959999084472656,35.34000015258789,31.59000015258789,33.2599983215332,9275600
2020-03-18,26.060304641723633,31.329999923706055,33.59000015258789,30.3799991607666,32.68000030517578,10038800
2020-03-19,27.449413299560547,33.0,33.65999984741211,29.219999313354492,30.979999542236328,10306700
2020-03-20,25.63608741760254,30.81999969482422,33.65999984741211,30.709999084472656,33.13999938964844,15406900
2020-03-23,23.657222747802734,28.1299991607666,30.479999542236328,27.260000228881836,30.479999542236328,13311600
2020-03-24,26.398876190185547,31.389999389648438,31.459999084472656,29.739999771118164,29.8700008392334,8583100
2020-03-25,26.6848087310791,31.729999542236328,32.970001220703125,30.290000915527344,32.119998931884766,13872500
2020-03-26,28.972318649291992,34.45000076293945,34.72999954223633,31.649999618530273,32.02000045776367,12251300
2020-03-27,28.030399322509766,33.33000183105469,34.38999938964844,32.47999954223633,33.13999938964844,8008900
2020-03-30,27.98834991455078,33.279998779296875,33.5099983215332,32.15999984741211,33.310001373291016,10279800
2020-03-31,27.408063888549805,32.59000015258789,33.59000015258789,31.959999084472656,32.9900016784668,7739300
2020-04-01,25.63355827331543,30.479999542236328,31.110000610351562,30.149999618530273,30.84000015258789,9120100
2020-04-02,26.112930297851562,31.049999237060547,31.979999542236328,30.1299991607666,30.290000915527344,8530300
2020-04-03,24.826210021972656,29.520000457763672,31.270000457763672,29.139999389648438,31.040000915527344,6914900
2020-04-06,26.89505958557129,31.979999542236328,32.220001220703125,30.950000762939453,30.959999084472656,10757000
2020-04-07,27.660369873046875,32.88999938964844,34.66999816894531,32.650001525878906,33.7400016784668,11652500
2020-04-08,29.132110595703125,34.63999938964844,34.849998474121094,32.97999954223633,33.45000076293945,10806500
2020-04-09,31.436443328857422,37.380001068115234,37.56999969482422,35.81999969482422,35.849998474121094,16973200
2020-04-13,29.661930084228516,35.27000045776367,37.5,34.91999816894531,37.5,8895600
2020-04-14,29.182565689086914,34.70000076293945,36.4900016784668,34.029998779296875,36.369998931884766,14920000
2020-04-15,27.21463966369629,32.36000061035156,33.369998931884766,32.2400016784668,33.369998931884766,11372500
2020-04-16,26.21384620666504,31.170000076293945,32.5099983215332,30.6200008392334,32.470001220703125,14381000
2020-04-17,28.585464477539062,33.9900016784668,34.189998626708984,32.630001068115234,32.880001068115234,14154200
2020-04-20,28.51818084716797,33.90999984741211,34.81999969482422,32.650001525878906,33.15999984741211,14338200
2020-04-21,27.727642059326172,32.970001220703125,33.599998474121094,32.47999954223633,32.77000045776367,11267000
2020-04-22,27.609907150268555,32.83000183105469,34.2599983215332,32.68000030517578,33.810001373291016,7897300
2020-04-23,28.122909545898438,33.439998626708984,34.150001525878906,33.040000915527344,33.040000915527344,7602000
2020-04-24,28.9050350189209,34.369998931884766,34.70000076293945,33.369998931884766,33.75,5932000
2020-04-27,30.822509765625,36.650001525878906,36.97999954223633,34.59000015258789,34.869998931884766,10027200
2020-04-28,31.604637145996094,37.58000183105469,38.720001220703125,37.20000076293945,37.900001525878906,10311400
2020-04-29,33.412784576416016,39.72999954223633,40.36000061035156,38.560001373291016,38.90999984741211,11157100
2020-04-30,32.06718444824219,38.130001068115234,39.02000045776367,37.63999938964844,38.95000076293945,7498000
2020-05-01,30.55339813232422,36.33000183105469,37.220001220703125,35.79999923706055,37.099998474121094,8242400
2020-05-04,30.25063133239746,35.970001220703125,36.060001373291016,35.04999923706055,35.65999984741211,6703100
2020-05-05,29.67034149169922,35.279998779296875,37.279998779296875,35.150001525878906,36.689998626708984,8834100
2020-05-06,28.888214111328125,34.349998474121094,35.939998626708984,34.209999084472656,35.72999954223633,8721300
2020-05-07,29.275074005126953,34.810001373291016,36.0099983215332,34.63999938964844,34.849998474121094,11203200
2020-05-08,30.730003356933594,36.540000915527344,36.68000030517578,35.54999923706055,35.59000015258789,8146600
2020-05-11,29.418041229248047,34.97999954223633,35.939998626708984,34.599998474121094,35.93000030517578,12565700
2020-05-12,27.912662506103516,33.189998626708984,35.349998474121094,33.130001068115234,35.29999923706055,12043300
2020-05-13,26.40728187561035,31.399999618530273,32.9900016784668,30.799999237060547,32.939998626708984,12188700
2020-05-14,27.24828338623047,32.400001525878906,32.650001525878906,29.719999313354492,30.59000015258789,13663700
2020-05-15,26.945520401000977,32.040000915527344,32.5099983215332,31.6299991607666,32.029998779296875,11608600
2020-05-18,29.63670539855957,35.2400016784668,35.5,33.540000915527344,33.619998931884766,15877800
2020-05-19,28.349977493286133,33.709999084472656,35.119998931884766,33.66999816894531,34.9900016784668,12057100
2020-05-20,29.79649543762207,35.43000030517578,35.59000015258789,34.41999816894531,34.470001220703125,10069500
2020-05-21,29.687162399291992,35.29999923706055,35.95000076293945,35.130001068115234,35.279998779296875,10284400
2020-05-22,29.376001358032227,34.93000030517578,35.79999923706055,34.540000915527344,35.41999816894531,10088400
2020-05-26,31.84852409362793,37.869998931884766,38.31999969482422,36.459999084472656,36.52000045776367,15369200
2020-05-27,34.15285873413086,40.61000061035156,40.66999816894531,38.66999816894531,39.7599983215332,16911600
2020-05-28,32.91659164428711,39.13999938964844,41.34000015258789,38.91999816894531,41.34000015258789,15243100
2020-05-29,32.10923385620117,38.18000030517578,38.779998779296875,37.70000076293945,38.52000045776367,13349100
2020-06-01,32.420406341552734,38.54999923706055,39.16999816894531,37.959999084472656,38.38999938964844,9076700
2020-06-02,32.31949234008789,38.43000030517578,39.4900016784668,38.06999969482422,39.20000076293945,13086200
2020-06-03,34.186500549316406,40.650001525878906,41.099998474121094,39.45000076293945,39.529998779296875,15419300
2020-06-04,35.41434860229492,42.11000061035156,42.15999984741211,40.0,40.470001220703125,13924800
2020-06-05,37.46638870239258,44.54999923706055,46.119998931884766,44.220001220703125,45.869998931884766,20552400
2020-06-08,38.70263671875,46.02000045776367,46.470001220703125,45.040000915527344,45.970001220703125,12508200
2020-06-09,37.76072692871094,44.900001525878906,45.599998474121094,44.02000045776367,44.83000183105469,11905300
2020-06-10,35.246150970458984,41.90999984741211,44.77000045776367,41.84000015258789,44.72999954223633,18967500
2020-06-11,31.966257095336914,38.0099983215332,39.84000015258789,37.869998931884766,39.130001068115234,15421900
2020-06-12,33.13526153564453,39.400001525878906,40.2400016784668,37.970001220703125,39.95000076293945,17997000
2020-06-15,33.614620208740234,39.970001220703125,40.31999969482422,37.459999084472656,37.650001525878906,14701900
2020-06-16,34.81724548339844,41.400001525878906,42.25,40.18000030517578,42.0,17363600
2020-06-17,33.749176025390625,40.130001068115234,41.630001068115234,40.02000045776367,41.540000915527344,9022700
2020-06-18,33.900550842285156,40.310001373291016,41.0099983215332,39.40999984741211,39.529998779296875,6878200
2020-06-19,33.53892135620117,39.880001068115234,41.290000915527344,38.9900016784668,41.13999938964844,12166800
2020-06-22,33.49140167236328,39.470001220703125,39.88999938964844,38.689998626708984,39.150001525878906,6443800
2020-06-23,33.1350212097168,39.04999923706055,40.61000061035156,39.02000045776367,40.279998779296875,8545800
2020-06-24,31.395540237426758,37.0,38.5099983215332,36.75,38.459999084472656,13016900
2020-06-25,32.439231872558594,38.22999954223633,38.279998779296875,36.5099983215332,36.68000030517578,10426500
2020-06-26,30.462158203125,35.900001525878906,37.40999984741211,35.75,37.380001068115234,14126000
2020-06-29,31.768896102905273,37.439998626708984,37.86000061035156,36.220001220703125,36.38999938964844,12179900
2020-06-30,32.57500076293945,38.38999938964844,38.619998931884766,36.970001220703125,37.20000076293945,7698100
2020-07-01,31.21734619140625,36.790000915527344,38.619998931884766,36.689998626708984,38.560001373291016,9401700
2020-07-02,31.064619064331055,36.61000061035156,38.43000030517578,36.47999954223633,37.849998474121094,10308300
2020-07-06,31.395540237426758,37.0,38.279998779296875,36.61000061035156,37.54999923706055,9286600
2020-07-07,30.300947189331055,35.709999084472656,36.779998779296875,35.54999923706055,36.619998931884766,9710200
2020-07-08,30.258516311645508,35.65999984741211,36.25,34.90999984741211,35.650001525878906,11416900
2020-07-09,29.011186599731445,34.189998626708984,35.650001525878906,33.9900016784668,35.47999954223633,10355700
2020-07-10,30.4451847076416,35.880001068115234,35.90999984741211,34.220001220703125,34.25,9691000
2020-07-13,30.87794303894043,36.38999938964844,37.06999969482422,35.41999816894531,36.47999954223633,12640700
2020-07-14,30.233062744140625,35.630001068115234,36.380001068115234,35.130001068115234,36.119998931884766,15974800
2020-07-15,32.02345657348633,37.7400016784668,37.959999084472656,36.560001373291016,36.75,12162400
2020-07-16,31.938602447509766,37.63999938964844,38.40999984741211,36.900001525878906,37.310001373291016,8529600
2020-07-17,31.132495880126953,36.689998626708984,37.869998931884766,36.61000061035156,37.59000015258789,12849500
2020-07-20,30.57246971130371,36.029998779296875,36.68000030517578,35.869998931884766,36.41999816894531,8645900
2020-07-21,32.32892608642578,38.099998474121094,38.15999984741211,36.41999816894531,36.47999954223633,12041500
2020-07-22,32.01496124267578,37.72999954223633,38.04999923706055,37.209999084472656,37.68000030517578,9824500
2020-07-23,32.83805465698242,38.70000076293945,38.970001220703125,37.58000183105469,37.63999938964844,11159500
2020-07-24,32.64289093017578,38.470001220703125,39.290000915527344,38.41999816894531,38.72999954223633,11459500
2020-07-27,31.853748321533203,37.540000915527344,38.279998779296875,37.29999923706055,38.279998779296875,8278300
2020-07-28,31.68404769897461,37.34000015258789,37.84000015258789,37.22999954223633,37.34000015258789,4715000
2020-07-29,32.77864456176758,38.630001068115234,38.689998626708984,37.08000183105469,37.34000015258789,6921600
2020-07-30,32.19316482543945,37.939998626708984,37.97999954223633,36.880001068115234,37.66999816894531,7689900
2020-07-31,31.887697219848633,37.58000183105469,37.79999923706055,36.79999923706055,37.779998779296875,8749700
2020-08-03,31.794355392456055,37.470001220703125,37.900001525878906,37.08000183105469,37.77000045776367,5677000
2020-08-04,31.624645233154297,37.27000045776367,37.4900016784668,36.900001525878906,37.369998931884766,6339500
2020-08-05,32.41377639770508,38.20000076293945,38.290000915527344,37.470001220703125,37.689998626708984,7562100
2020-08-06,32.2186279296875,37.970001220703125,38.43000030517578,37.75,38.0099983215332,4766800
2020-08-07,33.64414596557617,39.650001525878906,39.650001525878906,37.439998626708984,37.75,7745200
2020-08-10,34.27206039428711,40.38999938964844,41.08000183105469,39.779998779296875,39.849998474121094,12588800
2020-08-11,34.94239044189453,41.18000030517578,42.22999954223633,40.970001220703125,41.400001525878906,11744000
2020-08-12,34.71329879760742,40.90999984741211,42.15999984741211,40.130001068115234,42.040000915527344,11228200
2020-08-13,34.025978088378906,40.099998474121094,40.7599983215332,39.9900016784668,40.40999984741211,8244300
2020-08-14,34.4757080078125,40.630001068115234,40.97999954223633,39.54999923706055,39.95000076293945,8091900
2020-08-17,33.85628890991211,39.900001525878906,40.560001373291016,39.63999938964844,40.380001068115234,6032000
2020-08-18,32.829551696777344,38.689998626708984,39.959999084472656,38.619998931884766,39.880001068115234,9777600
2020-08-19,33.033203125,38.93000030517578,39.529998779296875,38.52000045776367,38.810001373291016,6930000
2020-08-20,32.303466796875,38.06999969482422,38.54999923706055,37.900001525878906,38.36000061035156,7424500
2020-08-21,32.057395935058594,37.779998779296875,38.34000015258789,37.4900016784668,37.93000030517578,6223000
2020-08-24,33.4150390625,39.380001068115234,39.380001068115234,37.7599983215332,38.20000076293945,10690200
2020-08-25,33.52536392211914,39.5099983215332,40.22999954223633,39.02000045776367,39.849998474121094,7029500
2020-08-26,32.73621368408203,38.58000183105469,39.540000915527344,38.58000183105469,39.540000915527344,6589200
2020-08-27,33.3980712890625,39.36000061035156,39.77000045776367,38.560001373291016,38.560001373291016,7942300
2020-08-28,33.372615814208984,39.33000183105469,39.83000183105469,39.060001373291016,39.77000045776367,6586400
2020-08-31,32.795616149902344,38.650001525878906,39.33000183105469,38.63999938964844,39.33000183105469,7155300
2020-09-01,32.829551696777344,38.689998626708984,39.11000061035156,37.97999954223633,38.54999923706055,8746400
2020-09-02,33.07563018798828,38.97999954223633,39.16999816894531,38.369998931884766,38.77000045776367,6825100
2020-09-03,33.1010856628418,39.0099983215332,40.650001525878906,38.849998474121094,39.11000061035156,12679400
2020-09-04,33.796875,39.83000183105469,40.459999084472656,39.130001068115234,39.91999816894531,12918600
2020-09-08,32.430747985839844,38.220001220703125,39.47999954223633,37.959999084472656,39.400001525878906,10739600
2020-09-09,32.22710037231445,37.97999954223633,38.58000183105469,37.58000183105469,38.52000045776367,8377200
2020-09-10,31.63313102722168,37.279998779296875,38.43000030517578,37.25,38.290000915527344,10956100
2020-09-11,31.802841186523438,37.47999954223633,37.65999984741211,36.970001220703125,37.38999938964844,7752100
2020-09-14,32.59197235107422,38.40999984741211,38.7400016784668,37.5099983215332,37.72999954223633,7954400
2020-09-15,31.98103141784668,37.689998626708984,38.58000183105469,37.56999969482422,38.54999923706055,7280600
2020-09-16,32.320438385009766,38.09000015258789,38.689998626708984,37.380001068115234,37.75,7468800
2020-09-17,32.14225387573242,37.880001068115234,38.06999969482422,37.33000183105469,37.47999954223633,5752300
2020-09-18,31.904661178588867,37.599998474121094,38.099998474121094,37.40999984741211,37.95000076293945,8624000
2020-09-21,30.40293312072754,35.4900016784668,36.72999954223633,35.11000061035156,36.400001525878906,12647200
2020-09-22,29.666202545166016,34.630001068115234,35.95000076293945,34.470001220703125,35.45000076293945,8552700
2020-09-23,29.04084587097168,33.900001525878906,35.54999923706055,33.869998931884766,34.849998474121094,6702900
2020-09-24,29.135072708129883,34.0099983215332,34.810001373291016,33.47999954223633,34.0,6596600
2020-09-25,29.59766960144043,34.54999923706055,34.63999938964844,33.58000183105469,33.790000915527344,6361500
2020-09-28,30.651355743408203,35.779998779296875,36.040000915527344,35.08000183105469,35.08000183105469,6204200
2020-09-29,30.231599807739258,35.290000915527344,35.709999084472656,34.720001220703125,35.709999084472656,4573800
2020-09-30,30.56569480895996,35.68000030517578,36.15999984741211,35.36000061035156,35.369998931884766,8971900
2020-10-01,30.771299362182617,35.91999816894531,36.15999984741211,35.380001068115234,35.880001068115234,8602000
2020-10-02,31.64508819580078,36.939998626708984,37.119998931884766,35.16999816894531,35.16999816894531,9628800
2020-10-05,32.96434783935547,38.47999954223633,38.529998779296875,37.38999938964844,37.400001525878906,13910000
2020-10-06,32.904380798339844,38.40999984741211,40.0099983215332,38.22999954223633,38.900001525878906,17276800
2020-10-07,33.83815383911133,39.5,39.97999954223633,38.959999084472656,38.97999954223633,9560600
2020-10-08,34.3607177734375,40.11000061035156,40.2599983215332,39.52000045776367,39.79999923706055,7713200
2020-10-09,33.97521209716797,39.65999984741211,40.58000183105469,39.470001220703125,40.36000061035156,13011700
2020-10-12,34.43781280517578,40.20000076293945,40.2599983215332,39.4900016784668,39.66999816894531,7597700
2020-10-13,33.37554168701172,38.959999084472656,40.02000045776367,38.84000015258789,40.02000045776367,10614300
2020-10-14,32.87868881225586,38.380001068115234,39.400001525878906,38.349998474121094,38.91999816894531,11131900
2020-10-15,33.67538833618164,39.310001373291016,39.34000015258789,37.869998931884766,37.959999084472656,6967400
2020-10-16,33.76105499267578,39.40999984741211,39.72999954223633,38.75,39.5099983215332,7495300
2020-10-19,33.5383186340332,39.150001525878906,40.029998779296875,39.08000183105469,39.70000076293945,9602100
2020-10-20,34.30930709838867,40.04999923706055,40.779998779296875,39.54999923706055,39.58000183105469,12004600
2020-10-21,34.43781280517578,40.20000076293945,40.529998779296875,39.90999984741211,40.11000061035156,9188400
2020-10-22,36.07403564453125,42.11000061035156,42.150001525878906,40.209999084472656,40.209999084472656,12621600
2020-10-23,36.485233306884766,42.59000015258789,43.09000015258789,41.84000015258789,42.470001220703125,11454000
2020-10-26,35.75706481933594,41.7400016784668,42.06999969482422,41.20000076293945,41.970001220703125,9924800
2020-10-27,34.523468017578125,40.29999923706055,41.65999984741211,40.25,41.61000061035156,10212200
2020-10-28,33.83815383911133,39.5,40.2599983215332,39.279998779296875,39.369998931884766,9575700
2020-10-29,34.72908401489258,40.540000915527344,40.7400016784668,38.810001373291016,39.52000045776367,6854800
2020-10-30,35.25164031982422,41.150001525878906,41.189998626708984,40.25,40.25,7741000
2020-11-02,36.23679733276367,42.29999923706055,42.4900016784668,41.099998474121094,41.790000915527344,9642900
2020-11-03,37.23908996582031,43.470001220703125,43.790000915527344,43.0099983215332,43.08000183105469,10271500
2020-11-04,34.58344650268555,40.369998931884766,41.849998474121094,40.33000183105469,41.65999984741211,21195000
2020-11-05,36.253936767578125,42.31999969482422,42.630001068115234,40.47999954223633,40.619998931884766,11973600
2020-11-06,35.43153762817383,41.36000061035156,42.869998931884766,41.189998626708984,42.75,8908900
2020-11-09,40.897037506103516,47.7400016784668,48.83000183105469,45.220001220703125,45.7599983215332,25406900
2020-11-10,41.39391326904297,48.31999969482422,48.810001373291016,47.34000015258789,48.02000045776367,12365000
2020-11-11,40.1431770324707,46.86000061035156,48.61000061035156,46.400001525878906,48.56999969482422,10794500
2020-11-12,39.24367904663086,45.810001373291016,46.33000183105469,45.15999984741211,45.93000030517578,10768400
2020-11-13,40.40874099731445,47.16999816894531,47.40999984741211,46.27000045776367,46.349998474121094,7968200
2020-11-16,42.113502502441406,49.15999984741211,49.47999954223633,48.369998931884766,49.02000045776367,11705200
2020-11-17,41.950740814208984,48.970001220703125,49.099998474121094,47.58000183105469,48.290000915527344,7031900
2020-11-18,41.222572326660156,48.119998931884766,49.599998474121094,48.099998474121094,49.209999084472656,7128400
2020-11-19,41.291107177734375,48.20000076293945,48.2599983215332,47.2599983215332,47.849998474121094,7059600
2020-11-20,40.837074279785156,47.66999816894531,47.90999984741211,47.220001220703125,47.779998779296875,7191500
2020-11-23,41.58238220214844,48.540000915527344,48.91999816894531,48.18000030517578,48.439998626708984,6674900
2020-11-24,43.629798889160156,50.93000030517578,51.06999969482422,49.540000915527344,49.630001068115234,13466500
2020-11-25,42.96160888671875,50.150001525878906,50.599998474121094,49.52000045776367,50.47999954223633,9328100
2020-11-27,42.34480285644531,49.43000030517578,50.189998626708984,48.95000076293945,50.04999923706055,5885000
2020-11-30,40.777103424072266,47.599998474121094,49.41999816894531,47.5,49.02000045776367,11750400
2020-12-01,41.822242736816406,48.81999969482422,49.459999084472656,48.52000045776367,48.779998779296875,10452200
2020-12-02,42.55896759033203,49.68000030517578,49.90999984741211,48.4900016784668,48.72999954223633,8036400
2020-12-03,42.79026412963867,49.95000076293945,50.349998474121094,49.2599983215332,49.7599983215332,8147600
2020-12-04,43.612667083740234,50.90999984741211,51.040000915527344,50.189998626708984,50.52000045776367,7047400
2020-12-07,43.552696228027344,50.84000015258789,51.02000045776367,50.060001373291016,50.7400016784668,6193200
2020-12-08,43.53556442260742,50.81999969482422,51.060001373291016,50.279998779296875,50.290000915527344,3804900
2020-12-09,43.7068977355957,51.02000045776367,51.709999084472656,50.65999984741211,51.2599983215332,8907300
2020-12-10,43.878231048583984,51.220001220703125,51.290000915527344,50.33000183105469,50.459999084472656,5395000
2020-12-11,43.46702575683594,50.7400016784668,51.060001373291016,50.310001373291016,50.58000183105469,6171700
2020-12-14,43.18433380126953,50.40999984741211,51.70000076293945,50.20000076293945,51.58000183105469,6861800
2020-12-15,44.135215759277344,51.52000045776367,51.619998931884766,50.41999816894531,50.83000183105469,7033000
2020-12-16,44.16950225830078,51.560001373291016,51.709999084472656,51.04999923706055,51.66999816894531,5311900
2020-12-17,43.98102569580078,51.34000015258789,51.61000061035156,50.709999084472656,51.61000061035156,5170000
2020-12-18,43.329952239990234,50.58000183105469,51.59000015258789,50.290000915527344,51.40999984741211,7251600
2020-12-21,43.55876541137695,50.45000076293945,50.790000915527344,49.68000030517578,50.25,7277500
2020-12-22,43.2220344543457,50.060001373291016,50.84000015258789,50.02000045776367,50.720001220703125,5315700
2020-12-23,44.64664840698242,51.709999084472656,51.79999923706055,50.470001220703125,50.470001220703125,8758800
2020-12-24,44.42216110229492,51.45000076293945,51.86000061035156,50.86000061035156,51.849998474121094,2148800
2020-12-28,44.70708465576172,51.779998779296875,52.310001373291016,51.349998474121094,51.88999938964844,4348600
2020-12-29,44.016361236572266,50.97999954223633,51.93000030517578,50.72999954223633,51.900001525878906,3779300
2020-12-30,44.57758331298828,51.630001068115234,51.810001373291016,51.060001373291016,51.13999938964844,3888000
2020-12-31,44.85387420654297,51.95000076293945,52.150001525878906,51.130001068115234,51.58000183105469,2972000
2021-01-04,44.64664840698242,51.709999084472656,52.52000045776367,50.79999923706055,52.369998931884766,14335000
2021-01-05,45.24239730834961,52.400001525878906,52.91999816894531,51.59000015258789,51.65999984741211,8263100
2021-01-06,48.77373504638672,56.4900016784668,57.150001525878906,53.9900016784668,54.0,17710800
2021-01-07,49.9047966003418,57.79999923706055,58.400001525878906,57.22999954223633,57.70000076293945,9894900
2021-01-08,49.23996353149414,57.029998779296875,58.15999984741211,55.95000076293945,58.0099983215332,12358800
2021-01-11,49.947959899902344,57.849998474121094,57.90999984741211,55.91999816894531,56.45000076293945,8441000
2021-01-12,50.802734375,58.84000015258789,59.25,57.93000030517578,58.15999984741211,9581700
2021-01-13,50.40556716918945,58.380001068115234,58.79999923706055,57.72999954223633,58.75,11988500
2021-01-14,51.49345016479492,59.63999938964844,59.86000061035156,58.63999938964844,58.90999984741211,7568400
2021-01-15,50.41420364379883,58.38999938964844,59.029998779296875,57.849998474121094,58.33000183105469,10596800
2021-01-19,50.81999206542969,58.86000061035156,59.0099983215332,58.220001220703125,58.95000076293945,6110200
2021-01-20,50.42282485961914,58.400001525878906,58.9900016784668,57.90999984741211,58.900001525878906,8312900
2021-01-21,49.42991638183594,57.25,58.630001068115234,56.970001220703125,58.380001068115234,5697100
2021-01-22,50.042930603027344,57.959999084472656,58.04999923706055,56.61000061035156,56.689998626708984,9053900
2021-01-25,49.63712692260742,57.4900016784668,57.59000015258789,56.029998779296875,57.279998779296875,14262700
2021-01-26,48.946407318115234,56.689998626708984,58.119998931884766,56.63999938964844,57.75,8168400
2021-01-27,47.26276779174805,54.7400016784668,55.90999984741211,54.599998474121094,55.560001373291016,12534000
2021-01-28,48.108909606933594,55.720001220703125,56.029998779296875,55.11000061035156,55.5,9123100
2021-01-29,46.943302154541016,54.369998931884766,56.11000061035156,54.13999938964844,55.75,10006100
2021-02-01,47.7980842590332,55.36000061035156,55.52000045776367,54.13999938964844,54.810001373291016,4826700
2021-02-02,48.98957824707031,56.7400016784668,57.08000183105469,55.7400016784668,56.150001525878906,6753200
2021-02-03,49.41264724731445,57.22999954223633,57.29999923706055,56.29999923706055,56.81999969482422,4925800
2021-02-04,50.98404312133789,59.04999923706055,59.310001373291016,57.56999969482422,57.599998474121094,11819900
2021-02-05,50.897705078125,58.95000076293945,59.79999923706055,58.560001373291016,59.529998779296875,5807100
2021-02-08,51.976959228515625,60.20000076293945,60.220001220703125,59.119998931884766,59.310001373291016,4222100
2021-02-09,52.60724639892578,60.93000030517578,60.97999954223633,59.68000030517578,60.09000015258789,4929500
2021-02-10,52.59860610961914,60.91999816894531,61.790000915527344,60.540000915527344,61.18000030517578,7805100
2021-02-11,52.24460983276367,60.5099983215332,61.380001068115234,59.619998931884766,61.040000915527344,7413400
2021-02-12,52.736751556396484,61.08000183105469,61.38999938964844,60.15999984741211,60.540000915527344,5596700
2021-02-16,54.17863845825195,62.75,63.08000183105469,61.68000030517578,61.93000030517578,10572400
2021-02-17,54.014583587646484,62.560001373291016,63.290000915527344,62.130001068115234,62.619998931884766,4718900
2021-02-18,53.38431167602539,61.83000183105469,62.45000076293945,61.36000061035156,62.060001373291016,3841800
2021-02-19,55.093849182128906,63.810001373291016,63.90999984741211,62.119998931884766,62.220001220703125,4639900
2021-02-22,56.224910736083984,65.12000274658203,65.55000305175781,63.68000030517578,63.70000076293945,7394100
2021-02-23,56.78612518310547,65.7699966430664,65.95999908447266,64.80000305175781,65.56999969482422,15518900
2021-02-24,58.52156448364258,67.77999877929688,68.05000305175781,66.12000274658203,66.18000030517578,13330400
2021-02-25,56.79475402832031,65.77999877929688,68.73999786376953,65.69000244140625,68.5199966430664,13830300
2021-02-26,55.48238754272461,64.26000213623047,65.75,63.650001525878906,65.31999969482422,9759800
2021-03-01,57.47684097290039,66.56999969482422,66.95999908447266,65.47000122070312,65.72000122070312,8083100
2021-03-02,56.89836883544922,65.9000015258789,66.66999816894531,65.7300033569336,66.41999816894531,6389300
2021-03-03,57.390506744384766,66.47000122070312,68.16999816894531,66.23999786376953,66.36000061035156,13125600
2021-03-04,56.62206268310547,65.58000183105469,67.31999969482422,64.36000061035156,66.45999908447266,12793100
2021-03-05,58.10713195800781,67.30000305175781,67.55000305175781,64.61000061035156,66.98999786376953,12621500
2021-03-08,59.60946273803711,69.04000091552734,70.16000366210938,67.75,68.18000030517578,10995700
2021-03-09,58.43523406982422,67.68000030517578,68.76000213623047,66.45999908447266,68.48999786376953,9015100
2021-03-10,59.790767669677734,69.25,69.31999969482422,67.69999694824219,68.01000213623047,9062000
2021-03-11,60.23973846435547,69.7699966430664,70.06999969482422,68.54000091552734,69.08000183105469,6034400
2021-03-12,61.38807678222656,71.0999984741211,71.52999877929688,70.43000030517578,70.80000305175781,6260700
2021-03-15,60.73188018798828,70.33999633789062,71.41999816894531,69.43000030517578,71.30999755859375,7530300
2021-03-16,59.8166618347168,69.27999877929688,69.87000274658203,68.41000366210938,69.83999633789062,5867600
2021-03-17,60.22247314453125,69.75,70.56999969482422,69.0,69.9800033569336,7508000
2021-03-18,60.55057144165039,70.12999725341797,72.9000015258789,69.72000122070312,70.77999877929688,13961700
2021-03-19,60.0497932434082,69.55000305175781,70.31999969482422,68.0199966430664,69.44999694824219,14167700
2021-03-22,58.1574821472168,67.02999877929688,68.75,66.51000213623047,68.61000061035156,10110600
2021-03-23,56.19662857055664,64.7699966430664,66.72000122070312,64.33000183105469,66.41000366210938,11602600
2021-03-24,55.858245849609375,64.37999725341797,66.88999938964844,64.31999969482422,65.52999877929688,6694900
2021-03-25,57.45468521118164,66.22000122070312,66.5999984741211,63.380001068115234,63.91999816894531,8062100
2021-03-26,58.599979400634766,67.54000091552734,67.97000122070312,66.44000244140625,67.23999786376953,7258100
2021-03-29,56.69118118286133,65.33999633789062,67.02999877929688,64.66999816894531,66.58000183105469,8634800
2021-03-30,58.114105224609375,66.9800033569336,67.43000030517578,65.97000122070312,66.0,7714500
2021-03-31,57.558815002441406,66.33999633789062,67.3499984741211,66.0999984741211,67.02999877929688,5552700
2021-04-01,57.975284576416016,66.81999969482422,66.91999816894531,65.91000366210938,66.0,7328400
2021-04-05,58.10544204711914,66.97000122070312,68.1500015258789,66.48999786376953,67.91999816894531,7963700
2021-04-06,58.01865768432617,66.87000274658203,67.4800033569336,66.30000305175781,66.86000061035156,6607900
2021-04-07,57.71498107910156,66.5199966430664,67.41999816894531,66.19999694824219,67.11000061035156,6718300
2021-04-08,57.836456298828125,66.66000366210938,66.8499984741211,65.0999984741211,66.22000122070312,8691100
2021-04-09,58.495853424072266,67.41999816894531,67.48999786376953,66.76000213623047,67.2699966430664,5241600
2021-04-12,58.990394592285156,67.98999786376953,68.3499984741211,67.5999984741211,67.69000244140625,5659100
2021-04-13,57.775726318359375,66.58999633789062,67.69000244140625,66.22000122070312,67.6500015258789,7313200
2021-04-14,58.383079528808594,67.29000091552734,68.12000274658203,66.51000213623047,66.56999969482422,6863300
2021-04-15,58.07939910888672,66.94000244140625,67.73999786376953,65.62999725341797,67.61000061035156,9614900
2021-04-16,58.7127685546875,67.66999816894531,68.04000091552734,67.08000183105469,67.55000305175781,8433500
2021-04-19,58.383079528808594,67.29000091552734,68.43000030517578,66.81999969482422,67.58999633789062,6733200
2021-04-20,56.04913330078125,64.5999984741211,66.88999938964844,64.29000091552734,66.75,9841800
2021-04-21,57.53277587890625,66.30999755859375,66.47000122070312,64.0,64.30999755859375,6498300
2021-04-22,56.59573745727539,65.2300033569336,66.54000091552734,65.16999816894531,66.47000122070312,9227500
2021-04-23,58.868934631347656,67.8499984741211,68.23999786376953,65.2300033569336,65.41999816894531,20982000
2021-04-26,59.11188507080078,68.12999725341797,69.1500015258789,67.98999786376953,68.26000213623047,7691000
2021-04-27,59.52833938598633,68.61000061035156,68.61000061035156,67.80999755859375,68.25,7563900
2021-04-28,59.45025634765625,68.5199966430664,69.06999969482422,68.27999877929688,68.86000061035156,6588600
2021-04-29,60.15304183959961,69.33000183105469,70.05999755859375,68.86000061035156,69.31999969482422,7983000
2021-04-30,59.337459564208984,68.38999938964844,69.80000305175781,68.3499984741211,68.79000091552734,7930500
2021-05-03,59.7365837097168,68.8499984741211,69.52999877929688,68.12999725341797,69.20999908447266,9083300
2021-05-04,60.699642181396484,69.95999908447266,69.95999908447266,67.76000213623047,68.38999938964844,10451500
2021-05-05,60.88185501098633,70.16999816894531,70.62000274658203,69.11000061035156,70.0999984741211,7011300
2021-05-06,61.289634704589844,70.63999938964844,70.66999816894531,69.3499984741211,70.33000183105469,6989600
2021-05-07,61.428462982177734,70.80000305175781,70.86000061035156,68.94999694824219,69.63999938964844,7992600
2021-05-10,60.760372161865234,70.02999877929688,71.81999969482422,69.9800033569336,71.13999938964844,6576500
2021-05-11,60.23981857299805,69.43000030517578,70.6500015258789,68.95999908447266,68.9800033569336,8243500
2021-05-12,58.73878860473633,67.69999694824219,70.66000366210938,67.48999786376953,70.25,8389700
2021-05-13,60.70832443237305,69.97000122070312,70.3499984741211,67.5,67.70999908447266,8198200
2021-05-14,61.7755126953125,71.19999694824219,71.30999755859375,69.94999694824219,70.5,5622800
2021-05-17,61.81889343261719,71.25,71.37000274658203,70.25,71.05000305175781,5338800
2021-05-18,60.78641128540039,70.05999755859375,71.68000030517578,70.04000091552734,71.25,6718900
2021-05-19,60.56082534790039,69.80000305175781,69.80000305175781,68.0,69.18000030517578,9574900
2021-05-20,60.37861633300781,69.58999633789062,69.91999816894531,68.5999984741211,69.66000366210938,7172700
2021-05-21,61.19420623779297,70.52999877929688,71.06999969482422,69.87999725341797,70.0999984741211,11742400
2021-05-24,60.79509735107422,70.06999969482422,70.79000091552734,69.75,70.79000091552734,5754300
2021-05-25,59.40687942504883,68.47000122070312,71.0199966430664,68.4000015258789,70.23999786376953,7481300
2021-05-26,60.317893981933594,69.5199966430664,69.62999725341797,68.37000274658203,68.79000091552734,5880900
2021-05-27,61.35904312133789,70.72000122070312,70.88999938964844,70.12000274658203,70.37999725341797,7035500
2021-05-28,61.33302688598633,70.69000244140625,70.83999633789062,69.66000366210938,70.83999633789062,6199000
2021-06-01,61.8883171081543,71.33000183105469,71.61000061035156,70.94000244140625,71.20999908447266,7272600
2021-06-02,61.254920959472656,70.5999984741211,71.66000366210938,70.5999984741211,71.62000274658203,5147700
2021-06-03,61.463172912597656,70.83999633789062,71.3499984741211,70.30000305175781,70.68000030517578,6945700
2021-06-04,61.35904312133789,70.72000122070312,70.83999633789062,69.87000274658203,70.81999969482422,4746700
2021-06-07,61.575965881347656,70.97000122070312,71.23999786376953,70.56999969482422,70.94000244140625,4012200
2021-06-08,61.54125213623047,70.93000030517578,71.05999755859375,69.69999694824219,70.58000183105469,6810100
2021-06-09,60.5174446105957,69.75,70.29000091552734,69.56999969482422,70.19999694824219,9181000
2021-06-10,59.34614181518555,68.4000015258789,70.72000122070312,68.29000091552734,70.62000274658203,10241300
2021-06-11,59.51966094970703,68.5999984741211,69.19999694824219,68.20999908447266,68.62000274658203,11101100
2021-06-14,58.4871826171875,67.41000366210938,68.91999816894531,66.91999816894531,68.58999633789062,11676300
2021-06-15,59.311439514160156,68.36000061035156,68.94000244140625,67.1500015258789,67.5,7102200
2021-06-16,60.1877326965332,69.37000274658203,69.69999694824219,67.20999908447266,68.06999969482422,14585300
2021-06-17,57.159706115722656,65.87999725341797,69.81999969482422,65.76000213623047,69.72000122070312,23633100
2021-06-18,55.23355484008789,63.65999984741211,65.4800033569336,63.630001068115234,65.0,20340400
2021-06-21,57.478271484375,65.91000366210938,66.01000213623047,64.0199966430664,64.0199966430664,12430600
2021-06-22,57.434669494628906,65.86000061035156,66.13999938964844,64.7300033569336,65.80000305175781,6268600
2021-06-23,57.42594909667969,65.8499984741211,66.44999694824219,65.79000091552734,65.98999786376953,6106100
2021-06-24,58.32417678833008,66.87999725341797,67.0199966430664,65.63999938964844,66.23999786376953,7374200
2021-06-25,58.986942291259766,67.63999938964844,67.98999786376953,66.68000030517578,67.13999938964844,8499100
2021-06-28,57.373619079589844,65.79000091552734,67.3499984741211,65.44000244140625,67.26000213623047,9010700
2021-06-29,57.050960540771484,65.41999816894531,66.9000015258789,65.08000183105469,66.36000061035156,8605400
2021-06-30,57.14688491821289,65.52999877929688,65.91000366210938,65.06999969482422,65.06999969482422,10001200
2021-07-01,57.68756866455078,66.1500015258789,66.36000061035156,65.5999984741211,65.80999755859375,8633000
2021-07-02,56.972469329833984,65.33000183105469,66.16999816894531,65.1500015258789,65.97000122070312,5639600
2021-07-06,55.402732849121094,63.529998779296875,65.20999908447266,63.099998474121094,65.16999816894531,12626800
2021-07-07,55.08878707885742,63.16999816894531,63.95000076293945,62.720001220703125,62.95000076293945,12230300
2021-07-08,54.077186584472656,62.0099983215332,62.86000061035156,61.2400016784668,61.790000915527344,15223600
2021-07-09,56.501548767089844,64.79000091552734,64.80000305175781,63.150001525878906,63.369998931884766,15955800
2021-07-12,56.61491775512695,64.91999816894531,65.05999755859375,63.470001220703125,64.06999969482422,5320900
2021-07-13,55.38528823852539,63.5099983215332,64.8499984741211,63.279998779296875,64.76000213623047,10352100
2021-07-14,55.10623550415039,63.189998626708984,64.58999633789062,62.58000183105469,63.529998779296875,11586800
2021-07-15,55.769012451171875,63.95000076293945,64.19999694824219,62.279998779296875,62.650001525878906,16131100
2021-07-16,54.077186584472656,62.0099983215332,64.5,61.880001068115234,64.5,9197000
2021-07-19,52.2109489440918,59.869998931884766,60.900001525878906,59.29999923706055,60.36000061035156,23167300
2021-07-20,53.63243103027344,61.5,62.869998931884766,59.720001220703125,59.779998779296875,21474400
2021-07-21,54.80100631713867,62.84000015258789,63.31999969482422,62.13999938964844,62.13999938964844,10667200
2021-07-22,53.580108642578125,61.439998626708984,62.72999954223633,61.119998931884766,62.65999984741211,8838300
2021-07-23,54.03358840942383,61.959999084472656,62.58000183105469,61.31999969482422,62.119998931884766,5427100
2021-07-26,54.47834396362305,62.470001220703125,63.099998474121094,61.9900016784668,62.15999984741211,5460300
2021-07-27,54.23415756225586,62.189998626708984,62.630001068115234,61.34000015258789,61.869998931884766,6753300
2021-07-28,54.923099517822266,62.97999954223633,63.560001373291016,61.650001525878906,62.56999969482422,8387500
2021-07-29,55.27192687988281,63.380001068115234,63.97999954223633,62.84000015258789,63.56999969482422,6521500
2021-07-30,54.565547943115234,62.56999969482422,63.959999084472656,62.310001373291016,62.9900016784668,9135600
2021-08-02,54.04230880737305,61.970001220703125,64.31999969482422,61.86000061035156,62.779998779296875,12964200
2021-08-03,55.036468505859375,63.11000061035156,63.209999084472656,61.060001373291016,62.31999969482422,11340200
2021-08-04,54.487056732177734,62.47999954223633,63.279998779296875,61.93000030517578,62.31999969482422,8159400
2021-08-05,55.620758056640625,63.779998779296875,63.779998779296875,62.84000015258789,62.939998626708984,8797400
2021-08-06,57.27769088745117,65.68000030517578,66.18000030517578,64.6500015258789,64.66000366210938,13386200
2021-08-09,56.89398193359375,65.23999786376953,66.12999725341797,64.7699966430664,65.4000015258789,10898800
2021-08-10,57.53932189941406,65.9800033569336,66.16999816894531,64.77999877929688,65.05999755859375,9070500
2021-08-11,58.51603698730469,67.0999984741211,67.11000061035156,65.41999816894531,66.16999816894531,11463800
2021-08-12,58.149757385253906,66.68000030517578,67.22000122070312,66.2699966430664,67.20999908447266,6706100
2021-08-13,57.46955108642578,65.9000015258789,66.8499984741211,65.7699966430664,66.80000305175781,7035700
2021-08-16,57.26897048950195,65.66999816894531,65.87000274658203,64.69999694824219,65.41000366210938,6891900
2021-08-17,56.30097579956055,64.55999755859375,65.51000213623047,63.779998779296875,64.9800033569336,8234200
2021-08-18,55.78645324707031,63.970001220703125,65.25,63.90999984741211,64.33999633789062,7834800
2021-08-19,55.02774429321289,63.099998474121094,63.869998931884766,62.59000015258789,63.27000045776367,11102000
2021-08-20,56.14400100708008,64.37999725341797,64.38999938964844,62.84000015258789,63.08000183105469,7755400
2021-08-23,56.72828674316406,65.05000305175781,65.27999877929688,64.58000183105469,64.79000091552734,5288700
2021-08-24,57.042232513427734,65.41000366210938,65.66999816894531,64.93000030517578,65.01000213623047,4531600
2021-08-25,57.60908889770508,66.05999755859375,66.80999755859375,65.41000366210938,65.73999786376953,8371700
2021-08-26,56.667240142822266,64.9800033569336,66.41000366210938,64.9800033569336,66.2300033569336,5971000
2021-08-27,58.33290481567383,66.88999938964844,66.9800033569336,65.1500015258789,65.1500015258789,7432500
2021-08-30,56.963748931884766,65.31999969482422,67.01000213623047,65.2699966430664,67.01000213623047,7894900
2021-08-31,57.46083450317383,65.88999938964844,66.23999786376953,65.08999633789062,65.43000030517578,7588000
2021-09-01,57.08583450317383,65.45999908447266,66.08000183105469,64.87000274658203,66.0,8006200
2021-09-02,57.01605987548828,65.37999725341797,66.02999877929688,65.12000274658203,65.5199966430664,7267700
2021-09-03,56.84164810180664,65.18000030517578,65.91999816894531,64.91000366210938,65.56999969482422,7666900
2021-09-07,56.61491775512695,64.91999816894531,66.23999786376953,64.86000061035156,65.43000030517578,5483500
2021-09-08,55.89108657836914,64.08999633789062,64.81999969482422,63.86000061035156,64.56999969482422,7973400
2021-09-09,56.12656021118164,64.36000061035156,65.05999755859375,63.84000015258789,63.900001525878906,8533900
2021-09-10,55.455055236816406,63.59000015258789,64.87000274658203,63.540000915527344,64.72000122070312,7002900
2021-09-13,56.11783981323242,64.3499984741211,64.68000030517578,63.650001525878906,64.16999816894531,14461900
2021-09-14,54.835899353027344,62.880001068115234,64.70999908447266,62.65999984741211,64.58000183105469,12290700
2021-09-15,55.73412322998047,63.90999984741211,64.13999938964844,63.029998779296875,63.029998779296875,6834200
2021-09-16,55.60331726074219,63.7599983215332,64.68000030517578,63.34000015258789,64.4000015258789,5223500
2021-09-17,55.67308044433594,63.84000015258789,64.41000366210938,63.41999816894531,63.79999923706055,9909600
2021-09-20,54.28782653808594,61.91999816894531,62.06999969482422,60.880001068115234,61.939998626708984,11321800
2021-09-21,54.17384719848633,61.790000915527344,62.540000915527344,61.380001068115234,62.20000076293945,5332300
2021-09-22,55.09443283081055,62.84000015258789,63.470001220703125,62.380001068115234,62.5,7826400
2021-09-23,57.18983840942383,65.2300033569336,65.58999633789062,63.310001373291016,63.59000015258789,9622400
2021-09-24,57.786033630371094,65.91000366210938,66.23999786376953,64.88999938964844,64.97000122070312,11756300
2021-09-27,59.95158004760742,68.37999725341797,68.87999725341797,66.48999786376953,66.61000061035156,11806800
2021-09-28,59.50444793701172,67.87000274658203,69.06999969482422,67.66000366210938,68.7699966430664,11481300
2021-09-29,60.153236389160156,68.61000061035156,68.88999938964844,67.55999755859375,67.94000244140625,8058900
2021-09-30,59.399234771728516,67.75,69.1500015258789,67.66000366210938,68.93000030517578,9943000
2021-10-01,60.81955337524414,69.37000274658203,69.87999725341797,67.7699966430664,67.95999908447266,11199800
2021-10-04,61.03874206542969,69.62000274658203,70.33999633789062,68.98999786376953,69.45999908447266,10036500
2021-10-05,61.36312484741211,69.98999786376953,70.61000061035156,69.54000091552734,70.08000183105469,9313700
2021-10-06,61.17023849487305,69.7699966430664,69.79000091552734,68.08000183105469,69.41000366210938,10240100
2021-10-07,61.72258758544922,70.4000015258789,70.94999694824219,69.98999786376953,70.33000183105469,9573300
2021-10-08,61.99437713623047,70.70999908447266,71.12000274658203,70.06999969482422,70.33000183105469,8612400
2021-10-11,61.27545928955078,69.88999938964844,71.45999908447266,69.87999725341797,71.12000274658203,6498800
2021-10-12,61.24037551879883,69.8499984741211,70.12999725341797,69.31999969482422,69.7300033569336,7106900
2021-10-13,60.898460388183594,69.45999908447266,69.8499984741211,68.12999725341797,69.8499984741211,9671800
2021-10-14,61.81025314331055,70.5,70.5,69.55000305175781,70.36000061035156,6772200
2021-10-15,61.74011993408203,70.41999816894531,71.47000122070312,70.41999816894531,71.33999633789062,8904900
2021-10-18,61.88917541503906,70.58999633789062,71.30999755859375,70.25,70.30000305175781,6782100
2021-10-19,61.941768646240234,70.6500015258789,70.86000061035156,69.94000244140625,70.75,6154600
2021-10-20,63.563743591308594,72.5,72.5199966430664,70.23999786376953,70.54000091552734,9801200
2021-10-21,63.14292526245117,72.0199966430664,72.66999816894531,71.54000091552734,72.47000122070312,6680200
2021-10-22,63.80923843383789,72.77999877929688,73.04000091552734,72.05000305175781,72.1500015258789,8000800
2021-10-25,64.05472564697266,73.05999755859375,73.55000305175781,72.69999694824219,73.26000213623047,5100600
2021-10-26,63.502376556396484,72.43000030517578,73.2300033569336,72.25,73.22000122070312,5877600
2021-10-27,61.292991638183594,69.91000366210938,72.0,69.87999725341797,71.91000366210938,12003100
2021-10-28,62.38016128540039,71.1500015258789,71.16999816894531,70.3499984741211,70.37000274658203,8215200
2021-10-29,62.16973114013672,70.91000366210938,71.63999938964844,70.7300033569336,71.37000274658203,7327200
2021-11-01,64.22130584716797,73.25,73.38999938964844,71.58000183105469,71.61000061035156,9471400
2021-11-02,64.0108871459961,73.01000213623047,73.75,72.80999755859375,73.27999877929688,5601300
2021-11-03,65.77314758300781,75.0199966430664,75.26000213623047,72.6500015258789,72.69999694824219,9725300
2021-11-04,64.71228790283203,73.80999755859375,74.91999816894531,73.06999969482422,74.86000061035156,8576900
2021-11-05,65.39613342285156,74.58999633789062,75.27999877929688,74.0,74.29000091552734,8716400
2021-11-08,65.47504425048828,74.68000030517578,75.58000183105469,74.19000244140625,74.97000122070312,6619800
2021-11-09,65.24710083007812,74.41999816894531,74.62000274658203,73.69000244140625,74.23999786376953,9766800
2021-11-10,65.07173156738281,74.22000122070312,74.9800033569336,74.18000030517578,74.48999786376953,11220900
2021-11-11,65.64161682128906,74.87000274658203,75.2699966430664,74.29000091552734,74.63999938964844,5348700
2021-11-12,65.39613342285156,74.58999633789062,75.0999984741211,73.88999938964844,74.88999938964844,8592600
2021-11-15,65.64161682128906,74.87000274658203,75.19999694824219,74.5999984741211,74.87999725341797,4502900
2021-11-16,65.6153335571289,74.83999633789062,75.31999969482422,74.25,74.7300033569336,4306700
2021-11-17,65.05421447753906,74.19999694824219,74.69000244140625,73.51000213623047,74.55999755859375,8143100
2021-11-18,64.91392517089844,74.04000091552734,74.58000183105469,73.45999908447266,74.30000305175781,6884800
2021-11-19,64.4229736328125,73.4800033569336,73.79000091552734,72.2699966430664,73.0,10562000
2021-11-22,65.1155776977539,74.2699966430664,75.58999633789062,74.2300033569336,74.26000213623047,9481300
2021-11-23,66.15013122558594,75.44999694824219,75.55000305175781,74.4800033569336,74.83999633789062,7570100
2021-11-24,65.98355102539062,75.26000213623047,75.76000213623047,74.86000061035156,75.12000274658203,7313200
2021-11-26,62.67823791503906,71.48999786376953,72.9000015258789,70.30000305175781,72.76000213623047,17183200
2021-11-29,62.80974197387695,71.63999938964844,72.94999694824219,71.08999633789062,72.61000061035156,11369800
2021-11-30,61.205318450927734,69.80999755859375,71.12000274658203,69.41999816894531,70.52999877929688,17512100
2021-12-01,60.39870834350586,68.88999938964844,72.4000015258789,68.87000274658203,71.2699966430664,12926200
2021-12-02,62.45029830932617,71.2300033569336,71.69000244140625,69.11000061035156,69.5999984741211,11864100
2021-12-03,60.74940872192383,69.29000091552734,71.52999877929688,68.69999694824219,71.47000122070312,14051900
2021-12-06,62.31000900268555,71.06999969482422,71.94000244140625,70.0199966430664,70.37999725341797,12866800
2021-12-07,62.49412536621094,71.27999877929688,72.18000030517578,70.83000183105469,71.62000274658203,10186500
2021-12-08,62.37139129638672,71.13999938964844,71.83000183105469,70.83000183105469,71.56999969482422,6949200
2021-12-09,61.67876052856445,70.3499984741211,71.11000061035156,70.30999755859375,70.66000366210938,5737100
2021-12-10,61.81903839111328,70.51000213623047,71.05000305175781,69.4800033569336,70.77999877929688,7177800
2021-12-13,60.27596664428711,68.75,70.30999755859375,68.62999725341797,70.30999755859375,7270700
2021-12-14,60.82831573486328,69.37999725341797,70.4000015258789,68.80000305175781,68.80999755859375,8418300
2021-12-15,61.301753997802734,69.91999816894531,70.56999969482422,68.87000274658203,69.87999725341797,11287700
2021-12-16,61.415740966796875,70.05000305175781,71.69999694824219,69.83000183105469,70.87000274658203,11374600
2021-12-17,59.92526626586914,68.3499984741211,69.91000366210938,67.66999816894531,69.58999633789062,11697400
2021-12-20,58.915565490722656,66.80999755859375,67.25,65.45999908447266,67.2300033569336,15699800
2021-12-21,60.72333908081055,68.86000061035156,69.0,67.51000213623047,67.68000030517578,9048900
2021-12-22,61.19070816040039,69.38999938964844,69.44999694824219,68.33000183105469,68.70999908447266,6390500
2021-12-23,61.7286262512207,70.0,70.55999755859375,69.72000122070312,69.88999938964844,5719300
2021-12-27,62.628108978271484,71.0199966430664,71.04000091552734,69.58999633789062,70.22000122070312,4703300
2021-12-28,62.67219161987305,71.06999969482422,71.55999755859375,70.62000274658203,70.75,4994100
2021-12-29,62.786834716796875,71.19999694824219,71.43000030517578,70.7300033569336,71.11000061035156,4811300
2021-12-30,62.49583435058594,70.87000274658203,72.02999877929688,70.80999755859375,71.27999877929688,5354300
2021-12-31,62.47819519042969,70.8499984741211,71.20999908447266,70.48999786376953,70.66000366210938,5061800
2022-01-03,63.64221954345703,72.16999816894531,72.95999908447266,71.52999877929688,71.58999633789062,10317300
2022-01-04,65.44116973876953,74.20999908447266,74.91999816894531,72.95999908447266,73.02999877929688,14100300
2022-01-05,65.01789093017578,73.7300033569336,75.25,73.66999816894531,74.43000030517578,11361900
2022-01-06,67.47821044921875,76.5199966430664,76.75,74.44999694824219,74.75,15322800
2022-01-07,68.13959503173828,77.2699966430664,77.43000030517578,76.11000061035156,76.6500015258789,13338900
2022-01-10,68.03376770019531,77.1500015258789,77.94999694824219,76.12999725341797,77.66000366210938,13939900
2022-01-11,68.27186584472656,77.41999816894531,77.5,76.08000183105469,77.43000030517578,9563100
2022-01-12,68.45706939697266,77.62999725341797,78.19999694824219,76.97000122070312,77.62999725341797,12222800
2022-01-13,68.8626937866211,78.08999633789062,78.72000122070312,77.76000213623047,77.87999725341797,10050600
2022-01-14,69.4711685180664,78.77999877929688,78.80999755859375,76.62000274658203,77.20999908447266,14618500
2022-01-18,67.99848175048828,77.11000061035156,78.80000305175781,76.91000366210938,78.54000091552734,13382100
2022-01-19,66.14663696289062,75.01000213623047,77.5999984741211,74.95999908447266,77.4800033569336,15228200
2022-01-20,64.40940856933594,73.04000091552734,75.97000122070312,72.81999969482422,75.0199966430664,16739800
2022-01-21,63.14839172363281,71.61000061035156,73.52999877929688,71.44000244140625,72.80000305175781,19431000
2022-01-24,64.03022766113281,72.61000061035156,72.87999725341797,69.62999725341797,70.41000366210938,17987500
2022-01-25,63.97731399536133,72.55000305175781,73.44999694824219,70.45999908447266,71.91999816894531,17121700
2022-01-26,63.62459945678711,72.1500015258789,73.9800033569336,70.95999908447266,73.27999877929688,16066800
2022-01-27,62.28418731689453,70.62999725341797,73.86000061035156,70.01000213623047,72.66999816894531,17193400
2022-01-28,62.619300842285156,71.01000213623047,71.01000213623047,69.16000366210938,70.62999725341797,16218000
2022-01-31,63.13957214355469,71.5999984741211,71.62000274658203,69.52999877929688,70.4800033569336,12488100
2022-02-01,64.09196472167969,72.68000030517578,72.83999633789062,70.83000183105469,71.70999908447266,10643600
2022-02-02,63.924407958984375,72.48999786376953,72.80000305175781,71.6500015258789,72.7300033569336,8846400
2022-02-03,63.55403518676758,72.06999969482422,73.44999694824219,71.9000015258789,72.55999755859375,12916900
2022-02-04,64.77095794677734,73.44999694824219,73.97000122070312,72.16999816894531,72.5199966430664,12373300
2022-02-07,65.07962036132812,73.80000305175781,74.22000122070312,73.08000183105469,73.58000183105469,7488300
2022-02-08,66.69337463378906,75.62999725341797,75.86000061035156,74.41999816894531,74.48999786376953,11549700
2022-02-09,66.12899780273438,74.98999786376953,76.06999969482422,74.73999786376953,76.02999877929688,8561600
2022-02-10,65.97027587890625,74.80999755859375,76.23999786376953,74.37999725341797,74.86000061035156,12356200
2022-02-11,65.42352294921875,74.19000244140625,75.98999786376953,73.72000122070312,74.33999633789062,14612500
2022-02-14,64.91207122802734,73.61000061035156,75.18000030517578,72.97000122070312,74.47000122070312,8977100
2022-02-15,66.64927673339844,75.58000183105469,75.68000030517578,74.33000183105469,74.5199966430664,8693800
2022-02-16,66.77274322509766,75.72000122070312,76.12000274658203,74.8499984741211,75.05999755859375,6592500
2022-02-17,64.7356948852539,73.41000366210938,75.05999755859375,73.2699966430664,74.94000244140625,8292900
2022-02-18,64.85033416748047,73.54000091552734,74.33999633789062,73.12999725341797,73.12999725341797,9580700
2022-02-22,64.52406311035156,73.16999816894531,74.01000213623047,72.62000274658203,73.2699966430664,9717100
2022-02-23,63.38649368286133,71.87999725341797,74.26000213623047,71.5999984741211,73.55999755859375,10192600
2022-02-24,62.2489128112793,70.58999633789062,70.8499984741211,68.11000061035156,69.22000122070312,18484900
2022-02-25,65.1148910522461,73.83999633789062,74.0199966430664,71.08000183105469,71.30999755859375,10585700
2022-02-28,65.50289916992188,74.27999877929688,74.3499984741211,72.44999694824219,72.54000091552734,12507900
2022-03-01,61.922637939453125,70.22000122070312,73.8499984741211,69.5,73.5199966430664,17297900
2022-03-02,64.68278503417969,73.3499984741211,73.87999725341797,70.94000244140625,70.97000122070312,11785500
2022-03-03,64.27716064453125,72.88999938964844,73.80999755859375,72.19000244140625,73.55999755859375,12758900
2022-03-04,61.755104064941406,70.02999877929688,71.41999816894531,69.11000061035156,71.2699966430664,13872300
2022-03-07,59.091941833496094,67.01000213623047,70.05999755859375,66.9800033569336,69.58000183105469,17471500
2022-03-08,59.5681266784668,67.55000305175781,69.5,66.8499984741211,67.72000122070312,20736100
2022-03-09,61.68453598022461,69.94999694824219,70.62999725341797,69.48999786376953,69.6500015258789,17100900
2022-03-10,61.7286262512207,70.0,70.36000061035156,68.68000030517578,69.01000213623047,11085100
2022-03-11,61.74626159667969,70.0199966430664,71.58999633789062,69.91999816894531,70.66999816894531,19716200
2022-03-14,62.07256317138672,70.38999938964844,71.98999786376953,70.0199966430664,71.11000061035156,14356000
2022-03-15,62.25772476196289,70.5999984741211,71.48999786376953,69.55000305175781,70.91999816894531,16684000
2022-03-16,64.21542358398438,72.81999969482422,73.0999984741211,71.25,71.30999755859375,16154300
2022-03-17,63.518768310546875,72.02999877929688,72.22000122070312,70.87999725341797,71.8499984741211,10816500
2022-03-18,63.39531707763672,71.88999938964844,72.20999908447266,70.20999908447266,71.83999633789062,13151300
2022-03-21,63.05327606201172,71.16000366210938,72.66999816894531,70.45999908447266,71.9800033569336,11425000
2022-03-22,64.10770416259766,72.3499984741211,73.01000213623047,71.9000015258789,72.04000091552734,11498000
2022-03-23,61.83048629760742,69.77999877929688,71.9000015258789,69.70999908447266,71.69000244140625,13095600
2022-03-24,62.43302917480469,70.45999908447266,70.80999755859375,69.54000091552734,70.44999694824219,6546500
2022-03-25,63.61151123046875,71.79000091552734,71.88999938964844,70.43000030517578,70.58999633789062,8719900
2022-03-28,62.98239517211914,71.08000183105469,71.5,70.0999984741211,71.47000122070312,9834800
2022-03-29,64.16973876953125,72.41999816894531,72.7699966430664,71.45999908447266,72.11000061035156,13454700
2022-03-30,62.19378662109375,70.19000244140625,72.44000244140625,69.55000305175781,72.37999725341797,15156900
2022-03-31,61.050750732421875,68.9000015258789,70.75,68.86000061035156,70.12000274658203,10592400
2022-04-01,60.46592712402344,68.23999786376953,69.97000122070312,67.91999816894531,69.79000091552734,15667300
2022-04-04,60.146942138671875,67.87999725341797,68.31999969482422,66.87000274658203,68.0999984741211,14988600
2022-04-05,59.30517578125,66.93000030517578,68.22000122070312,66.80000305175781,67.83999633789062,11646700
2022-04-06,58.41908645629883,65.93000030517578,66.81999969482422,65.83999633789062,66.70999908447266,13820900
2022-04-07,57.67477798461914,65.08999633789062,66.2699966430664,64.48999786376953,66.0199966430664,12412400
2022-04-08,57.58618927001953,64.98999786376953,65.86000061035156,64.68000030517578,65.44999694824219,9261200
2022-04-11,57.789981842041016,65.22000122070312,66.41999816894531,64.86000061035156,64.87000274658203,9386400
2022-04-12,57.258338928222656,64.62000274658203,66.13999938964844,64.26000213623047,65.22000122070312,12526200
2022-04-13,58.064659118652344,65.52999877929688,65.62999725341797,63.79999923706055,64.2300033569336,10037000
2022-04-14,57.32035827636719,64.69000244140625,65.98999786376953,64.47000122070312,65.58999633789062,11689100
2022-04-18,57.51530075073242,64.91000366210938,65.19000244140625,64.37000274658203,64.41999816894531,9366200
2022-04-19,59.58872604370117,67.25,67.37999725341797,65.4000015258789,65.43000030517578,16597600
2022-04-20,59.96087646484375,67.66999816894531,68.38999938964844,67.51000213623047,67.63999938964844,10685400
2022-04-21,58.72922134399414,66.27999877929688,68.62000274658203,65.94000244140625,68.18000030517578,13396600
2022-04-22,57.4975700378418,64.88999938964844,66.33999633789062,64.8499984741211,66.19999694824219,12438800
2022-04-25,57.559593200683594,64.95999908447266,65.08999633789062,63.099998474121094,64.2699966430664,12319900
2022-04-26,55.78744888305664,62.959999084472656,64.62000274658203,62.88999938964844,63.97999954223633,11458100
2022-04-27,55.75199890136719,62.91999816894531,63.59000015258789,62.54999923706055,62.97999954223633,12308800
2022-04-28,56.5760498046875,63.849998474121094,64.05000305175781,62.61000061035156,63.630001068115234,9886200
2022-04-29,54.79503631591797,61.84000015258789,64.02999877929688,61.65999984741211,63.560001373291016,13416900
2022-05-02,55.5659294128418,62.709999084472656,62.939998626708984,61.22999954223633,62.279998779296875,17515700
2022-05-03,56.336814880371094,63.58000183105469,63.93000030517578,62.40999984741211,62.869998931884766,10903200
2022-05-04,57.87858581542969,65.31999969482422,65.4800033569336,63.099998474121094,63.54999923706055,17350300
2022-05-05,56.203895568847656,63.43000030517578,64.66000366210938,62.470001220703125,64.66000366210938,15602700
2022-05-06,55.49504089355469,62.630001068115234,63.459999084472656,61.869998931884766,63.20000076293945,14848200
2022-05-09,54.73300552368164,61.77000045776367,62.4900016784668,61.34000015258789,61.84000015258789,13551800
2022-05-10,54.086177825927734,61.040000915527344,62.56999969482422,59.84000015258789,62.130001068115234,15095800
2022-05-11,53.18238067626953,60.02000045776367,62.27000045776367,59.91999816894531,61.130001068115234,15920300
2022-05-12,53.18238067626953,60.02000045776367,60.2599983215332,58.75,59.70000076293945,12990100
2022-05-13,53.66971969604492,60.56999969482422,61.209999084472656,60.060001373291016,60.63999938964844,10561400
2022-05-16,53.05832290649414,59.880001068115234,60.7400016784668,59.33000183105469,60.29999923706055,7830600
2022-05-17,54.998836517333984,62.06999969482422,62.16999816894531,60.86000061035156,61.060001373291016,9856400
2022-05-18,53.65199279785156,60.54999923706055,61.65999984741211,60.189998626708984,61.349998474121094,11007700
2022-05-19,53.005157470703125,59.81999969482422,60.630001068115234,59.599998474121094,59.81999969482422,14848200
2022-05-20,53.14692687988281,59.97999954223633,60.79999923706055,58.709999084472656,60.31999969482422,10640500
2022-05-23,54.449466705322266,61.45000076293945,62.150001525878906,60.56999969482422,61.08000183105469,10855200
2022-05-24,54.04187774658203,60.9900016784668,61.349998474121094,59.68000030517578,61.189998626708984,8462600
2022-05-25,54.89250183105469,61.95000076293945,62.41999816894531,60.779998779296875,60.81999969482422,8676600
2022-05-26,56.09757995605469,63.310001373291016,63.599998474121094,62.119998931884766,62.25,7833200
2022-05-27,56.97479248046875,64.30000305175781,64.30999755859375,63.31999969482422,63.43000030517578,5766800
2022-05-31,56.94820785522461,64.2699966430664,64.61000061035156,63.18000030517578,63.75,8294000
2022-06-01,56.2127571105957,63.439998626708984,64.47000122070312,62.5,64.41999816894531,6920900
2022-06-02,57.364662170410156,64.73999786376953,64.75,63.02000045776367,63.43000030517578,5559700
2022-06-03,56.6646614074707,63.95000076293945,64.43000030517578,63.70000076293945,64.2699966430664,5938300
2022-06-06,56.930484771728516,64.25,65.08000183105469,64.0999984741211,64.44000244140625,5620800
2022-06-07,57.40010070800781,64.77999877929688,64.79000091552734,63.40999984741211,63.650001525878906,5050100
2022-06-08,56.42542266845703,63.68000030517578,64.2699966430664,63.27000045776367,64.16999816894531,4978300
2022-06-09,54.60896301269531,61.630001068115234,63.7599983215332,61.619998931884766,63.43000030517578,11321400
2022-06-10,52.94313430786133,59.75,60.880001068115234,59.380001068115234,60.40999984741211,11718300
2022-06-13,51.45452117919922,58.06999969482422,59.11000061035156,57.70000076293945,58.15999984741211,11978100
2022-06-14,51.83552932739258,58.5,59.04999923706055,57.900001525878906,58.290000915527344,9055100
2022-06-15,52.251983642578125,58.970001220703125,59.880001068115234,58.209999084472656,59.060001373291016,9433600
2022-06-16,50.373512268066406,56.849998474121094,57.9900016784668,56.58000183105469,57.7400016784668,9855800
2022-06-17,51.14440155029297,57.720001220703125,58.36000061035156,57.18000030517578,57.310001373291016,9899400
2022-06-21,51.969093322753906,58.290000915527344,58.88999938964844,57.880001068115234,58.40999984741211,7298000
2022-06-22,52.013668060302734,58.34000015258789,58.5099983215332,57.459999084472656,57.58000183105469,6878800
2022-06-23,51.300418853759766,57.540000915527344,58.310001373291016,56.70000076293945,58.2599983215332,9191000
2022-06-24,53.09245681762695,59.54999923706055,59.630001068115234,57.86000061035156,57.86000061035156,7839400
2022-06-27,53.01220703125,59.459999084472656,60.13999938964844,59.09000015258789,59.939998626708984,6861900
2022-06-28,52.700172424316406,59.11000061035156,60.58000183105469,59.04999923706055,59.91999816894531,4484700
2022-06-29,52.254390716552734,58.61000061035156,59.349998474121094,58.31999969482422,59.18000030517578,4596500
2022-06-30,51.7907829284668,58.09000015258789,58.81999969482422,56.869998931884766,57.599998474121094,7836200
2022-07-01,52.65558624267578,59.060001373291016,59.209999084472656,57.45000076293945,57.86000061035156,5636200
2022-07-05,52.83389663696289,59.2599983215332,59.290000915527344,57.16999816894531,58.0,6545700
2022-07-06,52.44161605834961,58.81999969482422,59.25,58.189998626708984,59.029998779296875,5728000
2022-07-07,53.00330352783203,59.45000076293945,59.81999969482422,59.18000030517578,59.27000045776367,5294000
2022-07-08,52.84281921386719,59.27000045776367,59.7400016784668,58.79999923706055,59.58000183105469,4534200
2022-07-11,52.316795349121094,58.68000030517578,59.060001373291016,58.38999938964844,58.72999954223633,4411300
2022-07-12,52.29896926879883,58.65999984741211,59.560001373291016,58.130001068115234,58.189998626708984,6132600
2022-07-13,51.41632080078125,57.66999816894531,58.36000061035156,57.220001220703125,58.15999984741211,8881200
2022-07-14,50.66741180419922,56.83000183105469,56.959999084472656,56.09000015258789,56.720001220703125,7721600
2022-07-15,52.36137771606445,58.72999954223633,59.029998779296875,57.34000015258789,57.810001373291016,8376100
2022-07-18,52.67341995239258,59.08000183105469,60.16999816894531,58.849998474121094,59.40999984741211,7469400
2022-07-19,54.30498123168945,60.90999984741211,61.15999984741211,59.630001068115234,59.75,7294500
2022-07-20,55.053890228271484,61.75,61.869998931884766,60.47999954223633,60.619998931884766,5276300
2022-07-21,55.143043518066406,61.849998474121094,61.86000061035156,60.86000061035156,61.47999954223633,7793600
2022-07-22,54.57244873046875,61.209999084472656,62.36000061035156,60.779998779296875,61.95000076293945,6099600
2022-07-25,55.490760803222656,62.2400016784668,62.43000030517578,61.400001525878906,61.560001373291016,5101300
2022-07-26,55.06280517578125,61.7599983215332,62.5,61.56999969482422,61.849998474121094,5273600
2022-07-27,56.070274353027344,62.88999938964844,63.290000915527344,61.84000015258789,61.900001525878906,6024200
2022-07-28,56.07918930053711,62.900001525878906,62.939998626708984,61.959999084472656,62.810001373291016,4803300
2022-07-29,56.86376190185547,63.779998779296875,64.02999877929688,62.779998779296875,62.91999816894531,4027900
2022-08-01,56.9083366394043,63.83000183105469,64.20999908447266,62.90999984741211,63.38999938964844,5434800
2022-08-02,56.24858093261719,63.09000015258789,63.720001220703125,62.93000030517578,63.619998931884766,4885900
2022-08-03,56.86376190185547,63.779998779296875,64.02999877929688,63.0,63.540000915527344,5702800
2022-08-04,56.41798400878906,63.279998779296875,63.7599983215332,63.130001068115234,63.7599983215332,5151800
2022-08-05,57.09556579589844,64.04000091552734,64.23999786376953,62.959999084472656,63.25,7290900
2022-08-08,57.06882095336914,64.01000213623047,64.6500015258789,63.790000915527344,64.19999694824219,3310700
2022-08-09,57.26495361328125,64.2300033569336,64.25,63.689998626708984,64.02999877929688,3024000
2022-08-10,58.530975341796875,65.6500015258789,65.98999786376953,64.83000183105469,64.98999786376953,7903200
2022-08-11,59.34230041503906,66.55999755859375,66.70999908447266,66.12999725341797,66.13999938964844,5648100
2022-08-12,60.2516975402832,67.58000183105469,67.5999984741211,66.58000183105469,67.04000091552734,4440000
2022-08-15,60.56372833251953,67.93000030517578,67.94000244140625,66.83999633789062,66.93000030517578,4188200
2022-08-16,61.10758590698242,68.54000091552734,68.83000183105469,67.54000091552734,67.55999755859375,6411800
2022-08-17,60.39433288574219,67.73999786376953,68.08000183105469,67.2300033569336,67.72000122070312,4934700
2022-08-18,60.581565856933594,67.94999694824219,68.04000091552734,67.44000244140625,67.80000305175781,3545100
2022-08-19,59.59193420410156,66.83999633789062,67.55000305175781,66.4800033569336,67.55000305175781,5337800
2022-08-22,58.18326950073242,65.26000213623047,66.05000305175781,65.08000183105469,65.9000015258789,5168200
2022-08-23,57.85338592529297,64.88999938964844,65.73999786376953,64.8499984741211,65.29000091552734,3777700
2022-08-24,57.72857666015625,64.75,65.02999877929688,64.4000015258789,64.88999938964844,3497800
2022-08-25,58.59337615966797,65.72000122070312,65.9000015258789,64.69999694824219,64.69999694824219,4607400
2022-08-26,57.16689682006836,64.12000274658203,66.1500015258789,64.05999755859375,66.04000091552734,5631400
2022-08-29,56.27532958984375,63.119998931884766,63.900001525878906,63.0099983215332,63.709999084472656,5630300
2022-08-30,56.23074722290039,63.06999969482422,63.61000061035156,62.439998626708984,63.31999969482422,6055800
2022-08-31,55.802799224853516,62.59000015258789,63.5,62.47999954223633,63.2599983215332,4068400
2022-09-01,55.481842041015625,62.22999954223633,62.61000061035156,61.599998474121094,62.310001373291016,7922900
2022-09-02,55.071720123291016,61.77000045776367,63.34000015258789,61.38999938964844,62.779998779296875,6776800
2022-09-06,54.180152893066406,60.77000045776367,62.29999923706055,60.349998474121094,61.9900016784668,7262300
2022-09-07,55.22328567504883,61.939998626708984,62.060001373291016,60.43000030517578,60.47999954223633,7369100
2022-09-08,56.40906524658203,63.27000045776367,63.31999969482422,61.189998626708984,61.41999816894531,7464800
2022-09-09,57.104488372802734,64.05000305175781,64.33000183105469,63.5099983215332,63.849998474121094,5973500
2022-09-12,57.675079345703125,64.69000244140625,65.01000213623047,64.11000061035156,64.18000030517578,4787800
2022-09-13,55.847381591796875,62.63999938964844,63.79999923706055,62.34000015258789,63.540000915527344,7647200
2022-09-14,55.990028381347656,62.79999923706055,63.029998779296875,61.90999984741211,62.720001220703125,5136800
2022-09-15,56.640865325927734,63.529998779296875,64.26000213623047,62.630001068115234,62.630001068115234,7369500
2022-09-16,56.12376403808594,62.95000076293945,62.9900016784668,62.060001373291016,62.790000915527344,7834500
2022-09-19,57.081546783447266,63.650001525878906,63.83000183105469,61.84000015258789,61.84000015258789,6632500
2022-09-20,56.89321517944336,63.439998626708984,63.75,62.86000061035156,63.27000045776367,6937000
2022-09-21,56.22061538696289,62.689998626708984,64.4000015258789,62.66999816894531,63.720001220703125,9269300
2022-09-22,54.93818664550781,61.2599983215332,62.959999084472656,61.04999923706055,62.90999984741211,9303600
2022-09-23,54.0772590637207,60.29999923706055,60.720001220703125,59.369998931884766,60.54999923706055,9777300
2022-09-26,53.61091613769531,59.779998779296875,60.72999954223633,59.4900016784668,59.79999923706055,6599400
2022-09-27,52.97419357299805,59.06999969482422,60.61000061035156,58.470001220703125,60.209999084472656,10206500
2022-09-28,53.8889274597168,60.09000015258789,60.54999923706055,59.06999969482422,59.22999954223633,8098200
2022-09-29,53.010066986083984,59.11000061035156,59.5099983215332,58.38999938964844,59.29999923706055,7775100
2022-09-30,52.803794860839844,58.880001068115234,60.18000030517578,58.77000045776367,59.09000015258789,7510700
2022-10-03,54.01448440551758,60.22999954223633,60.529998779296875,58.65999984741211,59.540000915527344,6855000
2022-10-04,56.38204574584961,62.869998931884766,62.869998931884766,60.869998931884766,61.0099983215332,8814600
2022-10-05,55.91570281982422,62.349998474121094,62.5099983215332,61.63999938964844,61.95000076293945,6652400
2022-10-06,55.377628326416016,61.75,62.400001525878906,61.41999816894531,61.849998474121094,6173400
2022-10-07,54.113128662109375,60.34000015258789,61.41999816894531,60.040000915527344,61.2400016784668,6649800
2022-10-10,53.996543884277344,60.209999084472656,61.0099983215332,59.810001373291016,60.75,5073100
2022-10-11,53.76336669921875,59.95000076293945,60.720001220703125,59.459999084472656,59.849998474121094,8090800
2022-10-12,53.646785736083984,59.81999969482422,60.54999923706055,59.27000045776367,60.04999923706055,6334600
2022-10-13,56.0233268737793,62.470001220703125,62.720001220703125,58.5099983215332,58.93000030517578,12046700
2022-10-14,55.162391662597656,61.5099983215332,63.77000045776367,61.400001525878906,62.79999923706055,11545600
2022-10-17,56.60624313354492,63.119998931884766,63.36000061035156,62.310001373291016,62.630001068115234,8768100
2022-10-18,56.57037353515625,63.08000183105469,64.19999694824219,62.58000183105469,63.91999816894531,8744500
2022-10-19,55.39555740356445,61.77000045776367,63.060001373291016,61.22999954223633,62.529998779296875,9461200
2022-10-20,53.50331115722656,59.65999984741211,62.0,59.2599983215332,61.619998931884766,13311100
2022-10-21,54.20280456542969,60.439998626708984,60.689998626708984,59.310001373291016,59.81999969482422,10769500
2022-10-24,55.12651824951172,61.470001220703125,61.65999984741211,60.689998626708984,60.97999954223633,11255000
2022-10-25,55.92467498779297,62.36000061035156,62.560001373291016,61.04999923706055,61.189998626708984,6392300
2022-10-26,55.861907958984375,62.290000915527344,63.06999969482422,62.209999084472656,62.560001373291016,7668100
2022-10-27,55.87984085083008,62.310001373291016,63.34000015258789,62.220001220703125,62.97999954223633,6242300
2022-10-28,57.26090621948242,63.849998474121094,63.90999984741211,62.400001525878906,62.63999938964844,7107000
2022-10-31,57.35059356689453,63.95000076293945,64.31999969482422,63.470001220703125,63.52000045776367,5375500
2022-11-01,57.38646697998047,63.9900016784668,64.5,63.77000045776367,64.4000015258789,6096600
2022-11-02,55.93363952636719,62.369998931884766,64.2699966430664,62.290000915527344,63.720001220703125,11226100
2022-11-03,55.5211067199707,61.90999984741211,62.220001220703125,60.959999084472656,61.81999969482422,7022600
2022-11-04,56.830448150634766,63.369998931884766,63.47999954223633,62.33000183105469,62.70000076293945,7666300
2022-11-07,57.16225814819336,63.7400016784668,64.12999725341797,63.09000015258789,63.709999084472656,4678500
2022-11-08,56.99187469482422,63.54999923706055,64.30000305175781,62.970001220703125,63.779998779296875,7449100
2022-11-09,56.112998962402344,62.56999969482422,63.36000061035156,62.45000076293945,63.029998779296875,5426800
2022-11-10,58.731666564941406,65.48999786376953,65.66000366210938,64.23999786376953,64.37000274658203,9628200
2022-11-11,58.31913757324219,65.02999877929688,65.97000122070312,64.80000305175781,65.48999786376953,6676300
2022-11-14,57.494075775146484,64.11000061035156,65.0999984741211,64.08999633789062,64.81999969482422,5388600
2022-11-15,57.879703521728516,64.54000091552734,65.5999984741211,63.9900016784668,64.94000244140625,6506900
2022-11-16,56.93806076049805,63.4900016784668,64.5199966430664,63.310001373291016,64.38999938964844,5798900
2022-11-17,56.095062255859375,62.54999923706055,62.88999938964844,62.11000061035156,62.7400016784668,9879100
2022-11-18,56.45378494262695,62.95000076293945,63.65999984741211,62.400001525878906,63.2400016784668,6962500
2022-11-21,56.75870132446289,63.290000915527344,63.380001068115234,62.7400016784668,62.880001068115234,4181100
2022-11-22,57.37749481201172,63.97999954223633,64.11000061035156,63.52000045776367,63.68000030517578,4913600
2022-11-23,57.368534088134766,63.970001220703125,64.27999877929688,63.689998626708984,63.939998626708984,3889300
2022-11-25,57.798988342285156,64.44999694824219,64.58000183105469,64.05999755859375,64.16000366210938,1443200
2022-11-28,56.507591247558594,63.0099983215332,64.16999816894531,62.7400016784668,63.91999816894531,5471900
2022-11-29,56.8483772277832,63.38999938964844,63.619998931884766,62.869998931884766,62.97999954223633,4199900
2022-11-30,57.86177062988281,64.5199966430664,64.54000091552734,62.029998779296875,63.34000015258789,9869100
2022-12-01,57.45820236206055,64.06999969482422,64.94000244140625,63.66999816894531,64.8499984741211,7521400
2022-12-02,57.35059356689453,63.95000076293945,64.05000305175781,63.36000061035156,63.599998474121094,6221800
2022-12-05,54.48082733154297,60.75,63.52000045776367,60.349998474121094,63.5099983215332,10916800
2022-12-06,53.95170593261719,60.15999984741211,61.06999969482422,59.72999954223633,60.72999954223633,8853600
2022-12-07,53.915836334228516,60.119998931884766,60.709999084472656,59.369998931884766,59.88999938964844,7982500
2022-12-08,54.05931854248047,60.279998779296875,60.720001220703125,59.93000030517578,60.279998779296875,5490100
2022-12-09,53.84408950805664,60.040000915527344,60.470001220703125,59.88999938964844,60.04999923706055,7342500
2022-12-12,54.33732223510742,60.59000015258789,60.880001068115234,59.54999923706055,60.09000015258789,5423500
2022-12-13,53.44948959350586,59.599998474121094,61.86000061035156,59.25,61.52000045776367,10548900
2022-12-14,52.46300506591797,58.5,59.849998474121094,58.29999923706055,59.529998779296875,12478800
2022-12-15,51.5034294128418,57.43000030517578,58.06999969482422,57.099998474121094,57.779998779296875,13332900
2022-12-16,51.06399154663086,56.939998626708984,57.58000183105469,56.72999954223633,56.95000076293945,11245300
2022-12-19,51.331363677978516,56.83000183105469,57.16999816894531,56.369998931884766,56.7400016784668,5494500
2022-12-20,51.58426284790039,57.11000061035156,57.56999969482422,56.86000061035156,56.880001068115234,6729500
2022-12-21,52.442352294921875,58.060001373291016,58.45000076293945,57.61000061035156,57.61000061035156,4848900
2022-12-22,52.24363327026367,57.84000015258789,57.900001525878906,56.7599983215332,57.75,6044200
2022-12-23,52.58686447143555,58.220001220703125,58.380001068115234,57.630001068115234,57.869998931884766,5088500
2022-12-27,52.64106750488281,58.279998779296875,58.560001373291016,57.83000183105469,58.310001373291016,4156300
2022-12-28,52.27073287963867,57.869998931884766,58.459999084472656,57.79999923706055,58.38999938964844,4229600
2022-12-29,53.25526809692383,58.959999084472656,59.04999923706055,57.970001220703125,57.9900016784668,5568700
2022-12-30,53.05656433105469,58.7400016784668,59.0,58.349998474121094,58.59000015258789,3786900
2023-01-03,52.68622589111328,58.33000183105469,59.470001220703125,57.91999816894531,59.220001220703125,7286700
2023-01-04,53.39978790283203,59.119998931884766,59.849998474121094,58.75,58.81999969482422,6458100
2023-01-05,52.38815689086914,58.0,58.45000076293945,57.5,58.310001373291016,7388100
2023-01-06,53.923667907714844,59.70000076293945,59.81999969482422,58.18000030517578,58.34000015258789,7204400
2023-01-09,53.43592071533203,59.15999984741211,59.95000076293945,59.029998779296875,59.849998474121094,8020300
2023-01-10,53.84238052368164,59.61000061035156,59.790000915527344,58.72999954223633,59.09000015258789,4755800
2023-01-11,54.140445709228516,59.939998626708984,60.04999923706055,59.43000030517578,59.77000045776367,4111900
2023-01-12,54.8088493347168,60.68000030517578,61.08000183105469,59.970001220703125,60.2599983215332,5966700
2023-01-13,54.745628356933594,60.61000061035156,60.7599983215332,59.18000030517578,59.900001525878906,7832400
2023-01-17,54.41141891479492,60.2400016784668,60.86000061035156,59.91999816894531,60.61000061035156,7947700
2023-01-18,52.469451904296875,58.09000015258789,59.880001068115234,58.06999969482422,59.869998931884766,14248700
2023-01-19,52.53267288208008,58.15999984741211,58.33000183105469,57.279998779296875,57.779998779296875,11014600
2023-01-20,53.98690414428711,59.77000045776367,59.79999923706055,58.45000076293945,58.529998779296875,8613300
2023-01-23,54.844970703125,60.720001220703125,61.09000015258789,59.900001525878906,59.90999984741211,8208200
2023-01-24,54.194637298583984,60.0,60.68000030517578,59.72999954223633,60.619998931884766,7937100
2023-01-25,54.32109832763672,60.13999938964844,60.16999816894531,59.029998779296875,59.5,6750200
2023-01-26,54.70046615600586,60.560001373291016,60.90999984741211,59.869998931884766,60.59000015258789,5277100
2023-01-27,55.04368591308594,60.939998626708984,61.11000061035156,60.290000915527344,60.4900016784668,6292300
2023-01-30,54.48367691040039,60.31999969482422,61.060001373291016,60.310001373291016,60.459999084472656,5055000
2023-01-31,56.10951614379883,62.119998931884766,62.130001068115234,60.279998779296875,60.40999984741211,6859900
2023-02-01,56.90437698364258,63.0,63.709999084472656,61.560001373291016,61.75,9462000
2023-02-02,58.421817779541016,64.68000030517578,64.8499984741211,63.369998931884766,63.61000061035156,8345000
2023-02-03,58.45795822143555,64.72000122070312,65.31999969482422,63.849998474121094,63.939998626708984,7829900
2023-02-06,57.8979377746582,64.0999984741211,64.5999984741211,63.61000061035156,64.33000183105469,6692700
2023-02-07,58.52118682861328,64.79000091552734,64.95999908447266,63.4900016784668,63.81999969482422,4851900
2023-02-08,57.861812591552734,64.05999755859375,64.69000244140625,63.90999984741211,64.25,6236800
2023-02-09,57.01276397705078,63.119998931884766,64.55000305175781,62.970001220703125,64.54000091552734,4907500
2023-02-10,56.895347595214844,62.9900016784668,63.119998931884766,62.630001068115234,62.81999969482422,4479000
2023-02-13,57.35599899291992,63.5,63.52000045776367,62.650001525878906,62.939998626708984,3872700
2023-02-14,57.139217376708984,63.2599983215332,63.79999923706055,62.4900016784668,63.47999954223633,5361600
2023-02-15,57.816650390625,64.01000213623047,64.12000274658203,62.7599983215332,62.84000015258789,5857800
2023-02-16,56.795989990234375,62.880001068115234,63.630001068115234,62.83000183105469,63.56999969482422,6794600
2023-02-17,57.085025787353516,63.20000076293945,63.290000915527344,62.47999954223633,62.880001068115234,5331700
2023-02-21,55.75724792480469,61.72999954223633,62.720001220703125,61.439998626708984,62.599998474121094,5455000
2023-02-22,55.48627853393555,61.43000030517578,61.93000030517578,61.04999923706055,61.72999954223633,4570600
2023-02-23,55.70305633544922,61.66999816894531,62.040000915527344,60.95000076293945,61.83000183105469,5357000
2023-02-24,55.71208953857422,61.68000030517578,61.709999084472656,60.7599983215332,61.040000915527344,6919500
2023-02-27,55.69403076171875,61.65999984741211,62.54999923706055,61.45000076293945,62.119998931884766,4636900
2023-02-28,55.60370635986328,61.560001373291016,62.150001525878906,61.5099983215332,61.88999938964844,6281500
2023-03-01,55.269500732421875,61.189998626708984,61.369998931884766,60.709999084472656,61.0099983215332,6771900
2023-03-02,53.869468688964844,59.63999938964844,60.4900016784668,59.04999923706055,60.29999923706055,10804900
2023-03-03,54.537872314453125,60.380001068115234,60.5,59.40999984741211,60.02000045776367,10548400
2023-03-06,54.131412506103516,59.93000030517578,60.869998931884766,59.79999923706055,60.540000915527344,7301400
2023-03-07,52.38815689086914,58.0,59.619998931884766,57.900001525878906,59.619998931884766,13049600
2023-03-08,52.1171875,57.70000076293945,58.290000915527344,57.349998474121094,58.16999816894531,14804000
2023-03-09,47.8900032043457,53.02000045776367,56.86000061035156,52.90999984741211,56.54999923706055,57213200
2023-03-10,45.785438537597656,50.689998626708984,52.88999938964844,48.439998626708984,50.81999969482422,97268000
2023-03-13,40.14919662475586,44.45000076293945,47.58000183105469,41.91999816894531,44.31999969482422,94522700
2023-03-14,40.98921203613281,45.380001068115234,49.41999816894531,44.61000061035156,49.15999984741211,64759300
2023-03-15,40.32081604003906,44.63999938964844,45.13999938964844,42.77000045776367,43.189998626708984,60478100
2023-03-16,41.73889923095703,46.209999084472656,47.5099983215332,42.95000076293945,43.86000061035156,75577700
2023-03-17,39.23692321777344,43.439998626708984,45.459999084472656,43.130001068115234,45.099998474121094,52099200
2023-03-20,39.67686080932617,43.560001373291016,45.58000183105469,43.470001220703125,44.720001220703125,58532900
2023-03-21,41.96310806274414,46.06999969482422,46.470001220703125,45.15999984741211,45.779998779296875,37003200
2023-03-22,39.5766716003418,43.45000076293945,46.150001525878906,43.380001068115234,45.959999084472656,49933700
2023-03-23,38.47453689575195,42.2400016784668,44.25,41.900001525878906,43.95000076293945,47492700
2023-03-24,39.64042663574219,43.52000045776367,43.66999816894531,41.279998779296875,41.54999923706055,47895800
2023-03-27,39.98655700683594,43.900001525878906,45.349998474121094,43.86000061035156,45.130001068115234,26667700
2023-03-28,39.95011901855469,43.86000061035156,44.310001373291016,43.349998474121094,43.83000183105469,20681700
2023-03-29,40.37822723388672,44.33000183105469,44.540000915527344,43.720001220703125,44.470001220703125,20594400
2023-03-30,39.5584602355957,43.43000030517578,45.0,43.29999923706055,44.970001220703125,20659900
2023-03-31,39.95011901855469,43.86000061035156,44.09000015258789,43.369998931884766,43.970001220703125,19391100
2023-04-03,39.531131744384766,43.400001525878906,44.22999954223633,43.119998931884766,44.0,17048900
2023-04-04,38.65670394897461,42.439998626708984,43.720001220703125,41.7599983215332,43.619998931884766,24980900
2023-04-05,38.26503372192383,42.0099983215332,42.2400016784668,41.45000076293945,41.599998474121094,28759400
2023-04-06,38.829769134521484,42.630001068115234,42.869998931884766,41.959999084472656,41.97999954223633,19811100
2023-04-10,39.030155181884766,42.849998474121094,43.279998779296875,42.029998779296875,42.25,15455800
2023-04-11,39.13946533203125,42.970001220703125,43.279998779296875,42.65999984741211,43.130001068115234,13464400
2023-04-12,38.71135711669922,42.5,43.459999084472656,42.290000915527344,43.290000915527344,16743800
2023-04-13,39.30341720581055,43.150001525878906,43.36000061035156,42.15999984741211,42.709999084472656,20384200
2023-04-14,38.53829574584961,42.310001373291016,43.97999954223633,42.02000045776367,43.79999923706055,32212000
2023-04-17,39.685970306396484,43.56999969482422,43.58000183105469,41.66999816894531,42.150001525878906,24635400
2023-04-18,38.829769134521484,42.630001068115234,43.630001068115234,42.349998474121094,43.599998474121094,19023700
2023-04-19,40.360008239746094,44.310001373291016,44.59000015258789,42.7599983215332,43.099998474121094,29040500
2023-04-20,39.60399627685547,43.47999954223633,44.2599983215332,43.150001525878906,43.54999923706055,27506700
2023-04-21,39.10302734375,42.93000030517578,43.36000061035156,42.58000183105469,43.31999969482422,20327400
2023-04-24,38.90263366699219,42.709999084472656,43.43000030517578,42.619998931884766,42.83000183105469,15506900
2023-04-25,37.263099670410156,40.90999984741211,42.13999938964844,40.77000045776367,42.04999923706055,35660200
2023-04-26,37.49081039428711,41.15999984741211,41.95000076293945,40.66999816894531,41.040000915527344,31611100
2023-04-27,38.19217300415039,41.93000030517578,42.13999938964844,41.2400016784668,41.2400016784668,16767500
2023-04-28,38.857086181640625,42.65999984741211,43.02000045776367,41.79999923706055,41.88999938964844,30201600
2023-05-01,37.764060974121094,41.459999084472656,42.83000183105469,41.310001373291016,42.70000076293945,28443800
2023-05-02,35.39584732055664,38.86000061035156,41.290000915527344,38.11000061035156,41.2599983215332,61380800
2023-05-03,34.75824737548828,38.15999984741211,40.08000183105469,37.9900016784668,39.08000183105469,57727200
2023-05-04,32.863670349121094,36.08000183105469,37.04999923706055,34.52000045776367,36.599998474121094,117644200
2023-05-05,34.931304931640625,38.349998474121094,38.4900016784668,37.209999084472656,38.04999923706055,61946500
2023-05-08,34.229949951171875,37.58000183105469,39.38999938964844,37.4900016784668,39.2599983215332,36322200
2023-05-09,34.0842170715332,37.41999816894531,37.72999954223633,36.63999938964844,37.22999954223633,29736900
2023-05-10,33.75631332397461,37.060001373291016,38.20000076293945,36.59000015258789,38.16999816894531,21147900
2023-05-11,32.918312072753906,36.13999938964844,36.86000061035156,35.97999954223633,36.369998931884766,28874200
2023-05-12,33.127811431884766,36.369998931884766,36.58000183105469,35.7599983215332,36.439998626708984,22067400
2023-05-15,34.17529296875,37.52000045776367,37.75,36.380001068115234,36.41999816894531,22312800
2023-05-16,33.66521453857422,36.959999084472656,37.9900016784668,36.95000076293945,37.790000915527344,24550100
2023-05-17,36.14274215698242,39.68000030517578,39.83000183105469,37.849998474121094,37.849998474121094,49594500
2023-05-18,36.36134719848633,39.91999816894531,40.06999969482422,39.189998626708984,39.720001220703125,26324000
2023-05-19,35.71464157104492,39.209999084472656,40.36000061035156,38.5099983215332,40.349998474121094,33875900
2023-05-22,36.85321044921875,40.459999084472656,40.54999923706055,39.11000061035156,39.65999984741211,28557500
2023-05-23,37.21755599975586,40.86000061035156,42.09000015258789,40.459999084472656,40.599998474121094,30692900
2023-05-24,36.55262756347656,40.130001068115234,40.70000076293945,39.810001373291016,40.470001220703125,19125800
2023-05-25,36.252052307128906,39.79999923706055,40.22999954223633,39.130001068115234,39.93000030517578,17439300
2023-05-26,36.698368072509766,40.290000915527344,40.290000915527344,39.189998626708984,39.810001373291016,14825400
2023-05-30,36.625492095947266,40.209999084472656,40.560001373291016,39.529998779296875,40.52000045776367,18078500
2023-05-31,35.49603271484375,38.970001220703125,40.09000015258789,38.45000076293945,39.84000015258789,31969300
2023-06-01,36.215614318847656,39.7599983215332,40.27000045776367,38.709999084472656,39.209999084472656,18963800
2023-06-02,38.44720458984375,42.209999084472656,42.34000015258789,40.290000915527344,40.52000045776367,33455800
2023-06-05,37.45437240600586,41.119998931884766,42.290000915527344,40.66999816894531,42.25,18426300
2023-06-06,39.31251907348633,43.15999984741211,43.79999923706055,40.88999938964844,41.029998779296875,32603500
2023-06-07,40.615047454833984,44.59000015258789,44.97999954223633,43.31999969482422,43.7400016784668,33569300
2023-06-08,40.13228988647461,44.060001373291016,44.43000030517578,43.349998474121094,44.29999923706055,20836400
2023-06-09,39.585777282714844,43.459999084472656,44.099998474121094,43.209999084472656,44.099998474121094,14456800
2023-06-12,39.294307708740234,43.13999938964844,44.459999084472656,42.689998626708984,43.619998931884766,32464500
2023-06-13,40.205162048339844,44.13999938964844,44.349998474121094,42.779998779296875,43.279998779296875,21116300
2023-06-14,39.030155181884766,42.849998474121094,44.54999923706055,42.529998779296875,44.22999954223633,27275000
2023-06-15,39.77705383300781,43.66999816894531,43.810001373291016,42.470001220703125,42.5,18410500
2023-06-16,39.23054885864258,43.06999969482422,44.0,42.709999084472656,43.83000183105469,19281500
2023-06-20,38.723968505859375,42.119998931884766,42.599998474121094,41.86000061035156,42.529998779296875,13767900
2023-06-21,38.12637710571289,41.470001220703125,42.040000915527344,41.38999938964844,41.95000076293945,15335900
2023-06-22,36.922000885009766,40.15999984741211,41.369998931884766,39.91999816894531,41.349998474121094,25452800
2023-06-23,36.38876724243164,39.58000183105469,40.279998779296875,39.38999938964844,39.63999938964844,22844100
2023-06-26,36.84844970703125,40.08000183105469,40.77000045776367,39.849998474121094,39.91999816894531,16537400
2023-06-27,37.47362518310547,40.7599983215332,41.119998931884766,39.709999084472656,40.189998626708984,15751900
2023-06-28,37.271366119384766,40.540000915527344,40.689998626708984,40.060001373291016,40.54999923706055,15173200
2023-06-29,37.9700813293457,41.29999923706055,41.72999954223633,41.0099983215332,41.029998779296875,18580600
2023-06-30,37.53798294067383,40.83000183105469,41.779998779296875,40.810001373291016,41.779998779296875,17853600
2023-07-03,38.40218734741211,41.77000045776367,41.970001220703125,40.900001525878906,41.0,10399700
2023-07-05,37.896541595458984,41.220001220703125,41.81999969482422,40.81999969482422,41.310001373291016,12936900
2023-07-06,37.31732940673828,40.59000015258789,40.79999923706055,39.810001373291016,40.54999923706055,21157300
2023-07-07,38.12637710571289,41.470001220703125,41.86000061035156,40.52000045776367,40.52000045776367,15824900
2023-07-10,38.42976760864258,41.79999923706055,42.34000015258789,41.13999938964844,41.31999969482422,13961100
2023-07-11,38.944618225097656,42.36000061035156,42.5,41.560001373291016,41.95000076293945,13155800
2023-07-12,39.7260856628418,43.209999084472656,43.81999969482422,42.90999984741211,43.25,19565200
2023-07-13,40.40642166137695,43.95000076293945,44.22999954223633,43.13999938964844,43.4900016784668,16086900
2023-07-14,39.65253829956055,43.130001068115234,44.38999938964844,42.7599983215332,44.369998931884766,22715000
2023-07-17,40.342063903808594,43.880001068115234,44.16999816894531,42.83000183105469,43.0,14518700
2023-07-18,42.042903900146484,45.72999954223633,45.81999969482422,43.880001068115234,43.91999816894531,29927600
2023-07-19,43.348411560058594,47.150001525878906,47.27000045776367,45.5099983215332,46.0,30812200
2023-07-20,43.18293380737305,46.970001220703125,47.16999816894531,46.099998474121094,47.0,26266500
2023-07-21,42.6405029296875,46.380001068115234,47.45000076293945,46.209999084472656,47.45000076293945,19920700
2023-07-24,43.71615982055664,47.54999923706055,47.70000076293945,46.290000915527344,46.290000915527344,18132600
2023-07-25,42.888729095458984,46.650001525878906,47.9900016784668,46.380001068115234,47.59000015258789,34931500
2023-07-26,44.92054748535156,48.86000061035156,49.220001220703125,47.61000061035156,47.849998474121094,30039800
2023-07-27,44.15746307373047,48.029998779296875,49.56999969482422,47.79999923706055,49.33000183105469,21500900
2023-07-28,44.79182434082031,48.720001220703125,48.970001220703125,48.119998931884766,48.709999084472656,11387600
2023-07-31,44.76424789428711,48.689998626708984,49.130001068115234,48.33000183105469,48.79999923706055,14185100
2023-08-01,44.28617858886719,48.16999816894531,48.41999816894531,47.439998626708984,48.41999816894531,12644500
2023-08-02,44.08390426635742,47.95000076293945,47.9900016784668,47.09000015258789,47.41999816894531,18172300
2023-08-03,44.47004318237305,48.369998931884766,48.54999923706055,47.33000183105469,47.61000061035156,12742600
2023-08-04,44.64473342895508,48.560001373291016,49.0,48.06999969482422,48.150001525878906,10466500
2023-08-07,45.086029052734375,49.040000915527344,49.09000015258789,48.43000030517578,48.7599983215332,7428100
2023-08-08,44.5068244934082,48.40999984741211,48.5,46.849998474121094,47.709999084472656,20368600
2023-08-09,43.86326217651367,47.709999084472656,48.209999084472656,47.459999084472656,48.130001068115234,10292900
2023-08-10,43.826480865478516,47.66999816894531,48.47999954223633,47.380001068115234,48.0,10735700
2023-08-11,43.93681716918945,47.790000915527344,47.91999816894531,47.25,47.29999923706055,7755900
2023-08-14,43.081787109375,46.86000061035156,47.380001068115234,46.65999984741211,47.380001068115234,10711300
2023-08-15,41.6475715637207,45.29999923706055,46.349998474121094,45.13999938964844,46.04999923706055,18390300
2023-08-16,41.1786994934082,44.790000915527344,45.52000045776367,44.70000076293945,45.11000061035156,11076200
2023-08-17,41.1786994934082,44.790000915527344,45.27000045776367,44.58000183105469,44.95000076293945,11268500
2023-08-18,41.14192199707031,44.75,45.099998474121094,44.16999816894531,44.33000183105469,11139000
2023-08-21,40.866111755371094,44.45000076293945,45.04999923706055,43.959999084472656,44.880001068115234,10282600
2023-08-22,39.698509216308594,43.18000030517578,44.65999984741211,43.119998931884766,44.279998779296875,15117300
2023-08-23,40.213356018066406,43.7400016784668,43.869998931884766,42.810001373291016,43.099998474121094,12265200
2023-08-24,40.3972282409668,43.939998626708984,44.56999969482422,43.540000915527344,43.619998931884766,10659100
2023-08-25,40.112220764160156,43.630001068115234,44.5099983215332,43.04999923706055,44.16999816894531,15886700
2023-08-28,40.691429138183594,44.2599983215332,44.619998931884766,43.810001373291016,43.810001373291016,9359300
2023-08-29,41.07756042480469,44.68000030517578,44.959999084472656,43.86000061035156,44.29999923706055,9590500
2023-08-30,40.774166107177734,44.349998474121094,44.79999923706055,44.189998626708984,44.650001525878906,11744000
2023-08-31,40.96724319458008,44.560001373291016,44.84000015258789,44.209999084472656,44.38999938964844,8941200
2023-09-01,41.941776275634766,45.619998931884766,45.81999969482422,44.939998626708984,45.02000045776367,12328400
2023-09-05,40.99481964111328,44.59000015258789,45.529998779296875,44.59000015258789,45.52000045776367,11728400
2023-09-06,40.04787063598633,43.560001373291016,44.849998474121094,43.33000183105469,44.4900016784668,15041400
2023-09-07,39.50543975830078,42.970001220703125,43.70000076293945,42.81999969482422,43.36000061035156,13704000
2023-09-08,39.86399841308594,43.36000061035156,43.529998779296875,42.470001220703125,43.06999969482422,12883600
2023-09-11,39.79043197631836,43.279998779296875,44.09000015258789,43.209999084472656,43.619998931884766,11530300
2023-09-12,40.12141799926758,43.63999938964844,44.08000183105469,43.15999984741211,43.310001373291016,16503400
2023-09-13,39.634159088134766,43.11000061035156,44.0,42.7400016784668,43.849998474121094,15312300
2023-09-14,40.41561508178711,43.959999084472656,44.099998474121094,43.43000030517578,43.65999984741211,10701200
2023-09-15,40.185768127441406,43.709999084472656,43.97999954223633,43.290000915527344,43.599998474121094,12297800
2023-09-18,39.42072677612305,42.5099983215332,43.27000045776367,42.470001220703125,43.18000030517578,13111400
2023-09-19,39.3279914855957,42.40999984741211,42.95000076293945,42.04999923706055,42.459999084472656,11120600
2023-09-20,38.98488235473633,42.040000915527344,43.08000183105469,42.0,42.70000076293945,12586800
2023-09-21,38.41921615600586,41.43000030517578,42.130001068115234,41.2599983215332,41.83000183105469,14879900
2023-09-22,38.16883087158203,41.15999984741211,41.689998626708984,40.970001220703125,41.459999084472656,10795900
2023-09-25,38.71596145629883,41.75,41.7599983215332,40.79999923706055,40.95000076293945,10880800
2023-09-26,38.113197326660156,41.099998474121094,41.9900016784668,41.040000915527344,41.18000030517578,14438300
2023-09-27,37.9091796875,40.880001068115234,41.310001373291016,40.540000915527344,41.220001220703125,11183000
2023-09-28,38.28938293457031,41.290000915527344,41.68000030517578,40.810001373291016,40.86000061035156,11384400
2023-09-29,38.734500885009766,41.77000045776367,42.36000061035156,41.52000045776367,41.650001525878906,16799900
2023-10-02,37.77008056640625,40.72999954223633,41.880001068115234,40.54999923706055,41.7400016784668,19091100
2023-10-03,37.02821731567383,39.93000030517578,40.529998779296875,39.689998626708984,40.459999084472656,16943400
2023-10-04,37.3806037902832,40.310001373291016,40.400001525878906,39.470001220703125,39.970001220703125,13697000
2023-10-05,38.00191116333008,40.97999954223633,41.09000015258789,40.08000183105469,40.279998779296875,12282900
2023-10-06,38.10391616821289,41.09000015258789,41.61000061035156,40.099998474121094,40.45000076293945,17535700
2023-10-09,38.08536911010742,41.06999969482422,41.29999923706055,40.58000183105469,40.65999984741211,8245400
2023-10-10,38.67885971069336,41.709999084472656,42.060001373291016,41.36000061035156,41.41999816894531,14439700
2023-10-11,38.70668029785156,41.7400016784668,42.45000076293945,41.33000183105469,41.869998931884766,12105500
2023-10-12,38.233741760253906,41.22999954223633,41.93000030517578,40.849998474121094,41.75,14614400
2023-10-13,37.48261260986328,40.41999816894531,41.790000915527344,40.310001373291016,41.65999984741211,17213200
2023-10-16,38.43775939941406,41.45000076293945,41.54999923706055,40.83000183105469,40.939998626708984,12985700
2023-10-17,39.25381088256836,42.33000183105469,42.91999816894531,41.11000061035156,41.189998626708984,21579000
2023-10-18,38.187381744384766,41.18000030517578,42.029998779296875,41.060001373291016,41.880001068115234,20730600
2023-10-19,37.77008056640625,40.72999954223633,42.02000045776367,40.619998931884766,41.25,20050200
2023-10-20,36.2585334777832,39.099998474121094,40.619998931884766,39.060001373291016,40.540000915527344,44366200
2023-10-23,36.11944580078125,38.95000076293945,39.810001373291016,38.88999938964844,38.959999084472656,24472000
2023-10-24,35.896881103515625,38.709999084472656,39.43000030517578,38.20000076293945,39.20000076293945,21003100
2023-10-25,35.767051696777344,38.56999969482422,38.84000015258789,37.65999984741211,38.36000061035156,31325200
2023-10-26,36.83348846435547,39.720001220703125,40.029998779296875,38.61000061035156,38.61000061035156,28245200
2023-10-27,36.04524612426758,38.869998931884766,39.72999954223633,38.47999954223633,39.68000030517578,18151300
2023-10-30,36.583099365234375,39.45000076293945,39.63999938964844,38.83000183105469,39.31999969482422,12866700
2023-10-31,36.787105560302734,39.66999816894531,39.83000183105469,39.15999984741211,39.56999969482422,9806800
2023-11-01,36.935482025146484,39.83000183105469,39.95000076293945,39.209999084472656,39.619998931884766,16694500
2023-11-02,39.03125,42.09000015258789,42.16999816894531,40.349998474121094,40.400001525878906,22506900
2023-11-03,40.45005798339844,43.619998931884766,44.209999084472656,43.29999923706055,43.349998474121094,23970000
2023-11-06,39.875118255615234,43.0,43.900001525878906,42.75,43.650001525878906,14351900
2023-11-07,39.48563766479492,42.58000183105469,43.0099983215332,42.34000015258789,42.93000030517578,13379900
2023-11-08,38.96633529663086,42.02000045776367,42.68000030517578,41.83000183105469,42.54999923706055,10562500
2023-11-09,38.15028762817383,41.13999938964844,42.220001220703125,40.959999084472656,42.060001373291016,17166900
2023-11-10,38.36357879638672,41.369998931884766,41.529998779296875,40.790000915527344,41.470001220703125,10241900
2023-11-13,38.4284782409668,41.439998626708984,41.54999923706055,40.7599983215332,41.150001525878906,10756800
2023-11-14,41.25684356689453,44.4900016784668,45.0099983215332,43.0099983215332,43.06999969482422,35037100
2023-11-15,41.822505950927734,45.099998474121094,45.47999954223633,44.41999816894531,44.560001373291016,20716500
2023-11-16,41.293922424316406,44.529998779296875,45.16999816894531,44.150001525878906,44.869998931884766,14549900
2023-11-17,41.92450714111328,45.209999084472656,45.470001220703125,44.72999954223633,45.029998779296875,13909100
2023-11-20,41.87813949584961,45.15999984741211,45.2400016784668,44.68000030517578,45.2400016784668,11460200
2023-11-21,40.94154739379883,44.150001525878906,45.029998779296875,44.09000015258789,44.90999984741211,11895800
2023-11-22,41.11773681640625,44.34000015258789,44.77000045776367,44.060001373291016,44.650001525878906,11442500
2023-11-24,41.17337417602539,44.400001525878906,44.59000015258789,44.099998474121094,44.349998474121094,4400800
2023-11-27,40.913726806640625,44.119998931884766,44.27000045776367,43.7400016784668,44.08000183105469,8788600
2023-11-28,40.90445327758789,44.11000061035156,44.189998626708984,43.5099983215332,44.060001373291016,9490400
2023-11-29,41.75759506225586,45.029998779296875,45.68000030517578,44.459999084472656,44.5,18611300
2023-11-30,41.84105682373047,45.119998931884766,45.54999923706055,44.790000915527344,45.2400016784668,13376400
2023-12-01,44.01100540161133,47.459999084472656,47.59000015258789,44.650001525878906,44.869998931884766,29981600
2023-12-04,44.62303161621094,48.119998931884766,48.2599983215332,46.83000183105469,46.869998931884766,20528100
2023-12-05,44.06663513183594,47.52000045776367,47.970001220703125,47.369998931884766,47.83000183105469,13634200
2023-12-06,44.08518600463867,47.540000915527344,49.099998474121094,47.459999084472656,47.939998626708984,17190300
2023-12-07,44.93833541870117,48.459999084472656,48.4900016784668,47.58000183105469,47.7400016784668,11112100
2023-12-08,45.429813385009766,48.9900016784668,49.349998474121094,48.099998474121094,48.58000183105469,13602900
2023-12-11,45.32780838012695,48.880001068115234,49.130001068115234,48.59000015258789,48.90999984741211,8726000
2023-12-12,44.97541809082031,48.5,48.900001525878906,48.400001525878906,48.72999954223633,9820600
2023-12-13,47.60903549194336,51.34000015258789,51.380001068115234,48.290000915527344,48.5,28069300
2023-12-14,49.908809661865234,53.81999969482422,54.470001220703125,52.84000015258789,53.11000061035156,39750900
2023-12-15,49.11130905151367,52.959999084472656,54.0,52.619998931884766,53.91999816894531,23805700
2023-12-18,48.598026275634766,51.97999954223633,52.93000030517578,51.93000030517578,52.70000076293945,15667500
2023-12-19,49.317928314208984,52.75,52.939998626708984,51.779998779296875,52.099998474121094,14449900
2023-12-20,48.1679573059082,51.52000045776367,53.16999816894531,51.4900016784668,52.5,15717100
2023-12-21,48.69152069091797,52.08000183105469,52.380001068115234,51.4900016784668,52.0099983215332,11761200
2023-12-22,49.00004959106445,52.40999984741211,52.970001220703125,52.11000061035156,52.5,10723000
2023-12-26,49.75735092163086,53.220001220703125,53.40999984741211,52.310001373291016,52.5099983215332,10711300
2023-12-27,49.67320251464844,53.130001068115234,53.400001525878906,52.83000183105469,53.279998779296875,6572200
2023-12-28,49.79475021362305,53.2599983215332,53.290000915527344,52.83000183105469,52.93000030517578,7641900
2023-12-29,49.01874542236328,52.43000030517578,53.13999938964844,52.38999938964844,53.099998474121094,9416000
2024-01-02,49.17768859863281,52.599998474121094,53.220001220703125,51.790000915527344,51.93000030517578,14000900
2024-01-03,47.56024169921875,50.869998931884766,52.0,50.77000045776367,51.90999984741211,14163700
2024-01-04,47.79397964477539,51.119998931884766,51.63999938964844,50.66999816894531,50.720001220703125,9241600
2024-01-05,48.364295959472656,51.72999954223633,52.290000915527344,50.689998626708984,50.86000061035156,15495400
2024-01-08,48.81305694580078,52.209999084472656,52.2400016784668,51.27000045776367,51.59000015258789,11227800
2024-01-09,48.261444091796875,51.619998931884766,51.83000183105469,51.27000045776367,51.5,8413700
2024-01-10,48.37364196777344,51.7400016784668,51.7599983215332,51.029998779296875,51.470001220703125,11949800
2024-01-11,47.73788833618164,51.060001373291016,51.369998931884766,50.2599983215332,51.290000915527344,16711000
2024-01-12,47.111473083496094,50.38999938964844,51.61000061035156,49.93000030517578,51.380001068115234,17936500
2024-01-16,46.3167839050293,49.540000915527344,50.09000015258789,49.2400016784668,49.54999923706055,14606500
2024-01-17,46.120445251464844,49.33000183105469,49.65999984741211,48.43000030517578,48.810001373291016,14409900
2024-01-18,46.53181457519531,49.77000045776367,49.95000076293945,49.119998931884766,49.63999938964844,13341100
2024-01-19,47.7098388671875,51.029998779296875,51.040000915527344,49.47999954223633,49.959999084472656,21027500
2024-01-22,48.76631546020508,52.15999984741211,52.22999954223633,51.20000076293945,51.36000061035156,15259100
2024-01-23,48.29884719848633,51.65999984741211,52.529998779296875,51.400001525878906,52.33000183105469,10633400
2024-01-24,48.85980987548828,52.2599983215332,52.7599983215332,51.75,51.90999984741211,11708800
2024-01-25,48.56062698364258,51.939998626708984,52.77000045776367,51.279998779296875,52.5099983215332,12409800
2024-01-26,48.73827362060547,52.130001068115234,52.7400016784668,51.81999969482422,52.02000045776367,10042100
2024-01-29,49.55166244506836,53.0,53.040000915527344,52.04999923706055,52.2400016784668,7353200
2024-01-30,49.35532760620117,52.790000915527344,53.189998626708984,52.66999816894531,52.900001525878906,7191300
2024-01-31,46.46637725830078,49.70000076293945,51.529998779296875,49.599998474121094,50.2599983215332,41412700
2024-02-01,45.01721954345703,48.150001525878906,50.06999969482422,46.560001373291016,49.869998931884766,56445900
2024-02-02,45.222904205322266,48.369998931884766,48.66999816894531,46.810001373291016,47.11000061035156,32986700
2024-02-05,44.47495651245117,47.56999969482422,47.970001220703125,47.18000030517578,47.93000030517578,19075200
2024-02-06,43.91400146484375,46.970001220703125,48.04999923706055,46.61000061035156,47.529998779296875,21376300
2024-02-07,43.80179977416992,46.849998474121094,47.22999954223633,45.66999816894531,47.18000030517578,31815000
2024-02-08,43.97944259643555,47.040000915527344,47.150001525878906,46.38999938964844,46.45000076293945,12579800
2024-02-09,44.755435943603516,47.869998931884766,47.9900016784668,46.5099983215332,47.08000183105469,15012100
2024-02-12,45.718421936035156,48.900001525878906,49.40999984741211,47.79999923706055,47.900001525878906,17284200
2024-02-13,43.78310775756836,46.83000183105469,47.54999923706055,46.06999969482422,47.310001373291016,28242600
2024-02-14,44.59649658203125,47.70000076293945,47.779998779296875,46.84000015258789,47.45000076293945,12475400
2024-02-15,46.017601013183594,49.220001220703125,49.529998779296875,48.0099983215332,48.0099983215332,17792800
2024-02-16,45.5407829284668,48.709999084472656,49.13999938964844,48.15999984741211,48.72999954223633,11129600
2024-02-20,45.185508728027344,48.33000183105469,48.720001220703125,47.9900016784668,48.099998474121094,9229900
2024-02-21,44.88632583618164,48.0099983215332,48.209999084472656,47.619998931884766,48.029998779296875,10389000
2024-02-22,44.84892654418945,47.970001220703125,48.5099983215332,47.689998626708984,48.18000030517578,9548300
2024-02-23,44.755435943603516,47.869998931884766,48.369998931884766,47.4900016784668,47.97999954223633,12470200
2024-02-26,44.334716796875,47.41999816894531,48.18000030517578,47.09000015258789,47.77000045776367,9552300
2024-02-27,44.88632583618164,48.0099983215332,48.22999954223633,47.619998931884766,47.650001525878906,10064000
2024-02-28,44.40016555786133,47.4900016784668,48.040000915527344,47.43000030517578,47.68000030517578,7778500
2024-02-29,45.007869720458984,48.13999938964844,48.900001525878906,47.790000915527344,48.22999954223633,11926300
2024-03-01,44.51235580444336,47.61000061035156,47.75,46.59000015258789,47.439998626708984,15632100
2024-03-04,44.50300598144531,47.599998474121094,48.54999923706055,47.52000045776367,47.70000076293945,17467200
2024-03-05,46.29808807373047,49.52000045776367,49.720001220703125,47.34000015258789,47.34000015258789,22949200
2024-03-06,46.24198532104492,49.459999084472656,50.36000061035156,47.970001220703125,49.189998626708984,52019100
2024-03-07,46.307430267333984,49.529998779296875,50.5,49.380001068115234,50.06999969482422,14643200
2024-03-08,46.34482955932617,49.56999969482422,50.45000076293945,49.5,50.11000061035156,12077300
2024-03-11,46.11109924316406,49.31999969482422,49.72999954223633,49.08000183105469,49.38999938964844,11180100
2024-03-12,45.652976989746094,48.83000183105469,49.41999816894531,48.54999923706055,49.220001220703125,12941300
2024-03-13,45.69971466064453,48.880001068115234,49.470001220703125,48.599998474121094,48.790000915527344,7639800
2024-03-14,44.51235580444336,47.61000061035156,48.81999969482422,47.27000045776367,48.61000061035156,19138600
2024-03-15,44.746089935302734,47.86000061035156,48.31999969482422,47.2599983215332,47.2599983215332,13877200
2024-03-18,44.46242904663086,47.18000030517578,47.599998474121094,47.029998779296875,47.5,7760400
2024-03-19,44.61321258544922,47.34000015258789,47.650001525878906,47.0,47.029998779296875,7537500
2024-03-20,46.007965087890625,48.81999969482422,49.2599983215332,46.97999954223633,47.13999938964844,18005200
2024-03-21,46.686492919921875,49.540000915527344,50.040000915527344,49.099998474121094,49.099998474121094,13328100
2024-03-22,45.67811965942383,48.470001220703125,49.84000015258789,48.380001068115234,49.619998931884766,10917100
2024-03-25,45.74408721923828,48.540000915527344,49.130001068115234,48.439998626708984,48.56999969482422,7018500
2024-03-26,45.461368560791016,48.2400016784668,49.040000915527344,48.20000076293945,48.810001373291016,5388900
2024-03-27,47.13884353637695,50.02000045776367,50.04999923706055,48.36000061035156,48.36000061035156,12925800
2024-03-28,47.38386535644531,50.279998779296875,50.47999954223633,49.79999923706055,49.959999084472656,10248700
2024-04-01,46.450897216796875,49.290000915527344,50.400001525878906,49.209999084472656,50.349998474121094,10704500
2024-04-02,45.59330749511719,48.380001068115234,48.81999969482422,48.189998626708984,48.75,11015200
2024-04-03,45.49906539916992,48.279998779296875,48.650001525878906,48.04999923706055,48.220001220703125,8818000
2024-04-04,45.404823303222656,48.18000030517578,49.31999969482422,48.040000915527344,48.869998931884766,11684100
2024-04-05,45.433101654052734,48.209999084472656,48.41999816894531,47.81999969482422,47.900001525878906,7787000
2024-04-08,46.20586395263672,49.029998779296875,49.22999954223633,48.20000076293945,48.34000015258789,7391200
2024-04-09,46.50742721557617,49.349998474121094,49.5099983215332,48.900001525878906,49.279998779296875,8462400
2024-04-10,44.198551177978516,46.900001525878906,48.20000076293945,46.54999923706055,48.150001525878906,28179100
2024-04-11,44.236244201660156,46.939998626708984,47.2599983215332,46.22999954223633,47.11000061035156,13807200
2024-04-12,43.840450286865234,46.52000045776367,46.79999923706055,46.13999938964844,46.27000045776367,12978100
2024-04-15,43.67081069946289,46.34000015258789,47.45000076293945,45.97999954223633,46.849998474121094,19878400
2024-04-16,43.11479187011719,45.75,46.15999984741211,45.459999084472656,46.040000915527344,15760400
2024-04-17,43.190185546875,45.83000183105469,46.4900016784668,45.7400016784668,46.31999969482422,10585600
2024-04-18,43.45405578613281,46.11000061035156,46.43000030517578,45.630001068115234,45.7599983215332,9415800
2024-04-19,44.594356536865234,47.31999969482422,47.369998931884766,45.7400016784668,45.83000183105469,15332400
2024-04-22,45.404823303222656,48.18000030517578,48.41999816894531,47.220001220703125,47.29999923706055,13819500
2024-04-23,45.92314529418945,48.72999954223633,49.060001373291016,47.869998931884766,48.13999938964844,12965500
2024-04-24,46.187015533447266,49.0099983215332,49.119998931884766,48.11000061035156,48.349998474121094,9540600
2024-04-25,45.67811965942383,48.470001220703125,48.81999969482422,47.810001373291016,48.68000030517578,11646000
2024-04-26,45.414249420166016,48.189998626708984,48.88999938964844,48.15999984741211,48.36000061035156,9127800
2024-04-29,45.01844024658203,47.77000045776367,48.56999969482422,47.70000076293945,48.209999084472656,15276200
2024-04-30,44.3116455078125,47.02000045776367,47.7599983215332,46.97999954223633,47.470001220703125,12559800
2024-05-01,45.45195007324219,48.22999954223633,49.2599983215332,47.459999084472656,47.459999084472656,26305400
2024-05-02,46.19644546508789,49.02000045776367,49.06999969482422,48.36000061035156,48.81999969482422,12595900
2024-05-03,46.790157318115234,49.650001525878906,50.209999084472656,49.47999954223633,49.79999923706055,14924800
2024-05-06,47.15768814086914,50.040000915527344,50.34000015258789,49.689998626708984,50.0,10151100
2024-05-07,47.00690460205078,49.880001068115234,50.529998779296875,49.849998474121094,50.29999923706055,9147900
2024-05-08,47.28020095825195,50.16999816894531,50.18000030517578,49.29999923706055,49.4900016784668,6644100
2024-05-09,47.50637435913086,50.40999984741211,50.459999084472656,49.91999816894531,50.13999938964844,7973900
2024-05-10,47.44983673095703,50.349998474121094,50.599998474121094,49.95000076293945,50.4900016784668,8636500
2024-05-13,47.4027099609375,50.29999923706055,50.790000915527344,50.290000915527344,50.59000015258789,9515600
2024-05-14,47.95873260498047,50.88999938964844,51.0,50.4900016784668,50.779998779296875,10244800
2024-05-15,48.12836456298828,51.06999969482422,51.75,50.689998626708984,51.45000076293945,15942600
2024-05-16,47.9210319519043,50.849998474121094,51.27000045776367,50.810001373291016,50.97999954223633,8112800
2024-05-17,48.2414436340332,51.189998626708984,51.40999984741211,50.83000183105469,51.02000045776367,8772700
2024-05-20,47.54407501220703,50.45000076293945,51.36000061035156,50.41999816894531,51.36000061035156,8328200
2024-05-21,47.610042572021484,50.52000045776367,50.849998474121094,50.29999923706055,50.33000183105469,8303100
2024-05-22,47.035179138183594,49.90999984741211,50.61000061035156,49.68000030517578,50.380001068115234,8873300
2024-05-23,45.904296875,48.709999084472656,50.189998626708984,48.439998626708984,50.189998626708984,15161900
2024-05-24,46.10219955444336,48.91999816894531,49.06999969482422,48.59000015258789,48.959999084472656,6530500
2024-05-28,45.715816497802734,48.5099983215332,49.22999954223633,48.290000915527344,49.20000076293945,10690500
2024-05-29,44.61321258544922,47.34000015258789,47.7400016784668,47.0,47.52000045776367,19541100
2024-05-30,45.39540100097656,48.16999816894531,48.40999984741211,47.63999938964844,48.02000045776367,12196800
2024-05-31,46.036231994628906,48.849998474121094,48.880001068115234,48.290000915527344,48.45000076293945,13437200
2024-06-03,45.23519515991211,48.0,49.400001525878906,47.7599983215332,49.33000183105469,11314700
2024-06-04,44.43415451049805,47.150001525878906,47.65999984741211,47.029998779296875,47.380001068115234,19446400
2024-06-05,44.57551574707031,47.29999923706055,47.58000183105469,46.9900016784668,47.58000183105469,8739200
2024-06-06,44.688602447509766,47.41999816894531,47.56999969482422,46.9900016784668,47.2599983215332,10946800
2024-06-07,44.490699768066406,47.209999084472656,47.470001220703125,46.88999938964844,46.93000030517578,11918500
2024-06-10,43.80274963378906,46.47999954223633,46.900001525878906,46.13999938964844,46.709999084472656,10792400
2024-06-11,43.64253616333008,46.310001373291016,46.47999954223633,45.7599983215332,46.290000915527344,17058500
2024-06-12,44.72629165649414,47.459999084472656,48.400001525878906,47.029998779296875,47.56999969482422,25433200
2024-06-13,44.019500732421875,46.709999084472656,47.33000183105469,46.45000076293945,47.18000030517578,13248800
2024-06-14,43.46347427368164,46.119998931884766,46.540000915527344,45.83000183105469,46.22999954223633,12336600
2024-06-17,44.198551177978516,46.900001525878906,46.95000076293945,45.790000915527344,46.15999984741211,12468700
2024-06-18,44.3116455078125,47.02000045776367,47.349998474121094,46.650001525878906,46.810001373291016,8886000
2024-06-20,44.38703155517578,47.099998474121094,47.209999084472656,46.7400016784668,46.83000183105469,7874700
2024-06-21,44.30221939086914,47.0099983215332,47.06999969482422,46.63999938964844,47.0099983215332,8100700
2024-06-24,45.216434478759766,47.58000183105469,48.029998779296875,46.689998626708984,46.93000030517578,14405600
2024-06-25,44.59872055053711,46.93000030517578,47.619998931884766,46.900001525878906,47.2599983215332,8946700
2024-06-26,44.788787841796875,47.130001068115234,47.209999084472656,46.470001220703125,46.779998779296875,7670500
2024-06-27,45.263946533203125,47.630001068115234,47.630001068115234,46.79999923706055,47.119998931884766,8201200
2024-06-28,46.66091537475586,49.099998474121094,49.25,47.900001525878906,48.02000045776367,28137300
