Date,Adj Close,Close,High,Low,Open,Volume
2019-01-02,31.965274810791016,40.400001525878906,40.720001220703125,38.7599983215332,39.02000045776367,10648000
2019-01-03,31.395599365234375,39.68000030517578,40.220001220703125,39.25,40.220001220703125,13034500
2019-01-04,32.67737579345703,41.29999923706055,41.58000183105469,40.279998779296875,40.5,14371600
2019-01-07,33.00177001953125,41.709999084472656,42.15999984741211,40.97999954223633,41.5099983215332,11812400
2019-01-08,32.796051025390625,41.45000076293945,42.40999984741211,41.08000183105469,42.29999923706055,11398200
2019-01-09,33.02549743652344,41.7400016784668,42.209999084472656,41.25,41.90999984741211,9223000
2019-01-10,32.96220397949219,41.65999984741211,41.959999084472656,41.2400016784668,41.380001068115234,7560800
2019-01-11,33.02549743652344,41.7400016784668,41.869998931884766,40.959999084472656,41.279998779296875,8191900
2019-01-14,33.61101150512695,42.47999954223633,42.790000915527344,41.119998931884766,41.310001373291016,12336300
2019-01-15,33.9275016784668,42.880001068115234,42.9900016784668,42.029998779296875,42.209999084472656,11737000
2019-01-16,35.201358795166016,44.4900016784668,45.11000061035156,43.66999816894531,44.0,30530400
2019-01-17,33.650569915771484,42.529998779296875,43.18000030517578,41.61000061035156,42.45000076293945,47037200
2019-01-18,34.56837844848633,43.689998626708984,43.77000045776367,42.560001373291016,43.02000045776367,20614400
2019-01-22,33.555633544921875,42.40999984741211,42.7400016784668,41.93000030517578,42.41999816894531,20202400
2019-01-23,33.349910736083984,42.150001525878906,42.619998931884766,41.65999984741211,42.52000045776367,15583900
2019-01-24,33.270782470703125,42.04999923706055,42.58000183105469,41.84000015258789,41.95000076293945,13421600
2019-01-25,34.006622314453125,42.97999954223633,43.25,42.54999923706055,42.66999816894531,13422700
2019-01-28,33.745513916015625,42.650001525878906,42.72999954223633,42.060001373291016,42.439998626708984,10396600
2019-01-29,33.61892318725586,42.4900016784668,42.70000076293945,42.11000061035156,42.529998779296875,9916400
2019-01-30,34.09703063964844,42.790000915527344,42.970001220703125,42.06999969482422,42.349998474121094,12347900
2019-01-31,33.70657730102539,42.29999923706055,42.66999816894531,42.18000030517578,42.29999923706055,11163400
2019-02-01,33.324092864990234,41.81999969482422,42.72999954223633,41.790000915527344,42.29999923706055,13322100
2019-02-04,33.83407211303711,42.459999084472656,42.459999084472656,41.68000030517578,41.900001525878906,8715300
2019-02-05,33.82609939575195,42.45000076293945,42.560001373291016,42.220001220703125,42.380001068115234,9971500
2019-02-06,33.770320892333984,42.380001068115234,42.849998474121094,42.09000015258789,42.29999923706055,9744000
2019-02-07,33.05316162109375,41.47999954223633,42.18000030517578,41.040000915527344,42.11000061035156,12745400
2019-02-08,32.5192756652832,40.810001373291016,41.34000015258789,40.119998931884766,41.029998779296875,13993900
2019-02-11,32.04116439819336,40.209999084472656,41.08000183105469,40.189998626708984,41.0,17058300
2019-02-12,32.79019546508789,41.150001525878906,41.5,40.650001525878906,40.650001525878906,12400800
2019-02-13,32.82207107543945,41.189998626708984,42.029998779296875,41.15999984741211,41.5,9528300
2019-02-14,32.44755554199219,40.720001220703125,41.529998779296875,40.279998779296875,40.810001373291016,10414200
2019-02-15,33.45954513549805,41.9900016784668,42.08000183105469,41.130001068115234,41.15999984741211,13289700
2019-02-19,33.59501647949219,42.15999984741211,42.279998779296875,41.43000030517578,41.58000183105469,9401700
2019-02-20,33.80219650268555,42.41999816894531,42.47999954223633,42.02000045776367,42.09000015258789,10031600
2019-02-21,33.43564224243164,41.959999084472656,42.52000045776367,41.689998626708984,42.38999938964844,9603600
2019-02-22,33.3001823425293,41.790000915527344,42.2400016784668,41.599998474121094,42.04999923706055,10132100
2019-02-25,33.61892318725586,42.189998626708984,42.86000061035156,42.11000061035156,42.130001068115234,10804700
2019-02-26,33.79423141479492,42.40999984741211,42.68000030517578,41.630001068115234,41.97999954223633,10404400
2019-02-27,33.91375732421875,42.560001373291016,42.709999084472656,42.25,42.470001220703125,6916600
2019-02-28,33.45158386230469,41.97999954223633,42.619998931884766,41.84000015258789,42.4900016784668,12299900
2019-03-01,33.865928649902344,42.5,42.869998931884766,42.349998474121094,42.349998474121094,12336100
2019-03-04,33.46752166748047,42.0,43.099998474121094,41.79999923706055,42.54999923706055,12115100
2019-03-05,33.387840270996094,41.900001525878906,42.040000915527344,41.189998626708984,41.97999954223633,10449100
2019-03-06,33.16472244262695,41.619998931884766,42.09000015258789,41.59000015258789,41.83000183105469,7062700
2019-03-07,32.80614471435547,41.16999816894531,41.349998474121094,40.630001068115234,41.31999969482422,12502100
2019-03-08,32.95754623413086,41.36000061035156,41.5,40.400001525878906,40.58000183105469,11748400
2019-03-11,33.347999572753906,41.849998474121094,42.209999084472656,41.65999984741211,41.70000076293945,7191600
2019-03-12,33.49142837524414,42.029998779296875,42.189998626708984,41.81999969482422,41.95000076293945,7204400
2019-03-13,33.79423141479492,42.40999984741211,42.650001525878906,42.20000076293945,42.400001525878906,9269000
2019-03-14,34.01734161376953,42.689998626708984,42.91999816894531,42.29999923706055,42.29999923706055,8351200
2019-03-15,34.527320861816406,43.33000183105469,43.470001220703125,42.540000915527344,42.68000030517578,18992600
2019-03-18,35.085113525390625,44.029998779296875,44.209999084472656,43.470001220703125,43.470001220703125,10305900
2019-03-19,35.0213737487793,43.95000076293945,44.88999938964844,43.880001068115234,44.619998931884766,12548500
2019-03-20,34.288272857666016,43.029998779296875,43.79999923706055,42.93000030517578,43.7400016784668,15078500
2019-03-21,34.36796188354492,43.130001068115234,43.630001068115234,42.20000076293945,42.59000015258789,14576200
2019-03-22,33.244407653808594,41.720001220703125,42.720001220703125,41.279998779296875,42.560001373291016,25416800
2019-03-25,32.8698844909668,41.25,41.93000030517578,40.90999984741211,41.709999084472656,14504100
2019-03-26,33.37190246582031,41.880001068115234,42.22999954223633,41.34000015258789,41.709999084472656,9615400
2019-03-27,32.96549987792969,41.369998931884766,42.04999923706055,41.290000915527344,41.81999969482422,11251600
2019-03-28,33.4117431640625,41.93000030517578,41.970001220703125,41.380001068115234,41.4900016784668,8397000
2019-03-29,33.62688064575195,42.20000076293945,42.630001068115234,41.970001220703125,42.47999954223633,11811400
2019-04-01,34.686702728271484,43.529998779296875,43.95000076293945,42.75,42.779998779296875,25813300
2019-04-02,34.82215881347656,43.70000076293945,43.88999938964844,43.209999084472656,43.43000030517578,13101200
2019-04-03,35.36400604248047,44.380001068115234,44.63999938964844,44.040000915527344,44.25,11712100
2019-04-04,35.802276611328125,44.93000030517578,45.2400016784668,44.33000183105469,44.33000183105469,9119900
2019-04-05,35.778377532958984,44.900001525878906,45.380001068115234,44.72999954223633,45.130001068115234,8633900
2019-04-08,35.842132568359375,44.97999954223633,44.9900016784668,44.36000061035156,44.650001525878906,10898900
2019-04-09,35.268394470214844,44.2599983215332,44.66999816894531,43.95000076293945,44.650001525878906,7436200
2019-04-10,35.419795989990234,44.45000076293945,44.619998931884766,44.099998474121094,44.31999969482422,6703400
2019-04-11,35.69868087768555,44.79999923706055,45.08000183105469,44.470001220703125,44.7400016784668,7872700
2019-04-12,37.2047233581543,46.689998626708984,47.06999969482422,45.869998931884766,45.88999938964844,21641900
2019-04-15,36.718658447265625,46.08000183105469,46.790000915527344,45.91999816894531,46.470001220703125,11669000
2019-04-16,37.467689514160156,47.02000045776367,47.09000015258789,46.189998626708984,46.380001068115234,13358600
2019-04-17,38.455772399902344,48.2599983215332,48.54999923706055,47.130001068115234,47.849998474121094,19610000
2019-04-18,37.890010833740234,47.54999923706055,48.13999938964844,47.290000915527344,47.790000915527344,19906500
2019-04-22,37.68284225463867,47.290000915527344,47.45000076293945,46.97999954223633,47.369998931884766,7042100
2019-04-23,37.730648040771484,47.349998474121094,47.45000076293945,46.849998474121094,47.09000015258789,8163700
2019-04-24,37.75455856323242,47.380001068115234,47.61000061035156,47.04999923706055,47.130001068115234,9042500
2019-04-25,37.68284225463867,47.290000915527344,47.7400016784668,47.0099983215332,47.209999084472656,5585900
2019-04-26,38.16094207763672,47.88999938964844,47.91999816894531,47.22999954223633,47.400001525878906,7661100
2019-04-29,38.858577728271484,48.459999084472656,48.66999816894531,47.75,47.849998474121094,9702200
2019-04-30,38.6901741027832,48.25,48.619998931884766,47.86000061035156,48.5,8104600
2019-05-01,38.144901275634766,47.56999969482422,48.619998931884766,47.40999984741211,48.20000076293945,9056300
2019-05-02,38.33735656738281,47.810001373291016,48.029998779296875,47.400001525878906,47.66999816894531,7680500
2019-05-03,38.537811279296875,48.060001373291016,48.4900016784668,47.81999969482422,48.029998779296875,5829700
2019-05-06,38.25717544555664,47.709999084472656,47.86000061035156,46.84000015258789,46.970001220703125,6310000
2019-05-07,37.45530319213867,46.709999084472656,47.20000076293945,46.25,47.13999938964844,10365100
2019-05-08,37.31095504760742,46.529998779296875,47.189998626708984,46.470001220703125,46.5099983215332,7340300
2019-05-09,37.24681091308594,46.45000076293945,46.4900016784668,45.4900016784668,45.90999984741211,8102300
2019-05-10,37.158607482910156,46.34000015258789,46.41999816894531,45.709999084472656,46.25,9749200
2019-05-13,35.42656707763672,44.18000030517578,45.27000045776367,43.939998626708984,45.20000076293945,16506200
2019-05-14,35.290245056152344,44.0099983215332,44.59000015258789,43.97999954223633,44.18000030517578,17302200
2019-05-15,35.202049255371094,43.900001525878906,44.279998779296875,42.86000061035156,43.279998779296875,10703100
2019-05-16,35.50675582885742,44.279998779296875,44.720001220703125,43.91999816894531,44.060001373291016,9305000
2019-05-17,35.185997009277344,43.880001068115234,44.31999969482422,43.5,43.52000045776367,8411700
2019-05-20,35.177982330322266,43.869998931884766,44.15999984741211,43.33000183105469,43.4900016784668,8951600
2019-05-21,35.59496307373047,44.38999938964844,44.529998779296875,44.13999938964844,44.2400016784668,5936200
2019-05-22,34.87327575683594,43.4900016784668,44.29999923706055,43.43000030517578,44.11000061035156,10109600
2019-05-23,34.24782180786133,42.709999084472656,42.81999969482422,42.150001525878906,42.75,13128900
2019-05-24,34.448272705078125,42.959999084472656,43.20000076293945,42.689998626708984,43.029998779296875,6172300
2019-05-28,33.8148078918457,42.16999816894531,43.06999969482422,42.15999984741211,42.849998474121094,10539500
2019-05-29,33.830848693847656,42.189998626708984,42.2400016784668,41.56999969482422,41.7400016784668,9808700
2019-05-30,33.542179107666016,41.83000183105469,42.630001068115234,41.529998779296875,42.459999084472656,7797200
2019-05-31,32.628047943115234,40.689998626708984,41.279998779296875,40.599998474121094,41.11000061035156,11328600
2019-06-03,32.66011428833008,40.72999954223633,41.09000015258789,40.43000030517578,40.709999084472656,10133200
2019-06-04,34.06338882446289,42.47999954223633,42.56999969482422,41.380001068115234,41.43000030517578,11860900
2019-06-05,34.02330780029297,42.43000030517578,42.66999816894531,41.95000076293945,42.5,6421300
2019-06-06,34.32799530029297,42.810001373291016,42.9900016784668,42.150001525878906,42.25,5741500
2019-06-07,34.23981475830078,42.70000076293945,43.06999969482422,42.58000183105469,42.66999816894531,7546200
2019-06-10,34.71290588378906,43.290000915527344,43.84000015258789,43.20000076293945,43.2400016784668,8693100
2019-06-11,35.017608642578125,43.66999816894531,44.18000030517578,43.40999984741211,43.77000045776367,10654600
2019-06-12,34.17565155029297,42.619998931884766,43.439998626708984,42.540000915527344,43.439998626708984,8073800
2019-06-13,34.44025802612305,42.95000076293945,43.220001220703125,42.540000915527344,42.68000030517578,7530900
2019-06-14,34.33602523803711,42.81999969482422,43.220001220703125,42.5099983215332,43.189998626708984,7102600
2019-06-17,34.08743667602539,42.5099983215332,43.08000183105469,42.439998626708984,42.72999954223633,5658700
2019-06-18,34.75299835205078,43.34000015258789,43.810001373291016,42.439998626708984,42.56999969482422,10094500
2019-06-19,34.59262466430664,43.13999938964844,43.90999984741211,43.11000061035156,43.70000076293945,8034300
2019-06-20,34.84922790527344,43.459999084472656,43.95000076293945,42.9900016784668,43.599998474121094,9922800
2019-06-21,34.94544982910156,43.58000183105469,44.16999816894531,43.439998626708984,43.58000183105469,18450800
2019-06-24,34.536495208740234,43.06999969482422,43.900001525878906,42.9900016784668,43.5,8141400
2019-06-25,34.20772933959961,42.65999984741211,43.0,42.2400016784668,42.970001220703125,10232900
2019-06-26,34.472347259521484,42.9900016784668,43.290000915527344,42.75,42.779998779296875,7826400
2019-06-27,34.87327575683594,43.4900016784668,43.650001525878906,43.08000183105469,43.29999923706055,7459800
2019-06-28,35.129878997802734,43.810001373291016,44.56999969482422,43.7400016784668,44.20000076293945,15445600
2019-07-01,35.24213790893555,43.95000076293945,45.060001373291016,43.52000045776367,44.59000015258789,12197700
2019-07-02,35.14591979980469,43.83000183105469,43.93000030517578,43.400001525878906,43.70000076293945,8234800
2019-07-03,35.27422332763672,43.9900016784668,44.150001525878906,43.81999969482422,43.95000076293945,4470800
2019-07-05,35.45061492919922,44.209999084472656,44.81999969482422,44.06999969482422,44.4900016784668,6276000
2019-07-08,34.87327575683594,43.4900016784668,43.959999084472656,43.290000915527344,43.59000015258789,7060200
2019-07-09,35.1058235168457,43.779998779296875,43.869998931884766,43.02000045776367,43.08000183105469,5941900
2019-07-10,34.72895812988281,43.310001373291016,43.97999954223633,43.2400016784668,43.7599983215332,5311000
2019-07-11,35.42656707763672,44.18000030517578,44.33000183105469,43.380001068115234,43.4900016784668,8799200
2019-07-12,35.979862213134766,44.869998931884766,44.900001525878906,44.380001068115234,44.54999923706055,9565700
2019-07-15,35.627044677734375,44.43000030517578,45.0099983215332,44.290000915527344,45.0099983215332,7870700
2019-07-16,35.627044677734375,44.43000030517578,45.060001373291016,44.27000045776367,44.79999923706055,10170900
2019-07-17,35.097808837890625,43.77000045776367,44.31999969482422,43.65999984741211,44.2599983215332,9131800
2019-07-18,35.627044677734375,44.43000030517578,44.52000045776367,43.5099983215332,43.66999816894531,11185800
2019-07-19,35.59496307373047,44.38999938964844,44.709999084472656,44.33000183105469,44.349998474121094,10083600
2019-07-22,35.683170318603516,44.5,44.599998474121094,43.939998626708984,44.220001220703125,7091800
2019-07-23,36.164283752441406,45.099998474121094,45.290000915527344,44.77000045776367,44.77000045776367,9859600
2019-07-24,36.48503494262695,45.5,45.709999084472656,44.86000061035156,44.88999938964844,8092200
2019-07-25,35.979862213134766,44.869998931884766,45.56999969482422,44.599998474121094,45.5,8733800
2019-07-26,36.67749786376953,45.7400016784668,45.77000045776367,44.90999984741211,44.9900016784668,8321000
2019-07-29,36.268531799316406,45.22999954223633,45.72999954223633,45.06999969482422,45.63999938964844,8667000
2019-07-30,36.09882354736328,44.66999816894531,44.849998474121094,44.16999816894531,44.61000061035156,7339100
2019-07-31,36.00993347167969,44.560001373291016,44.9900016784668,44.279998779296875,44.70000076293945,8317100
2019-08-01,34.69269561767578,42.93000030517578,44.7400016784668,42.689998626708984,44.41999816894531,12963900
2019-08-02,34.03810501098633,42.119998931884766,42.75,41.2400016784668,42.72999954223633,16089900
2019-08-05,32.72086715698242,40.4900016784668,41.0,39.939998626708984,40.93000030517578,15311100
2019-08-06,33.3108024597168,41.220001220703125,41.33000183105469,40.470001220703125,40.95000076293945,10481200
2019-08-07,32.77744674682617,40.560001373291016,40.65999984741211,39.470001220703125,40.27000045776367,14108500
2019-08-08,33.3512077331543,41.27000045776367,41.459999084472656,40.63999938964844,41.0099983215332,9884400
2019-08-09,33.537078857421875,41.5,41.81999969482422,40.650001525878906,40.9900016784668,11011400
2019-08-12,32.615806579589844,40.36000061035156,40.900001525878906,40.15999984741211,40.77000045776367,8775000
2019-08-13,32.88249969482422,40.689998626708984,41.33000183105469,40.08000183105469,40.38999938964844,10896700
2019-08-14,31.783449172973633,39.33000183105469,39.56999969482422,38.84000015258789,39.56999969482422,17133400
2019-08-15,31.59758758544922,39.099998474121094,39.59000015258789,38.7599983215332,39.43000030517578,10818600
2019-08-16,32.27640914916992,39.939998626708984,40.189998626708984,39.41999816894531,39.529998779296875,9742800
2019-08-19,32.6238899230957,40.369998931884766,40.83000183105469,40.22999954223633,40.7400016784668,7803000
2019-08-20,32.244083404541016,39.900001525878906,40.290000915527344,39.83000183105469,40.040000915527344,11350000
2019-08-21,32.27640914916992,39.939998626708984,40.529998779296875,39.83000183105469,40.47999954223633,9876100
2019-08-22,32.54308319091797,40.27000045776367,40.41999816894531,39.91999816894531,40.36000061035156,8126000
2019-08-23,31.783449172973633,39.33000183105469,40.400001525878906,39.11000061035156,40.04999923706055,12310800
2019-08-26,32.45419692993164,40.15999984741211,40.27000045776367,39.70000076293945,39.84000015258789,10408600
2019-08-27,32.15519714355469,39.790000915527344,40.34000015258789,39.45000076293945,40.25,8742900
2019-08-28,32.63197708129883,40.380001068115234,40.70000076293945,39.349998474121094,39.400001525878906,9881900
2019-08-29,33.36737060546875,41.290000915527344,41.5,40.869998931884766,40.88999938964844,12191900
2019-08-30,33.528987884521484,41.4900016784668,41.869998931884766,41.29999923706055,41.68000030517578,7427000
2019-09-03,33.124935150146484,40.9900016784668,41.09000015258789,40.349998474121094,41.040000915527344,8675300
2019-09-04,33.56131362915039,41.529998779296875,41.689998626708984,41.29999923706055,41.439998626708984,6829900
2019-09-05,34.32094955444336,42.470001220703125,43.11000061035156,42.29999923706055,42.29999923706055,8101600
2019-09-06,34.08660125732422,42.18000030517578,42.54999923706055,42.0099983215332,42.470001220703125,7012700
2019-09-09,34.838157653808594,43.11000061035156,43.4900016784668,42.540000915527344,42.540000915527344,11888800
2019-09-10,35.21797180175781,43.58000183105469,43.810001373291016,43.060001373291016,43.279998779296875,12292700
2019-09-11,35.50888442993164,43.939998626708984,43.939998626708984,43.209999084472656,43.7400016784668,9877900
2019-09-12,35.81599044799805,44.31999969482422,44.439998626708984,43.380001068115234,43.5099983215332,13254300
2019-09-13,36.49480056762695,45.15999984741211,45.45000076293945,44.72999954223633,44.95000076293945,11364500
2019-09-16,36.163482666015625,44.75,45.04999923706055,44.349998474121094,44.4900016784668,6289800
2019-09-17,35.72708511352539,44.209999084472656,44.5,43.54999923706055,44.5,9768500
2019-09-18,35.84831237792969,44.36000061035156,44.4900016784668,43.650001525878906,43.90999984741211,8283800
2019-09-19,35.57354736328125,44.02000045776367,44.470001220703125,43.90999984741211,44.209999084472656,6403500
2019-09-20,35.29069900512695,43.66999816894531,44.599998474121094,43.630001068115234,44.220001220703125,22404600
2019-09-23,35.201805114746094,43.560001373291016,43.779998779296875,42.939998626708984,43.27000045776367,7114600
2019-09-24,34.377525329589844,42.540000915527344,43.77000045776367,42.369998931884766,43.77000045776367,11246400
2019-09-25,34.781585693359375,43.040000915527344,43.15999984741211,42.349998474121094,42.349998474121094,6909400
2019-09-26,34.442176818847656,42.619998931884766,43.0099983215332,42.58000183105469,42.959999084472656,5343800
2019-09-27,34.61995315551758,42.84000015258789,43.18000030517578,42.5,42.959999084472656,8005200
2019-09-30,34.48257827758789,42.66999816894531,43.20000076293945,42.58000183105469,43.06999969482422,6213700
2019-10-01,33.44010925292969,41.380001068115234,42.650001525878906,41.25,42.5099983215332,13437200
2019-10-02,32.5107536315918,40.22999954223633,41.09000015258789,40.09000015258789,41.040000915527344,12052500
2019-10-03,32.526920318603516,40.25,40.29999923706055,39.29999923706055,40.04999923706055,12293600
2019-10-04,32.95523452758789,40.779998779296875,40.81999969482422,40.18000030517578,40.34000015258789,5631400
2019-10-07,32.87441635131836,40.68000030517578,41.11000061035156,40.54999923706055,40.599998474121094,6323600
2019-10-08,32.17943572998047,39.81999969482422,40.20000076293945,39.689998626708984,40.04999923706055,8309000
2019-10-09,32.68046569824219,40.439998626708984,40.650001525878906,40.029998779296875,40.189998626708984,8955700
2019-10-10,33.17341613769531,41.04999923706055,41.40999984741211,40.75,40.86000061035156,8207100
2019-10-11,33.88456726074219,41.93000030517578,42.59000015258789,41.900001525878906,42.0,14914600
2019-10-14,34.1431770324707,42.25,42.310001373291016,41.68000030517578,41.77000045776367,6644500
2019-10-15,34.369449615478516,42.529998779296875,42.91999816894531,41.90999984741211,42.38999938964844,10112800
2019-10-16,34.579551696777344,42.790000915527344,43.150001525878906,42.45000076293945,42.59000015258789,10088900
2019-10-17,35.1048469543457,43.439998626708984,44.5,43.439998626708984,44.369998931884766,17965100
2019-10-18,35.28261947631836,43.65999984741211,43.86000061035156,43.22999954223633,43.529998779296875,10493900
2019-10-21,36.34934616088867,44.97999954223633,45.09000015258789,44.08000183105469,44.08000183105469,14244800
2019-10-22,36.67259979248047,45.380001068115234,45.619998931884766,44.56999969482422,44.849998474121094,12366600
2019-10-23,37.10089874267578,45.90999984741211,45.93000030517578,45.099998474121094,45.130001068115234,8328000
2019-10-24,36.97968292236328,45.7599983215332,46.130001068115234,45.5099983215332,46.0,7469800
2019-10-25,37.47264099121094,46.369998931884766,46.459999084472656,45.61000061035156,45.70000076293945,9576400
2019-10-28,37.85245132446289,46.84000015258789,47.15999984741211,46.470001220703125,46.4900016784668,10276000
2019-10-29,37.8443717956543,46.83000183105469,46.93000030517578,46.529998779296875,46.529998779296875,7773600
2019-10-30,37.66524124145508,46.2599983215332,46.290000915527344,45.83000183105469,46.2599983215332,7101400
2019-10-31,37.4942626953125,46.04999923706055,46.2599983215332,45.33000183105469,45.95000076293945,9414100
2019-11-01,38.53644943237305,47.33000183105469,47.400001525878906,46.459999084472656,46.52000045776367,9765900
2019-11-04,39.75775909423828,48.83000183105469,49.0,47.880001068115234,47.9900016784668,15965900
2019-11-05,39.69261932373047,48.75,49.88999938964844,48.68000030517578,48.970001220703125,13894100
2019-11-06,39.53792190551758,48.560001373291016,48.79999923706055,48.2400016784668,48.7400016784668,7872400
2019-11-07,39.61933898925781,48.65999984741211,49.58000183105469,48.56999969482422,49.119998931884766,14501500
2019-11-08,40.01830291748047,49.150001525878906,49.150001525878906,48.290000915527344,48.63999938964844,7966500
2019-11-11,39.96944808959961,49.09000015258789,49.38999938964844,48.709999084472656,48.86000061035156,7107500
2019-11-12,39.90432357788086,49.0099983215332,49.209999084472656,48.77000045776367,49.06999969482422,6400700
2019-11-13,39.399497985839844,48.38999938964844,48.58000183105469,48.189998626708984,48.52000045776367,7022000
2019-11-14,39.57863998413086,48.61000061035156,48.720001220703125,48.209999084472656,48.31999969482422,5836600
2019-11-15,39.88803482055664,48.9900016784668,49.15999984741211,48.720001220703125,48.869998931884766,6439000
2019-11-18,39.92060470581055,49.029998779296875,49.09000015258789,48.560001373291016,48.84000015258789,6446900
2019-11-19,40.16485595703125,49.33000183105469,49.599998474121094,49.209999084472656,49.220001220703125,6980100
2019-11-20,39.97758865356445,49.099998474121094,49.11000061035156,48.38999938964844,48.959999084472656,9138700
2019-11-21,39.765907287597656,48.84000015258789,49.34000015258789,48.72999954223633,49.25,8353600
2019-11-22,40.09971618652344,49.25,49.2599983215332,48.81999969482422,48.939998626708984,6609800
2019-11-25,40.67780303955078,49.959999084472656,49.97999954223633,49.31999969482422,49.349998474121094,8461000
2019-11-26,40.22999954223633,49.40999984741211,49.93000030517578,49.06999969482422,49.91999816894531,10360600
2019-11-27,40.5312614440918,49.779998779296875,49.869998931884766,49.5,49.630001068115234,8614000
2019-11-29,40.2869873046875,49.47999954223633,49.720001220703125,49.369998931884766,49.70000076293945,4138400
2019-12-02,39.9613037109375,49.08000183105469,49.959999084472656,49.060001373291016,49.58000183105469,8117100
2019-12-03,39.1715202331543,48.11000061035156,48.439998626708984,47.439998626708984,48.40999984741211,12217700
2019-12-04,39.765907287597656,48.84000015258789,49.09000015258789,48.16999816894531,48.36000061035156,8608400
2019-12-05,39.95315933227539,49.06999969482422,49.2599983215332,48.95000076293945,49.13999938964844,6680700
2019-12-06,40.54753494262695,49.79999923706055,50.2400016784668,49.72999954223633,49.84000015258789,9487300
2019-12-09,40.38470458984375,49.599998474121094,49.900001525878906,49.43000030517578,49.529998779296875,6382300
2019-12-10,40.441688537597656,49.66999816894531,49.93000030517578,49.27000045776367,49.529998779296875,10009600
2019-12-11,40.262569427490234,49.45000076293945,49.790000915527344,49.41999816894531,49.65999984741211,6296300
2019-12-12,41.27217483520508,50.689998626708984,50.869998931884766,49.470001220703125,49.650001525878906,11553400
2019-12-13,40.905792236328125,50.2400016784668,51.150001525878906,50.13999938964844,50.7400016784668,10191200
2019-12-16,41.29661560058594,50.720001220703125,51.119998931884766,50.599998474121094,50.77000045776367,11007500
2019-12-17,41.44316482543945,50.900001525878906,51.220001220703125,50.77000045776367,50.81999969482422,10446000
2019-12-18,41.24775314331055,50.65999984741211,51.119998931884766,50.63999938964844,51.0,9513000
2019-12-19,41.41059875488281,50.86000061035156,51.0,50.54999923706055,50.650001525878906,9222000
2019-12-20,41.27217483520508,50.689998626708984,51.439998626708984,50.65999984741211,51.439998626708984,18742900
2019-12-23,41.29661560058594,50.720001220703125,51.099998474121094,50.709999084472656,50.90999984741211,6547600
2019-12-24,41.27217483520508,50.689998626708984,50.93000030517578,50.56999969482422,50.83000183105469,2087800
2019-12-26,41.61416244506836,51.11000061035156,51.290000915527344,50.86000061035156,50.970001220703125,5517400
2019-12-27,41.597869873046875,51.09000015258789,51.33000183105469,50.93000030517578,51.33000183105469,4116900
2019-12-30,41.49201965332031,50.959999084472656,51.380001068115234,50.91999816894531,51.36000061035156,4532800
2019-12-31,41.62228775024414,51.119998931884766,51.130001068115234,50.7400016784668,50.959999084472656,5131600
2020-01-02,42.37136459350586,52.040000915527344,52.060001373291016,51.16999816894531,51.20000076293945,7808000
2020-01-03,41.68742752075195,51.20000076293945,51.45000076293945,50.83000183105469,51.220001220703125,6706000
2020-01-06,41.540870666503906,51.02000045776367,51.040000915527344,50.459999084472656,50.66999816894531,7476700
2020-01-07,41.45945358276367,50.91999816894531,51.189998626708984,50.709999084472656,51.040000915527344,4538100
2020-01-08,41.988685607910156,51.56999969482422,51.790000915527344,50.900001525878906,50.959999084472656,6185200
2020-01-09,42.38764572143555,52.060001373291016,52.25,51.81999969482422,52.16999816894531,7308000
2020-01-10,42.50978088378906,52.209999084472656,52.470001220703125,51.91999816894531,52.150001525878906,7686800
2020-01-13,42.973873138427734,52.779998779296875,52.779998779296875,52.06999969482422,52.209999084472656,8334200
2020-01-14,43.03901672363281,52.86000061035156,53.25,52.68000030517578,53.060001373291016,9602000
2020-01-15,43.10415267944336,52.939998626708984,52.939998626708984,52.11000061035156,52.47999954223633,11342500
2020-01-16,45.953880310058594,56.439998626708984,57.36000061035156,55.650001525878906,56.04999923706055,34590700
2020-01-17,46.825069427490234,57.5099983215332,57.56999969482422,56.18000030517578,56.2599983215332,15403900
2020-01-21,45.530487060546875,55.91999816894531,56.47999954223633,55.18000030517578,55.880001068115234,20833900
2020-01-22,45.48163986206055,55.86000061035156,56.5099983215332,55.849998474121094,56.18000030517578,10276800
2020-01-23,45.212947845458984,55.529998779296875,55.650001525878906,54.79999923706055,55.220001220703125,10064500
2020-01-24,44.41501998901367,54.54999923706055,55.61000061035156,54.099998474121094,55.529998779296875,9752000
2020-01-27,43.24256134033203,53.11000061035156,53.689998626708984,52.86000061035156,53.0,10649100
2020-01-28,43.983497619628906,54.02000045776367,54.439998626708984,53.380001068115234,53.79999923706055,9232900
2020-01-29,43.7066650390625,53.68000030517578,54.54999923706055,53.68000030517578,54.47999954223633,9027800
2020-01-30,44.10824966430664,53.81999969482422,53.86000061035156,52.400001525878906,52.61000061035156,8685900
2020-01-31,42.82974624633789,52.2599983215332,53.279998779296875,51.88999938964844,53.20000076293945,11286900
2020-02-03,43.10837936401367,52.599998474121094,53.59000015258789,52.58000183105469,52.63999938964844,8375100
2020-02-04,44.27215576171875,54.02000045776367,54.599998474121094,53.72999954223633,53.75,9375100
2020-02-05,45.06712341308594,54.9900016784668,55.150001525878906,54.380001068115234,54.86000061035156,8237500
2020-02-06,45.083499908447266,55.0099983215332,55.4900016784668,54.61000061035156,55.43000030517578,6976900
2020-02-07,45.099891662597656,55.029998779296875,55.11000061035156,54.41999816894531,54.61000061035156,7588000
2020-02-10,45.362144470214844,55.349998474121094,55.36000061035156,54.619998931884766,54.68000030517578,5115100
2020-02-11,45.71457290649414,55.779998779296875,56.25,55.689998626708984,55.7400016784668,7120800
2020-02-12,46.042388916015625,56.18000030517578,56.65999984741211,56.11000061035156,56.220001220703125,7130000
2020-02-13,45.83749771118164,55.93000030517578,55.9900016784668,55.5,55.79999923706055,5718400
2020-02-14,45.76374435424805,55.84000015258789,56.119998931884766,55.540000915527344,55.900001525878906,4579300
2020-02-18,45.50148391723633,55.52000045776367,55.959999084472656,54.939998626708984,55.79999923706055,6897800
2020-02-19,46.14892578125,56.310001373291016,56.43000030517578,55.4900016784668,55.86000061035156,6075300
2020-02-20,44.05088806152344,53.75,55.5099983215332,53.59000015258789,54.0,58533500
2020-02-21,42.960872650146484,52.41999816894531,53.59000015258789,52.09000015258789,53.5,29536400
2020-02-24,40.71529769897461,49.68000030517578,50.4900016784668,49.209999084472656,50.310001373291016,28670400
2020-02-25,39.36305236816406,48.029998779296875,50.150001525878906,47.560001373291016,49.97999954223633,25568400
2020-02-26,38.71559524536133,47.2400016784668,48.54999923706055,46.88999938964844,48.220001220703125,22286100
2020-02-27,37.21580123901367,45.40999984741211,47.209999084472656,45.15999984741211,45.7400016784668,26815200
2020-02-28,36.904388427734375,45.029998779296875,45.54999923706055,43.689998626708984,43.869998931884766,36978800
2020-03-02,38.09272766113281,46.47999954223633,46.47999954223633,44.400001525878906,45.11000061035156,23234100
2020-03-03,36.388065338134766,44.400001525878906,46.91999816894531,43.86000061035156,46.369998931884766,30206600
2020-03-04,37.07649230957031,45.2400016784668,45.31999969482422,44.209999084472656,45.15999984741211,21938100
2020-03-05,34.90467834472656,42.59000015258789,43.939998626708984,42.13999938964844,43.5099983215332,23950200
2020-03-06,34.29001998901367,41.84000015258789,42.2400016784668,40.34000015258789,40.5099983215332,30898400
2020-03-09,30.73316764831543,37.5,39.02000045776367,36.849998474121094,36.849998474121094,28177500
2020-03-10,32.37228012084961,39.5,39.9900016784668,37.04999923706055,39.810001373291016,27111000
2020-03-11,30.21685028076172,36.869998931884766,38.86000061035156,36.439998626708984,38.22999954223633,27376200
2020-03-12,25.660152435302734,31.309999465942383,34.90999984741211,31.209999084472656,33.90999984741211,27964600
2020-03-13,30.73316764831543,37.5,37.52000045776367,33.06999969482422,34.27000045776367,33305100
2020-03-16,25.93879508972168,31.649999618530273,35.27000045776367,30.360000610351562,31.06999969482422,26789900
2020-03-17,27.692628860473633,33.790000915527344,35.119998931884766,30.110000610351562,32.369998931884766,27047400
2020-03-18,25.201200485229492,30.75,32.84000015258789,27.200000762939453,31.34000015258789,27603000
2020-03-19,25.340524673461914,30.920000076293945,32.900001525878906,28.739999771118164,30.350000381469727,23929600
2020-03-20,24.31608772277832,29.670000076293945,31.450000762939453,29.190000534057617,31.25,27472500
2020-03-23,22.791717529296875,27.809999465942383,29.790000915527344,27.760000228881836,29.149999618530273,26401000
2020-03-24,27.225492477416992,33.220001220703125,33.380001068115234,29.399999618530273,30.09000015258789,25905500
2020-03-25,27.85654640197754,33.9900016784668,35.47999954223633,32.25,33.900001525878906,27198500
2020-03-26,29.266170501708984,35.709999084472656,36.849998474121094,33.33000183105469,33.79999923706055,26422500
2020-03-27,27.872934341430664,34.0099983215332,34.72999954223633,33.119998931884766,33.63999938964844,33375400
2020-03-30,28.553159713745117,34.84000015258789,35.34000015258789,32.970001220703125,33.529998779296875,18046400
2020-03-31,27.864748001098633,34.0,35.290000915527344,33.720001220703125,34.529998779296875,17122600
2020-04-01,25.914207458496094,31.6200008392334,32.40999984741211,31.15999984741211,31.68000030517578,23755100
2020-04-02,27.78278350830078,33.900001525878906,34.0,31.25,31.34000015258789,21656000
2020-04-03,27.741811752319336,33.849998474121094,34.29999923706055,32.86000061035156,33.560001373291016,16926500
2020-04-06,30.33159065246582,37.0099983215332,37.5,35.75,35.93000030517578,18788700
2020-04-07,30.274213790893555,36.939998626708984,39.65999984741211,36.86000061035156,39.65999984741211,19536700
2020-04-08,32.265724182128906,39.369998931884766,39.779998779296875,37.45000076293945,37.709999084472656,15376700
2020-04-09,33.66716384887695,41.08000183105469,41.849998474121094,40.18000030517578,40.2599983215332,21902200
2020-04-13,32.43782424926758,39.58000183105469,41.0,39.25,40.880001068115234,13369900
2020-04-14,32.66731262207031,39.86000061035156,40.77000045776367,38.369998931884766,40.5099983215332,14471900
2020-04-15,31.470766067504883,38.400001525878906,39.40999984741211,37.59000015258789,38.209999084472656,15590100
2020-04-16,31.437986373901367,38.36000061035156,38.81999969482422,37.06999969482422,37.86000061035156,27913000
2020-04-17,32.0362548828125,39.09000015258789,40.099998474121094,38.189998626708984,39.54999923706055,25074500
2020-04-20,31.437986373901367,38.36000061035156,39.540000915527344,37.81999969482422,38.189998626708984,16573800
2020-04-21,30.282413482666016,36.95000076293945,38.13999938964844,36.560001373291016,37.29999923706055,14134900
2020-04-22,30.98723030090332,37.810001373291016,38.18000030517578,37.439998626708984,37.869998931884766,10449000
2020-04-23,30.708585739135742,37.470001220703125,38.38999938964844,37.279998779296875,38.099998474121094,8694800
2020-04-24,31.11836051940918,37.970001220703125,38.189998626708984,37.2599983215332,37.970001220703125,8567500
2020-04-27,32.216548919677734,39.310001373291016,39.54999923706055,38.33000183105469,38.63999938964844,11619400
2020-04-28,32.88859176635742,40.130001068115234,41.380001068115234,39.84000015258789,40.56999969482422,12778400
2020-04-29,33.72361373901367,40.790000915527344,41.36000061035156,40.54999923706055,41.099998474121094,15880400
2020-04-30,32.5992317199707,39.43000030517578,40.11000061035156,39.0,39.900001525878906,13431700
2020-05-01,31.747661590576172,38.400001525878906,38.720001220703125,37.90999984741211,38.349998474121094,12806200
2020-05-04,31.491365432739258,38.09000015258789,38.220001220703125,37.16999816894531,38.0,13985100
2020-05-05,31.400419235229492,37.97999954223633,39.310001373291016,37.900001525878906,38.97999954223633,8951200
2020-05-06,30.838214874267578,37.29999923706055,38.630001068115234,37.04999923706055,38.470001220703125,7817800
2020-05-07,32.086631774902344,38.810001373291016,39.13999938964844,37.7599983215332,37.7599983215332,9348900
2020-05-08,33.13661575317383,40.08000183105469,40.16999816894531,39.20000076293945,39.5099983215332,12096400
2020-05-11,32.929927825927734,39.83000183105469,40.060001373291016,39.29999923706055,39.380001068115234,10106400
2020-05-12,31.76418685913086,38.41999816894531,40.06999969482422,38.349998474121094,39.970001220703125,13605600
2020-05-13,30.581926345825195,36.9900016784668,38.279998779296875,36.599998474121094,38.150001525878906,11565900
2020-05-14,31.25986671447754,37.810001373291016,37.970001220703125,35.529998779296875,36.2599983215332,14986600
2020-05-15,30.829944610595703,37.290000915527344,37.810001373291016,37.02000045776367,37.2599983215332,9175800
2020-05-18,33.30196762084961,40.279998779296875,40.650001525878906,38.68000030517578,38.91999816894531,14722400
2020-05-19,32.51655197143555,39.33000183105469,40.54999923706055,39.290000915527344,40.099998474121094,8895500
2020-05-20,33.94683837890625,41.060001373291016,41.25,40.040000915527344,40.06999969482422,12031600
2020-05-21,33.31850051879883,40.29999923706055,40.93000030517578,39.84000015258789,40.77000045776367,9654200
2020-05-22,33.177955627441406,40.130001068115234,40.540000915527344,39.79999923706055,40.22999954223633,6468900
2020-05-26,36.1212158203125,43.689998626708984,43.790000915527344,41.54999923706055,41.869998931884766,19709900
2020-05-27,38.74205780029297,46.86000061035156,46.91999816894531,45.310001373291016,45.779998779296875,25892400
2020-05-28,36.708221435546875,44.400001525878906,47.31999969482422,44.279998779296875,47.25,17615900
2020-05-29,36.542877197265625,44.20000076293945,44.790000915527344,43.52000045776367,44.0099983215332,13102100
2020-06-01,36.95625305175781,44.70000076293945,45.06999969482422,43.95000076293945,44.52000045776367,8649500
2020-06-02,37.68381118774414,45.58000183105469,46.2599983215332,44.880001068115234,45.18000030517578,11179200
2020-06-03,38.78339767456055,46.90999984741211,47.4900016784668,46.439998626708984,46.97999954223633,11253500
2020-06-04,40.255035400390625,48.689998626708984,48.75,46.689998626708984,46.709999084472656,15279600
2020-06-05,40.94951248168945,49.529998779296875,51.849998474121094,49.2400016784668,51.29999923706055,17976100
2020-06-08,41.46211242675781,50.150001525878906,50.68000030517578,49.380001068115234,50.52000045776367,12150300
2020-06-09,41.66880416870117,50.400001525878906,50.689998626708984,48.56999969482422,48.720001220703125,15090400
2020-06-10,40.255035400390625,48.689998626708984,50.5,48.61000061035156,50.029998779296875,14770900
2020-06-11,36.84877395629883,44.56999969482422,47.20000076293945,44.439998626708984,46.130001068115234,17961900
2020-06-12,38.26253128051758,46.279998779296875,46.95000076293945,45.119998931884766,46.7599983215332,14093100
2020-06-15,39.188507080078125,47.400001525878906,47.849998474121094,44.599998474121094,44.65999984741211,14758800
2020-06-16,40.147560119628906,48.560001373291016,49.599998474121094,46.90999984741211,49.439998626708984,13551500
2020-06-17,39.48614501953125,47.7599983215332,48.779998779296875,47.65999984741211,48.70000076293945,8674400
2020-06-18,39.33733367919922,47.58000183105469,48.380001068115234,46.970001220703125,47.119998931884766,9825200
2020-06-19,38.7999382019043,46.93000030517578,48.68000030517578,46.709999084472656,48.459999084472656,20962700
2020-06-22,39.17198181152344,47.380001068115234,47.61000061035156,46.54999923706055,46.79999923706055,11657400
2020-06-23,39.59362030029297,47.88999938964844,48.47999954223633,47.61000061035156,48.27000045776367,9672600
2020-06-24,38.81646728515625,46.95000076293945,47.650001525878906,46.41999816894531,47.59000015258789,12806200
2020-06-25,40.33771514892578,48.790000915527344,48.86000061035156,46.540000915527344,46.709999084472656,15014300
2020-06-26,38.89914321899414,47.04999923706055,48.369998931884766,46.61000061035156,48.29999923706055,20082500
2020-06-29,39.05622863769531,47.2400016784668,47.79999923706055,46.650001525878906,47.56999969482422,9380800
2020-06-30,39.93260192871094,48.29999923706055,48.529998779296875,47.060001373291016,47.060001373291016,11894300
2020-07-01,39.36213302612305,47.61000061035156,49.08000183105469,47.25,48.40999984741211,11363800
2020-07-02,39.51095199584961,47.790000915527344,49.029998779296875,47.68000030517578,48.86000061035156,7488800
2020-07-06,40.362518310546875,48.81999969482422,49.369998931884766,48.70000076293945,48.869998931884766,10649600
2020-07-07,39.262916564941406,47.4900016784668,48.54999923706055,47.38999938964844,48.52000045776367,8750700
2020-07-08,40.436927795410156,48.90999984741211,48.9900016784668,47.279998779296875,47.630001068115234,12322200
2020-07-09,39.27945327758789,47.5099983215332,49.04999923706055,47.02000045776367,48.79999923706055,9119900
2020-07-10,41.17274475097656,49.79999923706055,49.880001068115234,47.52000045776367,47.59000015258789,13386000
2020-07-13,41.519981384277344,50.220001220703125,51.029998779296875,49.880001068115234,51.029998779296875,14904000
2020-07-14,41.75147247314453,50.5,50.58000183105469,48.90999984741211,50.27000045776367,16075600
2020-07-15,42.45420837402344,51.349998474121094,52.4900016784668,50.459999084472656,52.4900016784668,17424200
2020-07-16,43.5207405090332,52.63999938964844,53.5099983215332,51.34000015258789,51.58000183105469,25026800
2020-07-17,43.33059310913086,52.40999984741211,53.0099983215332,51.97999954223633,52.779998779296875,16263800
2020-07-20,42.8758659362793,51.86000061035156,52.06999969482422,51.349998474121094,51.7599983215332,10423600
2020-07-21,43.305789947509766,52.380001068115234,52.45000076293945,51.52000045776367,52.099998474121094,11951200
2020-07-22,42.164859771728516,51.0,52.349998474121094,50.9900016784668,52.0,13604000
2020-07-23,41.80109405517578,50.560001373291016,51.25,50.310001373291016,50.9900016784668,13527000
2020-07-24,41.48690414428711,50.18000030517578,50.79999923706055,50.06999969482422,50.560001373291016,6860800
2020-07-27,42.4294319152832,51.31999969482422,51.56999969482422,49.72999954223633,49.90999984741211,12087100
2020-07-28,41.55304718017578,50.2599983215332,51.220001220703125,50.209999084472656,50.83000183105469,7287900
2020-07-29,41.82588577270508,50.59000015258789,50.65999984741211,49.880001068115234,50.27000045776367,8074300
2020-07-30,40.751930236816406,48.95000076293945,49.36000061035156,48.54999923706055,49.36000061035156,9410100
2020-07-31,40.693660736083984,48.880001068115234,49.029998779296875,48.27000045776367,49.02000045776367,9669900
2020-08-03,41.176517486572266,49.459999084472656,49.90999984741211,48.720001220703125,49.220001220703125,9912400
2020-08-04,41.010005950927734,49.2599983215332,49.77000045776367,49.08000183105469,49.5,6445200
2020-08-05,41.43459701538086,49.77000045776367,49.959999084472656,49.439998626708984,49.59000015258789,6636100
2020-08-06,41.16819763183594,49.45000076293945,49.97999954223633,49.2400016784668,49.83000183105469,5701100
2020-08-07,41.917457580566406,50.349998474121094,50.470001220703125,49.08000183105469,49.209999084472656,6225900
2020-08-10,42.10894012451172,50.58000183105469,50.83000183105469,50.2599983215332,50.5,6518300
2020-08-11,43.10797119140625,51.779998779296875,52.869998931884766,51.56999969482422,51.63999938964844,11792600
2020-08-12,43.60747528076172,52.380001068115234,53.41999816894531,51.90999984741211,52.630001068115234,8949400
2020-08-13,43.440982818603516,52.18000030517578,52.459999084472656,51.709999084472656,51.93000030517578,5728700
2020-08-14,43.54087448120117,52.29999923706055,52.54999923706055,51.650001525878906,51.68000030517578,5782300
2020-08-17,42.69170379638672,51.279998779296875,52.29999923706055,51.09000015258789,52.20000076293945,7333000
2020-08-18,42.391998291015625,50.91999816894531,51.369998931884766,50.650001525878906,51.16999816894531,6450000
2020-08-19,42.766639709472656,51.369998931884766,52.029998779296875,51.13999938964844,51.189998626708984,5957600
2020-08-20,42.292091369628906,50.79999923706055,51.06999969482422,50.5,50.72999954223633,5186300
2020-08-21,42.54185104370117,51.099998474121094,51.41999816894531,50.5,50.59000015258789,6408500
2020-08-24,43.599159240722656,52.369998931884766,52.470001220703125,51.15999984741211,51.310001373291016,7728500
2020-08-25,43.33274459838867,52.04999923706055,52.88999938964844,51.849998474121094,52.810001373291016,8425500
2020-08-26,43.04969024658203,51.709999084472656,52.11000061035156,51.61000061035156,51.9900016784668,5920800
2020-08-27,43.7989616394043,52.61000061035156,52.869998931884766,51.68000030517578,51.7599983215332,8910100
2020-08-28,44.03205490112305,52.88999938964844,53.0,52.45000076293945,53.0,8743800
2020-08-31,43.5075798034668,52.2599983215332,52.88999938964844,52.25,52.88999938964844,8026600
2020-09-01,43.77398681640625,52.58000183105469,52.81999969482422,51.689998626708984,51.91999816894531,5568800
2020-09-02,44.33177185058594,53.25,53.470001220703125,52.470001220703125,52.61000061035156,7547100
2020-09-03,43.91551208496094,52.75,54.380001068115234,52.20000076293945,53.599998474121094,11029600
2020-09-04,43.88221740722656,52.709999084472656,53.7599983215332,51.7599983215332,53.439998626708984,9413000
2020-09-08,41.76761245727539,50.16999816894531,52.290000915527344,50.09000015258789,52.290000915527344,10946600
2020-09-09,42.50856018066406,51.060001373291016,51.630001068115234,50.43000030517578,50.59000015258789,8808100
2020-09-10,41.86750411987305,50.290000915527344,51.59000015258789,50.16999816894531,51.33000183105469,8609100
2020-09-11,41.917457580566406,50.349998474121094,50.95000076293945,50.060001373291016,50.36000061035156,8969700
2020-09-14,42.5834846496582,51.150001525878906,51.56999969482422,50.29999923706055,50.959999084472656,8812200
2020-09-15,41.95076370239258,50.38999938964844,51.34000015258789,50.27000045776367,51.15999984741211,7660100
2020-09-16,42.5834846496582,51.150001525878906,51.90999984741211,50.310001373291016,50.47999954223633,8699700
2020-09-17,41.834205627441406,50.25,50.93000030517578,49.97999954223633,50.38999938964844,7533700
2020-09-18,41.69268035888672,50.08000183105469,50.939998626708984,50.04999923706055,50.369998931884766,10743900
2020-09-21,40.260746002197266,48.36000061035156,49.09000015258789,47.5099983215332,48.86000061035156,12909900
2020-09-22,39.653011322021484,47.630001068115234,48.59000015258789,46.93000030517578,48.2400016784668,11164400
2020-09-23,38.64564895629883,46.41999816894531,48.2400016784668,46.38999938964844,47.86000061035156,8248100
2020-09-24,38.8038330078125,46.61000061035156,47.41999816894531,45.86000061035156,46.540000915527344,9832700
2020-09-25,39.16181182861328,47.040000915527344,47.33000183105469,45.91999816894531,46.279998779296875,9816000
2020-09-28,40.27738952636719,48.380001068115234,49.13999938964844,47.810001373291016,47.88999938964844,9466200
2020-09-29,39.32831573486328,47.2400016784668,48.2599983215332,47.189998626708984,48.06999969482422,11355600
2020-09-30,40.252410888671875,48.349998474121094,48.9900016784668,47.540000915527344,47.66999816894531,15047300
2020-10-01,39.344970703125,47.2599983215332,49.06999969482422,46.900001525878906,48.75,25275400
2020-10-02,39.936058044433594,47.970001220703125,48.34000015258789,46.41999816894531,46.4900016784668,12681800
2020-10-05,40.460548400878906,48.599998474121094,48.88999938964844,47.779998779296875,48.43000030517578,19140100
2020-10-06,39.74458694458008,47.7400016784668,49.40999984741211,47.470001220703125,49.20000076293945,22980200
2020-10-07,40.552120208740234,48.709999084472656,49.16999816894531,48.2400016784668,48.380001068115234,12019100
2020-10-08,40.79355239868164,49.0,49.4900016784668,47.2599983215332,47.97999954223633,23836600
2020-10-09,40.65203094482422,48.83000183105469,49.72999954223633,48.72999954223633,49.439998626708984,11381800
2020-10-12,42.24214553833008,50.7400016784668,51.0099983215332,49.029998779296875,49.27000045776367,17615000
2020-10-13,41.99238204956055,50.439998626708984,51.2400016784668,49.9900016784668,51.119998931884766,17448000
2020-10-14,42.16722106933594,50.650001525878906,51.38999938964844,50.380001068115234,50.90999984741211,20330100
2020-10-15,42.73332977294922,51.33000183105469,51.869998931884766,49.91999816894531,49.93000030517578,21059700
2020-10-16,43.16625213623047,51.849998474121094,52.27000045776367,51.43000030517578,51.529998779296875,16923300
2020-10-19,42.41697311401367,50.95000076293945,52.189998626708984,50.790000915527344,52.189998626708984,12677000
2020-10-20,42.84988021850586,51.470001220703125,52.27000045776367,51.369998931884766,51.560001373291016,11177600
2020-10-21,41.94244384765625,50.380001068115234,51.810001373291016,50.2599983215332,51.4900016784668,18583200
2020-10-22,43.099639892578125,51.77000045776367,51.97999954223633,50.119998931884766,50.41999816894531,13264400
2020-10-23,43.18288040161133,51.869998931884766,52.61000061035156,51.540000915527344,52.25,11538500
2020-10-26,41.89249038696289,50.31999969482422,51.279998779296875,49.79999923706055,51.150001525878906,15561400
2020-10-27,40.45222854614258,48.59000015258789,50.279998779296875,48.58000183105469,50.25,11593300
2020-10-28,39.60305404663086,47.56999969482422,48.11000061035156,47.189998626708984,47.560001373291016,13622800
2020-10-29,40.35786819458008,48.119998931884766,48.43000030517578,46.54999923706055,47.04999923706055,10887800
2020-10-30,40.38304138183594,48.150001525878906,48.2599983215332,47.0099983215332,47.959999084472656,14907400
2020-11-02,41.41462707519531,49.380001068115234,49.84000015258789,48.439998626708984,48.880001068115234,16337800
2020-11-03,42.92427062988281,51.18000030517578,51.459999084472656,50.40999984741211,50.40999984741211,13142200
2020-11-04,43.13395309448242,51.43000030517578,52.31999969482422,50.5099983215332,50.529998779296875,17378000
2020-11-05,43.77975082397461,52.20000076293945,52.779998779296875,51.58000183105469,52.0,9444300
2020-11-06,43.360389709472656,51.70000076293945,52.619998931884766,51.5099983215332,52.58000183105469,6453900
2020-11-09,46.983543395996094,56.02000045776367,56.90999984741211,55.060001373291016,55.40999984741211,24243300
2020-11-10,46.7570915222168,55.75,56.81999969482422,54.900001525878906,56.59000015258789,15502900
2020-11-11,47.25192642211914,56.34000015258789,56.66999816894531,55.38999938964844,55.939998626708984,9731600
2020-11-12,46.58935546875,55.54999923706055,55.93000030517578,54.9900016784668,55.5,9889500
2020-11-13,47.478370666503906,56.61000061035156,57.04999923706055,55.90999984741211,55.959999084472656,9919100
2020-11-16,48.73640823364258,58.11000061035156,58.13999938964844,57.029998779296875,57.7599983215332,12201400
2020-11-17,49.32350540161133,58.810001373291016,58.88999938964844,57.20000076293945,57.5099983215332,9599100
2020-11-18,49.32350540161133,58.810001373291016,60.130001068115234,58.77000045776367,59.0,11536700
2020-11-19,49.17252731323242,58.630001068115234,58.689998626708984,57.86000061035156,58.560001373291016,7220200
2020-11-20,48.48481369018555,57.810001373291016,58.7400016784668,57.5099983215332,58.36000061035156,7739900
2020-11-23,50.5479850769043,60.27000045776367,60.77000045776367,58.61000061035156,58.66999816894531,12647400
2020-11-24,53.3408317565918,63.599998474121094,63.65999984741211,60.63999938964844,61.13999938964844,22357700
2020-11-25,53.24019241333008,63.47999954223633,63.77000045776367,62.25,63.0,11509700
2020-11-27,53.54212188720703,63.84000015258789,63.959999084472656,63.06999969482422,63.47999954223633,5581500
2020-11-30,51.85634231567383,61.83000183105469,63.83000183105469,61.59000015258789,63.58000183105469,15610700
2020-12-01,53.072444915771484,63.279998779296875,63.79999923706055,62.77000045776367,63.119998931884766,15857200
2020-12-02,53.693084716796875,64.0199966430664,64.26000213623047,62.88999938964844,63.06999969482422,10790700
2020-12-03,53.72663116455078,64.05999755859375,64.62000274658203,63.81999969482422,64.05999755859375,11757900
2020-12-04,54.51500701904297,65.0,65.19000244140625,64.27999877929688,64.51000213623047,10169700
2020-12-07,53.894371032714844,64.26000213623047,65.18000030517578,63.880001068115234,64.54000091552734,10402100
2020-12-08,53.600830078125,63.90999984741211,64.37999725341797,63.40999984741211,63.470001220703125,6386200
2020-12-09,53.986629486083984,64.37000274658203,65.43000030517578,64.0999984741211,64.69999694824219,10145500
2020-12-10,54.04533004760742,64.44000244140625,64.55000305175781,63.33000183105469,63.599998474121094,8888000
2020-12-11,53.105995178222656,63.31999969482422,63.720001220703125,62.70000076293945,63.400001525878906,9034200
2020-12-14,51.898284912109375,61.880001068115234,64.30000305175781,61.86000061035156,64.25,10236600
2020-12-15,53.634361267089844,63.95000076293945,64.02999877929688,62.15999984741211,62.4900016784668,9718800
2020-12-16,53.86921310424805,64.2300033569336,64.37000274658203,63.59000015258789,63.7599983215332,8806400
2020-12-17,54.23823928833008,64.66999816894531,64.75,64.06999969482422,64.41000366210938,7197500
2020-12-18,53.827274322509766,64.18000030517578,64.93000030517578,63.349998474121094,64.83000183105469,15499800
2020-12-21,56.88850021362305,67.83000183105469,68.30000305175781,65.80000305175781,66.01000213623047,14787800
2020-12-22,55.89045715332031,66.63999938964844,68.25,66.58999633789062,68.25,9807000
2020-12-23,57.20719528198242,68.20999908447266,68.97000122070312,66.97000122070312,67.0,8772500
2020-12-24,57.10654830932617,68.08999633789062,68.58000183105469,67.76000213623047,68.36000061035156,3126700
2020-12-28,57.07301712036133,68.05000305175781,68.83999633789062,67.97000122070312,68.55999755859375,7417100
2020-12-29,56.7878532409668,67.70999908447266,68.48999786376953,67.30999755859375,68.30999755859375,4701300
2020-12-30,56.896873474121094,67.83999633789062,68.19000244140625,67.56999969482422,67.83000183105469,5283200
2020-12-31,57.475589752197266,68.52999877929688,68.73999786376953,67.41000366210938,67.80000305175781,5297400
2021-01-04,57.30784606933594,68.33000183105469,69.93000030517578,67.72000122070312,69.27999877929688,14014600
2021-01-05,58.280731201171875,69.48999786376953,70.08000183105469,68.08000183105469,68.16000366210938,11120400
2021-01-06,61.79486083984375,73.68000030517578,74.87999725341797,70.55999755859375,71.41000366210938,18334300
2021-01-07,62.85160827636719,74.94000244140625,76.51000213623047,74.80000305175781,74.80000305175781,13530400
2021-01-08,63.111595153808594,75.25,75.33999633789062,73.8499984741211,74.47000122070312,12896700
2021-01-11,63.79094314575195,76.05999755859375,76.5,73.66999816894531,74.23999786376953,9077500
2021-01-12,63.572872161865234,75.80000305175781,77.16999816894531,75.5199966430664,76.55999755859375,11831100
2021-01-13,63.37158966064453,75.55999755859375,76.43000030517578,75.01000213623047,75.80999755859375,9852200
2021-01-14,64.13479614257812,76.47000122070312,76.83999633789062,75.72000122070312,75.8499984741211,9854300
2021-01-15,63.10319519042969,75.23999786376953,75.56999969482422,74.1500015258789,75.06999969482422,12882600
2021-01-19,62.89352798461914,74.98999786376953,76.5999984741211,74.69000244140625,76.5199966430664,14897700
2021-01-20,62.767738342285156,74.83999633789062,77.76000213623047,74.30000305175781,76.51000213623047,16133000
2021-01-21,62.65031433105469,74.69999694824219,75.88999938964844,73.73999786376953,75.0,13591300
2021-01-22,62.17226028442383,74.12999725341797,74.69999694824219,72.41000366210938,72.55000305175781,15460000
2021-01-25,60.704551696777344,72.37999725341797,74.0199966430664,71.91999816894531,73.5199966430664,15933100
2021-01-26,59.72328567504883,71.20999908447266,73.31999969482422,71.13999938964844,72.73999786376953,10899700
2021-01-27,57.38335037231445,68.41999816894531,70.26000213623047,67.8499984741211,69.7300033569336,17002600
2021-01-28,58.43709182739258,69.31999969482422,70.7699966430664,68.6500015258789,69.44000244140625,14986200
2021-01-29,56.523468017578125,67.05000305175781,70.05999755859375,66.8499984741211,69.01000213623047,17566100
2021-02-01,57.046119689941406,67.66999816894531,68.12000274658203,67.2699966430664,67.87999725341797,11961600
2021-02-02,59.811187744140625,70.94999694824219,71.37000274658203,69.0199966430664,69.12000274658203,13893900
2021-02-03,59.51612854003906,70.5999984741211,71.33000183105469,70.30999755859375,70.87000274658203,8014300
2021-02-04,60.9408073425293,72.29000091552734,72.31999969482422,70.7699966430664,70.93000030517578,8889400
2021-02-05,61.72480392456055,73.22000122070312,73.72000122070312,72.55000305175781,73.0999984741211,8832200
2021-02-08,62.57624816894531,74.2300033569336,74.29000091552734,73.4000015258789,73.63999938964844,9018100
2021-02-09,62.58467483520508,74.23999786376953,74.68000030517578,73.37000274658203,73.9000015258789,7429900
2021-02-10,62.66054153442383,74.33000183105469,74.86000061035156,73.55000305175781,74.5999984741211,7465900
2021-02-11,62.146305084228516,73.72000122070312,74.7699966430664,72.77999877929688,74.33000183105469,6972900
2021-02-12,62.896583557128906,74.61000061035156,75.0199966430664,73.87999725341797,73.87999725341797,7281200
2021-02-16,64.11051177978516,76.05000305175781,76.41999816894531,75.27999877929688,76.25,8550600
2021-02-17,63.60470199584961,75.44999694824219,75.9000015258789,74.70999908447266,75.0,7807200
2021-02-18,63.08203125,74.83000183105469,75.55000305175781,74.16999816894531,75.1500015258789,7155800
2021-02-19,64.06834411621094,76.0,76.36000061035156,75.43000030517578,75.44999694824219,7685300
2021-02-22,65.24856567382812,77.4000015258789,77.98999786376953,75.58000183105469,75.69999694824219,11193700
2021-02-23,65.3328857421875,77.5,77.86000061035156,76.26000213623047,77.26000213623047,12174600
2021-02-24,67.3392105102539,79.87999725341797,80.0999984741211,77.6500015258789,77.68000030517578,12681500
2021-02-25,66.11687469482422,78.43000030517578,81.4000015258789,78.11000061035156,80.5,11674600
2021-02-26,64.80176544189453,76.87000274658203,78.8499984741211,76.33000183105469,78.04000091552734,30392200
2021-03-01,66.73225402832031,79.16000366210938,79.54000091552734,78.04000091552734,78.05000305175781,11450000
2021-03-02,68.10633087158203,80.79000091552734,81.55000305175781,79.5999984741211,79.80999755859375,11955500
2021-03-03,69.17694854736328,82.05999755859375,82.94000244140625,81.16000366210938,81.16000366210938,13053000
2021-03-04,68.37611389160156,81.11000061035156,83.4800033569336,79.80999755859375,82.13999938964844,15809900
2021-03-05,68.17378997802734,80.87000274658203,82.55999755859375,78.37999725341797,82.41000366210938,16362500
2021-03-08,68.36767578125,81.0999984741211,82.95999908447266,80.79000091552734,81.93000030517578,10151900
2021-03-09,68.15692901611328,80.8499984741211,82.33000183105469,79.43000030517578,80.19999694824219,11588700
2021-03-10,70.04525756835938,83.08999633789062,83.41999816894531,81.41999816894531,81.73999786376953,10775800
2021-03-11,70.1801528930664,83.25,83.80999755859375,82.48999786376953,82.55000305175781,8951500
2021-03-12,71.09901428222656,84.33999633789062,85.08000183105469,83.79000091552734,84.55000305175781,8691300
2021-03-15,70.69438171386719,83.86000061035156,85.08000183105469,82.97000122070312,84.9000015258789,9018400
2021-03-16,69.58161163330078,82.54000091552734,83.69999694824219,81.83999633789062,83.51000213623047,9472000
2021-03-17,70.69438171386719,83.86000061035156,84.13999938964844,82.44999694824219,83.5999984741211,8049300
2021-03-18,70.76182556152344,83.94000244140625,86.63999938964844,83.7300033569336,84.7300033569336,10227400
2021-03-19,69.91883087158203,82.94000244140625,83.61000061035156,81.4000015258789,82.61000061035156,11557600
2021-03-22,69.0589370727539,81.91999816894531,82.56999969482422,81.48999786376953,82.47000122070312,7169900
2021-03-23,66.6985092163086,79.12000274658203,81.91999816894531,78.8499984741211,81.13999938964844,10235500
2021-03-24,66.87557220458984,79.33000183105469,81.44000244140625,79.29000091552734,80.0999984741211,8459000
2021-03-25,67.5499496459961,80.12999725341797,80.37999725341797,78.30999755859375,79.29000091552734,11363800
2021-03-26,67.42351531982422,79.9800033569336,81.73999786376953,79.05000305175781,81.62999725341797,11107400
2021-03-29,65.65320587158203,77.87999725341797,78.8499984741211,76.0,77.0,21931700
2021-03-30,66.67324829101562,79.08999633789062,80.04000091552734,78.5,78.66999816894531,12063000
2021-03-31,65.46773529052734,77.66000366210938,79.0,77.6500015258789,78.66999816894531,12085500
2021-04-01,65.93982696533203,78.22000122070312,78.27999877929688,77.5,77.87999725341797,13195600
2021-04-05,65.75437927246094,78.0,79.30999755859375,77.83000183105469,79.19999694824219,10458800
2021-04-06,66.67324829101562,79.08999633789062,79.11000061035156,77.51000213623047,77.80000305175781,9445000
2021-04-07,66.631103515625,79.04000091552734,79.72000122070312,78.44999694824219,79.04000091552734,8329300
2021-04-08,67.60897827148438,80.19999694824219,80.48999786376953,78.16000366210938,78.5,9352700
2021-04-09,68.04733276367188,80.72000122070312,80.7300033569336,79.37000274658203,80.4800033569336,10693500
2021-04-12,67.59211730957031,80.18000030517578,81.06999969482422,79.5199966430664,80.94999694824219,8939700
2021-04-13,67.0441665649414,79.52999877929688,80.02999877929688,78.95999908447266,79.9000015258789,7085200
2021-04-14,68.10633087158203,80.79000091552734,82.05000305175781,79.30000305175781,79.61000061035156,10585500
2021-04-15,68.13166046142578,80.81999969482422,81.41000366210938,79.8499984741211,81.3499984741211,9930800
2021-04-16,66.25171661376953,78.58999633789062,81.68000030517578,77.76000213623047,81.0,29086400
2021-04-19,67.46566009521484,80.02999877929688,80.37000274658203,78.11000061035156,78.30000305175781,15151000
2021-04-20,65.15584564208984,77.29000091552734,79.62999725341797,76.5999984741211,79.30999755859375,13052800
2021-04-21,66.80809783935547,79.25,79.33999633789062,76.25,76.7300033569336,11075900
2021-04-22,65.99884033203125,78.29000091552734,79.5,78.1500015258789,78.91999816894531,9871700
2021-04-23,68.24121856689453,80.94999694824219,81.30000305175781,78.29000091552734,78.29000091552734,12002000
2021-04-26,68.72174072265625,81.5199966430664,82.41999816894531,81.37999725341797,81.80999755859375,8033500
2021-04-27,69.0926742553711,81.95999908447266,82.05000305175781,81.19999694824219,81.41000366210938,7057400
2021-04-28,69.74177551269531,82.7300033569336,82.94999694824219,82.06999969482422,82.4000015258789,7228200
2021-04-29,70.80847930908203,83.63999938964844,83.79000091552734,82.12999725341797,83.19999694824219,9974800
2021-04-30,69.88570404052734,82.55000305175781,83.27999877929688,82.2300033569336,82.88999938964844,9298600
2021-05-03,69.80950927734375,82.45999908447266,83.48999786376953,82.30000305175781,83.11000061035156,6759000
2021-05-04,69.96188354492188,82.63999938964844,82.83000183105469,80.75,82.08999633789062,8802700
2021-05-05,71.54500579833984,84.51000213623047,84.83999633789062,82.23999786376953,82.91000366210938,9424400
2021-05-06,73.50907897949219,86.83000183105469,86.91000366210938,84.4000015258789,84.93000030517578,11887900
2021-05-07,74.24561309814453,87.69999694824219,88.04000091552734,85.33999633789062,85.4800033569336,9947600
2021-05-10,73.20433044433594,86.47000122070312,88.87999725341797,86.43000030517578,88.06999969482422,9344500
2021-05-11,71.89210510253906,84.91999816894531,85.94000244140625,83.83999633789062,85.05999755859375,10397800
2021-05-12,70.84233093261719,83.68000030517578,86.19000244140625,83.36000061035156,85.4000015258789,12602200
2021-05-13,71.84132385253906,84.86000061035156,85.6500015258789,83.41000366210938,83.69000244140625,8639700
2021-05-14,73.9493179321289,87.3499984741211,87.58000183105469,85.61000061035156,85.61000061035156,7755900
2021-05-17,74.57575988769531,88.08999633789062,88.12000274658203,86.30000305175781,86.79000091552734,7157900
2021-05-18,73.62760162353516,86.97000122070312,88.56999969482422,86.87000274658203,88.2300033569336,6631700
2021-05-19,72.8487548828125,86.05000305175781,86.0999984741211,84.31999969482422,85.30999755859375,10165600
2021-05-20,73.20433044433594,86.47000122070312,87.02999877929688,85.31999969482422,86.18000030517578,7722100
2021-05-21,74.78742980957031,88.33999633789062,88.77999877929688,86.7300033569336,86.94000244140625,9326800
2021-05-24,75.93034362792969,89.69000244140625,90.19999694824219,88.31999969482422,88.70999908447266,7788800
2021-05-25,75.22764587402344,88.86000061035156,91.3499984741211,88.73999786376953,90.27999877929688,10599600
2021-05-26,75.64247131347656,89.3499984741211,89.8499984741211,87.94999694824219,88.66000366210938,8665200
2021-05-27,76.44674682617188,90.30000305175781,90.91999816894531,88.58999633789062,90.0999984741211,21840900
2021-05-28,76.99702453613281,90.94999694824219,91.27999877929688,89.9000015258789,90.55000305175781,9484800
2021-06-01,77.97905731201172,92.11000061035156,93.30999755859375,91.87000274658203,92.38999938964844,9576400
2021-06-02,78.52934265136719,92.76000213623047,93.1500015258789,91.55999755859375,92.51000213623047,6878400
2021-06-03,79.02881622314453,93.3499984741211,93.91999816894531,92.16000366210938,92.33000183105469,7926800
2021-06-04,79.54524993896484,93.95999908447266,94.16999816894531,92.63999938964844,93.86000061035156,6406800
2021-06-07,78.91031646728516,93.20999908447266,94.2699966430664,92.73999786376953,94.2300033569336,6773800
2021-06-08,78.55474853515625,92.79000091552734,93.19000244140625,91.69000244140625,92.3499984741211,7036300
2021-06-09,78.45316314697266,92.66999816894531,93.22000122070312,91.79000091552734,92.37999725341797,7811700
2021-06-10,77.61504364013672,91.68000030517578,93.9800033569336,91.52999877929688,93.5,6584900
2021-06-11,77.92826080322266,92.05000305175781,92.55999755859375,91.69000244140625,91.72000122070312,6509400
2021-06-14,76.80229187011719,90.72000122070312,91.88999938964844,89.88999938964844,91.79000091552734,10163100
2021-06-15,76.78536987304688,90.69999694824219,91.19999694824219,89.9000015258789,91.08999633789062,7459000
2021-06-16,77.12399291992188,91.0999984741211,91.63999938964844,89.44999694824219,90.5,11370300
2021-06-17,74.42340850830078,87.91000366210938,91.75,87.05999755859375,91.73999786376953,11131600
2021-06-18,71.1894302368164,84.08999633789062,86.9000015258789,83.91000366210938,86.38999938964844,22453900
2021-06-21,72.7556381225586,85.94000244140625,86.44999694824219,84.22000122070312,84.56999969482422,10672700
2021-06-22,72.55244445800781,85.69999694824219,86.22000122070312,84.9800033569336,85.86000061035156,9664100
2021-06-23,72.69636535644531,85.87000274658203,86.31999969482422,85.56999969482422,86.04000091552734,7139000
2021-06-24,73.7207260131836,87.08000183105469,87.38999938964844,85.83999633789062,86.45999908447266,7953500
2021-06-25,74.83821868896484,88.4000015258789,88.62000274658203,86.72000122070312,87.52999877929688,11139000
2021-06-28,74.24561309814453,87.69999694824219,88.19999694824219,86.43000030517578,88.05999755859375,6174600
2021-06-29,76.73458099365234,90.63999938964844,91.62999725341797,89.77999877929688,91.08999633789062,15413700
2021-06-30,77.62348175048828,91.69000244140625,91.91000366210938,90.12999725341797,90.16999816894531,9780300
2021-07-01,77.90287017822266,92.0199966430664,92.2300033569336,91.05000305175781,91.91999816894531,6792200
2021-07-02,77.91132354736328,92.02999877929688,92.08000183105469,91.33000183105469,91.9000015258789,4818000
2021-07-06,76.37055206298828,90.20999908447266,91.88999938964844,89.66000366210938,91.75,6701200
2021-07-07,76.2181625366211,90.02999877929688,90.45999908447266,88.56999969482422,89.63999938964844,6771600
2021-07-08,74.1948013305664,87.63999938964844,88.63999938964844,86.94999694824219,88.0999984741211,8778800
2021-07-09,76.47213745117188,90.33000183105469,90.62000274658203,88.61000061035156,89.36000061035156,7306500
2021-07-12,78.5208740234375,92.75,93.5199966430664,89.76000213623047,90.23999786376953,11951100
2021-07-13,78.91031646728516,93.20999908447266,93.52999877929688,91.73999786376953,92.47000122070312,12280100
2021-07-14,78.27536010742188,92.45999908447266,93.83000183105469,91.44000244140625,93.12000274658203,12572000
2021-07-15,78.41928100585938,92.62999725341797,94.05999755859375,91.30000305175781,91.36000061035156,12465900
2021-07-16,77.2509994506836,91.25,93.41999816894531,91.0999984741211,93.1500015258789,12595400
2021-07-19,75.64247131347656,89.3499984741211,89.69000244140625,87.58000183105469,89.51000213623047,14043000
2021-07-20,78.15684509277344,92.31999969482422,93.5999984741211,89.0,89.13999938964844,11522300
2021-07-21,81.00138854980469,95.68000030517578,96.05000305175781,93.18000030517578,93.23999786376953,14116900
2021-07-22,80.90824890136719,95.56999969482422,96.2300033569336,94.83999633789062,95.41999816894531,9235300
2021-07-23,80.04472351074219,94.55000305175781,97.16999816894531,94.19000244140625,96.27999877929688,13222800
2021-07-26,81.72943878173828,96.54000091552734,96.66000366210938,94.3499984741211,94.37000274658203,11420600
2021-07-27,81.67864227294922,96.4800033569336,97.05000305175781,95.5199966430664,95.87999725341797,8972900
2021-07-28,81.3315200805664,96.06999969482422,96.88999938964844,95.55000305175781,96.51000213623047,10054000
2021-07-29,82.10760498046875,96.27999877929688,96.8499984741211,95.52999877929688,96.16000366210938,9016200
2021-07-30,81.85176086425781,95.9800033569336,97.20999908447266,95.52999877929688,95.94000244140625,8320800
2021-08-02,82.06495666503906,96.2300033569336,98.4000015258789,95.9800033569336,96.72000122070312,9409600
2021-08-03,82.38047790527344,96.5999984741211,97.02999877929688,94.83000183105469,96.75,7044800
2021-08-04,82.11613464355469,96.29000091552734,97.54000091552734,95.55999755859375,95.7699966430664,7137500
2021-08-05,83.4294204711914,97.83000183105469,97.93000030517578,96.83999633789062,96.83999633789062,5675000
2021-08-06,85.04975128173828,99.7300033569336,99.9800033569336,98.29000091552734,98.62999725341797,9317900
2021-08-09,85.91108703613281,100.73999786376953,100.98999786376953,98.97000122070312,99.56999969482422,8297700
2021-08-10,87.0197525024414,102.04000091552734,102.93000030517578,100.58999633789062,100.73999786376953,8490500
2021-08-11,88.58887481689453,103.87999725341797,103.93000030517578,101.8499984741211,102.27999877929688,8793200
2021-08-12,89.2625732421875,104.66999816894531,104.72000122070312,103.51000213623047,103.52999877929688,6302100
2021-08-13,88.64005279541016,103.94000244140625,104.7699966430664,102.69000244140625,104.5,8312200
2021-08-16,88.4524154663086,103.72000122070312,103.81999969482422,102.19000244140625,103.20999908447266,6540300
2021-08-17,87.7275619506836,102.87000274658203,103.8499984741211,101.5999984741211,102.80999755859375,6492900
2021-08-18,86.35455322265625,101.26000213623047,103.05999755859375,101.12000274658203,102.37999725341797,7839800
2021-08-19,85.04975128173828,99.7300033569336,100.75,98.70999908447266,99.55000305175781,10644700
2021-08-20,85.84286499023438,100.66000366210938,101.0199966430664,99.51000213623047,99.79000091552734,6496900
2021-08-23,87.1220703125,102.16000366210938,102.87999725341797,101.72000122070312,101.98999786376953,5430700
2021-08-24,87.9151611328125,103.08999633789062,103.44000244140625,102.52999877929688,102.69000244140625,5339700
2021-08-25,88.76795196533203,104.08999633789062,104.97000122070312,103.04000091552734,103.2699966430664,5612100
2021-08-26,88.55474853515625,103.83999633789062,105.6500015258789,103.66999816894531,104.63999938964844,6882800
2021-08-27,89.9277572631836,105.44999694824219,105.47000122070312,103.68000030517578,103.88999938964844,5900600
2021-08-30,88.76795196533203,104.08999633789062,105.80999755859375,103.87999725341797,105.62999725341797,6459700
2021-08-31,89.05792236328125,104.43000030517578,104.70999908447266,103.37000274658203,104.2699966430664,7215100
2021-09-01,88.95557403564453,104.30999755859375,105.08000183105469,103.56999969482422,104.54000091552734,5762400
2021-09-02,89.39904022216797,104.83000183105469,105.51000213623047,104.36000061035156,105.01000213623047,5708400
2021-09-03,88.90441131591797,104.25,105.33000183105469,103.7699966430664,104.73999786376953,7195400
2021-09-07,88.84471130371094,104.18000030517578,105.37000274658203,104.06999969482422,104.08000183105469,6792100
2021-09-08,88.32450866699219,103.56999969482422,104.56999969482422,103.06999969482422,103.8499984741211,5601000
2021-09-09,88.55474853515625,103.83999633789062,105.2300033569336,103.30000305175781,103.3499984741211,6145700
2021-09-10,88.36714935302734,103.62000274658203,104.79000091552734,103.20999908447266,104.43000030517578,5958600
2021-09-13,89.0323486328125,104.4000015258789,104.5199966430664,103.22000122070312,103.83999633789062,6112200
2021-09-14,86.90886688232422,101.91000366210938,105.4000015258789,101.66000366210938,104.3499984741211,8400600
2021-09-15,87.87252807617188,103.04000091552734,103.33999633789062,101.80999755859375,102.16000366210938,6691900
2021-09-16,87.38643646240234,102.47000122070312,104.16999816894531,101.75,103.51000213623047,5881600
2021-09-17,86.77240753173828,101.75,103.88999938964844,101.41000366210938,102.12999725341797,17485600
2021-09-20,84.11166381835938,98.62999725341797,99.25,96.87000274658203,98.75,15443800
2021-09-21,83.83023834228516,98.30000305175781,99.7300033569336,97.94999694824219,99.43000030517578,8985600
2021-09-22,85.96226501464844,100.80000305175781,101.81999969482422,99.43000030517578,99.43000030517578,9497700
2021-09-23,88.30744171142578,103.55000305175781,103.98999786376953,101.5999984741211,101.76000213623047,6087900
2021-09-24,87.76165771484375,102.91000366210938,104.12999725341797,102.80999755859375,103.38999938964844,5529300
2021-09-27,89.62928771972656,105.0999984741211,105.76000213623047,103.83000183105469,103.8499984741211,8195200
2021-09-28,87.0197525024414,102.04000091552734,105.94999694824219,101.72000122070312,104.2699966430664,14183500
2021-09-29,84.89624786376953,99.55000305175781,101.61000061035156,99.11000061035156,101.08000183105469,11543000
2021-09-30,82.9859619140625,97.30999755859375,100.37999725341797,96.25,100.2300033569336,12258400
2021-10-01,84.46985626220703,99.05000305175781,99.91000366210938,97.05999755859375,97.93000030517578,7912700
2021-10-04,82.84953308105469,97.1500015258789,100.51000213623047,96.97000122070312,99.05000305175781,9482100
2021-10-05,84.59776306152344,99.19999694824219,99.7300033569336,97.47000122070312,98.22000122070312,8850300
2021-10-06,84.51249694824219,99.0999984741211,99.45999908447266,97.22000122070312,98.22000122070312,6912700
2021-10-07,84.25665283203125,98.80000305175781,100.91999816894531,98.69000244140625,100.55999755859375,7959600
2021-10-08,85.31412506103516,100.04000091552734,100.69000244140625,98.38999938964844,99.0199966430664,5301100
2021-10-11,82.96891784667969,97.29000091552734,100.68000030517578,97.20999908447266,100.08000183105469,7003900
2021-10-12,83.38677978515625,97.77999877929688,98.72000122070312,96.69000244140625,97.29000091552734,7913300
2021-10-13,84.06049346923828,98.56999969482422,99.18000030517578,96.68000030517578,98.12000274658203,10170900
2021-10-14,86.1413345336914,101.01000213623047,101.58000183105469,97.80999755859375,101.22000122070312,14766800
2021-10-15,87.10499572753906,102.13999938964844,103.22000122070312,101.8499984741211,102.45999908447266,11678100
2021-10-18,86.48246765136719,101.41000366210938,103.94000244140625,100.55000305175781,101.76000213623047,8924300
2021-10-19,86.77240753173828,101.75,102.44999694824219,101.30000305175781,101.55000305175781,6189500
2021-10-20,85.84286499023438,100.66000366210938,101.91999816894531,99.93000030517578,101.08000183105469,7426900
2021-10-21,85.51878356933594,100.27999877929688,101.75,99.56999969482422,100.36000061035156,5931400
2021-10-22,86.81504821777344,101.80000305175781,102.23999786376953,100.56999969482422,100.73999786376953,6761500
2021-10-25,86.90886688232422,101.91000366210938,102.73999786376953,101.66000366210938,102.30000305175781,3836000
2021-10-26,88.2392349243164,103.47000122070312,103.9800033569336,101.69000244140625,102.12000274658203,7649500
2021-10-27,86.87474822998047,101.87000274658203,103.83999633789062,101.83000183105469,102.97000122070312,7542400
2021-10-28,88.0168228149414,102.5,102.62999725341797,100.80000305175781,101.88999938964844,6663000
2021-10-29,88.25726318359375,102.77999877929688,103.30999755859375,101.93000030517578,102.11000061035156,8056900
2021-11-01,89.30487823486328,104.0,104.33000183105469,102.69000244140625,103.88999938964844,5432400
2021-11-02,89.87162017822266,104.66000366210938,105.33999633789062,103.37000274658203,103.93000030517578,7191700
2021-11-03,88.11127471923828,102.61000061035156,104.7300033569336,101.87999725341797,104.38999938964844,9009000
2021-11-04,85.68973541259766,99.79000091552734,102.30999755859375,98.16999816894531,102.2300033569336,14823800
2021-11-05,85.75843811035156,99.87000274658203,101.9800033569336,99.7300033569336,101.33000183105469,8449600
2021-11-08,85.93017578125,100.06999969482422,101.80000305175781,99.97000122070312,100.45999908447266,7332000
2021-11-09,85.62102508544922,99.70999908447266,100.30999755859375,98.27999877929688,99.45999908447266,8756900
2021-11-10,83.95516967773438,97.7699966430664,99.62000274658203,97.72000122070312,98.73999786376953,9191500
2021-11-11,84.90831756591797,98.87999725341797,99.30999755859375,97.47000122070312,98.04000091552734,6249600
2021-11-12,85.74125671386719,99.8499984741211,99.88999938964844,98.05000305175781,99.20999908447266,7270300
2021-11-15,86.0503921508789,100.20999908447266,100.80000305175781,99.95999908447266,100.02999877929688,5652200
2021-11-16,86.46257019042969,100.69000244140625,101.55999755859375,99.51000213623047,100.0,6448500
2021-11-17,83.87788391113281,97.68000030517578,100.62999725341797,97.3499984741211,100.51000213623047,9670700
2021-11-18,83.87788391113281,97.68000030517578,98.26000213623047,96.48999786376953,97.93000030517578,6850200
2021-11-19,83.2166976928711,96.91000366210938,97.87999725341797,94.94999694824219,96.22000122070312,9923400
2021-11-22,85.28614807128906,99.31999969482422,100.52999877929688,97.81999969482422,98.29000091552734,10430400
2021-11-23,87.46723937988281,101.86000061035156,102.12999725341797,100.18000030517578,100.30999755859375,8559200
2021-11-24,86.83181762695312,101.12000274658203,102.2300033569336,100.11000061035156,101.83999633789062,7146400
2021-11-26,84.09257507324219,97.93000030517578,98.16000366210938,95.87000274658203,98.05000305175781,11738200
2021-11-29,83.491455078125,97.2300033569336,99.5999984741211,95.95999908447266,99.04000091552734,13793400
2021-11-30,81.42200469970703,94.81999969482422,96.5,93.87999725341797,96.43000030517578,20586200
2021-12-01,81.7998275756836,95.26000213623047,98.61000061035156,95.26000213623047,96.9800033569336,11708200
2021-12-02,84.89114379882812,98.86000061035156,99.75,95.30000305175781,96.0,10685800
2021-12-03,84.33300018310547,98.20999908447266,100.87000274658203,96.8499984741211,100.04000091552734,9811800
2021-12-06,85.24321746826172,99.2699966430664,100.70999908447266,98.80000305175781,100.0,9624500
2021-12-07,88.0168228149414,102.5,103.11000061035156,100.33999633789062,100.37000274658203,10674400
2021-12-08,86.94342803955078,101.25,103.16000366210938,101.2300033569336,102.66000366210938,9089700
2021-12-09,86.36809539794922,100.58000183105469,101.81999969482422,100.25,100.7699966430664,7749600
2021-12-10,84.52190399169922,98.43000030517578,101.26000213623047,98.37999725341797,100.94000244140625,10429000
2021-12-13,83.43995666503906,97.16999816894531,98.19999694824219,96.80000305175781,98.1500015258789,10057100
2021-12-14,84.85680389404297,98.81999969482422,99.44000244140625,96.56999969482422,96.75,11105900
2021-12-15,85.38060760498047,99.43000030517578,99.83000183105469,97.12999725341797,99.12000274658203,7055000
2021-12-16,86.12767791748047,100.30000305175781,101.41999816894531,99.66000366210938,101.29000091552734,7889900
2021-12-17,83.40557861328125,97.12999725341797,99.5199966430664,96.80999755859375,99.47000122070312,20851400
2021-12-20,81.89427947998047,95.37000274658203,95.88999938964844,94.20999908447266,95.61000061035156,11931400
2021-12-21,83.95516967773438,97.7699966430664,98.51000213623047,96.06999969482422,96.18000030517578,8235100
2021-12-22,84.41027069091797,98.30000305175781,98.68000030517578,97.45999908447266,97.69000244140625,4798400
2021-12-23,85.30331420898438,99.33999633789062,99.97000122070312,98.7699966430664,99.01000213623047,4482200
2021-12-27,86.21355438232422,100.4000015258789,100.52999877929688,99.11000061035156,99.72000122070312,4196000
2021-12-28,85.84429931640625,99.97000122070312,101.0,99.58000183105469,100.5999984741211,4269700
2021-12-29,84.7795181274414,98.7300033569336,100.51000213623047,98.69000244140625,100.05000305175781,6923100
2021-12-30,84.83963012695312,98.80000305175781,99.97000122070312,98.72000122070312,98.86000061035156,3564900
2021-12-31,84.2900619506836,98.16000366210938,99.20999908447266,97.4800033569336,98.7300033569336,5124800
2022-01-03,86.03321838378906,100.19000244140625,101.4000015258789,99.30000305175781,99.33000183105469,8481900
2022-01-04,89.52812194824219,104.26000213623047,104.68000030517578,101.9800033569336,102.0,8967000
2022-01-05,87.31266784667969,101.68000030517578,105.02999877929688,101.56999969482422,103.69999694824219,10288800
2022-01-06,88.80683135986328,103.41999816894531,104.20999908447266,100.62000274658203,104.12000274658203,10059200
2022-01-07,89.3478012084961,104.05000305175781,104.52999877929688,102.93000030517578,103.51000213623047,6128400
2022-01-10,89.41650390625,104.12999725341797,105.0999984741211,102.83000183105469,104.72000122070312,8904900
2022-01-11,90.95357513427734,105.91999816894531,106.08999633789062,103.58000183105469,104.16000366210938,7320200
2022-01-12,88.48910522460938,103.05000305175781,106.47000122070312,102.3499984741211,106.05000305175781,10855200
2022-01-13,88.05974578857422,102.55000305175781,104.3499984741211,102.13999938964844,103.43000030517578,6267700
2022-01-14,84.90831756591797,98.87999725341797,100.47000122070312,97.38999938964844,99.75,16724900
2022-01-18,80.72644805908203,94.01000213623047,96.44000244140625,92.94000244140625,95.93000030517578,21803100
2022-01-19,82.20341491699219,95.7300033569336,98.25,94.95999908447266,98.01000213623047,19716100
2022-01-20,85.72407531738281,99.83000183105469,101.95999908447266,96.5999984741211,96.5999984741211,22637600
2022-01-21,84.89114379882812,98.86000061035156,99.55999755859375,96.3499984741211,98.13999938964844,22568300
2022-01-24,84.22135162353516,98.08000183105469,98.31999969482422,93.68000030517578,96.0199966430664,19527300
2022-01-25,85.04570770263672,99.04000091552734,99.83000183105469,95.01000213623047,96.58000183105469,16060700
2022-01-26,86.01604461669922,100.16999816894531,101.75,98.9000015258789,100.1500015258789,13344400
2022-01-27,86.85757446289062,101.1500015258789,102.2300033569336,99.66000366210938,101.30999755859375,17843100
2022-01-28,88.02488708496094,101.80000305175781,101.91999816894531,98.1500015258789,99.0999984741211,14044800
2022-01-31,88.6647720336914,102.54000091552734,102.73999786376953,100.27999877929688,100.97000122070312,8467000
2022-02-01,89.88396453857422,103.94999694824219,104.0999984741211,102.23999786376953,102.95999908447266,7885700
2022-02-02,89.85804748535156,103.91999816894531,104.30000305175781,102.30000305175781,103.80000305175781,9596300
2022-02-03,88.44859313964844,102.29000091552734,104.0999984741211,102.12999725341797,103.66999816894531,5986500
2022-02-04,90.0223159790039,104.11000061035156,105.0199966430664,102.06999969482422,102.1500015258789,7881800
2022-02-07,90.94752502441406,105.18000030517578,106.18000030517578,103.63999938964844,104.05000305175781,9129000
2022-02-08,91.95922088623047,106.3499984741211,107.31999969482422,105.31999969482422,105.97000122070312,9249000
2022-02-09,94.01715850830078,108.7300033569336,109.08000183105469,106.8499984741211,106.93000030517578,11054300
2022-02-10,93.01412963867188,107.56999969482422,109.7300033569336,107.1500015258789,108.19000244140625,8116200
2022-02-11,90.4200668334961,104.56999969482422,108.38999938964844,103.81999969482422,107.0,9755900
2022-02-14,88.69071197509766,102.56999969482422,104.5,101.5999984741211,104.02999877929688,11110300
2022-02-15,89.434326171875,103.43000030517578,104.3499984741211,102.12000274658203,103.5199966430664,6714100
2022-02-16,87.46285247802734,101.1500015258789,103.04000091552734,100.66999816894531,102.5,10190700
2022-02-17,83.1394271850586,96.1500015258789,100.20999908447266,95.88999938964844,100.0199966430664,15620300
2022-02-18,82.5082015991211,95.41999816894531,96.04000091552734,93.11000061035156,95.26000213623047,16321800
2022-02-22,81.92887115478516,94.75,96.7699966430664,93.9000015258789,94.68000030517578,9143700
2022-02-23,80.89124298095703,93.55000305175781,95.72000122070312,93.08000183105469,95.69999694824219,8722200
2022-02-24,79.38668823242188,91.80999755859375,92.18000030517578,88.52999877929688,89.8499984741211,18518000
2022-02-25,81.75592803955078,94.55000305175781,94.69999694824219,91.62999725341797,92.06999969482422,9717400
2022-02-28,78.46147918701172,90.73999786376953,92.22000122070312,89.91999816894531,91.58999633789062,17955100
2022-03-01,75.77230072021484,87.62999725341797,90.0,86.48999786376953,90.0,18341800
2022-03-02,76.42082214355469,88.37999725341797,89.27999877929688,87.0199966430664,88.05999755859375,18007500
2022-03-03,75.9020004272461,87.77999877929688,90.25,87.06999969482422,89.68000030517578,12197100
2022-03-04,74.67416381835938,86.36000061035156,86.9000015258789,84.76000213623047,86.19999694824219,11950700
2022-03-07,72.1579360961914,83.44999694824219,86.08000183105469,83.41999816894531,85.02999877929688,12680900
2022-03-08,72.03687286376953,83.30999755859375,85.75,81.97000122070312,83.62999725341797,11641200
2022-03-09,75.57343292236328,87.4000015258789,88.98999786376953,86.0999984741211,86.23999786376953,12994600
2022-03-10,74.24182891845703,85.86000061035156,87.80000305175781,85.01000213623047,85.7699966430664,11351600
2022-03-11,73.65385437011719,85.18000030517578,87.76000213623047,85.08000183105469,87.12000274658203,8568100
2022-03-14,73.2560806274414,84.72000122070312,86.70999908447266,84.47000122070312,85.8499984741211,8280700
2022-03-15,74.6482162475586,86.33000183105469,86.69999694824219,84.58000183105469,85.44999694824219,8672400
2022-03-16,79.34346008300781,91.76000213623047,92.3499984741211,88.0,88.01000213623047,17635900
2022-03-17,81.15930938720703,93.86000061035156,94.19000244140625,89.91999816894531,90.19999694824219,15156800
2022-03-18,81.9894027709961,94.81999969482422,94.9000015258789,92.41999816894531,93.4800033569336,16325400
2022-03-21,80.07843780517578,92.61000061035156,94.91000366210938,92.20999908447266,94.72000122070312,8568700
2022-03-22,81.4705810546875,94.22000122070312,94.5999984741211,92.87000274658203,93.16000366210938,7565100
2022-03-23,79.87956237792969,92.37999725341797,94.0,91.88999938964844,93.41000366210938,7465400
2022-03-24,79.66338348388672,92.12999725341797,93.0999984741211,91.8499984741211,92.55000305175781,6488300
2022-03-25,79.87956237792969,92.37999725341797,93.97000122070312,91.98999786376953,92.4800033569336,6592800
2022-03-28,78.91975402832031,91.2699966430664,92.30000305175781,90.13999938964844,92.27999877929688,8680800
2022-03-29,79.41264343261719,91.83999633789062,93.38999938964844,91.05000305175781,93.38999938964844,7431600
2022-03-30,78.05508422851562,90.2699966430664,91.94000244140625,89.76000213623047,91.86000061035156,7289800
2022-03-31,75.57343292236328,87.4000015258789,90.19000244140625,87.4000015258789,89.72000122070312,8422700
2022-04-01,75.21891784667969,86.98999786376953,88.52999877929688,85.91000366210938,88.13999938964844,8192300
2022-04-04,75.46967315673828,87.27999877929688,87.56999969482422,85.80999755859375,86.54000091552734,8098900
2022-04-05,73.74030303955078,85.27999877929688,86.83000183105469,84.94000244140625,86.55000305175781,11587400
2022-04-06,71.88123321533203,83.12999725341797,84.80999755859375,82.75,84.72000122070312,10493200
2022-04-07,71.88123321533203,83.12999725341797,83.61000061035156,81.4000015258789,82.87999725341797,11902900
2022-04-08,72.68538665771484,84.05999755859375,84.7699966430664,82.95999908447266,83.52999877929688,6937500
2022-04-11,72.65079498291016,84.0199966430664,85.81999969482422,83.0199966430664,83.58000183105469,8290400
2022-04-12,72.57299041748047,83.93000030517578,85.9800033569336,83.54000091552734,83.76000213623047,8057300
2022-04-13,72.74590301513672,84.12999725341797,84.25,82.77999877929688,82.93000030517578,8760300
2022-04-14,73.29066467285156,84.76000213623047,87.9000015258789,84.58999633789062,86.01000213623047,16348400
2022-04-18,74.7779312133789,86.4800033569336,87.18000030517578,84.31999969482422,84.38999938964844,7897500
2022-04-19,76.87909698486328,88.91000366210938,89.11000061035156,86.91999816894531,87.01000213623047,12637700
2022-04-20,78.34906005859375,90.61000061035156,91.58000183105469,89.61000061035156,89.61000061035156,11828400
2022-04-21,76.87909698486328,88.91000366210938,92.93000030517578,88.70999908447266,91.52999877929688,9563900
2022-04-22,73.27335357666016,84.73999786376953,88.20999908447266,84.62999725341797,88.12000274658203,11455400
2022-04-25,73.54144287109375,85.05000305175781,85.30999755859375,82.88999938964844,84.02999877929688,11577600
2022-04-26,71.22408294677734,82.37000274658203,85.22000122070312,82.27999877929688,84.29000091552734,10062000
2022-04-27,71.0857162475586,82.20999908447266,83.66999816894531,81.80999755859375,82.37999725341797,9522900
2022-04-28,72.73401641845703,83.4000015258789,83.8499984741211,81.61000061035156,82.69999694824219,6974600
2022-04-29,70.28337860107422,80.58999633789062,83.73999786376953,80.30999755859375,83.05999755859375,8097300
2022-05-02,71.47818756103516,81.95999908447266,82.13999938964844,80.02999877929688,80.58999633789062,8737100
2022-05-03,73.03926086425781,83.75,84.80999755859375,82.25,82.48999786376953,9430500
2022-05-04,76.06547546386719,87.22000122070312,87.52999877929688,83.94000244140625,84.06999969482422,10495000
2022-05-05,74.07705688476562,84.94000244140625,86.16000366210938,83.41000366210938,85.75,8556500
2022-05-06,73.45787048339844,84.2300033569336,84.56999969482422,82.30999755859375,84.13999938964844,7333600
2022-05-09,70.77175903320312,81.1500015258789,83.23999786376953,80.72000122070312,82.54000091552734,11161000
2022-05-10,69.99559020996094,80.26000213623047,82.66000366210938,78.72000122070312,82.01000213623047,9261000
2022-05-11,68.80079650878906,78.88999938964844,82.05999755859375,78.76000213623047,80.06999969482422,8060000
2022-05-12,68.53914642333984,78.58999633789062,79.5199966430664,76.75,78.05000305175781,10315600
2022-05-13,70.23977661132812,80.54000091552734,81.5,79.47000122070312,79.5999984741211,7948000
2022-05-16,69.68163299560547,79.9000015258789,80.93000030517578,78.8499984741211,80.38999938964844,5703600
2022-05-17,72.3241195678711,82.93000030517578,83.26000213623047,81.33000183105469,81.63999938964844,6507100
2022-05-18,70.37059783935547,80.69000244140625,82.22000122070312,80.31999969482422,81.9000015258789,5949400
2022-05-19,69.73397064208984,79.95999908447266,81.18000030517578,79.5,79.7300033569336,7852800
2022-05-20,69.21940612792969,79.37000274658203,81.20999908447266,77.56999969482422,80.62000274658203,8705000
2022-05-23,71.78340911865234,82.30999755859375,83.33999633789062,80.0999984741211,80.79000091552734,7787700
2022-05-24,71.47818756103516,81.95999908447266,82.22000122070312,80.05000305175781,81.80000305175781,6225700
2022-05-25,71.71365356445312,82.2300033569336,82.81999969482422,81.0,81.27999877929688,6747800
2022-05-26,74.12938690185547,85.0,85.55000305175781,83.23999786376953,83.3499984741211,8573400
2022-05-27,75.39395141601562,86.44999694824219,86.4800033569336,84.91999816894531,85.56999969482422,6300000
2022-05-31,75.12359619140625,86.13999938964844,86.81999969482422,84.93000030517578,85.45999908447266,10780700
2022-06-01,74.12938690185547,85.0,86.77999877929688,83.70999908447266,86.44000244140625,6543900
2022-06-02,74.30380249023438,85.19999694824219,85.37999725341797,83.66999816894531,85.18000030517578,7468700
2022-06-03,73.36193084716797,84.12000274658203,84.98999786376953,83.68000030517578,84.16999816894531,5276900
2022-06-06,74.0160140991211,84.87000274658203,86.27999877929688,84.73999786376953,85.19999694824219,4022400
2022-06-07,74.41716766357422,85.33000183105469,85.4000015258789,83.87999725341797,84.1500015258789,4514300
2022-06-08,72.55958557128906,83.19999694824219,85.12999725341797,82.73999786376953,84.5,6787200
2022-06-09,70.78047943115234,81.16000366210938,82.87999725341797,81.1500015258789,82.69999694824219,6951700
2022-06-10,67.5013656616211,77.4000015258789,79.70999908447266,76.94999694824219,79.54000091552734,9671600
2022-06-13,65.56524658203125,75.18000030517578,76.26000213623047,74.13999938964844,75.0199966430664,10446400
2022-06-14,65.37340545654297,74.95999908447266,76.7699966430664,74.2699966430664,75.41999816894531,7400300
2022-06-15,66.29785919189453,76.0199966430664,77.19999694824219,74.33000183105469,75.80000305175781,9273300
2022-06-16,64.49256896972656,73.94999694824219,74.36000061035156,72.48999786376953,74.08999633789062,11068400
2022-06-17,63.57685852050781,72.9000015258789,74.62000274658203,72.66000366210938,73.80999755859375,17285900
2022-06-21,65.08558654785156,74.62999725341797,75.25,74.16000366210938,75.06999969482422,8063800
2022-06-22,64.88501739501953,74.4000015258789,74.91000366210938,73.08999633789062,73.63999938964844,6322600
2022-06-23,64.510009765625,73.97000122070312,74.52999877929688,72.2300033569336,74.41000366210938,7958000
2022-06-24,67.8676528930664,77.81999969482422,78.55000305175781,75.0199966430664,75.5999984741211,10795400
2022-06-27,67.5362319946289,77.44000244140625,78.4000015258789,76.91000366210938,78.4000015258789,5937600
2022-06-28,68.16414642333984,78.16000366210938,81.22000122070312,78.05000305175781,80.37999725341797,10259100
2022-06-29,68.1903076171875,78.19000244140625,79.29000091552734,77.51000213623047,78.27999877929688,8534900
2022-06-30,66.3327407836914,76.05999755859375,76.83000183105469,74.52999877929688,76.56999969482422,10182400
2022-07-01,66.9344711303711,76.75,77.05000305175781,74.68000030517578,75.76000213623047,6017500
2022-07-05,66.37632751464844,76.11000061035156,76.12999725341797,73.5999984741211,75.05999755859375,8706900
2022-07-06,65.80072784423828,75.44999694824219,76.16999816894531,74.69000244140625,75.76000213623047,6895900
2022-07-07,67.14378356933594,76.98999786376953,77.20999908447266,76.12999725341797,76.29000091552734,6258300
2022-07-08,66.91704559326172,76.7300033569336,77.5199966430664,76.4000015258789,77.38999938964844,5890500
2022-07-11,66.12340545654297,75.81999969482422,76.36000061035156,75.27999877929688,75.86000061035156,4918900
2022-07-12,66.22806549072266,75.94000244140625,77.26000213623047,75.05999755859375,75.19999694824219,6558400
2022-07-13,65.39086151123047,74.9800033569336,75.5,74.01000213623047,75.23999786376953,7780100
2022-07-14,65.13792419433594,74.69000244140625,75.06999969482422,72.05000305175781,74.01000213623047,13296200
2022-07-15,68.06822204589844,78.05000305175781,78.7699966430664,75.66000366210938,75.94000244140625,11663900
2022-07-18,68.7746353149414,78.86000061035156,80.4000015258789,78.41999816894531,79.5,11596800
2022-07-19,71.20780944824219,81.6500015258789,81.98999786376953,79.83000183105469,79.86000061035156,9952000
2022-07-20,71.34735107421875,81.80999755859375,82.2699966430664,80.94000244140625,81.47000122070312,7653400
2022-07-21,72.40260314941406,83.0199966430664,83.0999984741211,81.22000122070312,81.5,9053400
2022-07-22,71.8880615234375,82.43000030517578,83.52999877929688,81.66000366210938,83.0999984741211,6564000
2022-07-25,71.99272155761719,82.55000305175781,83.18000030517578,82.12000274658203,82.88999938964844,6208200
2022-07-26,70.45780181884766,80.79000091552734,82.56999969482422,80.62999725341797,81.80000305175781,7121600
2022-07-27,71.95783996582031,82.51000213623047,82.86000061035156,80.95999908447266,81.38999938964844,7751300
2022-07-28,73.02749633789062,82.94999694824219,83.06999969482422,80.9000015258789,81.76000213623047,6324800
2022-07-29,74.21601104736328,84.30000305175781,84.62999725341797,82.97000122070312,82.97000122070312,8597700
2022-08-01,74.03113555908203,84.08999633789062,84.54000091552734,83.01000213623047,83.66000366210938,5439200
2022-08-02,73.53811645507812,83.52999877929688,84.58999633789062,82.95999908447266,83.33000183105469,7684700
2022-08-03,74.87629699707031,85.05000305175781,85.58999633789062,84.12000274658203,84.68000030517578,7043600
2022-08-04,75.14921569824219,85.36000061035156,85.6500015258789,84.80000305175781,85.19999694824219,5722600
2022-08-05,75.82708740234375,86.12999725341797,86.70999908447266,84.70999908447266,84.98999786376953,6219300
2022-08-08,75.73907470703125,86.02999877929688,87.22000122070312,85.94999694824219,86.76000213623047,5719700
2022-08-09,76.02957916259766,86.36000061035156,86.83999633789062,85.87000274658203,86.44999694824219,4920100
2022-08-10,78.2569580078125,88.88999938964844,89.66000366210938,87.5,87.52999877929688,7271700
2022-08-11,79.41024780273438,90.19999694824219,90.83999633789062,89.80000305175781,89.9800033569336,8808100
2022-08-12,80.69560241699219,91.66000366210938,91.75,90.05999755859375,90.62000274658203,6259000
2022-08-15,81.01254272460938,92.0199966430664,92.29000091552734,90.45999908447266,90.6500015258789,7348900
2022-08-16,80.83646392822266,91.81999969482422,92.2699966430664,91.33999633789062,91.4800033569336,5953800
2022-08-17,80.42266845703125,91.3499984741211,91.83000183105469,90.3499984741211,90.38999938964844,5499000
2022-08-18,80.75724792480469,91.7300033569336,92.0,90.98999786376953,91.16999816894531,4664800
2022-08-19,79.24299621582031,90.01000213623047,90.91999816894531,89.66000366210938,90.6500015258789,6264100
2022-08-22,77.87838745117188,88.45999908447266,88.86000061035156,87.70999908447266,88.43000030517578,6452800
2022-08-23,77.73753356933594,88.30000305175781,89.25,87.95999908447266,88.45999908447266,7487700
2022-08-24,78.00162506103516,88.5999984741211,89.04000091552734,87.80999755859375,87.98999786376953,5262400
2022-08-25,79.15495300292969,89.91000366210938,90.0999984741211,88.80000305175781,89.06999969482422,4943300
2022-08-26,76.4257583618164,86.80999755859375,90.48999786376953,86.72000122070312,90.33999633789062,7911500
2022-08-29,75.14039611816406,85.3499984741211,86.43000030517578,85.05999755859375,86.13999938964844,7505300
2022-08-30,74.33043670654297,84.43000030517578,86.2300033569336,84.20999908447266,86.13999938964844,8849400
2022-08-31,75.02596282958984,85.22000122070312,85.94000244140625,84.05999755859375,84.61000061035156,9223100
2022-09-01,75.86229705810547,86.16999816894531,86.20999908447266,83.38999938964844,84.66999816894531,7830800
2022-09-02,76.06480407714844,86.4000015258789,89.02999877929688,85.72000122070312,87.36000061035156,9974400
2022-09-06,74.94671630859375,85.12999725341797,86.83999633789062,83.16000366210938,86.75,10689300
2022-09-07,76.46977233886719,86.86000061035156,87.26000213623047,84.37000274658203,84.37000274658203,7592700
2022-09-08,77.86078643798828,88.44000244140625,88.48999786376953,86.0,86.52999877929688,8446700
2022-09-09,78.7587661743164,89.45999908447266,89.81999969482422,88.80000305175781,89.22000122070312,5976200
2022-09-12,79.3662338256836,90.1500015258789,91.04000091552734,89.8499984741211,90.0,8030800
2022-09-13,76.63703918457031,87.05000305175781,88.68000030517578,86.80000305175781,88.01000213623047,7890700
2022-09-14,76.75149536132812,87.18000030517578,88.11000061035156,86.12999725341797,87.54000091552734,8341100
2022-09-15,77.70231628417969,88.26000213623047,89.45999908447266,87.25,87.33999633789062,8883100
2022-09-16,76.97158813476562,87.43000030517578,87.69999694824219,85.58000183105469,87.4000015258789,20988900
2022-09-19,78.10728454589844,88.72000122070312,89.0199966430664,86.08000183105469,86.12000274658203,6011500
2022-09-20,76.76030731201172,87.19000244140625,88.44999694824219,86.37000274658203,88.0999984741211,8092300
2022-09-21,76.02957916259766,86.36000061035156,89.1500015258789,86.3499984741211,87.9000015258789,9707800
2022-09-22,74.62979125976562,84.7699966430664,87.25,84.2699966430664,86.91000366210938,8376300
2022-09-23,71.75975036621094,81.51000213623047,83.69000244140625,80.22000122070312,83.27999877929688,9990500
2022-09-26,70.21907806396484,79.76000213623047,81.66000366210938,79.01000213623047,80.91999816894531,8496000
2022-09-27,69.97257995605469,79.4800033569336,80.8499984741211,78.3499984741211,80.69999694824219,6855400
2022-09-28,71.72452545166016,81.47000122070312,81.88999938964844,79.69000244140625,79.76000213623047,6693500
2022-09-29,70.3071060180664,79.86000061035156,81.02999877929688,79.02999877929688,80.80000305175781,5892700
2022-09-30,69.55879211425781,79.01000213623047,81.16000366210938,78.86000061035156,79.7699966430664,8090900
2022-10-03,70.76493072509766,80.37999725341797,80.9800033569336,78.31999969482422,80.05000305175781,8169200
2022-10-04,73.92547607421875,83.97000122070312,84.73999786376953,81.80000305175781,82.19999694824219,7875000
2022-10-05,73.16834259033203,83.11000061035156,83.58999633789062,81.37999725341797,82.02999877929688,5956500
2022-10-06,71.58366394042969,81.30999755859375,83.19000244140625,81.12999725341797,82.44999694824219,6434800
2022-10-07,69.4883804321289,78.93000030517578,80.79000091552734,78.37999725341797,80.69999694824219,7180900
2022-10-10,69.03056335449219,78.41000366210938,79.72000122070312,77.81999969482422,79.44000244140625,5418000
2022-10-11,67.78922271728516,77.0,78.41000366210938,76.54000091552734,77.91999816894531,6271100
2022-10-12,67.43708038330078,76.5999984741211,77.80000305175781,76.33000183105469,76.98999786376953,6411600
2022-10-13,69.83171844482422,79.31999969482422,79.66000366210938,74.66999816894531,74.9800033569336,11811500
2022-10-14,66.29261016845703,75.30000305175781,79.05999755859375,74.83000183105469,77.2300033569336,13658500
2022-10-17,67.91248321533203,77.13999938964844,78.23999786376953,76.33000183105469,76.80999755859375,11412400
2022-10-18,69.93736267089844,79.44000244140625,80.58999633789062,78.37999725341797,79.80000305175781,9767800
2022-10-19,68.35266876220703,77.63999938964844,79.58999633789062,77.37000274658203,79.1500015258789,7429600
2022-10-20,67.43708038330078,76.5999984741211,78.54000091552734,76.13999938964844,77.62999725341797,7638100
2022-10-21,69.74368286132812,79.22000122070312,79.52999877929688,76.22000122070312,76.61000061035156,8149000
2022-10-24,69.92855834960938,79.43000030517578,81.0999984741211,78.56999969482422,79.52999877929688,8143300
2022-10-25,70.87936401367188,80.51000213623047,80.66999816894531,78.61000061035156,78.61000061035156,8173600
2022-10-26,71.23152160644531,80.91000366210938,82.05000305175781,80.58000183105469,80.5999984741211,7733400
2022-10-27,71.037841796875,80.69000244140625,82.4800033569336,80.5999984741211,82.0,6466400
2022-10-28,73.0867919921875,82.22000122070312,82.30000305175781,79.51000213623047,80.2699966430664,7816100
2022-10-31,73.0423355102539,82.16999816894531,83.36000061035156,81.69000244140625,81.7699966430664,9087400
2022-11-01,74.420166015625,83.72000122070312,83.97000122070312,82.98999786376953,83.25,8195600
2022-11-02,74.99794006347656,84.37000274658203,86.72000122070312,83.41999816894531,83.44999694824219,10907500
2022-11-03,74.3312759399414,83.62000274658203,84.62999725341797,82.55000305175781,83.05999755859375,6447200
2022-11-04,75.42463684082031,84.8499984741211,85.75,84.0,85.1500015258789,6929700
2022-11-07,76.06465148925781,85.56999969482422,86.12999725341797,85.11000061035156,85.5199966430664,4599600
2022-11-08,75.806884765625,85.27999877929688,86.2300033569336,84.51000213623047,85.61000061035156,4850300
2022-11-09,74.18016815185547,83.44999694824219,85.33999633789062,83.19000244140625,84.87999725341797,5200800
2022-11-10,78.93586730957031,88.80000305175781,88.9800033569336,86.5199966430664,86.69000244140625,10013900
2022-11-11,80.6959228515625,90.77999877929688,91.69000244140625,89.0,89.0,9119100
2022-11-14,79.83367156982422,89.80999755859375,91.36000061035156,89.79000091552734,90.2699966430664,4873400
2022-11-15,80.44702911376953,90.5,91.86000061035156,89.36000061035156,91.06999969482422,7336100
2022-11-16,79.84255981445312,89.81999969482422,90.47000122070312,89.05999755859375,90.47000122070312,4368600
2022-11-17,79.06919860839844,88.94999694824219,89.12000274658203,87.51000213623047,88.69000244140625,4967300
2022-11-18,79.29142761230469,89.19999694824219,90.37000274658203,88.58999633789062,90.2699966430664,5450700
2022-11-21,79.18476104736328,89.08000183105469,89.68000030517578,88.56999969482422,89.05999755859375,4667100
2022-11-22,79.70922088623047,89.66999816894531,90.19000244140625,89.30000305175781,89.58999633789062,3804100
2022-11-23,79.94032287597656,89.93000030517578,90.44999694824219,89.66999816894531,89.72000122070312,4961400
2022-11-25,80.81148529052734,90.91000366210938,91.08000183105469,89.47000122070312,89.6500015258789,2450100
2022-11-28,79.90478515625,89.88999938964844,91.0999984741211,89.69999694824219,90.19999694824219,6147700
2022-11-29,80.96260070800781,91.08000183105469,91.47000122070312,89.5999984741211,89.63999938964844,5307100
2022-11-30,82.73153686523438,93.06999969482422,93.25,89.12999725341797,91.27999877929688,10520600
2022-12-01,82.66931915283203,93.0,93.48999786376953,92.04000091552734,93.05999755859375,7310400
2022-12-02,81.86929321289062,92.0999984741211,92.66000366210938,91.51000213623047,91.86000061035156,5197800
2022-12-05,79.83367156982422,89.80999755859375,91.72000122070312,89.08999633789062,91.4800033569336,8272500
2022-12-06,77.78916931152344,87.51000213623047,89.76000213623047,86.41000366210938,89.62000274658203,10424700
2022-12-07,77.58470916748047,87.27999877929688,88.02999877929688,86.70999908447266,86.81999969482422,7066700
2022-12-08,78.83810424804688,88.69000244140625,88.79000091552734,87.0,87.68000030517578,6141400
2022-12-09,79.53144836425781,89.47000122070312,89.76000213623047,88.37000274658203,88.68000030517578,6488300
2022-12-12,80.99816131591797,91.12000274658203,91.33000183105469,88.27999877929688,89.01000213623047,7496200
2022-12-13,82.41153717041016,92.70999908447266,95.16000366210938,92.06999969482422,93.66000366210938,10330500
2022-12-14,80.44702911376953,90.5,92.68000030517578,89.87000274658203,92.51000213623047,7704600
2022-12-15,78.03805541992188,87.79000091552734,89.19000244140625,86.91999816894531,89.1500015258789,8795200
2022-12-16,77.21136474609375,86.86000061035156,86.87000274658203,85.83000183105469,86.52999877929688,17262000
2022-12-19,76.04689025878906,85.55000305175781,87.04000091552734,84.95999908447266,86.73999786376953,5129600
2022-12-20,75.70021057128906,85.16000366210938,86.44999694824219,85.13999938964844,85.91999816894531,5206800
2022-12-21,77.22026824951172,86.87000274658203,87.81999969482422,86.3499984741211,86.41000366210938,5422400
2022-12-22,76.77580261230469,86.37000274658203,86.58000183105469,84.7699966430664,86.58000183105469,5635200
2022-12-23,76.54468536376953,86.11000061035156,86.58000183105469,85.3499984741211,86.33000183105469,3316100
2022-12-27,75.6113052368164,85.05999755859375,86.36000061035156,84.94000244140625,86.36000061035156,7064700
2022-12-28,75.07795715332031,84.45999908447266,85.20999908447266,84.05999755859375,84.95999908447266,3714900
2022-12-29,75.77132415771484,85.23999786376953,85.58999633789062,84.55999755859375,84.95999908447266,3461700
2022-12-30,75.57575225830078,85.0199966430664,85.19999694824219,84.18000030517578,84.69999694824219,4455600
2023-01-03,76.19800567626953,85.72000122070312,86.5999984741211,84.9800033569336,85.63999938964844,5108900
2023-01-04,77.02468872070312,86.6500015258789,87.3499984741211,85.18000030517578,85.55000305175781,7726800
2023-01-05,76.37577056884766,85.91999816894531,86.16999816894531,84.83000183105469,85.9000015258789,5339900
2023-01-06,77.8335952758789,87.55999755859375,87.95999908447266,85.70999908447266,86.44000244140625,5710900
2023-01-09,77.90471649169922,87.63999938964844,88.91000366210938,87.41000366210938,88.25,5039700
2023-01-10,79.04253387451172,88.91999816894531,88.93000030517578,86.83999633789062,87.55000305175781,4536600
2023-01-11,79.49588012695312,89.43000030517578,89.80999755859375,88.8499984741211,89.37000274658203,6122600
2023-01-12,80.47369384765625,90.52999877929688,91.80999755859375,89.3499984741211,90.0199966430664,7895600
2023-01-13,81.4781723022461,91.66000366210938,91.9800033569336,88.2699966430664,89.02999877929688,8414600
2023-01-17,86.29611206054688,97.08000183105469,99.0999984741211,95.0,95.9000015258789,27914300
2023-01-18,85.85164642333984,96.58000183105469,97.94999694824219,96.33999633789062,96.80000305175781,14134800
2023-01-19,83.69156646728516,94.1500015258789,94.9800033569336,92.94000244140625,94.61000061035156,13457100
2023-01-20,85.54940032958984,96.23999786376953,96.27999877929688,93.87999725341797,94.12999725341797,10785000
2023-01-23,86.3405532836914,97.12999725341797,97.22000122070312,95.48999786376953,95.87000274658203,8735300
2023-01-24,84.9005126953125,95.51000213623047,96.80999755859375,92.91999816894531,96.27999877929688,4801600
2023-01-25,85.01605224609375,95.63999938964844,95.93000030517578,94.44000244140625,94.87999725341797,5891000
2023-01-26,85.78052520751953,96.5,96.54000091552734,95.30999755859375,96.22000122070312,6085100
2023-01-27,86.10053253173828,96.86000061035156,97.43000030517578,95.70999908447266,96.41000366210938,7990800
2023-01-30,85.98853302001953,95.95999908447266,96.61000061035156,94.91999816894531,95.02999877929688,5870100
2023-01-31,87.21617126464844,97.33000183105469,97.37000274658203,95.76000213623047,96.29000091552734,7182100
2023-02-01,87.98681640625,98.19000244140625,99.05999755859375,96.93000030517578,96.94999694824219,9815200
2023-02-02,88.90082550048828,99.20999908447266,100.2699966430664,97.95999908447266,98.87999725341797,11118900
2023-02-03,89.09794616699219,99.43000030517578,100.18000030517578,98.06999969482422,98.23999786376953,6948600
2023-02-06,88.6230239868164,98.9000015258789,99.19999694824219,98.06999969482422,98.44999694824219,4737700
2023-02-07,88.9097671508789,99.22000122070312,99.81999969482422,98.05000305175781,98.7699966430664,5060700
2023-02-08,88.67679595947266,98.95999908447266,99.94000244140625,98.05999755859375,98.31999969482422,4705200
2023-02-09,87.86135864257812,98.05000305175781,99.80000305175781,97.7300033569336,99.22000122070312,4983800
2023-02-10,88.21082305908203,98.44000244140625,98.5999984741211,97.55999755859375,97.58999633789062,5224900
2023-02-13,89.09794616699219,99.43000030517578,99.76000213623047,98.16000366210938,98.45999908447266,4910300
2023-02-14,90.11051940917969,100.55999755859375,100.98999786376953,98.97000122070312,99.05000305175781,7679500
2023-02-15,90.35247039794922,100.83000183105469,100.95999908447266,99.5,99.51000213623047,6464200
2023-02-16,89.22340393066406,99.56999969482422,100.23999786376953,98.80999755859375,99.77999877929688,6051800
2023-02-17,89.16964721679688,99.51000213623047,100.0199966430664,98.30000305175781,98.9000015258789,8133000
2023-02-21,87.47605895996094,97.62000274658203,99.0,97.18000030517578,98.45999908447266,6556000
2023-02-22,87.16241455078125,97.2699966430664,98.06999969482422,96.62000274658203,97.37000274658203,5072400
2023-02-23,87.76278686523438,97.94000244140625,98.41999816894531,96.69999694824219,97.87999725341797,5916100
2023-02-24,87.54772186279297,97.69999694824219,97.9800033569336,96.61000061035156,97.1500015258789,5414200
2023-02-27,86.65162658691406,96.69999694824219,98.4800033569336,96.58000183105469,98.41000366210938,5645000
2023-02-28,86.47240447998047,96.5,97.29000091552734,96.26000213623047,97.12000274658203,6745300
2023-03-01,86.19463348388672,96.19000244140625,96.76000213623047,95.26000213623047,95.95999908447266,5429600
2023-03-02,86.0960693359375,96.08000183105469,96.37000274658203,94.4800033569336,95.44999694824219,4632400
2023-03-03,88.11225891113281,98.33000183105469,98.44000244140625,96.44999694824219,96.55000305175781,6504000
2023-03-06,88.15704345703125,98.37999725341797,99.19999694824219,98.0999984741211,98.44000244140625,5215200
2023-03-07,86.07814025878906,96.05999755859375,98.26000213623047,95.97000122070312,98.0,5461400
2023-03-08,85.93476104736328,95.9000015258789,96.5,95.36000061035156,95.63999938964844,4121300
2023-03-09,82.6192398071289,92.19999694824219,95.94999694824219,91.7699966430664,95.36000061035156,9162400
2023-03-10,80.69266510009766,90.05000305175781,93.01000213623047,89.2300033569336,91.7699966430664,16206500
2023-03-13,78.8467025756836,87.98999786376953,90.18000030517578,86.6500015258789,88.54000091552734,15175400
2023-03-14,80.62098693847656,89.97000122070312,92.41000366210938,89.12000274658203,92.41000366210938,11089300
2023-03-15,76.51688385009766,85.38999938964844,87.0199966430664,83.68000030517578,86.93000030517578,14814000
2023-03-16,77.96854400634766,87.01000213623047,88.27999877929688,83.27999877929688,84.55000305175781,15342400
2023-03-17,75.4326171875,84.18000030517578,86.5,83.69999694824219,86.48999786376953,19935800
2023-03-20,76.74090576171875,85.63999938964844,86.30999755859375,84.37000274658203,84.5999984741211,8649800
2023-03-21,79.53669738769531,88.76000213623047,89.18000030517578,88.0,88.2300033569336,8905600
2023-03-22,78.45243072509766,87.55000305175781,90.08000183105469,87.45999908447266,88.75,7299300
2023-03-23,76.92012786865234,85.83999633789062,88.80000305175781,85.23999786376953,87.94999694824219,9373000
2023-03-24,75.22652435302734,83.94999694824219,84.51000213623047,81.72000122070312,84.51000213623047,10978700
2023-03-27,75.84481811523438,84.63999938964844,86.31999969482422,84.36000061035156,86.05999755859375,6626900
2023-03-28,76.05987548828125,84.87999725341797,85.16999816894531,83.93000030517578,84.55999755859375,5209900
2023-03-29,77.278564453125,86.23999786376953,86.3499984741211,85.3499984741211,85.93000030517578,4873500
2023-03-30,77.16207122802734,86.11000061035156,87.61000061035156,85.45999908447266,87.26000213623047,4113700
2023-03-31,78.67645263671875,87.80000305175781,87.87000274658203,86.16999816894531,86.80000305175781,6142400
2023-04-03,78.10295104980469,87.16000366210938,88.31999969482422,86.66999816894531,87.94999694824219,7728400
2023-04-04,76.00611114501953,84.81999969482422,87.19999694824219,84.26000213623047,87.0,6222800
2023-04-05,75.11004638671875,83.81999969482422,84.52999877929688,83.19999694824219,83.83000183105469,6045400
2023-04-06,75.44158935546875,84.19000244140625,84.4000015258789,83.20999908447266,83.9000015258789,3877800
2023-04-10,75.27132415771484,84.0,84.36000061035156,83.43000030517578,83.94999694824219,6185800
2023-04-11,76.24805450439453,85.08999633789062,85.76000213623047,84.12999725341797,84.29000091552734,5582100
2023-04-12,76.58857727050781,85.47000122070312,86.0199966430664,84.79000091552734,85.51000213623047,4641800
2023-04-13,76.78571319580078,85.69000244140625,85.77999877929688,84.44000244140625,85.38999938964844,5086000
2023-04-14,77.69972229003906,86.70999908447266,87.4000015258789,86.0,86.43000030517578,7865900
2023-04-17,80.01164245605469,89.29000091552734,89.30999755859375,86.2699966430664,86.66000366210938,8876900
2023-04-18,80.5134506225586,89.8499984741211,90.54000091552734,88.73999786376953,89.12999725341797,10227600
2023-04-19,81.05107879638672,90.44999694824219,90.69999694824219,86.5,87.13999938964844,13886200
2023-04-20,81.03315734863281,90.43000030517578,91.81999969482422,89.72000122070312,89.8499984741211,6776000
2023-04-21,81.65148162841797,91.12000274658203,91.33999633789062,89.16999816894531,90.4800033569336,6531000
2023-04-24,80.82707214355469,90.19999694824219,91.4800033569336,89.55000305175781,91.2300033569336,5004400
2023-04-25,78.9094467163086,88.05999755859375,89.83000183105469,87.88999938964844,89.63999938964844,5806700
2023-04-26,79.24995422363281,88.44000244140625,89.79000091552734,87.91000366210938,88.1500015258789,6429100
2023-04-27,80.8808364868164,90.26000213623047,90.95999908447266,88.88999938964844,89.41000366210938,6375800
2023-04-28,81.31920623779297,89.97000122070312,90.33000183105469,89.16000366210938,89.44999694824219,6374500
2023-05-01,79.47534942626953,87.93000030517578,90.5199966430664,87.83000183105469,90.19000244140625,7745400
2023-05-02,77.9930419921875,86.29000091552734,87.56999969482422,85.33000183105469,87.56999969482422,6319100
2023-05-03,76.60111999511719,84.75,87.18000030517578,84.56999969482422,86.4000015258789,6546500
2023-05-04,74.66687774658203,82.61000061035156,84.44999694824219,81.61000061035156,84.16999816894531,10359200
2023-05-05,76.71862030029297,84.87999725341797,85.0199966430664,83.62000274658203,83.79000091552734,8288000
2023-05-08,76.31187438964844,84.43000030517578,85.56999969482422,84.31999969482422,85.4800033569336,5825300
2023-05-09,76.25765991210938,84.37000274658203,84.91000366210938,83.69999694824219,84.0,4381400
2023-05-10,75.6701431274414,83.72000122070312,85.22000122070312,82.80000305175781,85.06999969482422,4884900
2023-05-11,74.68494415283203,82.62999725341797,82.81999969482422,81.62000274658203,82.77999877929688,6717800
2023-05-12,74.46803283691406,82.38999938964844,83.2699966430664,81.66999816894531,83.0,5208900
2023-05-15,74.97419738769531,82.94999694824219,83.37999725341797,82.25,82.66999816894531,5032100
2023-05-16,73.9889907836914,81.86000061035156,83.06999969482422,81.80999755859375,82.72000122070312,6862900
2023-05-17,75.84188842773438,83.91000366210938,83.91999816894531,82.5,82.54000091552734,8216700
2023-05-18,76.36610412597656,84.48999786376953,84.55000305175781,83.0199966430664,83.69999694824219,5367700
2023-05-19,74.33244323730469,82.23999786376953,84.41999816894531,82.2300033569336,83.79000091552734,11183600
2023-05-22,74.35955810546875,82.2699966430664,83.16000366210938,81.91000366210938,82.25,5520000
2023-05-23,74.69400024414062,82.63999938964844,83.56999969482422,81.88999938964844,82.0,5521200
2023-05-24,73.41053771972656,81.22000122070312,82.2300033569336,80.73999786376953,82.01000213623047,6827800
2023-05-25,75.01937866210938,83.0,83.12999725341797,80.9800033569336,81.20999908447266,6962700
2023-05-26,75.83283996582031,83.9000015258789,84.63999938964844,82.83000183105469,82.97000122070312,7411600
2023-05-30,75.39898681640625,83.41999816894531,84.56999969482422,83.11000061035156,84.16000366210938,5876800
2023-05-31,73.89861297607422,81.76000213623047,83.27999877929688,81.12999725341797,83.05999755859375,9559200
2023-06-01,74.17880249023438,82.06999969482422,82.83999633789062,81.47000122070312,82.58000183105469,6857500
2023-06-02,76.23957824707031,84.3499984741211,84.68000030517578,82.94000244140625,82.94000244140625,6218500
2023-06-05,75.68822479248047,83.73999786376953,84.7300033569336,83.22000122070312,84.4000015258789,6631900
2023-06-06,77.6043930053711,85.86000061035156,86.2300033569336,83.2699966430664,83.5999984741211,6903900
2023-06-07,78.18285369873047,86.5,87.01000213623047,85.77999877929688,86.05000305175781,7410800
2023-06-08,78.0111083984375,86.30999755859375,86.91000366210938,85.18000030517578,86.4000015258789,6795900
2023-06-09,77.92073059082031,86.20999908447266,86.95999908447266,85.66000366210938,86.73999786376953,6282600
2023-06-12,79.03245544433594,87.44000244140625,87.63999938964844,86.01000213623047,86.19999694824219,7053500
2023-06-13,79.79169464111328,88.27999877929688,88.9800033569336,87.58999633789062,87.83999633789062,6089200
2023-06-14,79.52054595947266,87.9800033569336,89.48999786376953,87.63999938964844,88.5999984741211,5772500
2023-06-15,80.48765563964844,89.05000305175781,89.33000183105469,87.4000015258789,87.62999725341797,8603200
2023-06-16,79.61996459960938,88.08999633789062,89.6500015258789,87.94000244140625,89.62000274658203,13153100
2023-06-20,78.3907241821289,86.7300033569336,87.20999908447266,86.25,87.0999984741211,7382000
2023-06-21,78.03821563720703,86.33999633789062,87.27999877929688,86.30000305175781,86.55999755859375,6343100
2023-06-22,76.3751449584961,84.5,85.62999725341797,84.36000061035156,85.5199966430664,6214600
2023-06-23,75.54360961914062,83.58000183105469,83.91999816894531,82.5999984741211,83.26000213623047,10026600
2023-06-26,75.55265045166016,83.58999633789062,84.23999786376953,83.25,83.55999755859375,6377400
2023-06-27,76.31187438964844,84.43000030517578,84.87000274658203,83.37999725341797,83.91000366210938,6639900
2023-06-28,75.91417694091797,83.98999786376953,84.55999755859375,83.63999938964844,84.54000091552734,4781600
2023-06-29,77.04399108886719,85.23999786376953,86.05999755859375,84.62999725341797,85.33999633789062,9066500
2023-06-30,77.18861389160156,85.4000015258789,86.48999786376953,85.4000015258789,86.0199966430664,6191700
2023-07-03,78.10150909423828,86.41000366210938,87.66000366210938,85.83999633789062,86.33999633789062,5839300
2023-07-05,77.65861511230469,85.91999816894531,86.27999877929688,85.3499984741211,85.94999694824219,6734300
2023-07-06,75.31764221191406,83.33000183105469,84.91999816894531,83.0199966430664,84.8499984741211,8546800
2023-07-07,75.34475708007812,83.36000061035156,84.04000091552734,82.9000015258789,83.01000213623047,8217700
2023-07-10,75.38092041015625,83.4000015258789,84.38999938964844,83.18000030517578,83.41999816894531,6141200
2023-07-11,76.7909164428711,84.95999908447266,85.43000030517578,83.62000274658203,83.9000015258789,11053100
2023-07-12,77.52304077148438,85.7699966430664,87.70999908447266,85.5999984741211,86.68000030517578,8602300
2023-07-13,77.92073059082031,86.20999908447266,86.63999938964844,85.73999786376953,86.2300033569336,6026500
2023-07-14,77.5320816040039,85.77999877929688,87.41999816894531,85.55999755859375,87.41000366210938,7732700
2023-07-17,78.06534576416016,86.37000274658203,86.9000015258789,85.68000030517578,85.68000030517578,7911800
2023-07-18,83.09977722167969,91.94000244140625,92.55999755859375,87.0999984741211,87.54000091552734,21630800
2023-07-19,84.20246887207031,93.16000366210938,93.86000061035156,91.33000183105469,91.43000030517578,12004300
2023-07-20,84.78094482421875,93.80000305175781,94.13999938964844,92.86000061035156,93.11000061035156,9541800
2023-07-21,84.97074127197266,94.01000213623047,94.4000015258789,93.05999755859375,94.2699966430664,6298600
2023-07-24,85.5672836303711,94.66999816894531,95.4000015258789,93.69999694824219,94.01000213623047,7259800
2023-07-25,85.34132385253906,94.41999816894531,95.56999969482422,94.41000366210938,94.69999694824219,7760100
2023-07-26,84.54593658447266,93.54000091552734,95.1500015258789,93.29000091552734,94.4000015258789,7201100
2023-07-27,83.8319091796875,92.75,94.70999908447266,92.55000305175781,93.6500015258789,8427800
2023-07-28,83.53087615966797,91.56999969482422,92.5999984741211,91.08999633789062,92.45999908447266,5798400
2023-07-31,83.5217514038086,91.55999755859375,92.19999694824219,91.04000091552734,91.9000015258789,5242900
2023-08-01,82.9561767578125,90.94000244140625,91.43000030517578,90.62999725341797,91.19999694824219,4468500
2023-08-02,81.47840118408203,89.31999969482422,90.13999938964844,88.79000091552734,89.5199966430664,6407400
2023-08-03,81.31420135498047,89.13999938964844,89.5199966430664,88.51000213623047,88.83999633789062,5137700
2023-08-04,80.99492645263672,88.79000091552734,90.05000305175781,88.5199966430664,89.3499984741211,6191700
2023-08-07,81.25946807861328,89.08000183105469,89.70999908447266,88.9800033569336,89.44999694824219,4663300
2023-08-08,80.70303344726562,88.47000122070312,88.5199966430664,86.26000213623047,87.8499984741211,6921200
2023-08-09,79.87290954589844,87.55999755859375,89.01000213623047,87.47000122070312,88.47000122070312,5200500
2023-08-10,79.94589233398438,87.63999938964844,88.93000030517578,87.31999969482422,87.91000366210938,4250100
2023-08-11,80.0006103515625,87.69999694824219,88.19999694824219,87.0199966430664,87.05999755859375,3922300
2023-08-14,79.66309356689453,87.33000183105469,87.4000015258789,86.5199966430664,86.95999908447266,3637500
2023-08-15,78.59584045410156,86.16000366210938,86.47000122070312,85.72000122070312,86.41000366210938,9308700
2023-08-16,78.44074249267578,85.98999786376953,86.79000091552734,85.58999633789062,85.73999786376953,5746300
2023-08-17,78.25830078125,85.79000091552734,86.9000015258789,85.19999694824219,86.5999984741211,7611200
2023-08-18,77.43732452392578,84.88999938964844,86.30000305175781,84.70999908447266,84.95999908447266,6650000
2023-08-21,76.85350799560547,84.25,85.30999755859375,83.66000366210938,85.0199966430664,5385300
2023-08-22,75.69499969482422,82.9800033569336,84.7699966430664,82.83999633789062,84.70999908447266,6002300
2023-08-23,76.06901550292969,83.38999938964844,83.72000122070312,82.87999725341797,83.0,5878600
2023-08-24,76.1146240234375,83.44000244140625,84.75,83.0999984741211,83.16999816894531,5023000
2023-08-25,75.9139404296875,83.22000122070312,84.1500015258789,82.73999786376953,83.69000244140625,5461400
2023-08-28,76.97209930419922,84.37999725341797,84.87000274658203,83.7699966430664,83.80000305175781,6439700
2023-08-29,78.03937530517578,85.55000305175781,85.58999633789062,84.31999969482422,84.41000366210938,6212300
2023-08-30,77.77483367919922,85.26000213623047,86.0,85.02999877929688,85.62000274658203,5051800
2023-08-31,77.67448425292969,85.1500015258789,85.66999816894531,84.76000213623047,85.66999816894531,5581200
2023-09-01,78.22180938720703,85.75,86.44999694824219,85.29000091552734,86.0,4981800
2023-09-05,77.39171600341797,84.83999633789062,86.2699966430664,84.80999755859375,85.83999633789062,4919400
2023-09-06,76.77140045166016,84.16000366210938,84.75,83.3499984741211,84.27999877929688,5384000
2023-09-07,76.47949981689453,83.83999633789062,84.87000274658203,83.77999877929688,83.98999786376953,5504200
2023-09-08,77.46468353271484,84.91999816894531,84.94999694824219,83.66000366210938,84.1500015258789,6127600
2023-09-11,76.17847442626953,83.51000213623047,85.66999816894531,83.3499984741211,85.37999725341797,7780900
2023-09-12,78.03937530517578,85.55000305175781,86.52999877929688,83.2300033569336,83.33999633789062,8942600
2023-09-13,79.59011840820312,87.25,87.80000305175781,86.1500015258789,86.1500015258789,10617400
2023-09-14,81.2503433227539,89.06999969482422,89.11000061035156,87.91999816894531,88.08000183105469,8109600
2023-09-15,80.64830017089844,88.41000366210938,88.7300033569336,87.94000244140625,88.19000244140625,17629500
2023-09-18,80.92194366455078,88.70999908447266,89.05000305175781,87.55000305175781,88.56999969482422,5501900
2023-09-19,80.73951721191406,88.51000213623047,89.47000122070312,87.94000244140625,88.77999877929688,5769000
2023-09-20,79.48978424072266,87.13999938964844,89.1500015258789,87.05999755859375,88.83000183105469,5268200
2023-09-21,77.4281997680664,84.87999725341797,86.51000213623047,84.83000183105469,86.33999633789062,6933900
2023-09-22,75.97779846191406,83.29000091552734,85.2300033569336,83.01000213623047,85.2300033569336,7420600
2023-09-25,75.74061584472656,83.02999877929688,83.27999877929688,82.30000305175781,82.62999725341797,4748800
2023-09-26,74.95610809326172,82.16999816894531,82.7699966430664,81.72000122070312,82.08000183105469,5557000
2023-09-27,74.48178100585938,81.6500015258789,82.61000061035156,81.08999633789062,82.41000366210938,5708200
2023-09-28,74.97434997558594,82.19000244140625,82.55000305175781,81.44999694824219,81.4800033569336,5665400
2023-09-29,74.50001525878906,81.66999816894531,83.08999633789062,81.02999877929688,83.01000213623047,6830500
2023-10-02,73.35062408447266,80.41000366210938,81.47000122070312,79.9000015258789,81.0999984741211,6722200
2023-10-03,71.17044067382812,78.0199966430664,79.83999633789062,77.83000183105469,79.58000183105469,7526800
2023-10-04,72.1465072631836,79.08999633789062,79.29000091552734,77.61000061035156,78.0999984741211,6848700
2023-10-05,72.20124053955078,79.1500015258789,79.54000091552734,78.0199966430664,78.4800033569336,5589300
2023-10-06,73.27766418457031,80.33000183105469,80.79000091552734,78.4000015258789,78.72000122070312,6306400
2023-10-09,72.89452362060547,79.91000366210938,80.08000183105469,78.93000030517578,79.5999984741211,5125000
2023-10-10,73.09521484375,80.12999725341797,81.11000061035156,80.0199966430664,80.25,6245400
2023-10-11,71.97319030761719,78.9000015258789,80.20999908447266,78.70999908447266,79.91000366210938,8928700
2023-10-12,70.97886657714844,77.80999755859375,78.87000274658203,77.29000091552734,78.87000274658203,11654600
2023-10-13,70.96063995361328,77.79000091552734,79.2300033569336,77.33999633789062,78.19999694824219,6442800
2023-10-16,71.81812286376953,78.7300033569336,79.18000030517578,77.87000274658203,78.79000091552734,7901500
2023-10-17,73.27766418457031,80.33000183105469,80.62999725341797,77.9800033569336,77.98999786376953,12324800
2023-10-18,68.30611419677734,74.87999725341797,77.06999969482422,73.4000015258789,76.43000030517578,34732300
2023-10-19,66.51818084716797,72.91999816894531,76.45999908447266,72.88999938964844,74.87000274658203,17486100
2023-10-20,66.70974731445312,73.12999725341797,74.0,72.3499984741211,73.12000274658203,11270600
2023-10-23,65.40530395507812,71.69999694824219,72.87000274658203,71.23999786376953,72.7300033569336,12847100
2023-10-24,65.277587890625,71.55999755859375,72.0999984741211,71.08000183105469,71.75,9265500
2023-10-25,65.13162994384766,71.4000015258789,71.9000015258789,71.12999725341797,71.25,8461700
2023-10-26,65.74280548095703,72.06999969482422,72.69000244140625,71.4000015258789,71.47000122070312,10903200
2023-10-27,64.21942901611328,70.4000015258789,72.01000213623047,70.19000244140625,71.91000366210938,11099100
2023-10-30,65.1797103881836,70.58999633789062,70.88999938964844,69.41999816894531,70.05000305175781,9769600
2023-10-31,65.39208221435547,70.81999969482422,71.0199966430664,70.2699966430664,70.7699966430664,8949000
2023-11-01,65.51211547851562,70.94999694824219,71.91000366210938,70.69999694824219,71.16999816894531,9429000
2023-11-02,67.8297348022461,73.45999908447266,73.52999877929688,71.6500015258789,71.68000030517578,11638000
2023-11-03,70.41514587402344,76.26000213623047,76.68000030517578,74.54000091552734,74.58999633789062,14951100
2023-11-06,70.10121154785156,75.91999816894531,76.76000213623047,75.36000061035156,76.68000030517578,8140300
2023-11-07,69.7226333618164,75.51000213623047,76.16999816894531,74.93000030517578,75.86000061035156,7657700
2023-11-08,70.14739227294922,75.97000122070312,76.19000244140625,75.05999755859375,75.44999694824219,8075200
2023-11-09,68.5038070678711,74.19000244140625,76.06999969482422,73.95999908447266,75.68000030517578,9497200
2023-11-10,69.55643463134766,75.33000183105469,75.38999938964844,74.05000305175781,74.66000366210938,8924000
2023-11-13,69.28865814208984,75.04000091552734,75.5199966430664,74.55000305175781,74.75,4868400
2023-11-14,72.30801391601562,78.30999755859375,78.95999908447266,76.66999816894531,76.68000030517578,12287700
2023-11-15,73.57302856445312,79.68000030517578,80.04000091552734,78.5,78.56999969482422,9841600
2023-11-16,73.55455780029297,79.66000366210938,80.27999877929688,79.04000091552734,79.9800033569336,6757600
2023-11-17,74.12703704833984,80.27999877929688,80.44000244140625,79.94000244140625,80.33000183105469,6080700
2023-11-20,73.59148406982422,79.69999694824219,80.19999694824219,79.33999633789062,80.02999877929688,7644600
2023-11-21,72.45575714111328,78.47000122070312,79.33999633789062,78.22000122070312,79.06999969482422,7394800
2023-11-22,72.47423553466797,78.48999786376953,78.87000274658203,78.20999908447266,78.79000091552734,4265400
2023-11-24,72.62197875976562,78.6500015258789,78.91000366210938,78.05000305175781,78.26000213623047,2398000
2023-11-27,71.97561645507812,77.94999694824219,78.3499984741211,77.58999633789062,78.2699966430664,5237800
2023-11-28,70.98762512207031,76.87999725341797,77.44999694824219,76.33000183105469,77.36000061035156,9197900
2023-11-29,72.52963256835938,78.55000305175781,79.52999877929688,77.33999633789062,77.4800033569336,7420700
2023-11-30,73.25907897949219,79.33999633789062,79.4800033569336,78.20999908447266,78.7699966430664,8480500
2023-12-01,74.69029998779297,80.88999938964844,80.9800033569336,78.73999786376953,79.08000183105469,9617100
2023-12-04,74.98576354980469,81.20999908447266,81.4800033569336,80.05999755859375,80.1500015258789,6713800
2023-12-05,74.02547454833984,80.16999816894531,80.83999633789062,79.58999633789062,80.68000030517578,6103200
2023-12-06,73.32372283935547,79.41000366210938,81.76000213623047,79.33000183105469,80.77999877929688,7321800
2023-12-07,74.19166564941406,80.3499984741211,80.56999969482422,79.62000274658203,79.76000213623047,5430400
2023-12-08,75.97374725341797,82.27999877929688,82.66000366210938,80.1500015258789,80.27999877929688,10343400
2023-12-11,76.47236633300781,82.81999969482422,82.83999633789062,81.95999908447266,82.37000274658203,6378100
2023-12-12,77.19257354736328,83.5999984741211,83.66000366210938,82.56999969482422,82.94000244140625,7395300
2023-12-13,79.0669937133789,85.62999725341797,86.11000061035156,83.30000305175781,83.47000122070312,10144600
2023-12-14,84.0623550415039,91.04000091552734,92.0,87.20999908447266,87.2300033569336,19849500
2023-12-15,84.56096649169922,91.58000183105469,91.83999633789062,90.26000213623047,91.0,16905700
2023-12-18,83.80381774902344,90.76000213623047,91.66999816894531,90.61000061035156,91.66000366210938,9145500
2023-12-19,84.8749008178711,91.91999816894531,92.36000061035156,90.69999694824219,90.91999816894531,8114900
2023-12-20,84.15469360351562,91.13999938964844,92.30999755859375,90.93000030517578,91.45999908447266,10467000
2023-12-21,85.53047943115234,92.62999725341797,92.66000366210938,91.63999938964844,92.13999938964844,7748000
2023-12-22,85.3273696899414,92.41000366210938,93.66000366210938,92.2300033569336,92.9000015258789,5800800
2023-12-26,85.7243881225586,92.83999633789062,93.0199966430664,92.37000274658203,92.61000061035156,2726200
2023-12-27,86.48155212402344,93.66000366210938,93.69000244140625,92.4000015258789,92.69000244140625,4073200
2023-12-28,86.46308898925781,93.63999938964844,93.94999694824219,93.23999786376953,93.30999755859375,4089500
2023-12-29,86.10298156738281,93.25,93.7699966430664,93.05999755859375,93.48999786376953,4772100
2024-01-02,86.7031478881836,93.9000015258789,94.1500015258789,92.2699966430664,92.66000366210938,6132200
2024-01-03,84.86567687988281,91.91000366210938,93.19999694824219,91.2699966430664,93.19999694824219,7487900
2024-01-04,85.08727264404297,92.1500015258789,93.13999938964844,91.66000366210938,92.1500015258789,8735600
2024-01-05,86.09373474121094,93.23999786376953,93.93000030517578,92.05999755859375,92.20999908447266,6027800
2024-01-08,86.34304809570312,93.51000213623047,93.83000183105469,92.27999877929688,93.20999908447266,6738400
2024-01-09,85.0041732788086,92.05999755859375,92.83999633789062,91.66000366210938,92.75,7594100
2024-01-10,84.46863555908203,91.4800033569336,91.97000122070312,91.29000091552734,91.52999877929688,6929200
2024-01-11,83.57299041748047,90.51000213623047,90.94999694824219,89.54000091552734,90.94999694824219,9400700
2024-01-12,82.8250503540039,89.69999694824219,91.9000015258789,89.43000030517578,91.27999877929688,8303100
2024-01-16,79.38093566894531,85.97000122070312,88.16000366210938,84.80000305175781,86.73999786376953,20369000
2024-01-17,77.94049835205078,84.41000366210938,85.13999938964844,83.9000015258789,84.8499984741211,17198500
2024-01-18,77.46958923339844,83.9000015258789,84.9800033569336,83.27999877929688,84.83000183105469,15016400
2024-01-19,78.79922485351562,85.33999633789062,85.58999633789062,83.19999694824219,83.91000366210938,14787400
2024-01-22,79.15933990478516,85.7300033569336,86.7699966430664,85.44000244140625,85.45999908447266,11626500
2024-01-23,80.09190368652344,86.73999786376953,86.8499984741211,85.19000244140625,85.66999816894531,8555700
2024-01-24,80.8582992553711,87.56999969482422,88.30000305175781,87.19999694824219,87.31999969482422,12480900
2024-01-25,81.2738265991211,88.0199966430664,88.41999816894531,87.33000183105469,88.13999938964844,8792400
2024-01-26,81.00604248046875,87.7300033569336,88.5,87.6500015258789,87.87999725341797,6384400
2024-01-29,80.90447235107422,87.62000274658203,87.94999694824219,85.72000122070312,87.4000015258789,7440300
2024-01-30,81.69700622558594,87.62000274658203,88.06999969482422,86.7699966430664,86.9800033569336,6569300
2024-01-31,81.34269714355469,87.23999786376953,88.75,87.2300033569336,87.70999908447266,8414700
2024-02-01,80.95109558105469,86.81999969482422,88.16999816894531,85.63999938964844,87.19000244140625,8365000
2024-02-02,81.37065887451172,87.2699966430664,87.66999816894531,86.0,86.47000122070312,7728600
2024-02-05,80.08395385742188,85.88999938964844,86.58000183105469,85.08999633789062,86.58000183105469,7788700
2024-02-06,80.27975463867188,86.0999984741211,86.55000305175781,85.62000274658203,85.62000274658203,7335500
2024-02-07,80.1865234375,86.0,86.38999938964844,85.2699966430664,86.26000213623047,4952200
2024-02-08,79.86017608642578,85.6500015258789,86.2300033569336,85.16000366210938,85.68000030517578,6218200
2024-02-09,80.08395385742188,85.88999938964844,86.02999877929688,85.31999969482422,85.69000244140625,5664500
2024-02-12,80.99771118164062,86.87000274658203,87.63999938964844,85.63999938964844,85.86000061035156,7888000
2024-02-13,78.29373931884766,83.97000122070312,85.86000061035156,83.08999633789062,85.86000061035156,11339400
2024-02-14,78.32171630859375,84.0,84.95999908447266,83.69000244140625,84.54000091552734,5973700
2024-02-15,79.87884521484375,85.66999816894531,86.2300033569336,84.41000366210938,84.44999694824219,7993500
2024-02-16,80.65272521972656,86.5,86.79000091552734,85.06999969482422,85.5199966430664,9673900
2024-02-20,79.58045959472656,85.3499984741211,86.48999786376953,85.0999984741211,85.94000244140625,6626400
2024-02-21,79.68302154541016,85.45999908447266,85.4800033569336,84.52999877929688,85.01000213623047,6444000
2024-02-22,80.0466537475586,85.8499984741211,86.73999786376953,85.5999984741211,85.94999694824219,6782100
2024-02-23,80.69935607910156,86.55000305175781,87.25,85.95999908447266,86.06999969482422,5810100
2024-02-26,79.87884521484375,85.66999816894531,87.33999633789062,85.55999755859375,86.5,5608100
2024-02-27,79.71099853515625,85.48999786376953,86.44999694824219,85.12000274658203,85.97000122070312,8066700
2024-02-28,80.23313903808594,86.05000305175781,86.08999633789062,85.27999877929688,85.43000030517578,5624100
2024-02-29,80.22383117675781,86.04000091552734,86.63999938964844,85.3499984741211,86.48999786376953,7657100
2024-03-01,80.63407897949219,86.4800033569336,86.79000091552734,85.11000061035156,86.22000122070312,5523700
2024-03-04,83.95343017578125,90.04000091552734,91.23999786376953,87.55000305175781,87.87999725341797,19876000
2024-03-05,83.10494232177734,89.12999725341797,91.13999938964844,88.62000274658203,89.19000244140625,13883600
2024-03-06,79.8695068359375,85.66000366210938,87.94999694824219,84.43000030517578,86.7699966430664,25614600
2024-03-07,80.31706237792969,86.13999938964844,87.12000274658203,85.63999938964844,86.08000183105469,9145700
2024-03-08,81.15621948242188,87.04000091552734,88.31999969482422,86.41999816894531,86.62000274658203,9689300
2024-03-11,81.06298065185547,86.94000244140625,87.25,85.83999633789062,86.81999969482422,4737200
2024-03-12,81.1655502319336,87.05000305175781,87.76000213623047,86.5999984741211,87.23999786376953,5110900
2024-03-13,83.31005859375,89.3499984741211,90.23999786376953,87.25,87.44999694824219,10345800
2024-03-14,83.07695770263672,89.0999984741211,89.4000015258789,88.26000213623047,89.0,9235300
2024-03-15,82.40562438964844,88.37999725341797,89.3499984741211,88.16999816894531,88.4800033569336,20363000
2024-03-18,82.01402282714844,87.95999908447266,88.69999694824219,87.69999694824219,88.36000061035156,5960000
2024-03-19,82.44293975830078,88.41999816894531,89.08999633789062,87.86000061035156,88.0,8546400
2024-03-20,85.17488098144531,91.3499984741211,91.4800033569336,87.91000366210938,88.05000305175781,10811700
2024-03-21,87.08629608154297,93.4000015258789,94.36000061035156,91.95999908447266,91.95999908447266,13659900
2024-03-22,85.73431396484375,91.94999694824219,93.86000061035156,91.73999786376953,93.5199966430664,5909300
2024-03-25,84.97906494140625,91.13999938964844,92.55000305175781,90.98999786376953,91.7699966430664,3670400
2024-03-26,85.10960388183594,91.27999877929688,91.91000366210938,90.94000244140625,91.41999816894531,4211900
2024-03-27,87.17952728271484,93.5,93.54000091552734,91.91000366210938,92.02999877929688,6394500
2024-03-28,87.79492950439453,94.16000366210938,94.7300033569336,93.44999694824219,93.75,6707700
2024-04-01,87.20751953125,93.52999877929688,94.44000244140625,93.16999816894531,94.16000366210938,3416000
2024-04-02,86.44293975830078,92.70999908447266,93.7699966430664,92.54000091552734,92.9000015258789,5245400
2024-04-03,86.71332550048828,93.0,94.30000305175781,92.75,92.94999694824219,4821100
2024-04-04,86.04199981689453,92.27999877929688,94.73999786376953,91.86000061035156,94.19999694824219,5466100
2024-04-05,86.21916198730469,92.47000122070312,93.29000091552734,91.61000061035156,92.25,4654800
2024-04-08,86.90913391113281,93.20999908447266,93.4000015258789,92.19999694824219,93.0,4601900
2024-04-09,87.72032928466797,94.08000183105469,94.13999938964844,92.83000183105469,93.61000061035156,4951600
2024-04-10,85.45459747314453,91.6500015258789,92.88999938964844,91.18000030517578,92.2699966430664,5994200
2024-04-11,80.96973419189453,86.83999633789062,91.80000305175781,85.01000213623047,91.72000122070312,24631800
2024-04-12,80.36368560791016,86.19000244140625,86.80999755859375,85.12000274658203,85.80000305175781,12789800
2024-04-15,81.10960388183594,86.98999786376953,89.12999725341797,85.48999786376953,87.80000305175781,9553900
2024-04-16,83.1142578125,89.13999938964844,91.0999984741211,88.0,90.70999908447266,18291600
2024-04-17,83.99073028564453,90.08000183105469,91.44000244140625,89.66999816894531,90.12999725341797,9544600
2024-04-18,84.1585464477539,90.26000213623047,91.11000061035156,89.73999786376953,90.66000366210938,6752000
2024-04-19,84.53152465820312,90.66000366210938,91.62000274658203,90.36000061035156,90.36000061035156,8143000
2024-04-22,85.8648452758789,92.08999633789062,92.66000366210938,90.70999908447266,91.11000061035156,7294400
2024-04-23,87.42195129394531,93.76000213623047,94.05000305175781,92.16000366210938,92.16000366210938,6393900
2024-04-24,87.50587463378906,93.8499984741211,94.06999969482422,93.02999877929688,93.11000061035156,5100900
2024-04-25,86.3030776977539,92.55999755859375,93.6500015258789,91.6500015258789,93.0,6770600
2024-04-26,86.5548324584961,92.83000183105469,93.30999755859375,92.4000015258789,92.5,4606100
2024-04-29,86.67716979980469,92.11000061035156,92.80999755859375,91.33000183105469,91.33000183105469,4416100
2024-04-30,85.48206329345703,90.83999633789062,91.83000183105469,90.55000305175781,91.5999984741211,5860000
2024-05-01,86.14078521728516,91.54000091552734,92.4800033569336,90.7300033569336,91.27999877929688,4713600
2024-05-02,87.18531036376953,92.6500015258789,92.91999816894531,91.5999984741211,92.54000091552734,4449200
2024-05-03,88.1169204711914,93.63999938964844,94.41999816894531,93.27999877929688,93.33999633789062,5043500
2024-05-06,89.19908905029297,94.79000091552734,94.91000366210938,93.69999694824219,94.55999755859375,5105100
2024-05-07,90.14010620117188,95.79000091552734,95.93000030517578,94.70999908447266,94.91999816894531,7418000
2024-05-08,89.99895477294922,95.63999938964844,96.05000305175781,95.0999984741211,95.43000030517578,4662600
2024-05-09,92.32327270507812,98.11000061035156,98.26000213623047,95.58999633789062,95.58999633789062,6766700
2024-05-10,92.48323822021484,98.27999877929688,98.98999786376953,97.62999725341797,98.73999786376953,6118400
2024-05-13,92.74671936035156,98.55999755859375,98.97000122070312,98.41999816894531,98.75,5379000
2024-05-14,93.51835632324219,99.37999725341797,100.18000030517578,98.7699966430664,99.0,6216600
2024-05-15,94.59112548828125,100.5199966430664,100.9800033569336,99.98999786376953,100.04000091552734,6938500
2024-05-16,93.7065658569336,99.58000183105469,100.41000366210938,99.44999694824219,100.1500015258789,4339300
2024-05-17,94.30882263183594,100.22000122070312,100.30000305175781,99.30000305175781,99.9000015258789,4690800
2024-05-20,94.4123306274414,100.33000183105469,100.88999938964844,99.37999725341797,100.05000305175781,5690200
2024-05-21,95.54154205322266,101.52999877929688,103.25,100.1500015258789,100.30999755859375,8337100
2024-05-22,94.79814147949219,100.73999786376953,102.5199966430664,100.16999816894531,101.27999877929688,5194300
2024-05-23,93.08547973632812,98.91999816894531,100.55999755859375,98.4800033569336,100.37999725341797,5594500
2024-05-24,93.13253784179688,98.97000122070312,99.91000366210938,98.80999755859375,99.44999694824219,3550500
2024-05-28,92.85023498535156,98.66999816894531,99.45999908447266,98.4000015258789,98.43000030517578,5541600
2024-05-29,91.53280639648438,97.2699966430664,97.69999694824219,96.47000122070312,97.37000274658203,4679600
2024-05-30,91.49517822265625,97.2300033569336,97.80999755859375,96.58999633789062,97.69000244140625,4548800
2024-05-31,92.06918334960938,97.83999633789062,97.95999908447266,96.4000015258789,97.33000183105469,7155500
2024-06-03,91.66454315185547,97.41000366210938,98.16000366210938,96.52999877929688,98.16000366210938,5671200
2024-06-04,90.88350677490234,96.58000183105469,97.55000305175781,95.66999816894531,96.25,5409600
2024-06-05,90.95878601074219,96.66000366210938,97.61000061035156,96.5,96.83999633789062,4499700
2024-06-06,91.13758850097656,96.8499984741211,97.44999694824219,96.26000213623047,96.4800033569336,4741200
2024-06-07,91.41047668457031,97.13999938964844,97.68000030517578,95.93000030517578,96.12000274658203,4018400
2024-06-10,90.70471954345703,96.38999938964844,96.83000183105469,95.41000366210938,96.62000274658203,4566000
2024-06-11,89.80134582519531,95.43000030517578,96.45999908447266,94.7300033569336,96.45999908447266,5330000
2024-06-12,90.00835418701172,95.6500015258789,97.88999938964844,95.5999984741211,97.31999969482422,5435700
2024-06-13,89.59430694580078,95.20999908447266,95.55000305175781,94.61000061035156,95.5,3955900
2024-06-14,89.8672103881836,95.5,95.5199966430664,93.98999786376953,94.38999938964844,3406600
2024-06-17,91.31636810302734,97.04000091552734,97.19000244140625,94.68000030517578,95.01000213623047,4874100
2024-06-18,91.81511688232422,97.56999969482422,97.69000244140625,96.80999755859375,97.0199966430664,4558400
2024-06-20,91.69278717041016,97.44000244140625,98.02999877929688,97.11000061035156,97.63999938964844,3956800
2024-06-21,90.48828887939453,96.16000366210938,97.36000061035156,95.88999938964844,97.31999969482422,10785300
2024-06-24,91.37284088134766,97.0999984741211,97.66000366210938,96.18000030517578,96.7300033569336,8418200
2024-06-25,92.03156280517578,97.80000305175781,98.33999633789062,96.68000030517578,96.79000091552734,7439700
2024-06-26,91.17522430419922,96.88999938964844,97.68000030517578,96.08000183105469,97.37999725341797,6514200
2024-06-27,90.12127685546875,95.7699966430664,96.33999633789062,95.16999816894531,96.08000183105469,5437800
2024-06-28,91.45753479003906,97.19000244140625,97.31999969482422,96.16000366210938,96.73999786376953,9058800
