Date,Adj Close,Close,High,Low,Open,Volume
2019-01-02,38.039031982421875,46.939998626708984,46.95000076293945,45.40999984741211,45.529998779296875,20295200
2019-01-03,37.73918914794922,46.56999969482422,47.349998474121094,46.369998931884766,46.650001525878906,22262000
2019-01-04,38.857521057128906,47.95000076293945,48.11000061035156,47.20000076293945,47.41999816894531,23343600
2019-01-07,38.60630416870117,47.63999938964844,48.22999954223633,47.540000915527344,47.779998779296875,21858000
2019-01-08,38.52525329589844,47.540000915527344,48.15999984741211,46.91999816894531,47.900001525878906,19702900
2019-01-09,38.73596954345703,47.79999923706055,47.97999954223633,47.08000183105469,47.5099983215332,18837700
2019-01-10,38.6954345703125,47.75,48.04999923706055,47.310001373291016,47.5,16208400
2019-01-11,38.792686462402344,47.869998931884766,48.09000015258789,47.18000030517578,47.5,20006900
2019-01-14,39.238380432128906,48.41999816894531,48.4900016784668,47.400001525878906,47.5099983215332,23827600
2019-01-15,38.6306037902832,47.66999816894531,48.25,47.0099983215332,47.599998474121094,27447600
2019-01-16,39.65978240966797,48.939998626708984,49.34000015258789,47.9900016784668,48.150001525878906,32026400
2019-01-17,39.89479064941406,49.22999954223633,49.36000061035156,48.400001525878906,48.63999938964844,25738800
2019-01-18,40.526878356933594,50.0099983215332,50.15999984741211,48.86000061035156,49.099998474121094,36380300
2019-01-22,40.405330657958984,49.86000061035156,50.099998474121094,49.630001068115234,49.77000045776367,33975200
2019-01-23,40.61602020263672,50.119998931884766,50.31999969482422,49.5,50.0,16806700
2019-01-24,40.502567291259766,49.97999954223633,50.34000015258789,49.650001525878906,49.790000915527344,17862100
2019-01-25,40.62413024902344,50.130001068115234,50.540000915527344,49.959999084472656,50.400001525878906,20183400
2019-01-28,40.37290954589844,49.81999969482422,49.900001525878906,49.20000076293945,49.77000045776367,19913100
2019-01-29,40.39722442626953,49.849998474121094,50.11000061035156,49.720001220703125,49.779998779296875,11927600
2019-01-30,40.591705322265625,50.09000015258789,50.349998474121094,49.59000015258789,49.84000015258789,16885100
2019-01-31,39.994781494140625,48.90999984741211,49.41999816894531,48.65999984741211,49.279998779296875,24934700
2019-02-01,39.994781494140625,48.90999984741211,49.08000183105469,48.790000915527344,49.0,21123500
2019-02-04,40.117435455322266,49.060001373291016,49.150001525878906,48.709999084472656,48.849998474121094,17547800
2019-02-05,40.28915023803711,49.27000045776367,49.31999969482422,48.75,49.27000045776367,14784900
2019-02-06,40.24827575683594,49.220001220703125,49.529998779296875,49.06999969482422,49.09000015258789,12145700
2019-02-07,39.31607437133789,48.08000183105469,49.29999923706055,47.709999084472656,49.09000015258789,24189700
2019-02-08,38.964447021484375,47.650001525878906,48.040000915527344,47.060001373291016,47.939998626708984,20641200
2019-02-11,38.964447021484375,47.650001525878906,47.959999084472656,47.380001068115234,47.869998931884766,15995900
2019-02-12,40.1092643737793,49.04999923706055,49.459999084472656,48.0099983215332,48.0099983215332,22033000
2019-02-13,40.08473205566406,49.02000045776367,49.709999084472656,48.88999938964844,49.2400016784668,13770900
2019-02-14,39.67586135864258,48.52000045776367,48.90999984741211,48.029998779296875,48.630001068115234,16456500
2019-02-15,40.24827575683594,49.220001220703125,49.41999816894531,48.4900016784668,49.09000015258789,19346200
2019-02-19,40.379112243652344,49.380001068115234,49.619998931884766,48.81999969482422,49.029998779296875,15121700
2019-02-20,40.73072052001953,49.810001373291016,49.880001068115234,49.29999923706055,49.43000030517578,16742600
2019-02-21,40.52629470825195,49.560001373291016,49.88999938964844,49.369998931884766,49.7599983215332,16938800
2019-02-22,40.08473205566406,49.02000045776367,49.75,48.95000076293945,49.599998474121094,15848200
2019-02-25,40.60806655883789,49.65999984741211,50.22999954223633,49.25,49.2599983215332,16564100
2019-02-26,40.55082702636719,49.59000015258789,50.13999938964844,49.34000015258789,49.4900016784668,16997800
2019-02-27,40.8043327331543,49.900001525878906,50.029998779296875,49.36000061035156,49.59000015258789,17455000
2019-02-28,40.796142578125,49.88999938964844,50.130001068115234,49.72999954223633,49.97999954223633,17786600
2019-03-01,40.910614013671875,50.029998779296875,50.84000015258789,49.869998931884766,50.22999954223633,19051400
2019-03-04,40.976043701171875,50.11000061035156,50.900001525878906,49.689998626708984,50.290000915527344,16697000
2019-03-05,40.796142578125,49.88999938964844,50.04999923706055,49.33000183105469,50.029998779296875,14235400
2019-03-06,40.7389030456543,49.81999969482422,50.220001220703125,49.68000030517578,49.970001220703125,14211000
2019-03-07,40.62440872192383,49.68000030517578,49.849998474121094,49.290000915527344,49.709999084472656,19047300
2019-03-08,40.72256088256836,49.79999923706055,49.900001525878906,49.16999816894531,49.2599983215332,17400000
2019-03-11,40.689842224121094,49.7599983215332,50.099998474121094,49.630001068115234,50.0,19471500
2019-03-12,40.59989547729492,49.650001525878906,50.04999923706055,49.540000915527344,49.779998779296875,18299300
2019-03-13,40.820682525634766,49.91999816894531,50.08000183105469,49.61000061035156,49.869998931884766,21647300
2019-03-14,41.17228317260742,50.349998474121094,50.790000915527344,49.93000030517578,50.06999969482422,20160700
2019-03-15,41.42579650878906,50.65999984741211,50.79999923706055,50.0,50.220001220703125,46117300
2019-03-18,42.300750732421875,51.72999954223633,52.06999969482422,50.83000183105469,50.84000015258789,23843300
2019-03-19,42.03908157348633,51.40999984741211,52.41999816894531,51.34000015258789,52.41999816894531,19911900
2019-03-20,41.213172912597656,50.400001525878906,51.56999969482422,50.33000183105469,51.189998626708984,20632400
2019-03-21,40.7716178894043,49.86000061035156,50.13999938964844,49.16999816894531,49.97999954223633,24132800
2019-03-22,39.504150390625,48.310001373291016,49.470001220703125,48.0,49.25,27975800
2019-03-25,39.31607437133789,48.08000183105469,48.88999938964844,47.849998474121094,48.41999816894531,17227600
2019-03-26,40.0765495300293,49.0099983215332,49.040000915527344,48.40999984741211,48.52000045776367,16989600
2019-03-27,39.88029479980469,48.77000045776367,49.189998626708984,48.45000076293945,48.939998626708984,16912000
2019-03-28,40.1419792175293,49.09000015258789,49.220001220703125,48.349998474121094,48.72999954223633,15881600
2019-03-29,39.5123291015625,48.31999969482422,49.79999923706055,47.79999923706055,49.79999923706055,53590800
2019-04-01,39.913002014160156,48.810001373291016,48.900001525878906,48.16999816894531,48.43000030517578,42015500
2019-04-02,39.42238235473633,48.209999084472656,48.880001068115234,47.959999084472656,48.56999969482422,35393600
2019-04-03,39.953895568847656,48.86000061035156,48.869998931884766,48.08000183105469,48.470001220703125,30366300
2019-04-04,40.2073860168457,49.16999816894531,49.68000030517578,48.880001068115234,48.95000076293945,19260100
2019-04-05,39.88848876953125,48.779998779296875,49.40999984741211,48.599998474121094,49.2599983215332,23734900
2019-04-08,39.970252990722656,48.880001068115234,49.099998474121094,48.58000183105469,48.63999938964844,18875200
2019-04-09,39.36513900756836,48.13999938964844,48.70000076293945,48.02000045776367,48.68000030517578,22903500
2019-04-10,39.07893371582031,47.790000915527344,48.189998626708984,47.400001525878906,48.08000183105469,30977800
2019-04-11,39.038047790527344,47.7400016784668,48.2599983215332,47.380001068115234,47.970001220703125,33662700
2019-04-12,38.01588821411133,46.4900016784668,48.81999969482422,46.060001373291016,47.75,70271400
2019-04-15,38.24485397338867,46.77000045776367,47.060001373291016,45.65999984741211,45.869998931884766,34954000
2019-04-16,38.964447021484375,47.650001525878906,47.869998931884766,46.869998931884766,46.880001068115234,25217100
2019-04-17,38.8826789855957,47.54999923706055,47.959999084472656,46.91999816894531,47.959999084472656,25144000
2019-04-18,38.90720748901367,47.58000183105469,47.869998931884766,47.119998931884766,47.439998626708984,22416800
2019-04-22,38.64554214477539,47.2599983215332,47.5,47.099998474121094,47.40999984741211,15972600
2019-04-23,38.7191276550293,47.349998474121094,47.439998626708984,46.95000076293945,47.20000076293945,16434300
2019-04-24,38.825443267822266,47.47999954223633,47.689998626708984,47.029998779296875,47.060001373291016,17831800
2019-04-25,38.849971771240234,47.5099983215332,47.959999084472656,46.90999984741211,47.16999816894531,23042800
2019-04-26,39.21793746948242,47.959999084472656,47.97999954223633,47.400001525878906,47.52000045776367,13035500
2019-04-29,39.471435546875,48.27000045776367,48.790000915527344,47.959999084472656,47.970001220703125,16918700
2019-04-30,39.58591842651367,48.40999984741211,48.560001373291016,48.11000061035156,48.349998474121094,18525100
2019-05-01,39.438716888427734,48.22999954223633,48.849998474121094,47.9900016784668,48.31999969482422,17542100
2019-05-02,39.49597930908203,48.29999923706055,48.4900016784668,47.849998474121094,48.349998474121094,16883000
2019-05-03,39.78217697143555,48.650001525878906,48.77000045776367,48.349998474121094,48.52000045776367,16571300
2019-05-06,39.60227584838867,48.43000030517578,48.72999954223633,47.880001068115234,47.9900016784668,19279900
2019-05-07,38.57194519042969,47.16999816894531,48.15999984741211,46.90999984741211,48.04999923706055,23919100
2019-05-08,38.43292236328125,47.0,47.310001373291016,46.810001373291016,47.060001373291016,19814400
2019-05-09,38.58979415893555,46.7400016784668,46.83000183105469,45.779998779296875,46.0,23246900
2019-05-10,38.92829513549805,47.150001525878906,47.369998931884766,46.11000061035156,46.40999984741211,19983400
2019-05-13,38.25129318237305,46.33000183105469,46.9900016784668,46.2599983215332,46.279998779296875,23304700
2019-05-14,38.38338851928711,46.4900016784668,46.93000030517578,45.97999954223633,46.380001068115234,21267600
2019-05-15,37.846736907958984,45.84000015258789,46.349998474121094,45.4900016784668,46.02000045776367,20123300
2019-05-16,37.89627456665039,45.900001525878906,46.529998779296875,45.7599983215332,45.9900016784668,20764100
2019-05-17,37.73115158081055,45.70000076293945,46.22999954223633,45.40999984741211,45.439998626708984,22273500
2019-05-20,37.52474594116211,45.45000076293945,45.90999984741211,45.29999923706055,45.619998931884766,18854000
2019-05-21,38.25129318237305,46.33000183105469,46.36000061035156,45.52000045776367,45.619998931884766,18416300
2019-05-22,38.061405181884766,46.099998474121094,46.310001373291016,45.959999084472656,46.06999969482422,13155000
2019-05-23,37.615570068359375,45.560001373291016,45.86000061035156,45.06999969482422,45.83000183105469,17643700
2019-05-24,38.11918640136719,46.16999816894531,46.349998474121094,45.59000015258789,45.7599983215332,13425500
2019-05-28,37.64032745361328,45.59000015258789,46.25,45.58000183105469,46.06999969482422,19984600
2019-05-29,37.54950714111328,45.47999954223633,45.68000030517578,45.130001068115234,45.38999938964844,16058800
2019-05-30,37.19449234008789,45.04999923706055,45.849998474121094,44.880001068115234,45.689998626708984,13775900
2019-05-31,36.633056640625,44.369998931884766,44.86000061035156,44.220001220703125,44.529998779296875,17540500
2019-06-03,36.75691223144531,44.52000045776367,45.11000061035156,44.20000076293945,44.2400016784668,20172500
2019-06-04,37.714630126953125,45.68000030517578,45.7599983215332,45.0099983215332,45.15999984741211,21082000
2019-06-05,37.86323928833008,45.86000061035156,45.900001525878906,45.29999923706055,45.869998931884766,13705400
2019-06-06,37.91279220581055,45.91999816894531,46.189998626708984,45.45000076293945,45.7400016784668,16020500
2019-06-07,37.67335510253906,45.630001068115234,46.15999984741211,45.54999923706055,45.900001525878906,14979900
2019-06-10,38.201759338378906,46.27000045776367,46.810001373291016,46.060001373291016,46.060001373291016,15242700
2019-06-11,38.19350051879883,46.2599983215332,46.459999084472656,45.77000045776367,45.84000015258789,15078300
2019-06-12,37.07890319824219,44.90999984741211,46.27000045776367,44.779998779296875,46.0099983215332,22470400
2019-06-13,37.39264678955078,45.290000915527344,45.630001068115234,44.91999816894531,45.099998474121094,15629400
2019-06-14,37.64032745361328,45.59000015258789,45.790000915527344,44.84000015258789,45.310001373291016,16147500
2019-06-17,37.376129150390625,45.27000045776367,46.02000045776367,45.13999938964844,45.58000183105469,13420400
2019-06-18,38.061405181884766,46.099998474121094,46.38999938964844,45.060001373291016,45.25,18611100
2019-06-19,37.689876556396484,45.650001525878906,46.75,45.630001068115234,46.47999954223633,17787600
2019-06-20,37.86323928833008,45.86000061035156,45.9900016784668,45.2400016784668,45.849998474121094,19205200
2019-06-21,38.713645935058594,46.88999938964844,46.88999938964844,45.790000915527344,45.84000015258789,39186200
2019-06-24,38.201759338378906,46.27000045776367,46.689998626708984,46.22999954223633,46.54999923706055,21854400
2019-06-25,38.094417572021484,46.13999938964844,46.529998779296875,45.43000030517578,46.130001068115234,20814000
2019-06-26,37.81371307373047,45.79999923706055,46.279998779296875,45.779998779296875,46.209999084472656,17106800
2019-06-27,38.2182731628418,46.290000915527344,46.529998779296875,46.11000061035156,46.220001220703125,13391600
2019-06-28,39.068668365478516,47.31999969482422,47.70000076293945,46.79999923706055,46.810001373291016,31030900
2019-07-01,39.3741455078125,47.689998626708984,48.119998931884766,47.400001525878906,47.880001068115234,15089100
2019-07-02,38.99435806274414,47.22999954223633,47.79999923706055,46.91999816894531,47.52000045776367,12107200
2019-07-03,39.34938049316406,47.65999984741211,47.790000915527344,46.97999954223633,47.29999923706055,10438400
2019-07-05,39.440189361572266,47.77000045776367,48.189998626708984,47.66999816894531,48.099998474121094,10801600
2019-07-08,39.2420539855957,47.529998779296875,47.9900016784668,47.310001373291016,47.400001525878906,13189300
2019-07-09,39.489742279052734,47.83000183105469,47.88999938964844,47.209999084472656,47.29999923706055,12595000
2019-07-10,38.92829513549805,47.150001525878906,47.810001373291016,47.040000915527344,47.66999816894531,12784900
2019-07-11,38.920040130615234,47.13999938964844,47.58000183105469,47.060001373291016,47.209999084472656,19751400
2019-07-12,39.101680755615234,47.36000061035156,47.41999816894531,46.91999816894531,47.119998931884766,12792600
2019-07-15,38.56502914428711,46.709999084472656,47.45000076293945,46.439998626708984,47.400001525878906,21338400
2019-07-16,37.4008903503418,45.29999923706055,46.970001220703125,45.220001220703125,46.720001220703125,37548300
2019-07-17,37.326595306396484,45.209999084472656,45.75,45.13999938964844,45.20000076293945,24502100
2019-07-18,37.8302116394043,45.81999969482422,46.02000045776367,45.189998626708984,45.220001220703125,19409100
2019-07-19,38.00361251831055,46.029998779296875,46.40999984741211,45.86000061035156,45.959999084472656,21847900
2019-07-22,38.37514114379883,46.47999954223633,46.54999923706055,45.77000045776367,45.88999938964844,17972100
2019-07-23,38.96958923339844,47.20000076293945,47.59000015258789,46.65999984741211,46.68000030517578,21150200
2019-07-24,40.001625061035156,48.45000076293945,48.470001220703125,47.279998779296875,47.29999923706055,29357200
2019-07-25,39.70439910888672,48.09000015258789,48.7400016784668,48.0099983215332,48.52000045776367,20562000
2019-07-26,40.70339584350586,49.29999923706055,49.310001373291016,48.06999969482422,48.150001525878906,21641500
2019-07-29,39.861270904541016,48.279998779296875,49.56999969482422,48.18000030517578,49.380001068115234,19148600
2019-07-30,40.08417892456055,48.54999923706055,48.59000015258789,47.88999938964844,48.0099983215332,14207000
2019-07-31,39.968597412109375,48.40999984741211,48.97999954223633,48.11000061035156,48.2599983215332,23422800
2019-08-01,38.854000091552734,47.060001373291016,48.63999938964844,46.95000076293945,48.40999984741211,22668600
2019-08-02,39.16774368286133,47.439998626708984,47.61000061035156,46.369998931884766,47.11000061035156,20159000
2019-08-05,38.094417572021484,46.13999938964844,46.79999923706055,45.849998474121094,46.5,27113500
2019-08-06,38.74666213989258,46.93000030517578,47.029998779296875,45.81999969482422,46.61000061035156,19446100
2019-08-07,37.82196807861328,45.810001373291016,46.150001525878906,45.22999954223633,46.06999969482422,27830000
2019-08-08,38.740379333496094,46.400001525878906,46.63999938964844,45.54999923706055,45.689998626708984,20671300
2019-08-09,38.6568717956543,46.29999923706055,46.65999984741211,45.75,46.02000045776367,19786100
2019-08-12,37.93050765991211,45.43000030517578,45.90999984741211,45.33000183105469,45.5099983215332,17364400
2019-08-13,38.373008728027344,45.959999084472656,46.41999816894531,45.2599983215332,45.61000061035156,16649100
2019-08-14,36.71152114868164,43.970001220703125,45.099998474121094,43.939998626708984,45.02000045776367,28786700
2019-08-15,36.21891784667969,43.380001068115234,44.5,43.34000015258789,44.29999923706055,27900000
2019-08-16,37.06218338012695,44.38999938964844,44.540000915527344,43.630001068115234,43.7400016784668,21196600
2019-08-19,37.78021240234375,45.25,45.470001220703125,44.93000030517578,45.130001068115234,15378100
2019-08-20,37.3043212890625,44.68000030517578,45.040000915527344,44.630001068115234,45.040000915527344,13345800
2019-08-21,37.57148361206055,45.0,45.279998779296875,44.810001373291016,44.959999084472656,13513700
2019-08-22,38.08914566040039,45.619998931884766,45.83000183105469,45.060001373291016,45.33000183105469,14703900
2019-08-23,37.08722686767578,44.41999816894531,45.650001525878906,44.09000015258789,45.20000076293945,21152500
2019-08-26,37.55479049682617,44.97999954223633,45.0,44.4900016784668,44.709999084472656,15973100
2019-08-27,37.36275863647461,44.75,45.33000183105469,44.43000030517578,45.22999954223633,15038200
2019-08-28,37.963905334472656,45.470001220703125,45.779998779296875,44.4900016784668,44.63999938964844,14740000
2019-08-29,38.56504440307617,46.189998626708984,46.4900016784668,45.779998779296875,46.0,16196600
2019-08-30,38.882328033447266,46.56999969482422,46.900001525878906,46.40999984741211,46.540000915527344,15250600
2019-09-03,38.48154830932617,46.09000015258789,46.34000015258789,45.47999954223633,46.310001373291016,17224200
2019-09-04,38.82387161254883,46.5,46.70000076293945,46.279998779296875,46.540000915527344,17123100
2019-09-05,39.75897979736328,47.619998931884766,48.16999816894531,47.29999923706055,47.310001373291016,19243400
2019-09-06,39.36656951904297,47.150001525878906,47.77000045776367,47.099998474121094,47.58000183105469,18846100
2019-09-09,40.41857147216797,48.40999984741211,48.63999938964844,46.88999938964844,47.31999969482422,27651400
2019-09-10,40.3350830078125,48.310001373291016,48.93000030517578,48.06999969482422,48.06999969482422,25822400
2019-09-11,40.78593826293945,48.849998474121094,48.97999954223633,47.790000915527344,48.290000915527344,19190000
2019-09-12,40.618953704833984,48.650001525878906,49.08000183105469,48.220001220703125,48.52000045776367,24305900
2019-09-13,40.84437561035156,48.91999816894531,49.36000061035156,48.65999984741211,49.0099983215332,25142400
2019-09-16,40.89448547363281,48.97999954223633,49.0,48.400001525878906,48.459999084472656,17759700
2019-09-17,40.710792541503906,48.7599983215332,48.86000061035156,48.310001373291016,48.70000076293945,18346100
2019-09-18,40.85272979736328,48.93000030517578,49.209999084472656,48.43000030517578,48.630001068115234,20511700
2019-09-19,40.836036682128906,48.90999984741211,49.310001373291016,48.869998931884766,48.9900016784668,16887500
2019-09-20,40.60226058959961,48.630001068115234,49.29999923706055,48.61000061035156,49.06999969482422,30229400
2019-09-23,40.877769470214844,48.959999084472656,49.09000015258789,48.310001373291016,48.31999969482422,20603400
2019-09-24,40.618953704833984,48.650001525878906,49.220001220703125,48.470001220703125,48.97999954223633,21629300
2019-09-25,41.128257751464844,49.2599983215332,49.540000915527344,48.650001525878906,48.72999954223633,21313100
2019-09-26,40.802635192871094,48.869998931884766,49.369998931884766,48.81999969482422,49.25,19984000
2019-09-27,42.33890151977539,50.709999084472656,51.40999984741211,50.25,50.400001525878906,59467400
2019-09-30,42.11345672607422,50.439998626708984,50.849998474121094,50.060001373291016,50.77000045776367,26897100
2019-10-01,40.961273193359375,49.060001373291016,50.779998779296875,49.0,50.650001525878906,27249300
2019-10-02,40.46867370605469,48.470001220703125,49.040000915527344,48.369998931884766,48.720001220703125,23515900
2019-10-03,40.47702407836914,48.47999954223633,48.5099983215332,47.31999969482422,48.29999923706055,20212200
2019-10-04,41.08650207519531,49.209999084472656,49.25,48.529998779296875,48.65999984741211,15779500
2019-10-07,40.75254440307617,48.810001373291016,49.290000915527344,48.75,48.95000076293945,15691900
2019-10-08,39.92596435546875,47.81999969482422,48.349998474121094,47.540000915527344,48.25,19734000
2019-10-09,40.20149612426758,48.150001525878906,48.41999816894531,48.08000183105469,48.16999816894531,13467800
2019-10-10,40.618953704833984,48.650001525878906,49.06999969482422,48.15999984741211,48.33000183105469,18267800
2019-10-11,41.08650207519531,49.209999084472656,49.91999816894531,49.150001525878906,49.459999084472656,23024600
2019-10-14,41.13660430908203,49.27000045776367,49.45000076293945,48.97999954223633,49.09000015258789,16870500
2019-10-15,41.837947845458984,50.11000061035156,51.25,48.779998779296875,49.279998779296875,38478400
2019-10-16,41.403785705566406,49.59000015258789,50.279998779296875,49.45000076293945,50.040000915527344,23728400
2019-10-17,41.42048645019531,49.61000061035156,50.16999816894531,49.47999954223633,49.97999954223633,20560100
2019-10-18,41.7210578918457,49.970001220703125,50.220001220703125,49.31999969482422,49.34000015258789,21199500
2019-10-21,42.13017272949219,50.459999084472656,50.5,50.18000030517578,50.279998779296875,19409100
2019-10-22,42.26374053955078,50.619998931884766,51.02000045776367,50.22999954223633,50.439998626708984,18526900
2019-10-23,42.5225715637207,50.93000030517578,50.970001220703125,50.56999969482422,50.720001220703125,14173700
2019-10-24,42.664520263671875,51.099998474121094,51.20000076293945,50.65999984741211,50.65999984741211,16695400
2019-10-25,43.05693054199219,51.56999969482422,51.72999954223633,51.0,51.08000183105469,17433300
2019-10-28,43.12372589111328,51.650001525878906,52.04999923706055,51.56999969482422,51.939998626708984,23914800
2019-10-29,43.55787658691406,52.16999816894531,52.36000061035156,51.5,51.5,21063000
2019-10-30,43.44098663330078,52.029998779296875,52.279998779296875,51.619998931884766,51.880001068115234,16155900
2019-10-31,43.10703659057617,51.630001068115234,52.029998779296875,51.150001525878906,51.77000045776367,18814700
2019-11-01,43.56622314453125,52.18000030517578,52.290000915527344,51.90999984741211,52.130001068115234,16359300
2019-11-04,44.01708984375,52.720001220703125,52.79999923706055,52.2400016784668,52.58000183105469,17559900
2019-11-05,44.5013427734375,53.29999923706055,53.5,52.7400016784668,52.7400016784668,25965300
2019-11-06,44.91880416870117,53.79999923706055,53.84000015258789,53.16999816894531,53.290000915527344,22051100
2019-11-07,45.51726150512695,54.0,54.400001525878906,53.779998779296875,53.779998779296875,23452500
2019-11-08,45.6015510559082,54.099998474121094,54.22999954223633,53.560001373291016,53.83000183105469,14722100
2019-11-11,45.559410095214844,54.04999923706055,54.13999938964844,53.72999954223633,53.790000915527344,10659400
2019-11-12,45.70270538330078,54.220001220703125,54.2400016784668,53.619998931884766,53.75,15187600
2019-11-13,44.9188117980957,53.290000915527344,53.900001525878906,53.209999084472656,53.810001373291016,16846800
2019-11-14,45.08738708496094,53.4900016784668,53.560001373291016,53.099998474121094,53.220001220703125,16491400
2019-11-15,45.34868621826172,53.79999923706055,53.939998626708984,53.43000030517578,53.779998779296875,15225300
2019-11-18,45.51726150512695,54.0,54.11000061035156,53.650001525878906,53.84000015258789,14374600
2019-11-19,45.54256057739258,54.029998779296875,54.33000183105469,53.869998931884766,54.099998474121094,14434100
2019-11-20,45.129539489746094,53.540000915527344,53.86000061035156,53.25,53.72999954223633,14994700
2019-11-21,45.14639663696289,53.560001373291016,53.93000030517578,53.34000015258789,53.84000015258789,16186100
2019-11-22,45.75328063964844,54.279998779296875,54.349998474121094,53.810001373291016,53.900001525878906,13823400
2019-11-25,45.69428253173828,54.209999084472656,54.529998779296875,54.040000915527344,54.529998779296875,15561000
2019-11-26,45.35712432861328,53.810001373291016,54.119998931884766,53.72999954223633,54.11000061035156,18078900
2019-11-27,45.80385971069336,54.34000015258789,54.400001525878906,54.0099983215332,54.150001525878906,16352900
2019-11-29,45.90501022338867,54.459999084472656,54.75,54.06999969482422,54.06999969482422,10508600
2019-12-02,45.19696807861328,53.619998931884766,54.439998626708984,53.54999923706055,54.310001373291016,20252700
2019-12-03,44.320335388183594,52.58000183105469,53.04999923706055,52.16999816894531,53.0099983215332,25560700
2019-12-04,44.87665939331055,53.2400016784668,53.47999954223633,52.540000915527344,52.599998474121094,18867400
2019-12-05,44.86823272705078,53.22999954223633,53.529998779296875,53.099998474121094,53.40999984741211,13499700
2019-12-06,45.82915115356445,54.369998931884766,54.40999984741211,53.689998626708984,53.86000061035156,18325700
2019-12-09,45.44984436035156,53.91999816894531,54.54999923706055,53.90999984741211,54.16999816894531,15070800
2019-12-10,45.25596237182617,53.689998626708984,53.869998931884766,53.380001068115234,53.4900016784668,15959100
2019-12-11,44.81766128540039,53.16999816894531,53.97999954223633,53.06999969482422,53.7400016784668,16834200
2019-12-12,45.820709228515625,54.36000061035156,54.54999923706055,53.099998474121094,53.369998931884766,19119500
2019-12-13,45.340274810791016,53.790000915527344,54.41999816894531,53.43000030517578,54.04999923706055,19179300
2019-12-16,45.70270538330078,54.220001220703125,54.560001373291016,54.220001220703125,54.2400016784668,19793500
2019-12-17,45.80385971069336,54.34000015258789,54.5099983215332,53.9900016784668,54.11000061035156,16723400
2019-12-18,45.239112854003906,53.66999816894531,54.459999084472656,53.630001068115234,54.459999084472656,18857000
2019-12-19,45.20539093017578,53.630001068115234,53.83000183105469,53.41999816894531,53.7400016784668,18133300
2019-12-20,44.9525260925293,53.33000183105469,54.04999923706055,53.06999969482422,54.04999923706055,66318000
2019-12-23,45.35712432861328,53.810001373291016,54.0,53.25,53.34000015258789,17637700
2019-12-24,45.365543365478516,53.81999969482422,54.040000915527344,53.7400016784668,53.95000076293945,4635500
2019-12-26,45.643714904785156,54.150001525878906,54.38999938964844,53.95000076293945,54.04999923706055,12517100
2019-12-27,45.44984436035156,53.91999816894531,54.31999969482422,53.869998931884766,54.290000915527344,9892000
2019-12-30,45.18009948730469,53.599998474121094,54.2599983215332,53.5,54.16999816894531,10900500
2019-12-31,45.34868621826172,53.79999923706055,53.81999969482422,53.459999084472656,53.529998779296875,12566000
2020-01-02,45.30654525756836,53.75,54.040000915527344,53.5099983215332,53.849998474121094,16803100
2020-01-03,45.02838897705078,53.41999816894531,53.619998931884766,52.900001525878906,53.11000061035156,15608800
2020-01-06,44.75865173339844,53.099998474121094,53.20000076293945,52.720001220703125,52.7400016784668,13200300
2020-01-07,44.38776397705078,52.65999984741211,53.04999923706055,52.470001220703125,53.04999923706055,13278600
2020-01-08,44.52264404296875,52.81999969482422,53.33000183105469,52.79999923706055,52.84000015258789,16585600
2020-01-09,44.446773529052734,52.72999954223633,53.20000076293945,52.47999954223633,53.20000076293945,20817400
2020-01-10,44.25291061401367,52.5,52.900001525878906,52.47999954223633,52.790000915527344,13777600
2020-01-13,43.92416763305664,52.11000061035156,52.5,51.83000183105469,52.5,25197600
2020-01-14,41.555580139160156,49.29999923706055,50.7400016784668,49.25,50.22999954223633,56668300
2020-01-15,40.72953414916992,48.31999969482422,48.84000015258789,47.97999954223633,48.83000183105469,47148000
2020-01-16,41.51344680786133,49.25,49.31999969482422,47.84000015258789,48.459999084472656,37020200
2020-01-17,41.454429626464844,49.18000030517578,49.41999816894531,48.529998779296875,49.369998931884766,29669200
2020-01-21,41.252132415771484,48.939998626708984,49.880001068115234,48.79999923706055,49.09000015258789,30858300
2020-01-22,40.931827545166016,48.560001373291016,49.09000015258789,48.290000915527344,49.029998779296875,20367700
2020-01-23,40.645240783691406,48.220001220703125,48.45000076293945,47.97999954223633,48.38999938964844,17297900
2020-01-24,40.097347259521484,47.56999969482422,48.209999084472656,47.18000030517578,48.189998626708984,21239600
2020-01-27,39.701175689697266,47.099998474121094,47.41999816894531,46.7400016784668,46.88999938964844,18156200
2020-01-28,39.92875671386719,47.369998931884766,47.790000915527344,47.279998779296875,47.5099983215332,16673300
2020-01-29,39.84446334838867,47.27000045776367,47.900001525878906,47.2599983215332,47.41999816894531,16166300
2020-01-30,40.38393020629883,47.90999984741211,47.95000076293945,47.040000915527344,47.16999816894531,14760200
2020-01-31,39.566307067871094,46.939998626708984,47.45000076293945,46.75,47.41999816894531,23080400
2020-02-03,39.71803665161133,47.119998931884766,47.720001220703125,47.029998779296875,47.2400016784668,15471100
2020-02-04,39.83604431152344,47.2599983215332,47.84000015258789,47.25,47.70000076293945,14973300
2020-02-05,40.721099853515625,48.310001373291016,48.400001525878906,47.779998779296875,47.900001525878906,20141800
2020-02-06,40.87443923950195,47.97999954223633,48.5,47.849998474121094,48.439998626708984,18259200
2020-02-07,40.755184173583984,47.84000015258789,48.0,47.47999954223633,47.72999954223633,13174600
2020-02-10,40.69552993774414,47.77000045776367,47.86000061035156,47.41999816894531,47.66999816894531,18124800
2020-02-11,40.882957458496094,47.9900016784668,48.34000015258789,47.939998626708984,48.08000183105469,13686100
2020-02-12,40.71258544921875,47.790000915527344,48.4900016784668,47.7599983215332,48.220001220703125,16668100
2020-02-13,40.993709564208984,48.119998931884766,48.18000030517578,47.54999923706055,47.619998931884766,12530000
2020-02-14,41.07890701293945,48.220001220703125,48.31999969482422,47.75,48.13999938964844,15526400
2020-02-18,40.03105163574219,46.9900016784668,48.119998931884766,46.529998779296875,47.970001220703125,22423800
2020-02-19,40.116249084472656,47.09000015258789,47.349998474121094,46.97999954223633,47.25,15602500
2020-02-20,40.32921600341797,47.34000015258789,47.40999984741211,46.68000030517578,47.0,15965500
2020-02-21,40.63591003417969,47.70000076293945,47.849998474121094,47.099998474121094,47.47999954223633,21729100
2020-02-24,39.51991271972656,46.38999938964844,46.95000076293945,46.2599983215332,46.58000183105469,23075900
2020-02-25,38.437992095947266,45.119998931884766,46.66999816894531,44.959999084472656,46.290000915527344,31110100
2020-02-26,37.603118896484375,44.13999938964844,45.650001525878906,44.130001068115234,45.47999954223633,27372600
2020-02-27,36.18043899536133,42.470001220703125,44.31999969482422,42.43000030517578,43.31999969482422,41180000
2020-02-28,34.800357818603516,40.849998474121094,41.869998931884766,39.75,41.310001373291016,71703000
2020-03-02,36.00153732299805,42.2599983215332,42.279998779296875,39.459999084472656,40.97999954223633,44231200
2020-03-03,34.52775192260742,40.529998779296875,42.900001525878906,40.029998779296875,42.060001373291016,45091000
2020-03-04,35.26890182495117,41.400001525878906,41.43000030517578,39.959999084472656,41.0099983215332,33881500
2020-03-05,33.139129638671875,38.900001525878906,40.0099983215332,38.56999969482422,40.0,45037900
2020-03-06,31.597185134887695,37.09000015258789,37.68000030517578,36.33000183105469,37.0,56766500
2020-03-09,27.66990089416504,32.47999954223633,34.47999954223633,32.220001220703125,33.720001220703125,53277200
2020-03-10,29.884864807128906,35.08000183105469,35.08000183105469,32.279998779296875,34.630001068115234,40078700
2020-03-11,27.542116165161133,32.33000183105469,34.27000045776367,32.0099983215332,34.04999923706055,44769500
2020-03-12,23.17183494567871,27.200000762939453,30.860000610351562,27.1200008392334,29.809999465942383,68447600
2020-03-13,26.315372467041016,30.889999389648438,31.760000228881836,27.770000457763672,30.149999618530273,78365700
2020-03-16,22.57550811767578,26.5,29.229999542236328,26.299999237060547,26.34000015258789,57466700
2020-03-17,25.241971969604492,29.6299991607666,30.6200008392334,25.889999389648438,27.6299991607666,58112800
2020-03-18,23.955591201782227,28.1200008392334,28.889999389648438,26.899999618530273,27.700000762939453,51904100
2020-03-19,24.100419998168945,28.290000915527344,29.110000610351562,26.290000915527344,27.65999984741211,53123500
2020-03-20,22.57550811767578,26.5,28.75,26.18000030517578,28.68000030517578,73915800
2020-03-23,21.510623931884766,25.25,26.8700008392334,25.110000610351562,26.260000228881836,47064100
2020-03-24,24.637121200561523,28.920000076293945,29.170000076293945,26.329999923706055,26.959999084472656,48630300
2020-03-25,24.679710388183594,28.969999313354492,30.299999237060547,27.770000457763672,29.0,53341100
2020-03-26,26.323888778686523,30.899999618530273,31.389999389648438,29.079999923706055,29.329999923706055,45494700
2020-03-27,25.79570770263672,30.280000686645508,31.290000915527344,29.079999923706055,30.020000457763672,38942800
2020-03-30,25.48902702331543,29.920000076293945,30.479999542236328,28.889999389648438,30.360000610351562,41232800
2020-03-31,24.449695587158203,28.700000762939453,29.75,28.15999984741211,29.40999984741211,36920300
2020-04-01,22.635135650634766,26.56999969482422,27.3700008392334,26.200000762939453,27.020000457763672,48497400
2020-04-02,23.188873291015625,27.219999313354492,27.530000686645508,26.3799991607666,26.469999313354492,33113500
2020-04-03,22.345489501953125,26.229999542236328,27.360000610351562,25.90999984741211,27.0,32735800
2020-04-06,24.39006233215332,28.6299991607666,28.829999923706055,27.399999618530273,27.40999984741211,36056100
2020-04-07,24.509328842163086,28.770000457763672,30.780000686645508,28.709999084472656,30.75,39229900
2020-04-08,25.79570770263672,30.280000686645508,30.479999542236328,28.68000030517578,29.34000015258789,42213700
2020-04-09,28.283275604248047,33.20000076293945,33.90999984741211,31.100000381469727,31.1200008392334,62462000
2020-04-13,26.775400161743164,31.43000030517578,33.2400016784668,31.40999984741211,33.220001220703125,36068900
2020-04-14,25.71051597595215,30.18000030517578,32.5,29.559999465942383,32.11000061035156,64267100
2020-04-15,24.228200912475586,28.440000534057617,29.110000610351562,28.219999313354492,28.770000457763672,41883900
2020-04-16,22.907752990722656,26.889999389648438,28.280000686645508,26.65999984741211,28.280000686645508,52962100
2020-04-17,24.177085876464844,28.3799991607666,28.780000686645508,27.799999237060547,28.149999618530273,46985000
2020-04-20,23.58075523376465,27.68000030517578,28.889999389648438,26.920000076293945,27.329999923706055,45441600
2020-04-21,22.865154266357422,26.84000015258789,27.25,26.5,26.899999618530273,41918700
2020-04-22,22.831079483032227,26.799999237060547,27.579999923706055,26.700000762939453,27.5,28043300
2020-04-23,22.601058959960938,26.530000686645508,27.209999084472656,26.420000076293945,26.950000762939453,38331500
2020-04-24,22.933305740356445,26.920000076293945,27.290000915527344,26.3700008392334,26.799999237060547,35135900
2020-04-27,24.202646255493164,28.40999984741211,28.579999923706055,27.15999984741211,27.3700008392334,39606100
2020-04-28,24.594526290893555,28.8700008392334,29.920000076293945,28.59000015258789,29.600000381469727,35188000
2020-04-29,25.557172775268555,30.0,30.459999084472656,29.649999618530273,30.100000381469727,38515200
2020-04-30,24.74786376953125,29.049999237060547,29.610000610351562,28.600000381469727,29.31999969482422,29506100
2020-05-01,23.504079818725586,27.59000015258789,28.530000686645508,27.280000686645508,28.5,35197600
2020-05-04,23.29962921142578,27.350000381469727,27.450000762939453,26.600000381469727,26.959999084472656,34343900
2020-05-05,22.422164916992188,26.31999969482422,27.799999237060547,26.25,27.520000457763672,56753400
2020-05-06,21.81730842590332,25.610000610351562,26.649999618530273,25.399999618530273,26.459999084472656,57732900
2020-05-07,21.930313110351562,25.229999542236328,26.100000381469727,25.139999389648438,25.59000015258789,52387000
2020-05-08,22.104148864746094,25.43000030517578,25.780000686645508,25.229999542236328,25.639999389648438,53725300
2020-05-11,21.53915786743164,24.780000686645508,25.229999542236328,24.600000381469727,25.110000610351562,51444200
2020-05-12,20.895944595336914,24.040000915527344,25.270000457763672,24.0,24.959999084472656,53560500
2020-05-13,19.583425521850586,22.530000686645508,23.950000762939453,22.0,23.950000762939453,90209900
2020-05-14,20.913326263427734,24.059999465942383,24.59000015258789,22.020000457763672,22.1299991607666,87965500
2020-05-15,20.304880142211914,23.360000610351562,23.829999923706055,23.079999923706055,23.690000534057617,51616700
2020-05-18,22.08676528930664,25.40999984741211,25.59000015258789,24.34000015258789,24.549999237060547,55684400
2020-05-19,20.817712783813477,23.950000762939453,25.149999618530273,23.920000076293945,25.0,48234300
2020-05-20,21.313161849975586,24.520000457763672,24.739999771118164,24.360000610351562,24.489999771118164,45297100
2020-05-21,21.26101303100586,24.459999084472656,24.850000381469727,24.31999969482422,24.389999389648438,28376500
2020-05-22,21.008941650390625,24.170000076293945,24.489999771118164,23.920000076293945,24.440000534057617,30415300
2020-05-26,22.825597763061523,26.260000228881836,26.510000228881836,25.040000915527344,25.049999237060547,57720300
2020-05-27,24.294572830200195,27.950000762939453,28.260000228881836,26.84000015258789,27.799999237060547,61963000
2020-05-28,23.660043716430664,27.219999313354492,28.3700008392334,27.1200008392334,28.31999969482422,51490200
2020-05-29,23.008136749267578,26.469999313354492,27.06999969482422,26.09000015258789,26.5,51336900
2020-06-01,23.547048568725586,27.09000015258789,27.59000015258789,26.3700008392334,26.610000610351562,34201700
2020-06-02,23.81650161743164,27.399999618530273,27.989999771118164,27.15999984741211,27.579999923706055,39058000
2020-06-03,25.05948257446289,28.829999923706055,29.190000534057617,28.34000015258789,28.389999389648438,50814000
2020-06-04,26.26769256591797,30.219999313354492,30.25,28.639999389648438,29.479999542236328,61839200
2020-06-05,27.528053283691406,31.670000076293945,33.88999938964844,31.459999084472656,33.88999938964844,107651200
2020-06-08,28.962257385253906,33.31999969482422,33.43000030517578,32.27000045776367,32.900001525878906,69051300
2020-06-09,28.362503051757812,32.630001068115234,33.08000183105469,31.510000228881836,32.439998626708984,51480400
2020-06-10,25.82438850402832,29.709999084472656,32.33000183105469,29.649999618530273,32.29999923706055,82090000
2020-06-11,23.286285400390625,26.790000915527344,28.43000030517578,26.700000762939453,27.200000762939453,75621300
2020-06-12,24.311954498291016,27.969999313354492,28.229999542236328,27.350000381469727,28.0,51301200
2020-06-15,24.520570755004883,28.209999084472656,28.389999389648438,26.559999465942383,26.860000610351562,48311400
2020-06-16,24.790023803710938,28.520000457763672,29.649999618530273,27.770000457763672,29.43000030517578,52985600
2020-06-17,23.859962463378906,27.450000762939453,28.549999237060547,27.350000381469727,28.5,38660800
2020-06-18,23.946889877319336,27.549999237060547,27.93000030517578,26.93000030517578,27.100000381469727,33670200
2020-06-19,23.990345001220703,27.600000381469727,28.049999237060547,27.010000228881836,28.0,71903000
2020-06-22,23.773048400878906,27.350000381469727,27.6299991607666,26.889999389648438,27.270000457763672,32808300
2020-06-23,23.668737411499023,27.229999542236328,28.290000915527344,27.190000534057617,27.780000686645508,47279100
2020-06-24,22.703908920288086,26.1200008392334,27.030000686645508,25.989999771118164,26.959999084472656,57380900
2020-06-25,23.790428161621094,27.3700008392334,27.40999984741211,25.889999389648438,25.959999084472656,45102200
2020-06-26,22.025922775268555,25.34000015258789,26.399999618530273,25.25,26.100000381469727,81172300
2020-06-29,22.338838577270508,25.700000762939453,25.899999618530273,25.260000228881836,25.59000015258789,43769200
2020-06-30,22.251914978027344,25.600000381469727,25.8700008392334,25.170000076293945,25.209999084472656,46610000
2020-07-01,21.808618545532227,25.09000015258789,25.959999084472656,24.93000030517578,25.729999542236328,37509300
2020-07-02,22.025922775268555,25.34000015258789,26.170000076293945,25.100000381469727,25.75,37013300
2020-07-06,22.15630531311035,25.489999771118164,26.020000457763672,24.979999542236328,25.81999969482422,46983100
2020-07-07,21.26101303100586,24.459999084472656,25.219999313354492,24.34000015258789,25.200000762939453,36920500
2020-07-08,21.33924674987793,24.549999237060547,24.780000686645508,24.06999969482422,24.440000534057617,38413400
2020-07-09,20.895944595336914,24.040000915527344,24.780000686645508,23.709999084472656,24.5,38118900
2020-07-10,22.1389217376709,25.469999313354492,25.530000686645508,24.149999618530273,24.18000030517578,56483300
2020-07-13,22.08676528930664,25.40999984741211,26.040000915527344,24.940000534057617,25.81999969482422,51038800
2020-07-14,21.078475952148438,24.25,24.389999389648438,23.329999923706055,23.920000076293945,118952600
2020-07-15,22.03461265563965,25.350000381469727,25.549999237060547,24.84000015258789,24.979999542236328,61714300
2020-07-16,22.130233764648438,25.459999084472656,26.09000015258789,24.81999969482422,24.90999984741211,48676800
2020-07-17,21.686931610107422,24.950000762939453,25.639999389648438,24.860000610351562,25.489999771118164,39184100
2020-07-20,21.35662269592285,24.56999969482422,24.8799991607666,24.399999618530273,24.719999313354492,38682200
2020-07-21,22.773448944091797,26.200000762939453,26.280000686645508,24.709999084472656,24.75,58395200
2020-07-22,22.825597763061523,26.260000228881836,26.350000381469727,25.81999969482422,26.1299991607666,41030500
2020-07-23,22.90382957458496,26.350000381469727,26.510000228881836,25.700000762939453,26.15999984741211,50791000
2020-07-24,22.825597763061523,26.260000228881836,26.850000381469727,26.200000762939453,26.469999313354492,39357000
2020-07-27,22.15630531311035,25.489999771118164,26.020000457763672,25.25,26.020000457763672,34761000
2020-07-28,22.191070556640625,25.530000686645508,25.700000762939453,25.329999923706055,25.329999923706055,30505200
2020-07-29,22.408374786376953,25.780000686645508,25.81999969482422,25.0,25.450000762939453,31442100
2020-07-30,21.426166534423828,24.649999618530273,25.239999771118164,24.5,25.190000534057617,51019200
2020-07-31,21.08717155456543,24.260000228881836,24.65999984741211,24.079999923706055,24.5,45537900
2020-08-03,21.11324691772461,24.290000915527344,24.5,23.899999618530273,24.25,27863700
2020-08-04,21.052400588989258,24.219999313354492,24.290000915527344,24.030000686645508,24.200000762939453,28106900
2020-08-05,21.208858489990234,24.399999618530273,24.75,24.34000015258789,24.399999618530273,32935400
2020-08-06,21.156492233276367,24.239999771118164,24.5,24.1200008392334,24.200000762939453,44670300
2020-08-07,21.88090705871582,25.06999969482422,25.219999313354492,24.0,24.1299991607666,46272400
2020-08-10,21.55797576904297,24.700000762939453,25.479999542236328,24.219999313354492,25.219999313354492,50602600
2020-08-11,22.099103927612305,25.31999969482422,26.139999389648438,25.200000762939453,25.290000915527344,55000100
2020-08-12,21.98564338684082,25.190000534057617,26.139999389648438,24.719999313354492,25.979999542236328,42868500
2020-08-13,21.83726692199707,25.020000457763672,25.229999542236328,24.68000030517578,24.950000762939453,27387800
2020-08-14,22.081645965576172,25.299999237060547,25.489999771118164,24.639999389648438,24.790000915527344,26743400
2020-08-17,21.357234954833984,24.469999313354492,25.139999389648438,24.440000534057617,25.030000686645508,36661700
2020-08-18,20.9819393157959,24.040000915527344,24.450000762939453,24.010000228881836,24.420000076293945,29680700
2020-08-19,21.00811767578125,24.06999969482422,24.389999389648438,23.84000015258789,24.010000228881836,33667800
2020-08-20,20.72882080078125,23.75,23.940000534057617,23.600000381469727,23.739999771118164,36022100
2020-08-21,20.632814407348633,23.639999389648438,23.90999984741211,23.520000457763672,23.639999389648438,27198000
2020-08-24,21.37468910217285,24.489999771118164,24.510000228881836,23.610000610351562,23.799999237060547,36906700
2020-08-25,21.47942352294922,24.610000610351562,24.889999389648438,24.299999237060547,24.739999771118164,35077300
2020-08-26,20.9819393157959,24.040000915527344,24.579999923706055,24.040000915527344,24.510000228881836,28348200
2020-08-27,21.46196937561035,24.59000015258789,24.780000686645508,23.969999313354492,23.989999771118164,36706600
2020-08-28,21.54924964904785,24.690000534057617,24.770000457763672,24.350000381469727,24.75,25797300
2020-08-31,21.07794189453125,24.149999618530273,24.510000228881836,24.09000015258789,24.489999771118164,27615500
2020-09-01,20.990659713745117,24.049999237060547,24.34000015258789,23.739999771118164,24.020000457763672,30508800
2020-09-02,21.44451141357422,24.56999969482422,24.65999984741211,23.93000030517578,24.010000228881836,40334000
2020-09-03,21.400875091552734,24.520000457763672,25.360000610351562,24.299999237060547,24.799999237060547,42349300
2020-09-04,21.636526107788086,24.790000915527344,25.190000534057617,24.25,25.0,48745000
2020-09-08,20.920841217041016,23.969999313354492,24.549999237060547,23.739999771118164,24.280000686645508,49082900
2020-09-09,20.807374954223633,23.84000015258789,24.06999969482422,23.700000762939453,24.010000228881836,49427900
2020-09-10,20.903377532958984,23.950000762939453,24.670000076293945,23.860000610351562,24.030000686645508,54211700
2020-09-11,21.18267250061035,24.270000457763672,24.31999969482422,23.709999084472656,23.920000076293945,34861100
2020-09-14,21.653982162475586,24.809999465942383,24.969999313354492,24.229999542236328,24.3799991607666,49787100
2020-09-15,21.715076446533203,24.8799991607666,25.040000915527344,24.559999465942383,24.959999084472656,41954800
2020-09-16,22.439496994018555,25.709999084472656,26.0,24.75,24.8700008392334,51768200
2020-09-17,21.91581916809082,25.110000610351562,25.43000030517578,24.899999618530273,25.229999542236328,51531300
2020-09-18,21.933279037475586,25.1299991607666,25.399999618530273,24.899999618530273,24.940000534057617,115153200
2020-09-21,20.9819393157959,24.040000915527344,24.520000457763672,23.719999313354492,24.450000762939453,56188400
2020-09-22,20.64154052734375,23.649999618530273,24.360000610351562,23.530000686645508,23.979999542236328,39839500
2020-09-23,19.925853729248047,22.829999923706055,24.1299991607666,22.829999923706055,23.780000686645508,45697700
2020-09-24,20.35352325439453,23.31999969482422,23.719999313354492,22.559999465942383,22.959999084472656,43329100
2020-09-25,20.632814407348633,23.639999389648438,23.709999084472656,23.010000228881836,23.1200008392334,30229900
2020-09-28,20.7899169921875,23.81999969482422,24.270000457763672,23.760000228881836,23.989999771118164,41103500
2020-09-29,20.301151275634766,23.260000228881836,23.719999313354492,23.06999969482422,23.719999313354492,38416300
2020-09-30,20.519346237182617,23.510000228881836,23.8700008392334,23.25,23.360000610351562,43071500
2020-10-01,20.5629940032959,23.559999465942383,23.809999465942383,23.15999984741211,23.56999969482422,38879800
2020-10-02,20.93828773498535,23.989999771118164,24.09000015258789,23.079999923706055,23.149999618530273,26238600
2020-10-05,21.33977699279785,24.450000762939453,24.600000381469727,24.219999313354492,24.219999313354492,22607500
2020-10-06,21.104122161865234,24.18000030517578,25.0,24.040000915527344,24.68000030517578,30991300
2020-10-07,21.653982162475586,24.809999465942383,24.93000030517578,24.389999389648438,24.420000076293945,34647300
2020-10-08,22.081645965576172,25.299999237060547,25.329999923706055,24.670000076293945,24.8799991607666,26483400
2020-10-09,22.081645965576172,25.299999237060547,25.510000228881836,25.010000228881836,25.389999389648438,28211300
2020-10-12,22.41330909729004,25.68000030517578,25.739999771118164,25.149999618530273,25.200000762939453,25855600
2020-10-13,21.59288787841797,24.739999771118164,25.5,24.700000762939453,25.420000076293945,29939600
2020-10-14,20.29242515563965,23.25,24.43000030517578,23.229999542236328,24.270000457763672,75388100
2020-10-15,20.030590057373047,22.950000762939453,23.09000015258789,22.75,23.059999465942383,60328600
2020-10-16,19.952035903930664,22.860000610351562,23.229999542236328,22.610000610351562,23.010000228881836,43141200
2020-10-19,19.672744750976562,22.540000915527344,22.90999984741211,22.510000228881836,22.889999389648438,37423600
2020-10-20,19.90839385986328,22.809999465942383,23.1299991607666,22.690000534057617,22.729999542236328,34751200
2020-10-21,19.812393188476562,22.700000762939453,22.950000762939453,22.600000381469727,22.81999969482422,29528300
2020-10-22,20.29242515563965,23.25,23.31999969482422,22.610000610351562,22.65999984741211,32238300
2020-10-23,20.31861114501953,23.280000686645508,23.59000015258789,23.1200008392334,23.579999923706055,24558300
2020-10-26,19.812393188476562,22.700000762939453,23.020000457763672,22.600000381469727,22.969999313354492,34034100
2020-10-27,19.044326782226562,21.81999969482422,22.610000610351562,21.81999969482422,22.610000610351562,49636500
2020-10-28,18.485750198364258,21.18000030517578,21.479999542236328,20.799999237060547,21.229999542236328,54835900
2020-10-29,18.450834274291992,21.139999389648438,21.3799991607666,20.760000228881836,21.049999237060547,46184000
2020-10-30,18.721399307250977,21.450000762939453,21.459999084472656,20.84000015258789,21.100000381469727,34592400
2020-11-02,19.11415672302246,21.899999618530273,21.979999542236328,21.190000534057617,21.700000762939453,38401200
2020-11-03,19.279987335205078,22.09000015258789,22.5,21.989999771118164,22.309999465942383,38427000
2020-11-04,19.096696853637695,21.8799991607666,22.559999465942383,21.170000076293945,21.75,47203200
2020-11-05,19.57893943786621,22.329999923706055,22.56999969482422,21.860000610351562,21.889999389648438,38319700
2020-11-06,19.210681915283203,21.90999984741211,22.56999969482422,21.84000015258789,22.5,29502900
2020-11-09,21.2360897064209,24.219999313354492,24.8700008392334,23.299999237060547,24.030000686645508,102118900
2020-11-10,21.20978546142578,24.190000534057617,24.3700008392334,23.860000610351562,24.360000610351562,49029100
2020-11-11,21.20978546142578,24.190000534057617,24.540000915527344,24.010000228881836,24.229999542236328,38309200
2020-11-12,20.876605987548828,23.809999465942383,24.149999618530273,23.559999465942383,23.90999984741211,34505900
2020-11-13,21.10457420349121,24.06999969482422,24.18000030517578,23.729999542236328,23.90999984741211,30056100
2020-11-16,21.832313537597656,24.899999618530273,25.030000686645508,24.389999389648438,24.989999771118164,36954800
2020-11-17,21.95507049560547,25.040000915527344,25.149999618530273,24.520000457763672,24.530000686645508,29490400
2020-11-18,21.97260093688965,25.059999465942383,25.950000762939453,25.059999465942383,25.149999618530273,44318300
2020-11-19,22.937082290649414,26.15999984741211,26.219999313354492,24.969999313354492,25.190000534057617,44560000
2020-11-20,22.340858459472656,25.479999542236328,26.229999542236328,25.459999084472656,26.040000915527344,38469100
2020-11-23,23.059837341308594,26.299999237060547,26.440000534057617,25.8700008392334,25.950000762939453,40691400
2020-11-24,25.085247039794922,28.610000610351562,28.729999542236328,27.34000015258789,27.459999084472656,80523400
2020-11-25,25.06770896911621,28.59000015258789,28.690000534057617,28.0,28.329999923706055,38875500
2020-11-27,24.953723907470703,28.459999084472656,28.6299991607666,28.18000030517578,28.59000015258789,20281400
2020-11-30,23.980478286743164,27.350000381469727,28.559999465942383,27.280000686645508,28.43000030517578,48211000
2020-12-01,24.603004455566406,28.059999465942383,28.68000030517578,28.040000915527344,28.149999618530273,41924200
2020-12-02,25.313215255737305,28.8700008392334,28.989999771118164,27.850000381469727,27.989999771118164,35508000
2020-12-03,25.567481994628906,29.15999984741211,29.489999771118164,28.790000915527344,28.940000534057617,41264600
2020-12-04,25.909433364868164,29.549999237060547,29.969999313354492,29.34000015258789,29.5,47168800
2020-12-07,25.725313186645508,29.34000015258789,29.6299991607666,29.06999969482422,29.420000076293945,31713000
2020-12-08,25.374588012695312,28.940000534057617,29.299999237060547,28.399999618530273,29.030000686645508,32209500
2020-12-09,25.471031188964844,29.049999237060547,29.239999771118164,28.610000610351562,29.239999771118164,35276000
2020-12-10,25.85682487487793,29.489999771118164,29.559999465942383,28.540000915527344,28.719999313354492,31730200
2020-12-11,25.49734115600586,29.079999923706055,29.389999389648438,28.670000076293945,29.020000457763672,29779100
2020-12-14,25.11154556274414,28.639999389648438,29.780000686645508,28.510000228881836,29.540000915527344,28378000
2020-12-15,26.0672550201416,29.729999542236328,29.770000457763672,28.899999618530273,29.1299991607666,38866200
2020-12-16,25.997119903564453,29.649999618530273,29.90999984741211,29.479999542236328,29.639999389648438,35204800
2020-12-17,25.839290618896484,29.469999313354492,29.899999618530273,29.440000534057617,29.799999237060547,42870500
2020-12-18,25.435958862304688,29.010000228881836,29.6200008392334,28.799999237060547,29.469999313354492,53716400
2020-12-21,25.909433364868164,29.549999237060547,29.889999389648438,28.84000015258789,29.56999969482422,52731600
2020-12-22,25.392120361328125,28.959999084472656,29.719999313354492,28.950000762939453,29.649999618530273,25655900
2020-12-23,26.610876083374023,30.350000381469727,30.489999771118164,29.270000457763672,29.280000686645508,38383700
2020-12-24,26.16370391845703,29.84000015258789,30.3799991607666,29.65999984741211,30.290000915527344,14443700
2020-12-28,26.242618560791016,29.93000030517578,30.479999542236328,29.90999984741211,30.079999923706055,21658500
2020-12-29,26.111099243164062,29.780000686645508,30.170000076293945,29.75,30.149999618530273,19584400
2020-12-30,26.084789276123047,29.75,30.040000915527344,29.649999618530273,29.799999237060547,18519300
2020-12-31,26.46181869506836,30.18000030517578,30.239999771118164,29.670000076293945,29.75,21081200
2021-01-04,26.040958404541016,29.700000762939453,30.440000534057617,29.399999618530273,30.31999969482422,31421600
2021-01-05,26.768701553344727,30.530000686645508,30.950000762939453,29.81999969482422,30.09000015258789,37360000
2021-01-06,28.662588119506836,32.689998626708984,33.0,31.790000915527344,31.899999618530273,73507500
2021-01-07,29.311412811279297,33.43000030517578,34.20000076293945,33.31999969482422,33.58000183105469,50634100
2021-01-08,29.100984573364258,33.189998626708984,33.650001525878906,32.66999816894531,33.61000061035156,32324700
2021-01-11,29.14482879638672,33.2400016784668,33.560001373291016,32.31999969482422,32.63999938964844,33739300
2021-01-12,29.758590698242188,33.939998626708984,34.52000045776367,33.65999984741211,34.0,59146400
2021-01-13,29.63582992553711,33.79999923706055,34.2599983215332,33.630001068115234,33.81999969482422,35734800
2021-01-14,30.468791961669922,34.75,35.099998474121094,34.0099983215332,34.06999969482422,55856900
2021-01-15,28.092666625976562,32.040000915527344,33.5,31.81999969482422,33.08000183105469,91993100
2021-01-19,28.6099796295166,32.630001068115234,33.040000915527344,32.279998779296875,32.40999984741211,43806800
2021-01-20,28.460920333862305,32.459999084472656,32.83000183105469,32.29999923706055,32.779998779296875,29949800
2021-01-21,28.05759620666504,32.0,32.43000030517578,31.920000076293945,32.31999969482422,28240600
2021-01-22,27.969911575317383,31.899999618530273,32.060001373291016,31.149999618530273,31.34000015258789,24476100
2021-01-25,28.268024444580078,32.2400016784668,32.349998474121094,31.6200008392334,31.8799991607666,28515500
2021-01-26,27.513980865478516,31.3799991607666,32.529998779296875,31.360000610351562,32.4900016784668,28026500
2021-01-27,26.453052520751953,30.170000076293945,31.030000686645508,29.920000076293945,30.920000076293945,45074900
2021-01-28,27.01420021057129,30.809999465942383,31.049999237060547,30.309999465942383,30.530000686645508,28770200
2021-01-29,26.19877815246582,29.8799991607666,31.190000534057617,29.81999969482422,30.770000457763672,39500800
2021-02-01,26.295228958129883,29.989999771118164,30.219999313354492,29.68000030517578,30.139999389648438,23713400
2021-02-02,26.96159553527832,30.75,31.190000534057617,30.3799991607666,30.459999084472656,25302900
2021-02-03,27.794551849365234,31.700000762939453,31.770000457763672,30.610000610351562,30.719999313354492,28507800
2021-02-04,28.726900100708008,32.65999984741211,32.849998474121094,31.799999237060547,31.8700008392334,30825400
2021-02-05,28.638944625854492,32.560001373291016,33.189998626708984,32.5099983215332,33.0,24908100
2021-02-08,29.37778663635254,33.400001525878906,33.56999969482422,30.770000457763672,32.779998779296875,29223800
2021-02-09,29.2546443939209,33.2599983215332,33.40999984741211,32.90999984741211,33.209999084472656,23539800
2021-02-10,29.20187759399414,33.20000076293945,33.689998626708984,33.09000015258789,33.47999954223633,22687000
2021-02-11,28.779680252075195,32.720001220703125,33.34000015258789,32.369998931884766,33.20000076293945,22393200
2021-02-12,29.492130279541016,33.529998779296875,33.619998931884766,32.650001525878906,32.650001525878906,34473100
2021-02-16,30.600399017333984,34.790000915527344,34.93000030517578,34.0,34.06999969482422,36468200
2021-02-17,32.183631896972656,36.59000015258789,37.45000076293945,34.029998779296875,34.34000015258789,80157700
2021-02-18,32.50907516479492,36.959999084472656,37.36000061035156,36.18000030517578,36.439998626708984,43334700
2021-02-19,33.27430725097656,37.83000183105469,37.849998474121094,37.029998779296875,37.130001068115234,39023000
2021-02-22,32.77294921875,37.2599983215332,37.91999816894531,37.099998474121094,37.66999816894531,34690000
2021-02-23,32.66740417480469,37.13999938964844,37.77000045776367,36.599998474121094,37.59000015258789,36792500
2021-02-24,33.67890548706055,38.290000915527344,38.34000015258789,37.13999938964844,37.2400016784668,42764300
2021-02-25,33.03681945800781,37.560001373291016,38.68000030517578,37.29999923706055,38.68000030517578,37233100
2021-02-26,31.814207077026367,36.16999816894531,37.40999984741211,35.93000030517578,37.099998474121094,39468000
2021-03-01,32.623416900634766,37.09000015258789,37.41999816894531,36.7400016784668,37.11000061035156,28066100
2021-03-02,32.66740417480469,37.13999938964844,37.45000076293945,36.9900016784668,37.150001525878906,19701200
2021-03-03,33.15116882324219,37.689998626708984,38.65999984741211,37.349998474121094,37.349998474121094,35365100
2021-03-04,32.68498611450195,37.15999984741211,38.0,36.36000061035156,37.619998931884766,42932500
2021-03-05,32.92246627807617,37.43000030517578,38.119998931884766,36.34000015258789,37.869998931884766,34558300
2021-03-08,34.01313400268555,38.66999816894531,38.880001068115234,37.77000045776367,38.130001068115234,38255200
2021-03-09,33.53817367553711,38.130001068115234,38.79999923706055,37.47999954223633,38.16999816894531,35854100
2021-03-10,34.81355667114258,39.58000183105469,39.70000076293945,38.279998779296875,38.68000030517578,38437200
2021-03-11,34.19785690307617,38.880001068115234,39.59000015258789,38.61000061035156,39.220001220703125,30598700
2021-03-12,35.15659713745117,39.970001220703125,40.02000045776367,39.41999816894531,39.5,28754000
2021-03-15,34.91911315917969,39.70000076293945,40.22999954223633,39.16999816894531,40.06999969482422,25892200
2021-03-16,34.611263275146484,39.349998474121094,39.4900016784668,38.720001220703125,39.369998931884766,24668300
2021-03-17,35.04225540161133,39.84000015258789,40.439998626708984,39.209999084472656,39.68000030517578,33537000
2021-03-18,35.895442962646484,40.810001373291016,41.540000915527344,40.150001525878906,40.150001525878906,57420600
2021-03-19,34.8575439453125,39.630001068115234,40.06999969482422,39.220001220703125,39.939998626708984,60291800
2021-03-22,34.27701950073242,38.970001220703125,39.310001373291016,38.619998931884766,39.279998779296875,32206000
2021-03-23,33.63492965698242,38.2400016784668,39.04999923706055,38.04999923706055,38.5,32494400
2021-03-24,33.529388427734375,38.119998931884766,39.02000045776367,38.11000061035156,38.36000061035156,24201700
2021-03-25,34.56727981567383,39.29999923706055,39.36000061035156,37.779998779296875,37.970001220703125,28773000
2021-03-26,34.97188186645508,39.7599983215332,40.22999954223633,39.16999816894531,39.900001525878906,29156100
2021-03-29,33.81084442138672,38.439998626708984,39.349998474121094,37.900001525878906,38.58000183105469,38426900
2021-03-30,34.64643859863281,39.38999938964844,40.08000183105469,38.470001220703125,38.540000915527344,36134200
2021-03-31,34.36497116088867,39.06999969482422,39.630001068115234,38.91999816894531,39.27000045776367,25832800
2021-04-01,34.8575439453125,39.630001068115234,39.650001525878906,38.91999816894531,38.959999084472656,22706900
2021-04-05,34.72559356689453,39.47999954223633,40.33000183105469,39.31999969482422,40.029998779296875,21293400
2021-04-06,35.05104064941406,39.849998474121094,39.900001525878906,39.2599983215332,39.41999816894531,20969600
2021-04-07,35.17418670654297,39.9900016784668,40.09000015258789,39.630001068115234,39.84000015258789,19393200
2021-04-08,35.20936584472656,40.029998779296875,40.20000076293945,39.33000183105469,39.869998931884766,20845000
2021-04-09,35.622764587402344,40.5,40.790000915527344,40.25,40.34000015258789,28363600
2021-04-12,35.86025619506836,40.77000045776367,40.88999938964844,40.400001525878906,40.459999084472656,21093000
2021-04-13,34.998268127441406,39.790000915527344,40.5099983215332,39.70000076293945,40.5,29333200
2021-04-14,36.93333435058594,41.9900016784668,42.18000030517578,39.060001373291016,39.70000076293945,64926900
2021-04-15,37.15323257446289,42.2400016784668,42.2599983215332,41.029998779296875,42.099998474121094,44146300
2021-04-16,38.560543060302734,43.84000015258789,44.130001068115234,42.58000183105469,42.66999816894531,57060200
2021-04-19,38.59572982788086,43.880001068115234,44.400001525878906,43.380001068115234,43.61000061035156,39124200
2021-04-20,37.41710662841797,42.540000915527344,43.400001525878906,42.349998474121094,43.400001525878906,29734000
2021-04-21,38.032806396484375,43.2400016784668,43.36000061035156,41.77000045776367,42.2400016784668,27258000
2021-04-22,37.55782699584961,42.70000076293945,43.52000045776367,42.68000030517578,43.2599983215332,24638300
2021-04-23,38.57814025878906,43.86000061035156,44.18000030517578,42.630001068115234,42.709999084472656,28024200
2021-04-26,38.82441711425781,44.13999938964844,44.68000030517578,43.9900016784668,44.130001068115234,24606600
2021-04-27,39.6600227355957,45.09000015258789,45.220001220703125,44.20000076293945,44.38999938964844,29130200
2021-04-28,39.65122604370117,45.08000183105469,45.66999816894531,44.93000030517578,45.150001525878906,20795100
2021-04-29,40.67152786254883,46.2400016784668,46.38999938964844,45.52000045776367,45.619998931884766,26880700
2021-04-30,39.62482452392578,45.04999923706055,46.02000045776367,44.86000061035156,45.79999923706055,34176500
2021-05-03,40.003047943115234,45.47999954223633,45.650001525878906,45.06999969482422,45.45000076293945,16522700
2021-05-04,40.23173904418945,45.7400016784668,45.84000015258789,44.66999816894531,45.2599983215332,26137600
2021-05-05,40.40765380859375,45.939998626708984,46.20000076293945,45.470001220703125,45.93000030517578,19620200
2021-05-06,41.104034423828125,46.630001068115234,46.689998626708984,45.70000076293945,46.11000061035156,34271500
2021-05-07,41.02470397949219,46.540000915527344,46.619998931884766,45.54999923706055,45.93000030517578,25140400
2021-05-10,41.07759094238281,46.599998474121094,47.349998474121094,46.59000015258789,46.84000015258789,28193100
2021-05-11,40.301876068115234,45.720001220703125,46.880001068115234,45.5099983215332,46.02000045776367,31478500
2021-05-12,40.231353759765625,45.63999938964844,47.15999984741211,45.47999954223633,46.83000183105469,33392900
2021-05-13,40.901302337646484,46.400001525878906,46.790000915527344,45.310001373291016,45.4900016784668,23553400
2021-05-14,41.394920349121094,46.959999084472656,47.11000061035156,46.470001220703125,46.599998474121094,17078500
2021-05-17,42.22351837158203,47.900001525878906,47.97999954223633,46.79999923706055,46.91999816894531,25212800
2021-05-18,41.3067741394043,46.86000061035156,48.130001068115234,46.83000183105469,47.900001525878906,24126000
2021-05-19,40.69854736328125,46.16999816894531,46.31999969482422,45.369998931884766,45.939998626708984,28911100
2021-05-20,40.31068801879883,45.72999954223633,46.18000030517578,45.27000045776367,46.06999969482422,26107000
2021-05-21,40.442928314208984,45.880001068115234,46.29999923706055,45.779998779296875,45.970001220703125,27312700
2021-05-24,40.76024627685547,46.2400016784668,46.5099983215332,45.7599983215332,46.0,25707400
2021-05-25,40.62802505493164,46.09000015258789,47.02000045776367,46.040000915527344,46.38999938964844,29415300
2021-05-26,40.901302337646484,46.400001525878906,46.599998474121094,45.599998474121094,46.11000061035156,26170600
2021-05-27,41.218631744384766,46.7599983215332,47.380001068115234,46.310001373291016,46.9900016784668,42572900
2021-05-28,41.183372497558594,46.720001220703125,46.880001068115234,46.279998779296875,46.849998474121094,15760100
2021-06-01,41.65937423706055,47.2599983215332,47.40999984741211,46.790000915527344,47.15999984741211,17878600
2021-06-02,41.2627067565918,46.810001373291016,47.459999084472656,46.58000183105469,47.380001068115234,18492600
2021-06-03,40.95417785644531,46.459999084472656,47.0,46.349998474121094,46.689998626708984,20206400
2021-06-04,41.394920349121094,46.959999084472656,47.099998474121094,46.5099983215332,47.060001373291016,18190300
2021-06-07,41.52715301513672,47.11000061035156,47.18000030517578,46.779998779296875,47.099998474121094,16644300
2021-06-08,41.08640670776367,46.61000061035156,47.0099983215332,46.29999923706055,46.7400016784668,21271700
2021-06-09,40.478172302246094,45.91999816894531,46.34000015258789,45.630001068115234,46.2400016784668,22617500
2021-06-10,39.74652862548828,45.09000015258789,46.650001525878906,45.0099983215332,46.470001220703125,21640000
2021-06-11,40.26660919189453,45.68000030517578,45.689998626708984,45.18000030517578,45.18000030517578,19389300
2021-06-14,39.79941940307617,45.150001525878906,45.880001068115234,44.84000015258789,45.61000061035156,25452300
2021-06-15,40.07269287109375,45.459999084472656,45.720001220703125,45.0,45.20000076293945,23865400
2021-06-16,40.16965103149414,45.56999969482422,45.959999084472656,44.31999969482422,44.95000076293945,38287700
2021-06-17,37.71909713745117,42.790000915527344,45.959999084472656,42.65999984741211,45.790000915527344,48910400
2021-06-18,36.80234146118164,41.75,42.310001373291016,41.470001220703125,41.68000030517578,61292200
2021-06-21,38.151023864746094,43.279998779296875,43.310001373291016,42.22999954223633,42.29999923706055,26444700
2021-06-22,38.380218505859375,43.540000915527344,43.869998931884766,42.86000061035156,43.40999984741211,26455200
2021-06-23,38.75044250488281,43.959999084472656,44.310001373291016,43.5,43.5,18778500
2021-06-24,39.825862884521484,45.18000030517578,45.41999816894531,44.209999084472656,44.2599983215332,27951000
2021-06-25,40.8836669921875,46.380001068115234,46.650001525878906,45.220001220703125,45.56999969482422,49074700
2021-06-28,40.36357498168945,45.790000915527344,46.06999969482422,45.09000015258789,46.0,27127500
2021-06-29,39.482086181640625,44.790000915527344,46.380001068115234,44.599998474121094,46.040000915527344,39534000
2021-06-30,39.92283248901367,45.290000915527344,45.38999938964844,44.45000076293945,44.619998931884766,18168100
2021-07-01,40.02861022949219,45.40999984741211,45.63999938964844,44.970001220703125,45.47999954223633,18658000
2021-07-02,39.7288932800293,45.06999969482422,45.40999984741211,44.84000015258789,45.29999923706055,13218500
2021-07-06,38.33614730834961,43.4900016784668,44.81999969482422,43.29999923706055,44.72999954223633,25486900
2021-07-07,38.25681686401367,43.400001525878906,43.970001220703125,43.119998931884766,43.279998779296875,21884000
2021-07-08,37.30479431152344,42.31999969482422,42.95000076293945,41.970001220703125,42.58000183105469,29148700
2021-07-09,38.70637130737305,43.90999984741211,44.11000061035156,42.849998474121094,43.18000030517578,25055900
2021-07-12,38.92674255371094,44.15999984741211,44.25,42.959999084472656,43.279998779296875,17618900
2021-07-13,38.106956481933594,43.22999954223633,44.130001068115234,43.0099983215332,43.790000915527344,25387800
2021-07-14,39.623130798339844,44.95000076293945,45.130001068115234,42.5099983215332,43.599998474121094,49618000
2021-07-15,39.66720199584961,45.0,45.38999938964844,44.369998931884766,44.59000015258789,33388100
2021-07-16,39.03252029418945,44.279998779296875,45.529998779296875,44.11000061035156,45.40999984741211,27838200
2021-07-19,37.94828796386719,43.04999923706055,43.29999923706055,42.290000915527344,42.709999084472656,43362200
2021-07-20,39.52616500854492,44.84000015258789,45.150001525878906,42.869998931884766,43.0,34556200
2021-07-21,40.37240219116211,45.79999923706055,46.150001525878906,45.209999084472656,45.290000915527344,29654600
2021-07-22,39.69364547729492,45.029998779296875,45.95000076293945,44.79999923706055,45.84000015258789,23309500
2021-07-23,39.305789947509766,44.59000015258789,45.5099983215332,44.41999816894531,45.099998474121094,23946500
2021-07-26,39.67601776123047,45.0099983215332,45.2400016784668,44.470001220703125,44.470001220703125,22976700
2021-07-27,39.79059982299805,45.13999938964844,45.380001068115234,44.27000045776367,44.59000015258789,22124500
2021-07-28,40.116756439208984,45.5099983215332,46.040000915527344,44.97999954223633,45.380001068115234,23252800
2021-07-29,40.989444732666016,46.5,46.709999084472656,45.68000030517578,45.88999938964844,24487400
2021-07-30,40.49580383300781,45.939998626708984,46.849998474121094,45.72999954223633,46.2599983215332,25794000
2021-08-02,40.36357498168945,45.790000915527344,46.810001373291016,45.56999969482422,46.040000915527344,23960700
2021-08-03,41.28032684326172,46.83000183105469,46.939998626708984,45.11000061035156,45.97999954223633,24050300
2021-08-04,40.68091583251953,46.150001525878906,46.970001220703125,46.040000915527344,46.27000045776367,22178000
2021-08-05,41.601654052734375,46.9900016784668,47.0,46.0099983215332,46.04999923706055,28092600
2021-08-06,43.17754364013672,48.77000045776367,48.9900016784668,47.45000076293945,47.5,33583900
2021-08-09,43.071311950683594,48.650001525878906,49.34000015258789,48.290000915527344,48.65999984741211,29795200
2021-08-10,43.93893814086914,49.630001068115234,49.689998626708984,48.689998626708984,48.72999954223633,28708100
2021-08-11,44.85081100463867,50.65999984741211,50.72999954223633,49.16999816894531,49.630001068115234,29203900
2021-08-12,45.28463363647461,51.150001525878906,51.25,50.560001373291016,50.7599983215332,21729900
2021-08-13,44.59407424926758,50.369998931884766,51.40999984741211,50.18000030517578,51.209999084472656,15843300
2021-08-16,43.74415588378906,49.40999984741211,49.97999954223633,48.939998626708984,49.93000030517578,22615500
2021-08-17,43.12443161010742,48.709999084472656,49.369998931884766,48.029998779296875,48.880001068115234,16887000
2021-08-18,42.46928024291992,47.970001220703125,48.97999954223633,47.900001525878906,48.36000061035156,16319300
2021-08-19,41.83184814453125,47.25,47.95000076293945,46.83000183105469,47.349998474121094,20259400
2021-08-20,41.98234558105469,47.41999816894531,47.45000076293945,46.84000015258789,47.130001068115234,15357400
2021-08-23,42.15056610107422,47.61000061035156,47.9900016784668,47.45000076293945,47.75,15551900
2021-08-24,42.81455612182617,48.36000061035156,48.369998931884766,47.709999084472656,47.75,15109100
2021-08-25,43.63792037963867,49.290000915527344,49.619998931884766,48.470001220703125,48.619998931884766,21357400
2021-08-26,43.42543411254883,49.04999923706055,49.869998931884766,48.88999938964844,49.529998779296875,21627600
2021-08-27,44.09828186035156,49.810001373291016,49.849998474121094,49.119998931884766,49.220001220703125,16873300
2021-08-30,42.858829498291016,48.40999984741211,49.810001373291016,48.349998474121094,49.7599983215332,16054100
2021-08-31,40.4595832824707,45.70000076293945,48.9900016784668,45.209999084472656,48.40999984741211,73514300
2021-09-01,38.46758270263672,43.45000076293945,45.970001220703125,43.27000045776367,45.70000076293945,84960500
2021-09-02,39.459163665771484,44.56999969482422,44.880001068115234,43.540000915527344,43.68000030517578,37629000
2021-09-03,39.10502624511719,44.16999816894531,44.5,43.81999969482422,44.4900016784668,21687500
2021-09-07,39.228973388671875,44.310001373291016,44.959999084472656,44.25,44.31999969482422,19733500
2021-09-08,38.79515838623047,43.81999969482422,44.540000915527344,43.630001068115234,44.119998931884766,21252400
2021-09-09,39.27324295043945,44.36000061035156,44.720001220703125,43.7599983215332,43.849998474121094,19776900
2021-09-10,39.246681213378906,44.33000183105469,45.25,44.189998626708984,45.0,23367400
2021-09-13,40.5127067565918,45.7599983215332,45.810001373291016,44.560001373291016,44.560001373291016,28027200
2021-09-14,40.76944351196289,46.04999923706055,46.939998626708984,45.7599983215332,46.02000045776367,36053200
2021-09-15,41.29178237915039,46.63999938964844,46.88999938964844,45.849998474121094,45.869998931884766,31535600
2021-09-16,40.97307205200195,46.279998779296875,47.27000045776367,46.0099983215332,46.900001525878906,24102400
2021-09-17,41.14128494262695,46.470001220703125,46.689998626708984,45.7400016784668,45.7400016784668,34912100
2021-09-20,40.55697250366211,45.810001373291016,45.869998931884766,44.84000015258789,45.029998779296875,30603100
2021-09-21,40.59238052368164,45.849998474121094,46.36000061035156,45.72999954223633,45.97999954223633,23049100
2021-09-22,41.68133544921875,47.08000183105469,47.689998626708984,46.470001220703125,46.4900016784668,29430700
2021-09-23,42.318782806396484,47.79999923706055,48.16999816894531,47.15999984741211,47.459999084472656,21852800
2021-09-24,42.425010681152344,47.91999816894531,48.56999969482422,47.72999954223633,47.779998779296875,20384700
2021-09-27,42.106300354003906,47.560001373291016,48.939998626708984,46.15999984741211,48.380001068115234,48927500
2021-09-28,40.654354095458984,45.91999816894531,47.029998779296875,45.06999969482422,47.0099983215332,49349100
2021-09-29,41.63706970214844,47.029998779296875,47.150001525878906,45.93000030517578,46.45000076293945,21730200
2021-09-30,41.088165283203125,46.40999984741211,47.150001525878906,46.119998931884766,47.13999938964844,22947500
2021-10-01,41.62821960449219,47.02000045776367,47.310001373291016,46.4900016784668,46.54999923706055,18021700
2021-10-04,41.62821960449219,47.02000045776367,47.689998626708984,46.66999816894531,47.02000045776367,22315200
2021-10-05,42.46043014526367,47.959999084472656,48.45000076293945,47.349998474121094,47.5,20250500
2021-10-06,42.380741119384766,47.869998931884766,48.09000015258789,47.060001373291016,47.58000183105469,17425700
2021-10-07,42.283363342285156,47.7599983215332,48.59000015258789,47.540000915527344,48.2599983215332,19272300
2021-10-08,42.495845794677734,48.0,48.34000015258789,47.65999984741211,47.869998931884766,14295400
2021-10-11,41.858402252197266,47.279998779296875,48.459999084472656,47.220001220703125,48.20000076293945,15387900
2021-10-12,41.30065155029297,46.650001525878906,47.529998779296875,46.52000045776367,47.290000915527344,18995700
2021-10-13,40.76944351196289,46.04999923706055,46.56999969482422,45.220001220703125,46.56999969482422,24150300
2021-10-14,40.11429977416992,45.310001373291016,46.88999938964844,44.83000183105469,46.68000030517578,53257700
2021-10-15,42.8322639465332,48.380001068115234,48.7400016784668,45.709999084472656,45.720001220703125,60096600
2021-10-18,43.76185607910156,49.43000030517578,49.709999084472656,48.13999938964844,48.189998626708984,33842700
2021-10-19,44.5675163269043,50.34000015258789,50.349998474121094,49.279998779296875,49.63999938964844,26500300
2021-10-20,44.40815734863281,50.15999984741211,50.38999938964844,49.709999084472656,50.189998626708984,24227900
2021-10-21,44.55866622924805,50.33000183105469,50.599998474121094,49.7599983215332,49.95000076293945,20448300
2021-10-22,44.85081100463867,50.65999984741211,51.119998931884766,50.4900016784668,50.540000915527344,21517200
2021-10-25,44.815406799316406,50.619998931884766,51.119998931884766,50.52000045776367,50.88999938964844,19330300
2021-10-26,44.824256896972656,50.630001068115234,51.099998474121094,50.36000061035156,50.72999954223633,18196300
2021-10-27,44.31076431274414,50.04999923706055,50.9900016784668,49.95000076293945,50.2599983215332,21988300
2021-10-28,45.47054672241211,51.36000061035156,51.400001525878906,50.349998474121094,50.380001068115234,26785500
2021-10-29,45.29348373413086,51.15999984741211,51.63999938964844,51.02000045776367,51.25,19788500
2021-11-01,45.780418395996094,51.709999084472656,52.0,51.27000045776367,51.560001373291016,18699000
2021-11-02,45.41741943359375,51.29999923706055,51.720001220703125,51.220001220703125,51.540000915527344,21672500
2021-11-03,46.03716278076172,52.0,52.56999969482422,51.02000045776367,51.040000915527344,24225700
2021-11-04,44.988441467285156,50.619998931884766,51.70000076293945,49.90999984741211,51.54999923706055,32005700
2021-11-05,44.828460693359375,50.439998626708984,51.61000061035156,50.400001525878906,51.0,23443200
2021-11-08,45.210628509521484,50.869998931884766,51.369998931884766,50.54999923706055,50.54999923706055,19509500
2021-11-09,44.33964920043945,49.88999938964844,50.560001373291016,49.209999084472656,50.5,28324800
2021-11-10,44.75736618041992,50.36000061035156,50.77000045776367,49.68000030517578,49.7400016784668,19827800
2021-11-11,44.96177673339844,50.59000015258789,50.90999984741211,50.220001220703125,50.41999816894531,16069700
2021-11-12,45.29060745239258,50.959999084472656,51.0,50.369998931884766,50.68000030517578,17124700
2021-11-15,45.39726638793945,51.08000183105469,51.70000076293945,50.97999954223633,51.189998626708984,20110200
2021-11-16,44.76625442504883,50.369998931884766,51.18000030517578,50.16999816894531,51.11000061035156,19244900
2021-11-17,44.29521179199219,49.84000015258789,50.689998626708984,49.529998779296875,50.41999816894531,17802700
2021-11-18,44.348533630371094,49.900001525878906,50.18000030517578,49.27000045776367,49.630001068115234,19198200
2021-11-19,43.3886833190918,48.81999969482422,49.2400016784668,47.77000045776367,49.0,30548400
2021-11-22,44.73958969116211,50.34000015258789,51.11000061035156,49.72999954223633,50.630001068115234,28549400
2021-11-23,45.681671142578125,51.400001525878906,51.7400016784668,50.70000076293945,50.709999084472656,28024400
2021-11-24,45.601680755615234,51.310001373291016,51.7400016784668,51.18000030517578,51.5099983215332,18901900
2021-11-26,43.04207992553711,48.43000030517578,49.099998474121094,47.689998626708984,49.099998474121094,29919300
2021-11-29,43.69086837768555,49.15999984741211,49.77000045776367,48.310001373291016,49.66999816894531,27677000
2021-11-30,42.46438980102539,47.779998779296875,48.5099983215332,47.31999969482422,48.11000061035156,40671700
2021-12-01,41.95779800415039,47.209999084472656,49.45000076293945,47.18000030517578,48.689998626708984,29365100
2021-12-02,43.46868133544922,48.90999984741211,49.400001525878906,47.5099983215332,47.72999954223633,29184900
2021-12-03,42.43772506713867,47.75,49.2599983215332,47.369998931884766,49.2599983215332,29221900
2021-12-06,43.37981033325195,48.810001373291016,49.900001525878906,48.709999084472656,48.97999954223633,31650100
2021-12-07,44.659603118896484,50.25,50.52000045776367,49.34000015258789,49.459999084472656,28370200
2021-12-08,43.913055419921875,49.40999984741211,50.310001373291016,49.31999969482422,50.18000030517578,19990300
2021-12-09,44.161903381347656,49.689998626708984,50.029998779296875,48.7400016784668,49.02000045776367,16927200
2021-12-10,44.61516571044922,50.20000076293945,50.599998474121094,49.58000183105469,50.290000915527344,20040900
2021-12-13,43.157623291015625,48.560001373291016,49.959999084472656,48.43000030517578,49.900001525878906,19598900
2021-12-14,43.450897216796875,48.88999938964844,49.4900016784668,48.599998474121094,48.61000061035156,17602900
2021-12-15,43.495338439941406,48.939998626708984,49.27000045776367,48.130001068115234,49.02000045776367,20284300
2021-12-16,44.704036712646484,50.29999923706055,50.81999969482422,49.310001373291016,49.720001220703125,32781100
2021-12-17,42.6154899597168,47.95000076293945,49.72999954223633,47.869998931884766,49.70000076293945,74833400
2021-12-20,41.637855529785156,46.849998474121094,47.16999816894531,46.25,47.060001373291016,29134900
2021-12-21,42.491058349609375,47.810001373291016,48.13999938964844,47.34000015258789,47.59000015258789,21249400
2021-12-22,42.68657684326172,48.029998779296875,48.31999969482422,47.619998931884766,47.7400016784668,15688000
2021-12-23,42.97986602783203,48.36000061035156,48.93000030517578,48.220001220703125,48.400001525878906,16025600
2021-12-27,43.34425354003906,48.77000045776367,48.81999969482422,48.08000183105469,48.54999923706055,11900400
2021-12-28,43.0331916809082,48.41999816894531,49.189998626708984,48.36000061035156,48.560001373291016,14320500
2021-12-29,43.05985641479492,48.45000076293945,48.86000061035156,48.369998931884766,48.599998474121094,14390700
2021-12-30,42.7487907409668,48.099998474121094,48.90999984741211,48.040000915527344,48.4900016784668,13701300
2021-12-31,42.64214324951172,47.97999954223633,48.36000061035156,47.84000015258789,48.029998779296875,12649300
2022-01-03,45.08619689941406,50.72999954223633,50.810001373291016,48.91999816894531,48.93000030517578,38978100
2022-01-04,46.881473541259766,52.75,53.150001525878906,51.52000045776367,51.58000183105469,43855100
2022-01-05,46.47264862060547,52.290000915527344,53.13999938964844,52.0,52.91999816894531,35072600
2022-01-06,47.66357421875,53.630001068115234,53.66999816894531,52.65999984741211,53.150001525878906,29720800
2022-01-07,48.67674255371094,54.77000045776367,55.189998626708984,53.79999923706055,53.86000061035156,35149300
2022-01-10,49.19221496582031,55.349998474121094,56.060001373291016,54.47999954223633,55.5,34733500
2022-01-11,49.82323455810547,56.060001373291016,56.130001068115234,55.22999954223633,55.560001373291016,25073700
2022-01-12,50.12540817260742,56.400001525878906,56.709999084472656,55.7599983215332,56.40999984741211,34159400
2022-01-13,49.769901275634766,56.0,57.18000030517578,55.7599983215332,56.599998474121094,34037300
2022-01-14,51.60072708129883,58.060001373291016,58.869998931884766,56.38999938964844,56.849998474121094,56739600
2022-01-18,50.38313674926758,56.689998626708984,58.11000061035156,56.5099983215332,57.720001220703125,41689600
2022-01-19,49.38774490356445,55.56999969482422,57.68000030517578,55.470001220703125,57.11000061035156,34970200
2022-01-20,48.88115310668945,55.0,56.380001068115234,54.90999984741211,55.720001220703125,26972800
2022-01-21,47.699119567871094,53.66999816894531,55.0,53.130001068115234,54.5,38357600
2022-01-24,47.38805389404297,53.31999969482422,53.4900016784668,51.18000030517578,52.72999954223633,48451400
2022-01-25,47.628021240234375,53.59000015258789,53.72999954223633,51.54999923706055,52.66999816894531,40858700
2022-01-26,48.1168327331543,54.13999938964844,54.91999816894531,53.43000030517578,53.90999984741211,39687100
2022-01-27,47.779109954833984,53.7599983215332,55.5099983215332,53.22999954223633,54.599998474121094,34209200
2022-01-28,48.16127395629883,54.189998626708984,54.220001220703125,52.77000045776367,53.61000061035156,35519700
2022-01-31,47.81465530395508,53.79999923706055,54.04999923706055,53.029998779296875,53.81999969482422,34657500
2022-02-01,49.41441345214844,55.599998474121094,55.810001373291016,53.9900016784668,54.720001220703125,35870200
2022-02-02,49.70769500732422,55.93000030517578,56.04999923706055,54.959999084472656,55.27000045776367,29037100
2022-02-03,49.25239181518555,55.16999816894531,56.290000915527344,54.72999954223633,55.84000015258789,25227400
2022-02-04,50.28797149658203,56.33000183105469,57.040000915527344,55.470001220703125,56.040000915527344,33622100
2022-02-07,51.18070602416992,57.33000183105469,57.88999938964844,55.90999984741211,56.40999984741211,37480100
2022-02-08,52.448402404785156,58.75,58.97999954223633,57.79999923706055,58.0,39099600
2022-02-09,52.72515106201172,59.060001373291016,59.380001068115234,58.34000015258789,58.70000076293945,25883100
2022-02-10,52.716217041015625,59.04999923706055,60.29999923706055,58.79999923706055,59.54999923706055,36092000
2022-02-11,52.05559539794922,58.310001373291016,60.2400016784668,57.90999984741211,58.52000045776367,38650500
2022-02-14,51.644935607910156,57.849998474121094,58.650001525878906,57.18000030517578,58.5099983215332,32680500
2022-02-15,52.11809158325195,58.380001068115234,59.31999969482422,58.09000015258789,59.119998931884766,18224600
2022-02-16,51.903831481933594,58.13999938964844,58.880001068115234,57.54999923706055,57.90999984741211,22057200
2022-02-17,50.12728500366211,56.150001525878906,57.529998779296875,55.7599983215332,57.150001525878906,24946500
2022-02-18,49.66305160522461,55.630001068115234,56.720001220703125,55.369998931884766,56.150001525878906,22137900
2022-02-22,49.35059356689453,55.279998779296875,56.119998931884766,54.70000076293945,55.56999969482422,26887800
2022-02-23,48.16325759887695,53.95000076293945,56.02000045776367,53.7599983215332,55.849998474121094,21860700
2022-02-24,47.05625915527344,52.709999084472656,52.83000183105469,50.68000030517578,51.7599983215332,40917600
2022-02-25,48.306095123291016,54.11000061035156,54.439998626708984,53.09000015258789,53.16999816894531,27493500
2022-02-28,47.64546203613281,53.369998931884766,53.400001525878906,52.209999084472656,52.630001068115234,31094800
2022-03-01,44.89583206176758,50.290000915527344,52.720001220703125,50.0099983215332,52.439998626708984,54135500
2022-03-02,46.61881637573242,52.220001220703125,52.81999969482422,51.0,51.31999969482422,34894300
2022-03-03,45.74393844604492,51.2400016784668,52.560001373291016,50.939998626708984,52.349998474121094,24159700
2022-03-04,43.55672073364258,48.790000915527344,50.060001373291016,48.18000030517578,50.040000915527344,35871600
2022-03-07,40.896366119384766,45.810001373291016,48.58000183105469,45.77000045776367,48.58000183105469,56332500
2022-03-08,41.47664260864258,46.459999084472656,48.20000076293945,46.349998474121094,46.68000030517578,60018100
2022-03-09,43.88703918457031,49.15999984741211,49.75,48.349998474121094,48.790000915527344,34560200
2022-03-10,43.75312042236328,49.0099983215332,49.56999969482422,47.849998474121094,48.2599983215332,26178800
2022-03-11,43.27104187011719,48.470001220703125,50.0,48.43000030517578,49.66999816894531,23707100
2022-03-14,44.511959075927734,49.86000061035156,50.380001068115234,49.29999923706055,49.65999984741211,28166600
2022-03-15,44.735137939453125,50.11000061035156,50.630001068115234,49.33000183105469,50.15999984741211,25080600
2022-03-16,46.06531524658203,51.599998474121094,52.220001220703125,50.72999954223633,51.04999923706055,34672800
2022-03-17,45.958194732666016,51.47999954223633,51.4900016784668,50.22999954223633,51.02000045776367,29930300
2022-03-18,45.904624938964844,51.41999816894531,51.540000915527344,50.040000915527344,50.849998474121094,60963400
2022-03-21,45.654659271240234,51.13999938964844,51.79999923706055,50.61000061035156,51.65999984741211,23411500
2022-03-22,47.66332244873047,53.38999938964844,54.20000076293945,52.29999923706055,52.40999984741211,28625600
2022-03-23,45.63679885864258,51.119998931884766,53.04999923706055,51.099998474121094,52.7599983215332,27988700
2022-03-24,45.82428741455078,51.33000183105469,51.81999969482422,50.90999984741211,51.709999084472656,19677800
2022-03-25,46.9223518371582,52.560001373291016,52.59000015258789,51.40999984741211,51.470001220703125,19130900
2022-03-28,46.25278854370117,51.810001373291016,52.11000061035156,50.779998779296875,52.029998779296875,24115400
2022-03-29,46.06531524658203,51.599998474121094,53.29999923706055,51.52000045776367,53.060001373291016,20915000
2022-03-30,44.735137939453125,50.11000061035156,51.68000030517578,49.790000915527344,51.529998779296875,30913800
2022-03-31,43.262123107910156,48.459999084472656,50.43000030517578,48.43000030517578,49.75,31238500
2022-04-01,43.48530960083008,48.709999084472656,49.470001220703125,47.83000183105469,49.25,29989900
2022-04-04,43.262123107910156,48.459999084472656,48.65999984741211,47.61000061035156,48.45000076293945,23778300
2022-04-05,42.95859146118164,48.119998931884766,48.900001525878906,47.77000045776367,47.90999984741211,21757300
2022-04-06,42.75325393676758,47.88999938964844,48.08000183105469,47.400001525878906,47.689998626708984,26001200
2022-04-07,42.61935043334961,47.7400016784668,48.29999923706055,46.58000183105469,48.15999984741211,29486500
2022-04-08,43.50315856933594,48.72999954223633,48.88999938964844,47.93000030517578,48.0,23659800
2022-04-11,44.03881072998047,49.33000183105469,50.189998626708984,48.91999816894531,48.939998626708984,27041000
2022-04-12,43.226409912109375,48.41999816894531,49.900001525878906,48.0,49.68000030517578,25791900
2022-04-13,43.33354187011719,48.540000915527344,48.619998931884766,47.45000076293945,47.540000915527344,20645300
2022-04-14,41.37843704223633,46.349998474121094,47.81999969482422,45.029998779296875,45.88999938964844,65583200
2022-04-18,42.110477447509766,47.16999816894531,47.58000183105469,46.150001525878906,46.220001220703125,26120900
2022-04-19,42.69968795776367,47.83000183105469,48.189998626708984,47.33000183105469,47.38999938964844,19753300
2022-04-20,43.43174743652344,48.650001525878906,49.369998931884766,48.31999969482422,48.47999954223633,25893000
2022-04-21,42.65505599975586,47.779998779296875,49.4900016784668,47.599998474121094,49.150001525878906,19027600
2022-04-22,41.3695182800293,46.34000015258789,47.91999816894531,46.2599983215332,47.689998626708984,21676800
2022-04-25,40.91422653198242,45.83000183105469,45.970001220703125,44.529998779296875,45.7599983215332,30045500
2022-04-26,39.79829788208008,44.58000183105469,46.0,44.560001373291016,45.15999984741211,21527400
2022-04-27,39.79829788208008,44.58000183105469,45.189998626708984,44.13999938964844,44.40999984741211,19520900
2022-04-28,40.325008392333984,45.16999816894531,45.310001373291016,44.310001373291016,45.040000915527344,17431000
2022-04-29,38.9501953125,43.630001068115234,45.400001525878906,43.5099983215332,45.040000915527344,27149400
2022-05-02,38.985897064208984,43.66999816894531,44.040000915527344,42.61000061035156,43.869998931884766,25009300
2022-05-03,39.42334747314453,44.15999984741211,44.63999938964844,43.65999984741211,43.900001525878906,21545300
2022-05-04,41.048133850097656,45.97999954223633,46.130001068115234,44.18000030517578,44.310001373291016,29468000
2022-05-05,40.177433013916016,44.7599983215332,45.060001373291016,43.45000076293945,45.0,29978600
2022-05-06,39.98893356323242,44.54999923706055,44.880001068115234,43.52000045776367,44.61000061035156,27035300
2022-05-09,39.45933532714844,43.959999084472656,44.540000915527344,43.22999954223633,43.970001220703125,27132700
2022-05-10,38.669437408447266,43.08000183105469,44.709999084472656,42.189998626708984,44.38999938964844,25276100
2022-05-11,38.21165084838867,42.56999969482422,44.5099983215332,42.4900016784668,43.11000061035156,25291600
2022-05-12,37.52946090698242,41.810001373291016,42.40999984741211,40.91999816894531,42.22999954223633,30171700
2022-05-13,38.27448654174805,42.63999938964844,43.189998626708984,42.279998779296875,42.45000076293945,21253200
2022-05-16,37.88850402832031,42.209999084472656,42.66999816894531,41.70000076293945,42.400001525878906,16837400
2022-05-17,39.23493576049805,43.709999084472656,43.81999969482422,42.959999084472656,42.9900016784668,23340500
2022-05-18,37.79874801635742,42.11000061035156,43.310001373291016,41.88999938964844,43.290000915527344,27351300
2022-05-19,37.70000457763672,42.0,42.310001373291016,41.56999969482422,41.70000076293945,25211900
2022-05-20,37.40379333496094,41.66999816894531,42.790000915527344,40.7400016784668,42.5099983215332,35410400
2022-05-23,39.33367919921875,43.81999969482422,44.31999969482422,42.72999954223633,42.72999954223633,27979100
2022-05-24,38.857933044433594,43.290000915527344,43.77000045776367,42.63999938964844,43.689998626708984,23996000
2022-05-25,39.60295486450195,44.119998931884766,44.459999084472656,43.029998779296875,43.09000015258789,22343900
2022-05-26,40.93143081665039,45.599998474121094,45.7599983215332,44.75,44.83000183105469,23502500
2022-05-27,41.19173812866211,45.88999938964844,46.04999923706055,45.45000076293945,45.70000076293945,19482600
2022-05-31,41.08403778076172,45.77000045776367,46.27000045776367,45.0,45.34000015258789,40727400
2022-06-01,40.53647994995117,45.15999984741211,46.06999969482422,44.400001525878906,45.959999084472656,20417900
2022-06-02,40.689083099365234,45.33000183105469,45.43000030517578,44.5099983215332,45.119998931884766,14633300
2022-06-03,40.23129653930664,44.81999969482422,45.33000183105469,44.61000061035156,44.83000183105469,12572400
2022-06-06,40.50057601928711,45.119998931884766,45.88999938964844,44.959999084472656,45.34000015258789,11867200
2022-06-07,40.81474304199219,45.470001220703125,45.540000915527344,44.630001068115234,44.7599983215332,13281600
2022-06-08,40.06074142456055,44.630001068115234,45.06999969482422,44.22999954223633,44.880001068115234,12364400
2022-06-09,38.301414489746094,42.66999816894531,44.630001068115234,42.63999938964844,44.58000183105469,20142400
2022-06-10,35.9765739440918,40.08000183105469,41.439998626708984,40.02000045776367,41.029998779296875,27619300
2022-06-13,34.99817657470703,38.9900016784668,39.68000030517578,38.77000045776367,38.97999954223633,27553800
2022-06-14,33.59789276123047,37.43000030517578,39.29999923706055,37.0099983215332,38.77000045776367,36817600
2022-06-15,34.262123107910156,38.16999816894531,38.65999984741211,37.33000183105469,38.0,31358100
2022-06-16,33.79536437988281,37.650001525878906,37.72999954223633,36.540000915527344,37.36000061035156,37991500
2022-06-17,34.54038619995117,38.47999954223633,38.970001220703125,37.5,37.83000183105469,59114300
2022-06-21,34.99817657470703,38.9900016784668,39.939998626708984,38.869998931884766,39.86000061035156,24884700
2022-06-22,34.648094177246094,38.599998474121094,39.06999969482422,38.310001373291016,38.38999938964844,18631700
2022-06-23,34.019771575927734,37.900001525878906,38.36000061035156,37.150001525878906,38.060001373291016,23143800
2022-06-24,36.58696365356445,40.7599983215332,41.099998474121094,38.5099983215332,38.68000030517578,39407700
2022-06-27,36.12019729614258,40.2400016784668,40.9900016784668,39.900001525878906,40.84000015258789,16996800
2022-06-28,36.06633758544922,40.18000030517578,41.560001373291016,40.08000183105469,40.970001220703125,18136600
2022-06-29,35.64445877075195,39.709999084472656,40.529998779296875,39.54999923706055,40.27000045776367,15778700
2022-06-30,35.159732818603516,39.16999816894531,39.709999084472656,38.279998779296875,39.06999969482422,20425700
2022-07-01,35.83295440673828,39.91999816894531,40.08000183105469,38.459999084472656,38.720001220703125,15333900
2022-07-05,35.99452590942383,40.099998474121094,40.119998931884766,38.5099983215332,39.0,19144500
2022-07-06,35.45595932006836,39.5,40.029998779296875,38.91999816894531,39.61000061035156,17014100
2022-07-07,36.012489318847656,40.119998931884766,40.4900016784668,39.72999954223633,40.209999084472656,21060400
2022-07-08,36.06633758544922,40.18000030517578,40.70000076293945,39.86000061035156,40.29999923706055,14437500
2022-07-11,35.71626663208008,39.790000915527344,40.0099983215332,39.2400016784668,39.66999816894531,13111600
2022-07-12,35.54571533203125,39.599998474121094,40.470001220703125,39.0099983215332,39.08000183105469,15127300
2022-07-13,35.069984436035156,39.06999969482422,39.349998474121094,38.40999984741211,39.08000183105469,14116800
2022-07-14,34.773765563964844,38.7400016784668,38.75,37.43000030517578,38.09000015258789,24355300
2022-07-15,36.9190788269043,41.130001068115234,41.810001373291016,39.22999954223633,39.400001525878906,40328300
2022-07-18,36.97294235229492,41.189998626708984,42.790000915527344,41.02000045776367,41.93000030517578,17991300
2022-07-19,38.50786209106445,42.900001525878906,43.06999969482422,41.75,41.880001068115234,25724200
2022-07-20,38.346290588378906,42.720001220703125,43.029998779296875,42.36000061035156,42.540000915527344,19111200
2022-07-21,38.848960876464844,43.279998779296875,43.369998931884766,42.279998779296875,42.47999954223633,17809000
2022-07-22,38.750221252441406,43.16999816894531,43.529998779296875,42.689998626708984,43.16999816894531,15965400
2022-07-25,39.04643630981445,43.5,43.90999984741211,43.209999084472656,43.529998779296875,20297900
2022-07-26,38.50786209106445,42.900001525878906,43.68000030517578,42.810001373291016,43.11000061035156,15446700
2022-07-27,39.23493576049805,43.709999084472656,43.970001220703125,42.689998626708984,42.97999954223633,19498400
2022-07-28,38.88486099243164,43.31999969482422,43.83000183105469,42.709999084472656,43.54999923706055,14527300
2022-07-29,39.37855529785156,43.869998931884766,44.349998474121094,43.310001373291016,43.310001373291016,17512700
2022-08-01,39.08233642578125,43.540000915527344,44.15999984741211,43.15999984741211,43.439998626708984,13668300
2022-08-02,38.48991012573242,42.880001068115234,43.540000915527344,42.86000061035156,43.4900016784668,17764000
2022-08-03,39.39649963378906,43.88999938964844,44.56999969482422,43.25,43.38999938964844,17359500
2022-08-04,38.65538787841797,42.77000045776367,43.599998474121094,42.63999938964844,43.5,15062800
2022-08-05,39.55015563964844,43.7599983215332,44.29999923706055,42.529998779296875,42.58000183105469,16021000
2022-08-08,39.03498458862305,43.189998626708984,44.189998626708984,43.130001068115234,43.970001220703125,12879700
2022-08-09,39.22479248046875,43.400001525878906,43.790000915527344,42.9900016784668,43.220001220703125,10489500
2022-08-10,40.06531524658203,44.33000183105469,44.70000076293945,44.040000915527344,44.040000915527344,14037600
2022-08-11,40.89680862426758,45.25,45.61000061035156,44.88999938964844,45.0,14038800
2022-08-12,41.52042770385742,45.939998626708984,45.959999084472656,45.189998626708984,45.52000045776367,10706000
2022-08-15,41.34870910644531,45.75,45.81999969482422,44.90999984741211,45.40999984741211,11070300
2022-08-16,41.62889099121094,46.060001373291016,46.31999969482422,45.349998474121094,45.58000183105469,12234100
2022-08-17,41.701194763183594,46.13999938964844,46.310001373291016,45.54999923706055,45.720001220703125,13151700
2022-08-18,41.701194763183594,46.13999938964844,46.20000076293945,45.7599983215332,46.13999938964844,7885900
2022-08-19,40.9871940612793,45.349998474121094,46.02000045776367,45.040000915527344,45.900001525878906,13142900
2022-08-22,40.13762283325195,44.40999984741211,44.7400016784668,44.119998931884766,44.599998474121094,12391400
2022-08-23,40.101470947265625,44.369998931884766,44.959999084472656,44.279998779296875,44.459999084472656,10475100
2022-08-24,40.34549331665039,44.63999938964844,44.70000076293945,44.02000045776367,44.33000183105469,11706700
2022-08-25,41.023338317871094,45.38999938964844,45.52000045776367,44.43000030517578,44.790000915527344,11783200
2022-08-26,39.739952087402344,43.970001220703125,45.720001220703125,43.939998626708984,45.58000183105469,13405200
2022-08-29,39.69476318359375,43.91999816894531,44.31999969482422,43.58000183105469,43.79999923706055,12504900
2022-08-30,39.89358901977539,44.13999938964844,44.439998626708984,43.54999923706055,44.2599983215332,14365000
2022-08-31,39.50495910644531,43.709999084472656,44.59000015258789,43.61000061035156,44.279998779296875,22609100
2022-09-01,39.49592208862305,43.70000076293945,43.7400016784668,42.79999923706055,43.65999984741211,13173000
2022-09-02,39.20671081542969,43.380001068115234,44.79999923706055,43.16999816894531,44.29999923706055,13025900
2022-09-06,38.75480651855469,42.880001068115234,43.880001068115234,42.36000061035156,43.709999084472656,14708700
2022-09-07,39.62245559692383,43.84000015258789,43.90999984741211,42.25,42.540000915527344,19475800
2022-09-08,40.87873077392578,45.22999954223633,45.2599983215332,43.34000015258789,43.619998931884766,18500300
2022-09-09,40.9691162109375,45.33000183105469,45.810001373291016,45.25,45.5099983215332,12875500
2022-09-12,41.149864196777344,45.529998779296875,46.13999938964844,45.2599983215332,45.68000030517578,12127900
2022-09-13,39.062103271484375,43.220001220703125,44.529998779296875,43.040000915527344,44.349998474121094,21124900
2022-09-14,39.1163330078125,43.279998779296875,43.61000061035156,42.25,43.25,15067800
2022-09-15,39.89358901977539,44.13999938964844,44.689998626708984,43.349998474121094,43.400001525878906,13173200
2022-09-16,39.712833404541016,43.939998626708984,44.060001373291016,43.33000183105469,43.70000076293945,21238800
2022-09-19,40.056278228759766,44.31999969482422,44.61000061035156,43.40999984741211,43.43000030517578,11324100
2022-09-20,39.23381805419922,43.40999984741211,44.290000915527344,43.09000015258789,43.88999938964844,19503900
2022-09-21,38.203495025634766,42.27000045776367,43.810001373291016,42.2400016784668,43.65999984741211,19207100
2022-09-22,37.52565002441406,41.52000045776367,42.5099983215332,41.439998626708984,42.4900016784668,15499000
2022-09-23,36.522430419921875,40.40999984741211,40.97999954223633,39.70000076293945,40.81999969482422,23316200
2022-09-26,36.160919189453125,40.0099983215332,40.540000915527344,39.34000015258789,40.13999938964844,21420000
2022-09-27,36.178993225097656,40.029998779296875,40.59000015258789,39.40999984741211,40.209999084472656,17541400
2022-09-28,36.88395309448242,40.810001373291016,41.060001373291016,39.900001525878906,39.900001525878906,16033500
2022-09-29,36.60377502441406,40.5,40.689998626708984,39.77000045776367,40.15999984741211,14811300
2022-09-30,36.35071563720703,40.220001220703125,41.13999938964844,40.18000030517578,40.63999938964844,21182200
2022-10-03,37.57988357543945,41.58000183105469,41.79999923706055,40.63999938964844,41.290000915527344,16827600
2022-10-04,39.351318359375,43.540000915527344,43.59000015258789,42.15999984741211,42.15999984741211,18601300
2022-10-05,39.1434440612793,43.310001373291016,43.540000915527344,42.560001373291016,42.83000183105469,15873400
2022-10-06,38.17638397216797,42.2400016784668,43.13999938964844,42.209999084472656,42.869998931884766,15634800
2022-10-07,37.76968002319336,41.790000915527344,42.119998931884766,41.38999938964844,42.029998779296875,17186700
2022-10-10,37.46238708496094,41.45000076293945,42.11000061035156,41.150001525878906,41.939998626708984,10973700
2022-10-11,36.35975646972656,40.22999954223633,41.31999969482422,40.060001373291016,41.220001220703125,19135900
2022-10-12,36.61280822753906,40.5099983215332,41.220001220703125,39.959999084472656,40.2400016784668,16469900
2022-10-13,38.302913665771484,42.380001068115234,42.66999816894531,39.75,39.75,23808700
2022-10-14,39.016910552978516,43.16999816894531,44.93000030517578,43.130001068115234,43.79999923706055,33954200
2022-10-17,39.73091125488281,43.959999084472656,45.189998626708984,43.88999938964844,44.65999984741211,24507000
2022-10-18,40.37260437011719,44.66999816894531,45.29999923706055,43.81999969482422,45.11000061035156,24810400
2022-10-19,39.42361831665039,43.619998931884766,44.52000045776367,43.29999923706055,44.18000030517578,17876800
2022-10-20,39.45073699951172,43.650001525878906,44.43000030517578,43.5,43.68000030517578,17572700
2022-10-21,40.5172119140625,44.83000183105469,44.880001068115234,43.56999969482422,43.63999938964844,18632800
2022-10-24,40.85162353515625,45.20000076293945,45.529998779296875,44.83000183105469,44.95000076293945,16154300
2022-10-25,41.00526428222656,45.369998931884766,45.599998474121094,44.369998931884766,44.779998779296875,16362200
2022-10-26,41.30352020263672,45.70000076293945,46.209999084472656,45.470001220703125,45.65999984741211,15010800
2022-10-27,41.25833511352539,45.650001525878906,46.4900016784668,45.54999923706055,46.02000045776367,14655500
2022-10-28,41.890987396240234,46.349998474121094,46.4900016784668,45.470001220703125,45.90999984741211,14990400
2022-10-31,41.56562042236328,45.9900016784668,46.52000045776367,45.97999954223633,46.13999938964844,14000000
2022-11-01,42.433258056640625,46.95000076293945,47.060001373291016,46.2599983215332,46.58000183105469,22409100
2022-11-02,42.37000274658203,46.880001068115234,47.54999923706055,46.4900016784668,46.880001068115234,29246700
2022-11-03,41.42399978637695,45.540000915527344,46.20000076293945,45.40999984741211,46.20000076293945,17140100
2022-11-04,42.51553726196289,46.7400016784668,46.90999984741211,45.900001525878906,46.33000183105469,27082500
2022-11-07,42.81571578979492,47.06999969482422,47.81999969482422,46.810001373291016,47.130001068115234,17713300
2022-11-08,42.915775299072266,47.18000030517578,47.470001220703125,46.720001220703125,47.25,14842700
2022-11-09,41.81513977050781,45.970001220703125,47.0,45.95000076293945,46.79999923706055,18318700
2022-11-10,43.616180419921875,47.95000076293945,48.11000061035156,46.93000030517578,47.02000045776367,23091900
2022-11-11,43.252323150634766,47.54999923706055,48.36000061035156,47.33000183105469,48.099998474121094,18076600
2022-11-14,42.633792877197266,46.869998931884766,47.56999969482422,46.869998931884766,47.20000076293945,13929900
2022-11-15,42.488243103027344,46.709999084472656,47.5099983215332,46.2400016784668,47.380001068115234,19076000
2022-11-16,42.03343963623047,46.209999084472656,46.849998474121094,46.029998779296875,46.66999816894531,14713300
2022-11-17,41.83332824707031,45.9900016784668,46.16999816894531,45.470001220703125,45.720001220703125,11350900
2022-11-18,42.29723358154297,46.5,46.77000045776367,45.970001220703125,46.720001220703125,10515300
2022-11-21,42.606502532958984,46.84000015258789,47.09000015258789,46.380001068115234,46.380001068115234,11656800
2022-11-22,42.85210037231445,47.11000061035156,47.400001525878906,46.90999984741211,47.130001068115234,11684900
2022-11-23,43.05221176147461,47.33000183105469,47.5,46.9900016784668,47.119998931884766,10878500
2022-11-25,43.15227127075195,47.439998626708984,47.63999938964844,47.02000045776367,47.36000061035156,4913300
2022-11-28,42.733848571777344,46.97999954223633,47.75,46.91999816894531,47.119998931884766,12492600
2022-11-29,43.27051544189453,47.56999969482422,47.650001525878906,47.040000915527344,47.18000030517578,13344900
2022-11-30,43.616180419921875,47.95000076293945,47.95000076293945,46.13999938964844,47.31999969482422,26417000
2022-12-01,42.633792877197266,46.869998931884766,48.18000030517578,46.459999084472656,47.93000030517578,15980300
2022-12-02,41.787841796875,45.939998626708984,46.52000045776367,44.880001068115234,46.38999938964844,29820400
2022-12-05,39.71392059326172,43.65999984741211,45.880001068115234,43.619998931884766,45.70000076293945,32574600
2022-12-06,39.47740936279297,43.400001525878906,43.849998474121094,42.65999984741211,43.68000030517578,25961400
2022-12-07,38.61328125,42.45000076293945,43.34000015258789,42.439998626708984,43.09000015258789,24114900
2022-12-08,38.731529235839844,42.58000183105469,42.88999938964844,42.11000061035156,42.709999084472656,17161400
2022-12-09,38.65876007080078,42.5,42.91999816894531,42.31999969482422,42.33000183105469,16023700
2022-12-12,38.98622512817383,42.86000061035156,42.93000030517578,42.11000061035156,42.599998474121094,18428900
2022-12-13,38.767913818359375,42.619998931884766,44.08000183105469,42.11000061035156,43.880001068115234,31496000
2022-12-14,38.3676872253418,42.18000030517578,43.22999954223633,41.95000076293945,42.59000015258789,22044400
2022-12-15,37.630889892578125,41.369998931884766,41.709999084472656,41.0099983215332,41.41999816894531,16766600
2022-12-16,37.46715545654297,41.189998626708984,41.45000076293945,40.849998474121094,41.029998779296875,29836200
2022-12-19,38.04021453857422,41.81999969482422,41.90999984741211,41.11000061035156,41.34000015258789,17454200
2022-12-20,37.276145935058594,40.97999954223633,42.560001373291016,40.970001220703125,41.290000915527344,25415400
2022-12-21,37.403480529785156,41.119998931884766,41.63999938964844,40.91999816894531,41.36000061035156,20170800
2022-12-22,37.00325393676758,40.68000030517578,40.7400016784668,40.02000045776367,40.709999084472656,17382700
2022-12-23,37.276145935058594,40.97999954223633,41.0,40.45000076293945,40.689998626708984,10167500
2022-12-27,37.33071517944336,41.040000915527344,41.13999938964844,40.61000061035156,41.0099983215332,10297400
2022-12-28,37.403480529785156,41.119998931884766,41.380001068115234,40.86000061035156,40.939998626708984,11889400
2022-12-29,37.594512939453125,41.33000183105469,41.400001525878906,41.060001373291016,41.150001525878906,11597100
2022-12-30,37.55812072753906,41.290000915527344,41.43000030517578,40.9900016784668,41.11000061035156,10021500
2023-01-03,38.012935638427734,41.790000915527344,42.13999938964844,41.45000076293945,41.61000061035156,15944300
2023-01-04,38.79520797729492,42.650001525878906,43.060001373291016,42.22999954223633,42.2599983215332,18943600
2023-01-05,38.58599090576172,42.41999816894531,42.630001068115234,41.93000030517578,42.58000183105469,12380700
2023-01-06,38.931640625,42.79999923706055,43.0,42.099998474121094,42.59000015258789,15247000
2023-01-09,38.558692932128906,42.38999938964844,43.130001068115234,42.15999984741211,43.119998931884766,21225600
2023-01-10,38.53141784667969,42.36000061035156,42.880001068115234,42.02000045776367,42.66999816894531,18348800
2023-01-11,38.877071380615234,42.7400016784668,42.83000183105469,42.02000045776367,42.380001068115234,18272100
2023-01-12,38.95893096923828,42.83000183105469,43.54999923706055,42.79999923706055,43.04999923706055,20940400
2023-01-13,40.223304748535156,44.220001220703125,44.36000061035156,40.459999084472656,41.380001068115234,41649700
2023-01-17,40.13233184814453,44.119998931884766,44.369998931884766,43.18000030517578,43.84000015258789,25473900
2023-01-18,39.459228515625,43.380001068115234,44.61000061035156,43.29999923706055,43.959999084472656,20278000
2023-01-19,39.068092346191406,42.95000076293945,43.20000076293945,42.52000045776367,42.90999984741211,18565300
2023-01-20,39.95041275024414,43.91999816894531,43.939998626708984,42.7599983215332,43.08000183105469,23237200
2023-01-23,40.9600944519043,45.029998779296875,45.18000030517578,43.869998931884766,43.939998626708984,19692000
2023-01-24,40.43251037597656,44.45000076293945,45.20000076293945,44.369998931884766,44.90999984741211,13697200
2023-01-25,41.2420768737793,45.34000015258789,45.41999816894531,44.029998779296875,44.04999923706055,17285300
2023-01-26,41.669593811035156,45.810001373291016,45.900001525878906,45.15999984741211,45.529998779296875,16724600
2023-01-27,41.951576232910156,46.119998931884766,46.369998931884766,45.810001373291016,45.810001373291016,18161800
2023-01-30,42.1062126159668,46.290000915527344,46.650001525878906,45.810001373291016,45.90999984741211,19427400
2023-01-31,42.633792877197266,46.869998931884766,46.880001068115234,46.060001373291016,46.31999969482422,22840400
2023-02-01,43.05221176147461,47.33000183105469,47.79999923706055,46.470001220703125,46.65999984741211,21874600
2023-02-02,43.23530197143555,47.22999954223633,47.56999969482422,46.43000030517578,47.31999969482422,19058000
2023-02-03,43.55569839477539,47.58000183105469,48.040000915527344,46.95000076293945,47.0,17346900
2023-02-06,43.647239685058594,47.68000030517578,47.7599983215332,47.150001525878906,47.2599983215332,15948900
2023-02-07,44.059181213378906,48.130001068115234,48.40999984741211,47.349998474121094,47.439998626708984,21764800
2023-02-08,44.169029235839844,48.25,48.61000061035156,47.61000061035156,47.70000076293945,18070500
2023-02-09,43.54653549194336,47.56999969482422,48.630001068115234,47.4900016784668,48.470001220703125,17362100
2023-02-10,43.491615295410156,47.5099983215332,47.709999084472656,46.97999954223633,47.40999984741211,18929000
2023-02-13,44.059181213378906,48.130001068115234,48.150001525878906,47.130001068115234,47.34000015258789,16451700
2023-02-14,44.39788055419922,48.5,48.84000015258789,47.75,47.93000030517578,16844400
2023-02-15,43.91271209716797,47.970001220703125,48.2599983215332,47.70000076293945,47.91999816894531,12854000
2023-02-16,43.22614288330078,47.220001220703125,47.810001373291016,47.189998626708984,47.599998474121094,12631700
2023-02-17,43.473304748535156,47.4900016784668,47.56999969482422,47.02000045776367,47.09000015258789,13463800
2023-02-21,42.32902908325195,46.2400016784668,47.06999969482422,45.970001220703125,47.06999969482422,13652700
2023-02-22,42.11848449707031,46.0099983215332,46.22999954223633,45.689998626708984,45.95000076293945,13402900
2023-02-23,42.33818054199219,46.25,46.439998626708984,45.790000915527344,46.119998931884766,14783600
2023-02-24,42.67688751220703,46.619998931884766,46.7599983215332,45.70000076293945,45.84000015258789,16040300
2023-02-27,42.8233528137207,46.779998779296875,47.43000030517578,46.720001220703125,46.939998626708984,15468200
2023-02-28,42.814208984375,46.77000045776367,47.029998779296875,46.540000915527344,46.66999816894531,18627200
2023-03-01,42.73181915283203,46.68000030517578,46.91999816894531,46.25,46.5,13382200
2023-03-02,41.92625045776367,45.79999923706055,46.619998931884766,45.380001068115234,46.459999084472656,19115000
2023-03-03,42.88743209838867,46.849998474121094,46.97999954223633,45.90999984741211,46.02000045776367,14947200
2023-03-06,42.68605041503906,46.630001068115234,47.18000030517578,46.5099983215332,46.880001068115234,14236000
2023-03-07,40.690425872802734,44.45000076293945,46.27000045776367,44.119998931884766,46.189998626708984,24056800
2023-03-08,40.132022857666016,43.84000015258789,44.560001373291016,43.599998474121094,44.2599983215332,14852000
2023-03-09,37.6512451171875,41.130001068115234,43.529998779296875,40.83000183105469,43.439998626708984,33599800
2023-03-10,37.861778259277344,41.36000061035156,42.36000061035156,39.72999954223633,40.58000183105469,55435400
2023-03-13,35.161285400390625,38.40999984741211,40.54999923706055,38.209999084472656,39.79999923706055,78806900
2023-03-14,36.77243423461914,40.16999816894531,41.599998474121094,39.369998931884766,41.5,52855100
2023-03-15,35.56407165527344,38.849998474121094,38.97999954223633,38.08000183105469,38.29999923706055,47324600
2023-03-16,35.976016998291016,39.29999923706055,40.060001373291016,38.150001525878906,38.630001068115234,40388800
2023-03-17,34.56626510620117,37.7599983215332,38.7599983215332,37.529998779296875,38.7599983215332,47403800
2023-03-20,34.30995178222656,37.47999954223633,38.45000076293945,37.45000076293945,38.119998931884766,34283700
2023-03-21,35.225372314453125,38.47999954223633,38.959999084472656,38.36000061035156,38.599998474121094,34664700
2023-03-22,34.05363845825195,37.20000076293945,38.709999084472656,37.189998626708984,38.709999084472656,22994400
2023-03-23,33.51353454589844,36.61000061035156,37.63999938964844,36.5099983215332,37.4900016784668,30239900
2023-03-24,33.16567611694336,36.22999954223633,36.47999954223633,35.25,36.0,35694800
2023-03-27,34.3007926940918,37.470001220703125,37.689998626708984,36.959999084472656,37.02000045776367,27454600
2023-03-28,34.03532028198242,37.18000030517578,37.59000015258789,36.869998931884766,37.36000061035156,15270000
2023-03-29,34.758506774902344,37.970001220703125,38.0099983215332,37.29999923706055,37.599998474121094,20789100
2023-03-30,34.21841049194336,37.380001068115234,38.5,37.16999816894531,38.29999923706055,22340400
2023-03-31,34.21841049194336,37.380001068115234,37.95000076293945,37.310001373291016,37.72999954223633,30287900
2023-04-03,34.52965545654297,37.720001220703125,38.15999984741211,37.400001525878906,37.52000045776367,21541000
2023-04-04,33.69662094116211,36.810001373291016,37.79999923706055,36.38999938964844,37.70000076293945,21942700
2023-04-05,33.76985168457031,36.88999938964844,37.0099983215332,36.27000045776367,36.5,15486900
2023-04-06,34.69442367553711,37.900001525878906,38.099998474121094,37.060001373291016,37.11000061035156,23484900
2023-04-10,35.36268615722656,38.630001068115234,38.709999084472656,37.61000061035156,37.70000076293945,27005800
2023-04-11,36.04009246826172,39.369998931884766,39.540000915527344,38.709999084472656,38.77000045776367,25116100
2023-04-12,35.87531661987305,39.189998626708984,39.849998474121094,38.88999938964844,39.41999816894531,20252900
2023-04-13,36.305564880371094,39.65999984741211,39.68000030517578,39.040000915527344,39.31999969482422,22397800
2023-04-14,36.287261962890625,39.63999938964844,40.5099983215332,39.119998931884766,39.75,40963100
2023-04-17,37.80685043334961,41.29999923706055,41.29999923706055,39.560001373291016,39.83000183105469,31445100
2023-04-18,38.32863998413086,41.869998931884766,42.060001373291016,41.13999938964844,41.209999084472656,27892300
2023-04-19,38.66735076904297,42.2400016784668,42.40999984741211,41.790000915527344,41.970001220703125,23310500
2023-04-20,38.14555358886719,41.66999816894531,42.04999923706055,41.45000076293945,41.869998931884766,19265500
2023-04-21,37.75192642211914,41.2400016784668,41.400001525878906,40.209999084472656,41.209999084472656,23975300
2023-04-24,37.94416809082031,41.45000076293945,41.599998474121094,41.040000915527344,41.130001068115234,17327800
2023-04-25,37.12028121948242,40.54999923706055,41.060001373291016,40.38999938964844,40.70000076293945,20728000
2023-04-26,36.12247848510742,39.459999084472656,40.45000076293945,39.2400016784668,40.2400016784668,26915600
2023-04-27,36.305564880371094,39.65999984741211,39.779998779296875,39.31999969482422,39.529998779296875,21695800
2023-04-28,36.3879508972168,39.75,39.91999816894531,38.959999084472656,39.25,20193000
2023-05-01,36.97382736206055,40.38999938964844,41.18000030517578,40.189998626708984,40.4900016784668,26564300
2023-05-02,35.5549201965332,38.84000015258789,40.0099983215332,38.31999969482422,40.0099983215332,36239500
2023-05-03,35.3809928894043,38.650001525878906,39.66999816894531,38.61000061035156,39.029998779296875,25202700
2023-05-04,33.8771858215332,36.720001220703125,38.08000183105469,36.400001525878906,37.68000030517578,53247000
2023-05-05,35.00272750854492,37.939998626708984,38.279998779296875,37.33000183105469,37.459999084472656,27039700
2023-05-08,35.40867233276367,38.380001068115234,38.779998779296875,38.150001525878906,38.43000030517578,22735400
2023-05-09,35.55628967285156,38.540000915527344,38.66999816894531,37.77000045776367,37.939998626708984,18999100
2023-05-10,35.316410064697266,38.279998779296875,39.22999954223633,37.900001525878906,39.20000076293945,17941600
2023-05-11,35.362545013427734,38.33000183105469,38.47999954223633,37.40999984741211,37.7599983215332,18536200
2023-05-12,34.58757781982422,37.4900016784668,38.529998779296875,37.18000030517578,38.459999084472656,17658600
2023-05-15,35.76847457885742,38.77000045776367,39.099998474121094,37.459999084472656,37.599998474121094,24405800
2023-05-16,35.41789627075195,38.38999938964844,38.77000045776367,38.31999969482422,38.68000030517578,21821200
2023-05-17,37.327632904052734,40.459999084472656,40.61000061035156,38.88999938964844,38.9900016784668,29241600
2023-05-18,37.09700012207031,40.209999084472656,40.31999969482422,39.56999969482422,40.31999969482422,27213900
2023-05-19,36.930931091308594,40.029998779296875,40.459999084472656,39.619998931884766,40.33000183105469,19774900
2023-05-22,37.8073844909668,40.97999954223633,41.22999954223633,40.099998474121094,40.20000076293945,27519400
2023-05-23,38.01957321166992,41.209999084472656,42.119998931884766,40.97999954223633,41.0099983215332,26116600
2023-05-24,37.705894470214844,40.869998931884766,41.290000915527344,40.68000030517578,40.88999938964844,21193700
2023-05-25,37.73357009887695,40.900001525878906,41.290000915527344,40.52000045776367,40.619998931884766,17691800
2023-05-26,38.03802490234375,41.22999954223633,41.52000045776367,40.7599983215332,40.900001525878906,17399400
2023-05-30,37.8073844909668,40.97999954223633,41.41999816894531,40.34000015258789,41.2400016784668,14752600
2023-05-31,36.72795867919922,39.810001373291016,40.470001220703125,39.29999923706055,40.290000915527344,27221100
2023-06-01,36.95861053466797,40.060001373291016,40.529998779296875,39.68000030517578,40.209999084472656,17079400
2023-06-02,38.0472526550293,41.2400016784668,41.54999923706055,40.380001068115234,40.619998931884766,16906100
2023-06-05,37.318416595458984,40.45000076293945,41.15999984741211,40.439998626708984,41.15999984741211,18443900
2023-06-06,38.065696716308594,41.2599983215332,41.619998931884766,40.2599983215332,40.400001525878906,18825100
2023-06-07,38.812992095947266,42.06999969482422,42.13999938964844,40.9900016784668,41.45000076293945,17781800
2023-06-08,39.08977127075195,42.369998931884766,42.400001525878906,41.560001373291016,41.70000076293945,17157300
2023-06-09,38.868350982666016,42.130001068115234,42.470001220703125,42.029998779296875,42.33000183105469,11098900
2023-06-12,38.59157180786133,41.83000183105469,42.7599983215332,41.40999984741211,42.11000061035156,19433400
2023-06-13,39.34809494018555,42.650001525878906,43.34000015258789,41.529998779296875,41.68000030517578,18864000
2023-06-14,38.82221984863281,42.08000183105469,42.9900016784668,41.9900016784668,42.75,14826100
2023-06-15,39.08054733276367,42.36000061035156,42.41999816894531,41.619998931884766,41.81999969482422,14188200
2023-06-16,38.91448211669922,42.18000030517578,42.7400016784668,42.060001373291016,42.58000183105469,36422100
2023-06-20,38.64693069458008,41.88999938964844,42.13999938964844,41.34000015258789,42.119998931884766,16679600
2023-06-21,38.425506591796875,41.650001525878906,41.959999084472656,41.529998779296875,41.849998474121094,11686500
2023-06-22,37.881187438964844,41.060001373291016,41.630001068115234,40.91999816894531,41.54999923706055,11504400
2023-06-23,37.46603012084961,40.61000061035156,40.7400016784668,40.29999923706055,40.529998779296875,18952000
2023-06-26,37.44757843017578,40.59000015258789,41.220001220703125,40.459999084472656,40.779998779296875,13618500
2023-06-27,37.742801666259766,40.90999984741211,41.060001373291016,40.34000015258789,40.619998931884766,11749600
2023-06-28,37.47524642944336,40.619998931884766,40.939998626708984,40.380001068115234,40.91999816894531,13959600
2023-06-29,39.16358184814453,42.45000076293945,42.5099983215332,41.369998931884766,41.47999954223633,23956300
2023-06-30,39.37576675415039,42.68000030517578,43.220001220703125,42.619998931884766,42.95000076293945,20062200
2023-07-03,40.04002380371094,43.400001525878906,43.599998474121094,42.7400016784668,42.880001068115234,9249100
2023-07-05,40.113834381103516,43.47999954223633,43.619998931884766,42.77000045776367,43.22999954223633,15722200
2023-07-06,39.569515228271484,42.88999938964844,43.310001373291016,42.2400016784668,43.220001220703125,14978600
2023-07-07,39.458797454833984,42.77000045776367,43.43000030517578,42.59000015258789,42.59000015258789,13506500
2023-07-10,39.043643951416016,42.31999969482422,42.9900016784668,42.279998779296875,42.709999084472656,16675800
2023-07-11,39.43112564086914,42.7400016784668,42.93000030517578,42.06999969482422,42.349998474121094,15401100
2023-07-12,39.91086196899414,43.2599983215332,43.849998474121094,43.0099983215332,43.310001373291016,13998300
2023-07-13,40.326026916503906,43.709999084472656,43.7599983215332,43.29999923706055,43.470001220703125,18034800
2023-07-14,40.1876335144043,43.560001373291016,45.310001373291016,43.29999923706055,44.75,30897600
2023-07-17,41.276283264160156,44.7400016784668,45.130001068115234,43.54999923706055,43.560001373291016,25173900
2023-07-18,42.06969451904297,45.599998474121094,45.70000076293945,44.599998474121094,44.77000045776367,24183200
2023-07-19,42.67860794067383,46.2599983215332,46.56999969482422,45.540000915527344,45.93000030517578,18932700
2023-07-20,43.48125457763672,47.130001068115234,47.2400016784668,46.209999084472656,46.369998931884766,18927200
2023-07-21,42.40183639526367,45.959999084472656,47.209999084472656,45.95000076293945,47.18000030517578,16215400
2023-07-24,42.82621765136719,46.41999816894531,46.83000183105469,45.959999084472656,45.970001220703125,12053200
2023-07-25,41.95900344848633,45.47999954223633,46.63999938964844,45.43000030517578,46.38999938964844,13537400
2023-07-26,42.84467697143555,46.439998626708984,46.83000183105469,46.11000061035156,46.47999954223633,19520900
2023-07-27,42.22654724121094,45.77000045776367,47.16999816894531,45.58000183105469,46.560001373291016,19509600
2023-07-28,42.567901611328125,46.13999938964844,46.22999954223633,45.56999969482422,46.04999923706055,12616400
2023-07-31,42.58634948730469,46.15999984741211,46.68000030517578,45.86000061035156,46.34000015258789,11696600
2023-08-01,42.17118835449219,45.709999084472656,46.15999984741211,45.34000015258789,46.0099983215332,12699200
2023-08-02,41.60840606689453,45.099998474121094,45.16999816894531,44.560001373291016,45.099998474121094,13911700
2023-08-03,41.9803352355957,45.150001525878906,45.38999938964844,44.5099983215332,44.709999084472656,12145400
2023-08-04,41.701393127441406,44.849998474121094,45.70000076293945,44.709999084472656,45.099998474121094,10840800
2023-08-07,41.89665222167969,45.060001373291016,45.459999084472656,44.91999816894531,45.18000030517578,10860300
2023-08-08,41.357364654541016,44.47999954223633,44.54999923706055,43.380001068115234,43.97999954223633,14520000
2023-08-09,40.65073013305664,43.720001220703125,44.25,43.56999969482422,44.220001220703125,11973800
2023-08-10,40.60423278808594,43.66999816894531,44.38999938964844,43.619998931884766,44.0,11982200
2023-08-11,40.66002655029297,43.72999954223633,43.849998474121094,43.380001068115234,43.5099983215332,7316000
2023-08-14,40.669315338134766,43.7400016784668,43.90999984741211,43.27000045776367,43.529998779296875,10677000
2023-08-15,39.730224609375,42.72999954223633,43.2599983215332,42.52000045776367,43.130001068115234,13835900
2023-08-16,39.25602722167969,42.220001220703125,42.72999954223633,42.13999938964844,42.65999984741211,10076700
2023-08-17,39.48847198486328,42.470001220703125,42.75,42.2599983215332,42.470001220703125,12686000
2023-08-18,39.51637268066406,42.5,42.790000915527344,42.04999923706055,42.099998474121094,10797300
2023-08-21,39.507076263427734,42.4900016784668,42.869998931884766,42.119998931884766,42.650001525878906,12600400
2023-08-22,38.586578369140625,41.5,42.56999969482422,41.43000030517578,42.459999084472656,13634500
2023-08-23,38.68885040283203,41.61000061035156,41.63999938964844,41.220001220703125,41.560001373291016,11927400
2023-08-24,38.52149200439453,41.43000030517578,42.18000030517578,41.38999938964844,41.45000076293945,10363300
2023-08-25,38.33552932739258,41.22999954223633,41.79999923706055,40.77000045776367,41.63999938964844,12534700
2023-08-28,38.93989944458008,41.880001068115234,42.06999969482422,41.290000915527344,41.40999984741211,10314500
2023-08-29,39.05146789550781,42.0,42.369998931884766,41.650001525878906,41.869998931884766,14404800
2023-08-30,38.6237678527832,41.540000915527344,42.130001068115234,41.470001220703125,42.060001373291016,12536300
2023-08-31,38.39132308959961,41.290000915527344,41.709999084472656,41.11000061035156,41.68000030517578,21534900
2023-09-01,38.72604751586914,41.650001525878906,41.9900016784668,41.5099983215332,41.54999923706055,12890300
2023-09-05,38.6237678527832,41.540000915527344,42.279998779296875,41.310001373291016,41.650001525878906,14337200
2023-09-06,38.14027786254883,41.02000045776367,41.400001525878906,40.599998474121094,41.209999084472656,18775400
2023-09-07,37.5916862487793,40.43000030517578,41.02000045776367,40.29999923706055,40.72999954223633,13801000
2023-09-08,38.121681213378906,41.0,41.119998931884766,40.33000183105469,40.45000076293945,13921200
2023-09-11,38.42851638793945,41.33000183105469,41.720001220703125,41.209999084472656,41.380001068115234,15053800
2023-09-12,39.55356216430664,42.540000915527344,42.970001220703125,41.27000045776367,41.40999984741211,18393900
2023-09-13,39.2839241027832,42.25,42.880001068115234,42.119998931884766,42.709999084472656,15274200
2023-09-14,40.02775573730469,43.04999923706055,43.38999938964844,42.70000076293945,42.810001373291016,20764500
2023-09-15,39.934776306152344,42.95000076293945,43.310001373291016,42.61000061035156,42.66999816894531,47371800
2023-09-18,40.38107681274414,43.43000030517578,43.599998474121094,42.77000045776367,42.9900016784668,15849700
2023-09-19,40.185821533203125,43.220001220703125,43.7400016784668,42.900001525878906,43.54999923706055,15318100
2023-09-20,39.86040496826172,42.869998931884766,43.720001220703125,42.81999969482422,43.400001525878906,16788100
2023-09-21,39.3490104675293,42.31999969482422,43.16999816894531,42.290000915527344,42.75,14990500
2023-09-22,38.33552932739258,41.22999954223633,42.38999938964844,41.150001525878906,42.33000183105469,16780300
2023-09-25,38.642364501953125,41.560001373291016,41.619998931884766,40.77000045776367,40.880001068115234,10624000
2023-09-26,37.79624938964844,40.650001525878906,41.310001373291016,40.36000061035156,41.04999923706055,15219400
2023-09-27,37.99150085449219,40.86000061035156,41.20000076293945,40.459999084472656,40.630001068115234,11815500
2023-09-28,38.037994384765625,40.90999984741211,41.20000076293945,40.720001220703125,40.84000015258789,12454600
2023-09-29,37.99150085449219,40.86000061035156,41.38999938964844,40.58000183105469,41.20000076293945,13124500
2023-10-02,36.829261779785156,39.61000061035156,40.7599983215332,39.439998626708984,40.70000076293945,15102000
2023-10-03,35.95524978637695,38.66999816894531,39.470001220703125,38.470001220703125,39.380001068115234,19252900
2023-10-04,36.234188079833984,38.970001220703125,39.11000061035156,38.38999938964844,38.5099983215332,14343500
2023-10-05,36.541019439697266,39.29999923706055,39.41999816894531,38.599998474121094,38.7599983215332,11820600
2023-10-06,36.90364074707031,39.689998626708984,39.88999938964844,38.7599983215332,38.88999938964844,13976800
2023-10-09,36.912940979003906,39.70000076293945,39.79999923706055,39.099998474121094,39.11000061035156,12096600
2023-10-10,37.02450942993164,39.81999969482422,40.380001068115234,39.720001220703125,39.91999816894531,14429700
2023-10-11,36.90364074707031,39.689998626708984,40.209999084472656,39.25,40.0099983215332,14835900
2023-10-12,36.950138092041016,39.7400016784668,40.0099983215332,39.31999969482422,39.689998626708984,14878100
2023-10-13,38.08448791503906,40.959999084472656,41.63999938964844,40.470001220703125,40.83000183105469,28077900
2023-10-16,38.72604751586914,41.650001525878906,42.16999816894531,41.400001525878906,41.470001220703125,18419000
2023-10-17,39.03287124633789,41.97999954223633,42.369998931884766,41.43000030517578,41.43000030517578,16982300
2023-10-18,38.61446762084961,41.529998779296875,41.939998626708984,41.349998474121094,41.70000076293945,16053200
2023-10-19,38.28903579711914,41.18000030517578,42.220001220703125,41.15999984741211,41.47999954223633,16120300
2023-10-20,37.44292449951172,40.27000045776367,41.09000015258789,39.939998626708984,41.04999923706055,17498900
2023-10-23,36.70838165283203,39.47999954223633,40.380001068115234,39.41999816894531,40.2599983215332,13785800
2023-10-24,36.522430419921875,39.279998779296875,39.83000183105469,39.2400016784668,39.619998931884766,15097800
2023-10-25,36.28997802734375,39.029998779296875,39.209999084472656,38.58000183105469,39.06999969482422,13849000
2023-10-26,36.866455078125,39.650001525878906,39.97999954223633,38.97999954223633,39.02000045776367,15480300
2023-10-27,36.0389289855957,38.7599983215332,39.40999984741211,38.619998931884766,39.380001068115234,13582800
2023-10-30,36.661903381347656,39.43000030517578,39.59000015258789,38.689998626708984,39.099998474121094,14141900
2023-10-31,36.97802734375,39.77000045776367,39.810001373291016,39.2400016784668,39.63999938964844,11919200
2023-11-01,36.829261779785156,39.61000061035156,39.97999954223633,39.279998779296875,39.959999084472656,19850300
2023-11-02,38.001861572265625,40.5099983215332,40.540000915527344,39.38999938964844,39.7400016784668,19998500
2023-11-03,39.04313659667969,41.619998931884766,41.86000061035156,41.06999969482422,41.16999816894531,16147500
2023-11-06,38.780479431152344,41.34000015258789,41.790000915527344,41.150001525878906,41.790000915527344,15148600
2023-11-07,38.499046325683594,41.040000915527344,41.20000076293945,40.7400016784668,41.18000030517578,13796900
2023-11-08,38.44276428222656,40.97999954223633,41.189998626708984,40.43000030517578,41.06999969482422,19418700
2023-11-09,37.898681640625,40.400001525878906,41.380001068115234,40.27000045776367,41.29999923706055,14006500
2023-11-10,38.35833740234375,40.88999938964844,40.95000076293945,40.36000061035156,40.630001068115234,14706600
2023-11-13,38.24576187133789,40.77000045776367,41.060001373291016,40.529998779296875,40.7400016784668,12159700
2023-11-14,39.47466278076172,42.08000183105469,42.380001068115234,41.459999084472656,41.5,20183800
2023-11-15,40.1876106262207,42.84000015258789,43.029998779296875,42.06999969482422,42.06999969482422,17268100
2023-11-16,39.89680099487305,42.529998779296875,42.959999084472656,41.9900016784668,42.81999969482422,16931200
2023-11-17,40.3001708984375,42.959999084472656,42.9900016784668,42.439998626708984,42.83000183105469,13893800
2023-11-20,40.14070510864258,42.790000915527344,42.95000076293945,42.5099983215332,42.86000061035156,10369100
2023-11-21,39.962459564208984,42.599998474121094,42.72999954223633,42.150001525878906,42.63999938964844,16078400
2023-11-22,40.13132095336914,42.779998779296875,42.83000183105469,42.400001525878906,42.65999984741211,11862200
2023-11-24,40.26264953613281,42.91999816894531,43.11000061035156,42.72999954223633,42.79999923706055,5287200
2023-11-27,40.3564567565918,43.02000045776367,43.029998779296875,42.52000045776367,42.63999938964844,15715000
2023-11-28,40.684791564941406,43.369998931884766,43.45000076293945,42.790000915527344,42.970001220703125,15332900
2023-11-29,41.069400787353516,43.779998779296875,44.13999938964844,43.630001068115234,43.689998626708984,16746000
2023-11-30,41.82926559448242,44.59000015258789,44.75,43.47999954223633,43.810001373291016,23247500
2023-12-01,42.23263168334961,45.02000045776367,45.2400016784668,44.380001068115234,44.5099983215332,18116100
2023-12-04,42.32644271850586,45.119998931884766,45.33000183105469,44.52000045776367,44.709999084472656,13424000
2023-12-05,41.735450744628906,44.4900016784668,44.970001220703125,44.40999984741211,44.95000076293945,14531700
2023-12-06,41.74482345581055,44.5,45.25,44.43000030517578,44.79999923706055,18923800
2023-12-07,42.589107513427734,45.400001525878906,45.439998626708984,44.650001525878906,44.790000915527344,18787800
2023-12-08,43.245765686035156,46.099998474121094,46.34000015258789,45.119998931884766,45.36000061035156,20238400
2023-12-11,43.15195846557617,46.0,46.220001220703125,45.56999969482422,45.900001525878906,21116900
2023-12-12,43.59286117553711,46.470001220703125,46.7599983215332,45.810001373291016,45.939998626708984,19787100
2023-12-13,44.802982330322266,47.7599983215332,47.779998779296875,46.349998474121094,46.5,26549100
2023-12-14,47.38272476196289,50.5099983215332,50.54999923706055,48.439998626708984,48.439998626708984,41115400
2023-12-15,47.19511413574219,50.310001373291016,50.77000045776367,49.91999816894531,50.099998474121094,44099200
2023-12-18,46.58535385131836,49.65999984741211,50.47999954223633,49.529998779296875,50.40999984741211,20531700
2023-12-19,46.988731384277344,50.09000015258789,50.31999969482422,49.310001373291016,49.66999816894531,20556400
2023-12-20,46.28516387939453,49.34000015258789,50.56999969482422,49.290000915527344,49.83000183105469,20481500
2023-12-21,46.38835525512695,49.45000076293945,49.83000183105469,49.130001068115234,49.619998931884766,11127700
2023-12-22,46.135066986083984,49.18000030517578,49.86000061035156,49.09000015258789,49.65999984741211,10450400
2023-12-26,46.566593170166016,49.63999938964844,49.66999816894531,49.029998779296875,49.15999984741211,8856600
2023-12-27,46.275787353515625,49.33000183105469,49.56999969482422,49.150001525878906,49.40999984741211,12536700
2023-12-28,46.416500091552734,49.47999954223633,49.650001525878906,49.09000015258789,49.13999938964844,9872600
2023-12-29,46.17259216308594,49.220001220703125,49.58000183105469,49.209999084472656,49.349998474121094,11733600
2024-01-02,46.275787353515625,49.33000183105469,49.7599983215332,48.81999969482422,49.04999923706055,14916000
2024-01-03,45.6660270690918,48.68000030517578,49.09000015258789,48.31999969482422,49.09000015258789,21653600
2024-01-04,46.22887420654297,49.279998779296875,49.86000061035156,48.77000045776367,48.81999969482422,15917500
2024-01-05,46.82925796508789,49.91999816894531,50.470001220703125,49.290000915527344,49.400001525878906,15074800
2024-01-08,46.82925796508789,49.91999816894531,49.9900016784668,49.150001525878906,49.380001068115234,15119700
2024-01-09,46.23826599121094,49.290000915527344,49.459999084472656,49.04999923706055,49.439998626708984,13625200
2024-01-10,46.04126739501953,49.08000183105469,49.119998931884766,48.61000061035156,49.0,11849800
2024-01-11,46.00374221801758,49.040000915527344,49.08000183105469,48.34000015258789,48.88999938964844,21049200
2024-01-12,44.465274810791016,47.400001525878906,48.779998779296875,47.0,47.95000076293945,30454100
2024-01-16,43.92118835449219,46.81999969482422,47.060001373291016,46.220001220703125,46.77000045776367,25209900
2024-01-17,43.78046798706055,46.66999816894531,47.060001373291016,46.209999084472656,46.2400016784668,17445600
2024-01-18,43.56471252441406,46.439998626708984,46.619998931884766,46.119998931884766,46.54999923706055,17901300
2024-01-19,45.14070510864258,48.119998931884766,48.18000030517578,46.380001068115234,46.630001068115234,25606900
2024-01-22,45.52531814575195,48.529998779296875,48.93000030517578,48.15999984741211,48.22999954223633,19372200
2024-01-23,46.07878875732422,49.119998931884766,49.220001220703125,48.400001525878906,48.650001525878906,16422100
2024-01-24,46.425880432128906,49.4900016784668,50.09000015258789,49.25,49.369998931884766,17776000
2024-01-25,46.79173278808594,49.880001068115234,49.939998626708984,49.5,49.68000030517578,17979600
2024-01-26,47.204490661621094,50.31999969482422,50.5,49.77000045776367,49.84000015258789,19211100
2024-01-29,47.23263168334961,50.349998474121094,50.66999816894531,49.9900016784668,50.15999984741211,16725200
2024-01-30,48.020626068115234,51.189998626708984,51.27000045776367,50.619998931884766,50.630001068115234,14736800
2024-01-31,47.073158264160156,50.18000030517578,51.439998626708984,50.15999984741211,51.0099983215332,20394400
2024-02-01,46.03400802612305,48.72999954223633,49.970001220703125,47.880001068115234,49.81999969482422,27566100
2024-02-02,46.440223693847656,49.15999984741211,49.56999969482422,48.060001373291016,48.5,19329000
2024-02-05,46.005672454833984,48.70000076293945,48.91999816894531,48.2400016784668,48.61000061035156,14202700
2024-02-06,45.618350982666016,48.290000915527344,49.119998931884766,48.0099983215332,48.52000045776367,13926600
2024-02-07,45.797847747802734,48.47999954223633,48.599998474121094,47.45000076293945,48.45000076293945,15839600
2024-02-08,45.67504119873047,48.349998474121094,48.5,48.060001373291016,48.18000030517578,10839200
2024-02-09,45.40108108520508,48.060001373291016,48.27000045776367,47.470001220703125,48.220001220703125,16594000
2024-02-12,46.2135009765625,48.91999816894531,49.290000915527344,47.880001068115234,48.0,14101900
2024-02-13,45.571128845214844,48.2400016784668,48.709999084472656,47.59000015258789,48.400001525878906,13660100
2024-02-14,45.8450813293457,48.529998779296875,48.720001220703125,47.959999084472656,48.599998474121094,12683400
2024-02-15,49.160884857177734,52.040000915527344,52.45000076293945,48.619998931884766,48.72999954223633,46473600
2024-02-16,49.0380859375,51.90999984741211,52.31999969482422,51.31999969482422,51.939998626708984,24359700
2024-02-20,48.90583038330078,51.77000045776367,52.2400016784668,51.27000045776367,51.5,19839100
2024-02-21,49.74658203125,52.65999984741211,52.68000030517578,51.130001068115234,51.63999938964844,18562500
2024-02-22,50.41730499267578,53.369998931884766,53.90999984741211,52.75,52.83000183105469,20467900
2024-02-23,50.88019561767578,53.86000061035156,54.02000045776367,53.41999816894531,53.529998779296875,20863500
2024-02-26,51.1352653503418,54.130001068115234,54.560001373291016,53.68000030517578,53.75,18099900
2024-02-27,51.777645111083984,54.810001373291016,54.88999938964844,54.2400016784668,54.279998779296875,19548200
2024-02-28,51.692623138427734,54.720001220703125,55.41999816894531,54.56999969482422,54.7400016784668,20045200
2024-02-29,52.51448440551758,55.59000015258789,55.70000076293945,54.939998626708984,55.040000915527344,28335600
2024-03-01,52.01380920410156,55.060001373291016,55.75,54.900001525878906,55.400001525878906,17761000
2024-03-04,52.72230911254883,55.810001373291016,56.560001373291016,54.72999954223633,54.869998931884766,19483500
2024-03-05,53.468605041503906,56.599998474121094,57.099998474121094,55.43000030517578,55.709999084472656,21786100
2024-03-06,53.95039367675781,57.11000061035156,57.38999938964844,56.27000045776367,56.81999969482422,25418600
2024-03-07,53.84647750854492,57.0,57.68000030517578,56.869998931884766,57.04999923706055,18116300
2024-03-08,53.912601470947266,57.06999969482422,57.540000915527344,56.880001068115234,57.209999084472656,17872500
2024-03-11,53.931495666503906,57.09000015258789,57.349998474121094,56.52000045776367,56.779998779296875,16622000
2024-03-12,54.422725677490234,57.61000061035156,58.11000061035156,57.099998474121094,57.25,23622800
2024-03-13,54.62111282348633,57.81999969482422,58.439998626708984,57.619998931884766,57.619998931884766,17444900
2024-03-14,54.19600296020508,57.369998931884766,58.130001068115234,57.119998931884766,57.869998931884766,24851100
2024-03-15,54.32825469970703,57.5099983215332,58.29999923706055,56.86000061035156,56.86000061035156,40782800
2024-03-18,54.57387924194336,57.77000045776367,57.83000183105469,57.11000061035156,57.599998474121094,16376500
2024-03-19,53.85592269897461,57.0099983215332,57.939998626708984,56.91999816894531,57.650001525878906,14504800
2024-03-20,54.1298828125,57.29999923706055,57.5099983215332,56.279998779296875,56.619998931884766,22841600
2024-03-21,54.64944839477539,57.849998474121094,58.119998931884766,57.45000076293945,57.59000015258789,18141700
2024-03-22,53.96928405761719,57.130001068115234,58.02000045776367,57.119998931884766,57.810001373291016,13736600
2024-03-25,53.59141159057617,56.72999954223633,57.33000183105469,56.369998931884766,57.08000183105469,15028200
2024-03-26,53.54418182373047,56.68000030517578,57.150001525878906,56.59000015258789,57.13999938964844,11445900
2024-03-27,54.422725677490234,57.61000061035156,57.63999938964844,56.380001068115234,56.380001068115234,13762800
2024-03-28,54.75337219238281,57.959999084472656,58.08000183105469,57.560001373291016,57.65999984741211,14619000
2024-04-01,54.422725677490234,57.61000061035156,57.880001068115234,57.2599983215332,57.880001068115234,11039500
2024-04-02,54.17710494995117,57.349998474121094,58.0,57.189998626708984,57.36000061035156,14632900
2024-04-03,53.96928405761719,57.130001068115234,57.959999084472656,56.849998474121094,57.20000076293945,13226500
2024-04-04,53.54418182373047,56.68000030517578,58.0,56.540000915527344,57.72999954223633,12361900
2024-04-05,54.22434616088867,57.400001525878906,57.619998931884766,56.56999969482422,56.630001068115234,11081000
2024-04-08,54.592769622802734,57.790000915527344,57.97999954223633,57.310001373291016,57.380001068115234,15308800
2024-04-09,54.39439010620117,57.58000183105469,57.9900016784668,56.869998931884766,57.70000076293945,10643800
2024-04-10,53.789794921875,56.939998626708984,57.29999923706055,56.41999816894531,56.790000915527344,16475200
2024-04-11,53.55362319946289,56.689998626708984,57.0,55.630001068115234,56.97999954223633,18995600
2024-04-12,53.34579849243164,56.470001220703125,57.0,55.34000015258789,55.970001220703125,27876700
2024-04-15,53.81813430786133,56.970001220703125,57.97999954223633,56.7400016784668,57.61000061035156,19407500
2024-04-16,53.289119720458984,56.40999984741211,56.959999084472656,55.65999984741211,56.900001525878906,25620000
2024-04-17,54.01652145385742,57.18000030517578,57.630001068115234,56.650001525878906,56.880001068115234,18867700
2024-04-18,55.49021530151367,58.7400016784668,59.130001068115234,57.220001220703125,57.630001068115234,24468500
2024-04-19,57.01114273071289,60.349998474121094,60.849998474121094,58.86000061035156,59.0,34334300
2024-04-22,57.719642639160156,61.099998474121094,61.4900016784668,60.34000015258789,60.400001525878906,21753400
2024-04-23,57.56850051879883,60.939998626708984,61.7599983215332,60.810001373291016,61.16999816894531,21731200
2024-04-24,57.24730682373047,60.599998474121094,60.95000076293945,60.04999923706055,60.599998474121094,19731600
2024-04-25,56.6143684387207,59.93000030517578,60.959999084472656,59.599998474121094,60.61000061035156,24002500
2024-04-26,56.595489501953125,59.90999984741211,60.43000030517578,59.380001068115234,59.779998779296875,18785900
2024-04-29,56.491573333740234,59.79999923706055,60.29999923706055,59.36000061035156,59.86000061035156,15338400
2024-04-30,56.038124084472656,59.31999969482422,59.9900016784668,59.29999923706055,59.599998474121094,18007700
2024-05-01,56.2270622253418,59.52000045776367,60.150001525878906,59.33000183105469,59.58000183105469,16365400
2024-05-02,56.51990509033203,59.83000183105469,60.150001525878906,59.31999969482422,60.119998931884766,15329500
2024-05-03,56.62382507324219,59.939998626708984,60.2599983215332,59.119998931884766,60.029998779296875,17298500
2024-05-06,56.85999298095703,60.189998626708984,60.880001068115234,59.84000015258789,60.470001220703125,16240100
2024-05-07,56.926116943359375,60.2599983215332,60.61000061035156,60.060001373291016,60.279998779296875,16268200
2024-05-08,57.84245681762695,61.22999954223633,61.43000030517578,60.099998474121094,60.150001525878906,18718400
2024-05-09,58.22249221801758,61.279998779296875,61.369998931884766,60.47999954223633,60.7400016784668,14224300
2024-05-10,58.80206298828125,61.88999938964844,61.970001220703125,61.459999084472656,61.459999084472656,14428200
2024-05-13,58.203495025634766,61.2599983215332,62.16999816894531,61.209999084472656,61.959999084472656,15203500
2024-05-14,58.80206298828125,61.88999938964844,61.9900016784668,61.02000045776367,61.560001373291016,14499600
2024-05-15,59.2296028137207,62.34000015258789,62.54999923706055,61.869998931884766,62.20000076293945,17489600
2024-05-16,58.01346969604492,61.060001373291016,62.47999954223633,60.970001220703125,62.45000076293945,21104100
2024-05-17,58.032474517822266,61.08000183105469,61.630001068115234,60.88999938964844,61.40999984741211,15795800
2024-05-20,57.67143249511719,60.70000076293945,61.790000915527344,60.59000015258789,60.97999954223633,15029000
2024-05-21,58.39351272583008,61.459999084472656,61.70000076293945,60.779998779296875,60.81999969482422,18422100
2024-05-22,57.889957427978516,60.93000030517578,61.45000076293945,60.5099983215332,61.29999923706055,10340500
2024-05-23,56.70232391357422,59.68000030517578,60.779998779296875,59.36000061035156,60.75,13056100
2024-05-24,57.20588684082031,60.209999084472656,60.38999938964844,59.869998931884766,60.040000915527344,9913000
2024-05-28,56.51230239868164,59.47999954223633,60.18000030517578,59.189998626708984,59.970001220703125,11276300
2024-05-29,55.818721771240234,58.75,58.939998626708984,58.41999816894531,58.869998931884766,12835000
2024-05-30,56.255775451660156,59.209999084472656,59.38999938964844,58.599998474121094,58.81999969482422,13580800
2024-05-31,56.93035125732422,59.91999816894531,59.9900016784668,58.970001220703125,59.27000045776367,25386600
2024-06-03,56.37929153442383,59.34000015258789,60.20000076293945,58.599998474121094,60.20000076293945,13206500
2024-06-04,55.77122497558594,58.70000076293945,59.47999954223633,58.34000015258789,58.81999969482422,12520700
2024-06-05,55.752220153808594,58.68000030517578,58.91999816894531,58.130001068115234,58.86000061035156,11199100
2024-06-06,54.84961700439453,57.72999954223633,59.0,57.5,58.779998779296875,18587400
2024-06-07,55.44818878173828,58.36000061035156,58.68000030517578,57.56999969482422,57.56999969482422,14466700
2024-06-10,55.039642333984375,57.93000030517578,58.130001068115234,57.369998931884766,57.900001525878906,12787500
2024-06-11,54.27955627441406,57.130001068115234,57.75,56.5099983215332,57.75,19197800
2024-06-12,54.441078186035156,57.29999923706055,58.45000076293945,57.15999984741211,58.279998779296875,16929800
2024-06-13,54.41257095336914,57.27000045776367,57.619998931884766,56.689998626708984,57.45000076293945,15963700
2024-06-14,54.53608322143555,57.400001525878906,57.61000061035156,56.619998931884766,56.9900016784668,15375400
2024-06-17,55.33417892456055,58.2400016784668,58.25,57.06999969482422,57.209999084472656,18361100
2024-06-18,56.103755950927734,59.04999923706055,59.04999923706055,57.900001525878906,58.209999084472656,15547400
2024-06-20,56.018245697021484,58.959999084472656,59.20000076293945,58.59000015258789,58.7400016784668,11985500
2024-06-21,55.2011604309082,58.099998474121094,58.459999084472656,57.31999969482422,58.29999923706055,62732600
2024-06-24,56.06575012207031,59.0099983215332,59.459999084472656,58.27000045776367,58.4900016784668,16198300
2024-06-25,54.34606170654297,57.20000076293945,59.0,57.18000030517578,58.77000045776367,26726900
2024-06-26,54.1655387878418,57.0099983215332,57.79999923706055,56.83000183105469,57.220001220703125,30425700
2024-06-27,54.555084228515625,57.41999816894531,57.470001220703125,56.33000183105469,56.40999984741211,13832200
2024-06-28,56.426795959472656,59.38999938964844,59.45000076293945,58.09000015258789,58.09000015258789,31074500
