Date,Adj Close,Close,High,Low,Open,Volume
2019-01-02,20.860551834106445,24.020000457763672,24.06999969482422,23.399999618530273,23.469999313354492,62945000
2019-01-03,20.391572952270508,23.479999542236328,23.899999618530273,23.420000076293945,23.84000015258789,65729700
2019-01-04,21.06898307800293,24.260000228881836,24.309999465942383,23.81999969482422,23.8799991607666,64638400
2019-01-07,21.095035552978516,24.290000915527344,24.510000228881836,24.059999465942383,24.209999084472656,48167000
2019-01-08,21.11240577697754,24.309999465942383,24.549999237060547,24.030000686645508,24.510000228881836,90114700
2019-01-09,21.21662139892578,24.43000030517578,24.520000457763672,24.200000762939453,24.3700008392334,61037100
2019-01-10,21.22530746459961,24.440000534057617,24.520000457763672,24.209999084472656,24.290000915527344,48630500
2019-01-11,21.277408599853516,24.5,24.549999237060547,24.18000030517578,24.31999969482422,44961600
2019-01-14,21.425052642822266,24.670000076293945,24.75,24.229999542236328,24.260000228881836,50610600
2019-01-15,21.616111755371094,24.889999389648438,24.93000030517578,24.5,24.56999969482422,59156500
2019-01-16,22.07640266418457,25.420000076293945,25.56999969482422,25.110000610351562,25.18000030517578,72982400
2019-01-17,22.19798469543457,25.559999465942383,25.649999618530273,25.170000076293945,25.31999969482422,55771300
2019-01-18,22.580116271972656,26.0,26.030000686645508,25.530000686645508,25.739999771118164,58400200
2019-01-22,22.319570541381836,25.700000762939453,25.90999984741211,25.56999969482422,25.780000686645508,79651700
2019-01-23,22.345624923706055,25.729999542236328,25.829999923706055,25.440000534057617,25.799999237060547,44072000
2019-01-24,22.397733688354492,25.790000915527344,25.860000610351562,25.559999465942383,25.639999389648438,25496900
2019-01-25,22.580116271972656,26.0,26.170000076293945,25.899999618530273,25.969999313354492,63140000
2019-01-28,22.51063346862793,25.920000076293945,25.950000762939453,25.709999084472656,25.75,66894900
2019-01-29,22.432477951049805,25.829999923706055,26.010000228881836,25.81999969482422,25.90999984741211,29442100
2019-01-30,22.562742233276367,25.979999542236328,26.139999389648438,25.729999542236328,25.90999984741211,62076800
2019-01-31,22.52800178527832,25.940000534057617,25.979999542236328,25.719999313354492,25.760000228881836,64021500
2019-02-01,22.623531341552734,26.049999237060547,26.170000076293945,25.950000762939453,25.979999542236328,42920300
2019-02-04,22.71906852722168,26.15999984741211,26.170000076293945,25.920000076293945,26.059999465942383,30362500
2019-02-05,22.658275604248047,26.09000015258789,26.229999542236328,25.989999771118164,26.209999084472656,39094900
2019-02-06,22.632221221923828,26.059999465942383,26.200000762939453,25.969999313354492,26.010000228881836,51542800
2019-02-07,22.406415939331055,25.799999237060547,26.049999237060547,25.59000015258789,25.979999542236328,80395700
2019-02-08,22.293519973754883,25.670000076293945,25.780000686645508,25.34000015258789,25.65999984741211,54911100
2019-02-11,22.362991333007812,25.75,25.799999237060547,25.6200008392334,25.75,53115700
2019-02-12,22.693008422851562,26.1299991607666,26.229999542236328,25.93000030517578,25.940000534057617,37671300
2019-02-13,22.753803253173828,26.200000762939453,26.43000030517578,26.190000534057617,26.25,42969600
2019-02-14,22.47589874267578,25.8799991607666,26.079999923706055,25.729999542236328,26.0,47630100
2019-02-15,22.95355224609375,26.43000030517578,26.43000030517578,25.8799991607666,26.09000015258789,46880800
2019-02-19,22.988292694091797,26.469999313354492,26.549999237060547,26.219999313354492,26.299999237060547,23868300
2019-02-20,23.13593101501465,26.639999389648438,26.649999618530273,26.399999618530273,26.459999084472656,27509100
2019-02-21,23.014341354370117,26.5,26.68000030517578,26.40999984741211,26.59000015258789,46619900
2019-02-22,22.97960662841797,26.459999084472656,26.579999923706055,26.360000610351562,26.5,26343700
2019-02-25,23.075132369995117,26.56999969482422,26.81999969482422,26.540000915527344,26.579999923706055,33835900
2019-02-26,23.00566291809082,26.489999771118164,26.690000534057617,26.360000610351562,26.3799991607666,35659700
2019-02-27,23.092504501342773,26.59000015258789,26.639999389648438,26.40999984741211,26.440000534057617,42542400
2019-02-28,23.03171157836914,26.520000457763672,26.649999618530273,26.510000228881836,26.600000381469727,39835900
2019-03-01,23.179351806640625,26.690000534057617,26.940000534057617,26.610000610351562,26.75,82657300
2019-03-04,23.03171157836914,26.520000457763672,26.940000534057617,26.299999237060547,26.760000228881836,76611900
2019-03-05,22.94487190246582,26.420000076293945,26.579999923706055,26.219999313354492,26.56999969482422,39868100
2019-03-06,22.79722785949707,26.25,26.510000228881836,26.229999542236328,26.420000076293945,43158900
2019-03-07,22.562742233276367,25.979999542236328,26.149999618530273,25.829999923706055,26.149999618530273,62622100
2019-03-08,22.554058074951172,25.969999313354492,25.989999771118164,25.68000030517578,25.690000534057617,55826400
2019-03-11,22.788545608520508,26.239999771118164,26.31999969482422,25.979999542236328,26.100000381469727,63343500
2019-03-12,22.84065055847168,26.299999237060547,26.389999389648438,26.239999771118164,26.280000686645508,32521100
2019-03-13,22.996973037719727,26.479999542236328,26.579999923706055,26.31999969482422,26.399999618530273,42817500
2019-03-14,23.083826065063477,26.579999923706055,26.68000030517578,26.43000030517578,26.440000534057617,37665700
2019-03-15,23.24530792236328,26.6299991607666,26.709999084472656,26.43000030517578,26.450000762939453,70020400
2019-03-18,23.48099136352539,26.899999618530273,26.979999542236328,26.68000030517578,26.68000030517578,43980700
2019-03-19,23.29768180847168,26.690000534057617,27.100000381469727,26.6200008392334,27.049999237060547,45029300
2019-03-20,22.817588806152344,26.139999389648438,26.639999389648438,26.110000610351562,26.6299991607666,65860300
2019-03-21,22.747756958007812,26.059999465942383,26.170000076293945,25.780000686645508,25.959999084472656,104914100
2019-03-22,22.119272232055664,25.34000015258789,25.889999389648438,25.229999542236328,25.75,121855900
2019-03-25,22.02324867248535,25.229999542236328,25.530000686645508,25.079999923706055,25.309999465942383,72835600
2019-03-26,22.28512191772461,25.530000686645508,25.59000015258789,25.280000686645508,25.43000030517578,51171500
2019-03-27,22.18910026550293,25.420000076293945,25.600000381469727,25.299999237060547,25.469999313354492,73148100
2019-03-28,22.38113784790039,25.639999389648438,25.649999618530273,25.350000381469727,25.469999313354492,52089300
2019-03-29,22.44224739074707,25.709999084472656,25.8799991607666,25.610000610351562,25.860000610351562,50234400
2019-04-01,22.99216651916504,26.34000015258789,26.360000610351562,25.90999984741211,25.920000076293945,62485300
2019-04-02,22.974712371826172,26.31999969482422,26.459999084472656,26.229999542236328,26.270000457763672,41002400
2019-04-03,23.04454231262207,26.399999618530273,26.6200008392334,26.290000915527344,26.5,52030900
2019-04-04,23.1842041015625,26.559999465942383,26.670000076293945,26.399999618530273,26.399999618530273,54378900
2019-04-05,23.219120025634766,26.600000381469727,26.700000762939453,26.520000457763672,26.610000610351562,37088800
2019-04-08,23.24530792236328,26.6299991607666,26.639999389648438,26.469999313354492,26.530000686645508,34998000
2019-04-09,23.053272247314453,26.40999984741211,26.510000228881836,26.290000915527344,26.510000228881836,65954800
2019-04-10,23.123104095458984,26.489999771118164,26.530000686645508,26.280000686645508,26.40999984741211,48232700
2019-04-11,23.26276969909668,26.649999618530273,26.75,26.510000228881836,26.59000015258789,62205000
2019-04-12,23.69048500061035,27.139999389648438,27.329999923706055,26.899999618530273,27.040000915527344,84627600
2019-04-15,23.54209327697754,26.969999313354492,27.15999984741211,26.90999984741211,27.149999618530273,40030400
2019-04-16,23.873798370361328,27.350000381469727,27.3799991607666,27.010000228881836,27.030000686645508,56093400
2019-04-17,23.93489646911621,27.420000076293945,27.459999084472656,27.200000762939453,27.450000762939453,58834000
2019-04-18,23.865068435668945,27.34000015258789,27.450000762939453,27.299999237060547,27.3700008392334,52495700
2019-04-22,23.795236587524414,27.260000228881836,27.34000015258789,27.170000076293945,27.260000228881836,39324100
2019-04-23,23.94362449645996,27.43000030517578,27.459999084472656,27.139999389648438,27.25,54250300
2019-04-24,23.91744041442871,27.399999618530273,27.520000457763672,27.280000686645508,27.34000015258789,39505200
2019-04-25,23.961084365844727,27.450000762939453,27.559999465942383,27.200000762939453,27.270000457763672,44532300
2019-04-26,24.179311752319336,27.700000762939453,27.719999313354492,27.40999984741211,27.450000762939453,41527900
2019-04-29,24.423725128173828,27.979999542236328,28.1299991607666,27.729999542236328,27.799999237060547,61643200
2019-04-30,24.45863914489746,28.020000457763672,28.059999465942383,27.780000686645508,28.020000457763672,38800300
2019-05-01,24.257871627807617,27.790000915527344,28.139999389648438,27.770000457763672,28.049999237060547,67969500
2019-05-02,24.284059524536133,27.81999969482422,27.950000762939453,27.6200008392334,27.770000457763672,50972900
2019-05-03,24.502288818359375,28.06999969482422,28.1200008392334,27.889999389648438,27.940000534057617,34598900
2019-05-06,24.336435317993164,27.8799991607666,27.979999542236328,27.530000686645508,27.579999923706055,42517000
2019-05-07,23.93489646911621,27.420000076293945,27.889999389648438,27.229999542236328,27.6200008392334,60090800
2019-05-08,23.88252830505371,27.360000610351562,27.59000015258789,27.239999771118164,27.309999465942383,44254200
2019-05-09,23.830150604248047,27.299999237060547,27.360000610351562,26.899999618530273,27.030000686645508,56468300
2019-05-10,23.987276077270508,27.479999542236328,27.530000686645508,26.90999984741211,27.149999618530273,63453600
2019-05-13,23.288955688476562,26.68000030517578,26.989999771118164,26.59000015258789,26.93000030517578,54962500
2019-05-14,23.47226905822754,26.889999389648438,27.1200008392334,26.709999084472656,26.739999771118164,52398400
2019-05-15,23.384971618652344,26.790000915527344,26.920000076293945,26.520000457763672,26.6200008392334,49061700
2019-05-16,23.62065887451172,27.059999465942383,27.209999084472656,26.860000610351562,26.8799991607666,44872600
2019-05-17,23.463539123535156,26.8799991607666,27.139999389648438,26.75,26.790000915527344,62711500
2019-05-20,23.489717483520508,26.90999984741211,27.030000686645508,26.780000686645508,26.780000686645508,44357300
2019-05-21,23.734132766723633,27.190000534057617,27.190000534057617,27.020000457763672,27.020000457763672,36851400
2019-05-22,23.59446907043457,27.030000686645508,27.110000610351562,26.950000762939453,27.049999237060547,25867600
2019-05-23,23.26276969909668,26.649999618530273,26.780000686645508,26.420000076293945,26.770000457763672,51832900
2019-05-24,23.446081161499023,26.860000610351562,26.8700008392334,26.670000076293945,26.75,30582000
2019-05-28,23.175477981567383,26.549999237060547,26.860000610351562,26.549999237060547,26.780000686645508,35177700
2019-05-29,23.131834030151367,26.5,26.549999237060547,26.219999313354492,26.34000015258789,39700600
2019-05-30,23.053272247314453,26.40999984741211,26.709999084472656,26.280000686645508,26.559999465942383,40641200
2019-05-31,22.70410919189453,26.010000228881836,26.200000762939453,25.989999771118164,26.06999969482422,49259200
2019-06-03,22.852506637573242,26.18000030517578,26.290000915527344,25.920000076293945,25.969999313354492,63329300
2019-06-04,23.47226905822754,26.889999389648438,26.920000076293945,26.43000030517578,26.5,45454400
2019-06-05,23.62065887451172,27.059999465942383,27.079999923706055,26.709999084472656,26.940000534057617,46599700
2019-06-06,23.70794677734375,27.15999984741211,27.270000457763672,26.920000076293945,27.06999969482422,37297600
2019-06-07,23.673030853271484,27.1200008392334,27.25,27.079999923706055,27.15999984741211,33054800
2019-06-10,23.873798370361328,27.350000381469727,27.549999237060547,27.280000686645508,27.280000686645508,37081400
2019-06-11,23.88252830505371,27.360000610351562,27.610000610351562,27.280000686645508,27.5,34273400
2019-06-12,23.646841049194336,27.09000015258789,27.3799991607666,27.030000686645508,27.329999923706055,36866000
2019-06-13,23.725404739379883,27.18000030517578,27.270000457763672,27.06999969482422,27.139999389648438,31020000
2019-06-14,23.77777862548828,27.239999771118164,27.329999923706055,27.0,27.209999084472656,29724100
2019-06-17,23.559551239013672,26.989999771118164,27.309999465942383,26.959999084472656,27.229999542236328,40981600
2019-06-18,23.873798370361328,27.350000381469727,27.459999084472656,26.93000030517578,26.93000030517578,46237400
2019-06-19,23.830150604248047,27.299999237060547,27.59000015258789,27.270000457763672,27.399999618530273,58118500
2019-06-20,23.93489646911621,27.420000076293945,27.530000686645508,27.1200008392334,27.450000762939453,50583800
2019-06-21,23.881383895874023,27.219999313354492,27.479999542236328,27.18000030517578,27.299999237060547,65322300
2019-06-24,23.784870147705078,27.110000610351562,27.360000610351562,27.079999923706055,27.170000076293945,48377800
2019-06-25,23.705909729003906,27.020000457763672,27.149999618530273,26.889999389648438,27.110000610351562,47748500
2019-06-26,23.66204071044922,26.969999313354492,27.209999084472656,26.959999084472656,27.079999923706055,31448000
2019-06-27,23.87260627746582,27.209999084472656,27.290000915527344,27.06999969482422,27.06999969482422,59459800
2019-06-28,24.214771270751953,27.600000381469727,27.700000762939453,27.239999771118164,27.530000686645508,76728100
2019-07-01,24.50429344177246,27.93000030517578,28.049999237060547,27.780000686645508,27.920000076293945,48971100
2019-07-02,24.442886352539062,27.860000610351562,27.979999542236328,27.709999084472656,27.889999389648438,56626800
2019-07-03,24.63590431213379,28.079999923706055,28.09000015258789,27.8700008392334,27.950000762939453,23706800
2019-07-05,24.706085205078125,28.15999984741211,28.270000457763672,28.030000686645508,28.170000076293945,40683100
2019-07-08,24.5832576751709,28.020000457763672,28.1299991607666,27.940000534057617,28.010000228881836,26286700
2019-07-09,24.62713050842285,28.06999969482422,28.1200008392334,27.809999465942383,27.829999923706055,25895800
2019-07-10,24.53938865661621,27.969999313354492,28.229999542236328,27.93000030517578,28.079999923706055,36566700
2019-07-11,24.679758071899414,28.1299991607666,28.170000076293945,27.959999084472656,28.010000228881836,40907500
2019-07-12,24.846460342407227,28.31999969482422,28.31999969482422,28.100000381469727,28.170000076293945,31109900
2019-07-15,24.706085205078125,28.15999984741211,28.350000381469727,28.079999923706055,28.329999923706055,28346100
2019-07-16,24.64467430114746,28.09000015258789,28.260000228881836,28.030000686645508,28.209999084472656,47287700
2019-07-17,24.434110641479492,27.850000381469727,28.079999923706055,27.809999465942383,27.989999771118164,35062600
2019-07-18,24.61835479736328,28.059999465942383,28.110000610351562,27.780000686645508,27.809999465942383,46369800
2019-07-19,24.513072967529297,27.940000534057617,28.18000030517578,27.920000076293945,28.1299991607666,29338500
2019-07-22,24.56571388244629,28.0,28.049999237060547,27.829999923706055,27.8799991607666,26683300
2019-07-23,24.82014274597168,28.290000915527344,28.329999923706055,28.059999465942383,28.06999969482422,45307600
2019-07-24,25.074573516845703,28.579999923706055,28.579999923706055,28.209999084472656,28.229999542236328,36374200
2019-07-25,24.899106979370117,28.3799991607666,28.610000610351562,28.31999969482422,28.56999969482422,34180400
2019-07-26,25.171083450317383,28.690000534057617,28.709999084472656,28.3799991607666,28.440000534057617,33642800
2019-07-29,24.97806167602539,28.469999313354492,28.719999313354492,28.440000534057617,28.639999389648438,35955100
2019-07-30,24.907882690429688,28.389999389648438,28.420000076293945,28.190000534057617,28.25,30726100
2019-07-31,24.785053253173828,28.25,28.530000686645508,28.200000762939453,28.389999389648438,64485400
2019-08-01,24.22355079650879,27.610000610351562,28.420000076293945,27.56999969482422,28.229999542236328,107976300
2019-08-02,24.214771270751953,27.600000381469727,27.739999771118164,27.229999542236328,27.559999465942383,66036400
2019-08-05,23.407617568969727,26.68000030517578,27.1200008392334,26.479999542236328,26.989999771118164,85527900
2019-08-06,23.784870147705078,27.110000610351562,27.1299991607666,26.59000015258789,26.850000381469727,53445000
2019-08-07,23.46902847290039,26.75,26.8700008392334,26.239999771118164,26.600000381469727,82354600
2019-08-08,23.91647720336914,27.260000228881836,27.270000457763672,26.8799991607666,27.010000228881836,66653200
2019-08-09,23.837512969970703,27.170000076293945,27.309999465942383,26.899999618530273,27.110000610351562,53782700
2019-08-12,23.381296157836914,26.649999618530273,26.950000762939453,26.56999969482422,26.850000381469727,56837600
2019-08-13,23.670820236206055,26.979999542236328,27.170000076293945,26.5,26.600000381469727,72255900
2019-08-14,22.79347038269043,25.979999542236328,26.520000457763672,25.959999084472656,26.3799991607666,92067300
2019-08-15,22.90752410888672,26.110000610351562,26.280000686645508,25.920000076293945,26.110000610351562,59504500
2019-08-16,23.31110191345215,26.56999969482422,26.639999389648438,26.239999771118164,26.239999771118164,48451800
2019-08-19,23.547990798950195,26.84000015258789,27.030000686645508,26.790000915527344,26.979999542236328,38297700
2019-08-20,23.23214340209961,26.479999542236328,26.739999771118164,26.450000762939453,26.690000534057617,40579300
2019-08-21,23.337427139282227,26.600000381469727,26.690000534057617,26.530000686645508,26.649999618530273,44913500
2019-08-22,23.495351791381836,26.780000686645508,26.850000381469727,26.56999969482422,26.739999771118164,43896700
2019-08-23,22.898754119873047,26.100000381469727,26.790000915527344,25.920000076293945,26.59000015258789,86245300
2019-08-26,23.118091583251953,26.350000381469727,26.3700008392334,26.110000610351562,26.270000457763672,34175500
2019-08-27,22.977712631225586,26.190000534057617,26.530000686645508,26.030000686645508,26.450000762939453,54240800
2019-08-28,23.188276290893555,26.43000030517578,26.469999313354492,26.030000686645508,26.049999237060547,51870400
2019-08-29,23.539220809936523,26.829999923706055,26.920000076293945,26.6200008392334,26.670000076293945,49818300
2019-08-30,23.618175506591797,26.920000076293945,27.059999465942383,26.81999969482422,26.979999542236328,40561000
2019-09-03,23.372526168823242,26.639999389648438,26.729999542236328,26.40999984741211,26.700000762939453,59997200
2019-09-04,23.600631713867188,26.899999618530273,26.950000762939453,26.780000686645508,26.84000015258789,43945700
2019-09-05,24.083168029785156,27.450000762939453,27.68000030517578,27.270000457763672,27.280000686645508,68639200
2019-09-06,24.074403762817383,27.440000534057617,27.559999465942383,27.34000015258789,27.479999542236328,35660800
2019-09-09,24.442886352539062,27.860000610351562,27.969999313354492,27.56999969482422,27.6299991607666,67797700
2019-09-10,24.530616760253906,27.959999084472656,28.079999923706055,27.700000762939453,27.950000762939453,77540100
2019-09-11,24.670995712280273,28.1200008392334,28.149999618530273,27.729999542236328,27.979999542236328,53285900
2019-09-12,24.802600860595703,28.270000457763672,28.3799991607666,27.950000762939453,28.040000915527344,72872200
2019-09-13,24.995609283447266,28.489999771118164,28.600000381469727,28.360000610351562,28.489999771118164,56248700
2019-09-16,24.907882690429688,28.389999389648438,28.43000030517578,28.209999084472656,28.25,36693600
2019-09-17,24.934202194213867,28.420000076293945,28.420000076293945,28.190000534057617,28.290000915527344,40868800
2019-09-18,25.021930694580078,28.520000457763672,28.59000015258789,28.229999542236328,28.309999465942383,57268900
2019-09-19,24.907882690429688,28.389999389648438,28.670000076293945,28.3799991607666,28.5,42335000
2019-09-20,24.761493682861328,28.079999923706055,28.399999618530273,28.059999465942383,28.290000915527344,82921100
2019-09-23,24.805580139160156,28.1299991607666,28.209999084472656,27.889999389648438,27.940000534057617,35827300
2019-09-24,24.567501068115234,27.860000610351562,28.270000457763672,27.780000686645508,28.209999084472656,61659700
2019-09-25,24.770313262939453,28.09000015258789,28.139999389648438,27.809999465942383,27.920000076293945,53544400
2019-09-26,24.655677795410156,27.959999084472656,28.079999923706055,27.920000076293945,28.049999237060547,53107500
2019-09-27,24.75267791748047,28.06999969482422,28.290000915527344,27.920000076293945,28.190000534057617,73386900
2019-09-30,24.69095230102539,28.0,28.170000076293945,27.979999542236328,28.139999389648438,30608000
2019-10-01,24.170673370361328,27.40999984741211,28.149999618530273,27.40999984741211,28.1299991607666,54786200
2019-10-02,23.676860809326172,26.850000381469727,27.25,26.790000915527344,27.239999771118164,78141700
2019-10-03,23.77385902404785,26.959999084472656,26.959999084472656,26.450000762939453,26.809999465942383,81128700
2019-10-04,24.214763641357422,27.459999084472656,27.479999542236328,26.969999313354492,26.989999771118164,40697200
2019-10-07,24.09131622314453,27.31999969482422,27.56999969482422,27.290000915527344,27.350000381469727,36922900
2019-10-08,23.615135192871094,26.780000686645508,27.059999465942383,26.760000228881836,27.049999237060547,60008900
2019-10-09,23.835580825805664,27.030000686645508,27.15999984741211,26.93000030517578,26.950000762939453,45131000
2019-10-10,24.08249282836914,27.309999465942383,27.510000228881836,27.100000381469727,27.100000381469727,54305400
2019-10-11,24.382312774658203,27.649999618530273,27.989999771118164,27.639999389648438,27.739999771118164,78702500
2019-10-14,24.417583465576172,27.690000534057617,27.75,27.530000686645508,27.559999465942383,35821000
2019-10-15,24.770313262939453,28.09000015258789,28.260000228881836,27.739999771118164,27.850000381469727,65130200
2019-10-16,24.708585739135742,28.020000457763672,28.15999984741211,27.950000762939453,28.09000015258789,44595200
2019-10-17,24.72622299194336,28.040000915527344,28.25,27.969999313354492,28.170000076293945,32013600
2019-10-18,24.787954330444336,28.110000610351562,28.219999313354492,27.959999084472656,27.959999084472656,40523700
2019-10-21,25.13186264038086,28.5,28.540000915527344,28.34000015258789,28.350000381469727,44145400
2019-10-22,25.061315536499023,28.420000076293945,28.610000610351562,28.329999923706055,28.450000762939453,50423000
2019-10-23,25.167133331298828,28.540000915527344,28.540000915527344,28.350000381469727,28.360000610351562,30615400
2019-10-24,25.13186264038086,28.5,28.6200008392334,28.389999389648438,28.56999969482422,33469600
2019-10-25,25.255313873291016,28.639999389648438,28.729999542236328,28.229999542236328,28.469999313354492,28330200
2019-10-28,25.387590408325195,28.790000915527344,28.920000076293945,28.739999771118164,28.75,50104600
2019-10-29,25.44931411743164,28.860000610351562,29.0,28.700000762939453,28.729999542236328,48458100
2019-10-30,25.431684494018555,28.84000015258789,28.920000076293945,28.639999389648438,28.860000610351562,51106700
2019-10-31,25.308223724365234,28.700000762939453,28.75,28.469999313354492,28.739999771118164,56795500
2019-11-01,25.678586959838867,29.1200008392334,29.149999618530273,28.860000610351562,28.920000076293945,42302300
2019-11-04,25.899045944213867,29.3700008392334,29.420000076293945,29.290000915527344,29.3700008392334,37319100
2019-11-05,25.996042251586914,29.479999542236328,29.6200008392334,29.40999984741211,29.459999084472656,39516100
2019-11-06,26.128318786621094,29.6299991607666,29.6299991607666,29.420000076293945,29.459999084472656,40179900
2019-11-07,26.32231330871582,29.850000381469727,30.030000686645508,29.739999771118164,29.809999465942383,61738600
2019-11-08,26.31349754333496,29.84000015258789,29.850000381469727,29.639999389648438,29.81999969482422,53808800
2019-11-11,26.24295425415039,29.760000228881836,29.81999969482422,29.6200008392334,29.65999984741211,19702400
2019-11-12,26.278221130371094,29.799999237060547,29.889999389648438,29.690000534057617,29.770000457763672,44640600
2019-11-13,26.110685348510742,29.610000610351562,29.709999084472656,29.450000762939453,29.56999969482422,43495400
2019-11-14,26.16358757019043,29.670000076293945,29.670000076293945,29.469999313354492,29.530000686645508,46158400
2019-11-15,26.234134674072266,29.75,29.799999237060547,29.65999984741211,29.770000457763672,30097000
2019-11-18,26.28704071044922,29.809999465942383,29.81999969482422,29.65999984741211,29.75,25440500
2019-11-19,26.33995246887207,29.8700008392334,29.969999313354492,29.790000915527344,29.8799991607666,30770900
2019-11-20,26.216493606567383,29.729999542236328,29.809999465942383,29.520000457763672,29.75,46719500
2019-11-21,26.190048217773438,29.700000762939453,29.84000015258789,29.600000381469727,29.790000915527344,37192700
2019-11-22,26.38404655456543,29.920000076293945,29.950000762939453,29.739999771118164,29.739999771118164,35195000
2019-11-25,26.55159568786621,30.110000610351562,30.149999618530273,29.950000762939453,29.959999084472656,50094100
2019-11-26,26.525135040283203,30.079999923706055,30.110000610351562,29.93000030517578,30.110000610351562,33516200
2019-11-27,26.630952835083008,30.200000762939453,30.209999084472656,30.059999465942383,30.15999984741211,31012300
2019-11-29,26.586862564086914,30.149999618530273,30.239999771118164,30.09000015258789,30.139999389648438,19444200
2019-12-02,26.4193172454834,29.959999084472656,30.260000228881836,29.93000030517578,30.200000762939453,52427800
2019-12-03,26.048952102661133,29.540000915527344,29.6200008392334,29.350000381469727,29.610000610351562,66912000
2019-12-04,26.295860290527344,29.81999969482422,29.899999618530273,29.549999237060547,29.56999969482422,41793900
2019-12-05,26.4193172454834,29.959999084472656,30.010000228881836,29.829999923706055,29.940000534057617,44933500
2019-12-06,26.772045135498047,30.360000610351562,30.459999084472656,30.280000686645508,30.290000915527344,40811300
2019-12-09,26.710323333740234,30.290000915527344,30.420000076293945,30.280000686645508,30.299999237060547,21627500
2019-12-10,26.719135284423828,30.299999237060547,30.360000610351562,30.1299991607666,30.209999084472656,37362100
2019-12-11,26.657407760620117,30.229999542236328,30.34000015258789,30.200000762939453,30.290000915527344,24490200
2019-12-12,27.177684783935547,30.81999969482422,30.90999984741211,30.25,30.270000457763672,68427500
2019-12-13,27.08068084716797,30.709999084472656,30.969999313354492,30.530000686645508,30.790000915527344,48135700
2019-12-16,27.177684783935547,30.81999969482422,31.020000457763672,30.790000915527344,30.959999084472656,45914900
2019-12-17,27.283496856689453,30.940000534057617,31.040000915527344,30.829999923706055,30.84000015258789,30911900
2019-12-18,27.168865203857422,30.809999465942383,31.040000915527344,30.809999465942383,31.040000915527344,39079700
2019-12-19,27.160049438476562,30.799999237060547,30.889999389648438,30.770000457763672,30.81999969482422,36946900
2019-12-20,27.19195556640625,30.68000030517578,30.8799991607666,30.639999389648438,30.799999237060547,97416000
2019-12-23,27.129913330078125,30.610000610351562,30.770000457763672,30.56999969482422,30.760000228881836,38293100
2019-12-24,27.19195556640625,30.68000030517578,30.690000534057617,30.600000381469727,30.670000076293945,12315900
2019-12-26,27.34263038635254,30.850000381469727,30.850000381469727,30.709999084472656,30.709999084472656,15891300
2019-12-27,27.2717227935791,30.770000457763672,30.90999984741211,30.75,30.899999618530273,19417400
2019-12-30,27.19195556640625,30.68000030517578,30.959999084472656,30.649999618530273,30.90999984741211,18819300
2019-12-31,27.280580520629883,30.780000686645508,30.790000915527344,30.6200008392334,30.65999984741211,15788100
2020-01-02,27.546480178833008,31.079999923706055,31.079999923706055,30.799999237060547,30.889999389648438,28843300
2020-01-03,27.253992080688477,30.75,30.8799991607666,30.59000015258789,30.68000030517578,51363600
2020-01-06,27.236268997192383,30.729999542236328,30.75,30.459999084472656,30.469999313354492,27956100
2020-01-07,27.059009552001953,30.530000686645508,30.709999084472656,30.530000686645508,30.65999984741211,39627500
2020-01-08,27.236268997192383,30.729999542236328,30.899999618530273,30.559999465942383,30.559999465942383,47966600
2020-01-09,27.4046688079834,30.920000076293945,30.979999542236328,30.829999923706055,30.950000762939453,27705300
2020-01-10,27.200820922851562,30.690000534057617,30.950000762939453,30.649999618530273,30.940000534057617,33458200
2020-01-13,27.38694190979004,30.899999618530273,30.93000030517578,30.68000030517578,30.760000228881836,27542700
2020-01-14,27.333763122558594,30.84000015258789,31.079999923706055,30.799999237060547,30.899999618530273,37575400
2020-01-15,27.183086395263672,30.670000076293945,30.790000915527344,30.56999969482422,30.690000534057617,41457300
2020-01-16,27.422391891479492,30.940000534057617,30.940000534057617,30.75,30.81999969482422,34444000
2020-01-17,27.502161026000977,31.030000686645508,31.100000381469727,30.90999984741211,31.030000686645508,38819400
2020-01-21,27.2717227935791,30.770000457763672,31.020000457763672,30.770000457763672,30.8799991607666,41276500
2020-01-22,27.351490020751953,30.860000610351562,30.940000534057617,30.81999969482422,30.8700008392334,27391000
2020-01-23,27.280580520629883,30.780000686645508,30.850000381469727,30.489999771118164,30.700000762939453,43072300
2020-01-24,26.934921264648438,30.389999389648438,30.790000915527344,30.200000762939453,30.790000915527344,58924900
2020-01-27,26.518362045288086,29.920000076293945,30.059999465942383,29.75,29.790000915527344,50289300
2020-01-28,26.828563690185547,30.270000457763672,30.399999618530273,30.030000686645508,30.079999923706055,34257900
2020-01-29,26.784252166748047,30.219999313354492,30.479999542236328,30.170000076293945,30.3700008392334,41167500
2020-01-30,27.121051788330078,30.600000381469727,30.6200008392334,29.93000030517578,29.950000762939453,51210000
2020-01-31,26.55380630493164,29.959999084472656,30.3799991607666,29.850000381469727,30.34000015258789,58958800
2020-02-03,26.739938735961914,30.170000076293945,30.469999313354492,30.149999618530273,30.170000076293945,40168200
2020-02-04,26.996965408325195,30.459999084472656,30.75,30.450000762939453,30.579999923706055,79273300
2020-02-05,27.537616729736328,31.06999969482422,31.100000381469727,30.799999237060547,30.8700008392334,51086900
2020-02-06,27.502161026000977,31.030000686645508,31.270000457763672,30.969999313354492,31.239999771118164,37044400
2020-02-07,27.4046688079834,30.920000076293945,31.010000228881836,30.790000915527344,30.860000610351562,27982500
2020-02-10,27.484437942504883,31.010000228881836,31.010000228881836,30.809999465942383,30.81999969482422,17723700
2020-02-11,27.581933975219727,31.1200008392334,31.260000228881836,31.09000015258789,31.09000015258789,27997400
2020-02-12,27.599653244018555,31.139999389648438,31.3799991607666,31.100000381469727,31.280000686645508,26964200
2020-02-13,27.590795516967773,31.1299991607666,31.200000762939453,30.950000762939453,31.040000915527344,22758700
2020-02-14,27.626243591308594,31.170000076293945,31.190000534057617,31.020000457763672,31.100000381469727,22080200
2020-02-18,27.38694190979004,30.899999618530273,31.15999984741211,30.719999313354492,31.079999923706055,37768900
2020-02-19,27.590795516967773,31.1299991607666,31.209999084472656,30.969999313354492,31.010000228881836,25643300
2020-02-20,27.537616729736328,31.06999969482422,31.280000686645508,30.860000610351562,31.020000457763672,50344300
2020-02-21,27.2717227935791,30.770000457763672,30.989999771118164,30.600000381469727,30.920000076293945,51128200
2020-02-24,26.385414123535156,29.770000457763672,30.059999465942383,29.6299991607666,29.799999237060547,70455400
2020-02-25,25.490238189697266,28.760000228881836,29.84000015258789,28.6200008392334,29.780000686645508,111826900
2020-02-26,25.304113388061523,28.549999237060547,29.219999313354492,28.549999237060547,28.950000762939453,95015700
2020-02-27,24.22281837463379,27.329999923706055,28.389999389648438,27.309999465942383,27.940000534057617,143536200
2020-02-28,23.566951751708984,26.59000015258789,26.850000381469727,25.969999313354492,26.399999618530273,192063500
2020-03-02,24.77233123779297,27.950000762939453,27.950000762939453,26.360000610351562,26.639999389648438,127115500
2020-03-03,23.841703414916992,26.899999618530273,28.25,26.6299991607666,27.860000610351562,256525000
2020-03-04,24.630525588989258,27.790000915527344,27.799999237060547,26.799999237060547,27.260000228881836,124408000
2020-03-05,23.442873001098633,26.450000762939453,26.940000534057617,26.149999618530273,26.8700008392334,130265700
2020-03-06,22.64518928527832,25.549999237060547,25.84000015258789,25.030000686645508,25.25,160606600
2020-03-09,20.216707229614258,22.809999465942383,23.8799991607666,22.520000457763672,23.0,134165700
2020-03-10,21.404356002807617,24.149999618530273,24.170000076293945,22.84000015258789,23.8700008392334,149282300
2020-03-11,20.243295669555664,22.84000015258789,23.649999618530273,22.520000457763672,23.40999984741211,146915400
2020-03-12,18.054107666015625,20.3700008392334,22.209999084472656,20.299999237060547,20.940000534057617,161437500
2020-03-13,20.42941665649414,23.049999237060547,23.09000015258789,20.899999618530273,21.899999618530273,160945700
2020-03-16,17.628684997558594,19.889999389648438,21.34000015258789,18.93000030517578,19.350000381469727,110661600
2020-03-17,18.585887908935547,20.969999313354492,21.190000534057617,19.540000915527344,20.350000381469727,122295100
2020-03-18,17.008264541625977,19.190000534057617,20.049999237060547,18.280000686645508,19.649999618530273,145056400
2020-03-19,17.38051414489746,19.610000610351562,19.889999389648438,18.110000610351562,18.790000915527344,105652800
2020-03-20,16.76009750366211,18.90999984741211,19.920000076293945,18.670000076293945,19.81999969482422,157840900
2020-03-23,15.784934043884277,17.65999984741211,18.600000381469727,17.489999771118164,18.440000534057617,144547900
2020-03-24,17.74241065979004,19.850000381469727,19.959999084472656,18.579999923706055,18.709999084472656,158551100
2020-03-25,18.22507095336914,20.389999389648438,21.229999542236328,19.389999389648438,20.139999389648438,162949600
2020-03-26,19.369171142578125,21.670000076293945,21.81999969482422,20.6299991607666,20.65999984741211,129753900
2020-03-27,18.779247283935547,21.010000228881836,21.670000076293945,20.549999237060547,20.790000915527344,109305600
2020-03-30,19.136775970458984,21.40999984741211,21.530000686645508,20.600000381469727,21.040000915527344,67297200
2020-03-31,18.609424591064453,20.81999969482422,21.450000762939453,20.639999389648438,21.209999084472656,83819900
2020-04-01,17.474260330200195,19.549999237060547,19.940000534057617,19.3700008392334,19.719999313354492,79185000
2020-04-02,17.91224479675293,20.040000915527344,20.200000762939453,19.360000610351562,19.43000030517578,68398300
2020-04-03,17.554712295532227,19.639999389648438,20.139999389648438,19.360000610351562,19.850000381469727,68418100
2020-04-06,18.81499481201172,21.049999237060547,21.219999313354492,20.469999313354492,20.6200008392334,69015100
2020-04-07,19.002704620361328,21.260000228881836,22.219999313354492,21.25,22.200000762939453,70950900
2020-04-08,19.833961486816406,22.190000534057617,22.329999923706055,21.34000015258789,21.579999923706055,80003400
2020-04-09,20.897615432739258,23.3799991607666,23.65999984741211,22.729999542236328,22.770000457763672,147845500
2020-04-13,20.137863159179688,22.530000686645508,23.329999923706055,22.329999923706055,23.309999465942383,66236300
2020-04-14,20.22724151611328,22.6299991607666,23.139999389648438,22.209999084472656,23.06999969482422,96169000
2020-04-15,19.351295471191406,21.649999618530273,21.860000610351562,21.540000915527344,21.729999542236328,63482000
2020-04-16,19.011642456054688,21.270000457763672,21.639999389648438,21.059999465942383,21.600000381469727,68907600
2020-04-17,20.012727737426758,22.389999389648438,22.520000457763672,21.920000076293945,22.100000381469727,88698600
2020-04-20,19.664140701293945,22.0,22.360000610351562,21.75,21.950000762939453,59063100
2020-04-21,19.02952003479004,21.290000915527344,21.709999084472656,21.209999084472656,21.329999923706055,71957900
2020-04-22,19.23509979248047,21.520000457763672,21.790000915527344,21.469999313354492,21.729999542236328,47507800
2020-04-23,19.154653549194336,21.43000030517578,21.860000610351562,21.399999618530273,21.579999923706055,71740200
2020-04-24,19.43173599243164,21.739999771118164,21.829999923706055,21.329999923706055,21.65999984741211,33825300
2020-04-27,20.093172073364258,22.479999542236328,22.600000381469727,21.920000076293945,21.959999084472656,109435100
2020-04-28,20.307693481445312,22.719999313354492,23.329999923706055,22.670000076293945,23.15999984741211,46452300
2020-04-29,20.897615432739258,23.3799991607666,23.65999984741211,23.18000030517578,23.420000076293945,70064400
2020-04-30,20.370256423950195,22.790000915527344,23.15999984741211,22.68000030517578,22.90999984741211,56745700
2020-05-01,19.717763900756836,22.059999465942383,22.309999465942383,21.90999984741211,22.25,37534300
2020-05-04,19.539003372192383,21.860000610351562,21.889999389648438,21.440000534057617,21.770000457763672,50177200
2020-05-05,19.47643280029297,21.790000915527344,22.280000686645508,21.790000915527344,22.15999984741211,65123000
2020-05-06,19.056333541870117,21.31999969482422,22.049999237060547,21.299999237060547,21.989999771118164,63738400
2020-05-07,19.503244400024414,21.81999969482422,22.18000030517578,21.600000381469727,21.600000381469727,61339000
2020-05-08,19.923349380493164,22.290000915527344,22.31999969482422,22.010000228881836,22.239999771118164,42218300
2020-05-11,19.539003372192383,21.860000610351562,22.049999237060547,21.739999771118164,21.979999542236328,54994900
2020-05-12,19.02952003479004,21.290000915527344,22.030000686645508,21.270000457763672,21.950000762939453,62202700
2020-05-13,18.466411590576172,20.65999984741211,21.139999389648438,20.5,21.110000610351562,86848300
2020-05-14,18.94013786315918,21.190000534057617,21.209999084472656,20.09000015258789,20.299999237060547,103763100
2020-05-15,18.81499481201172,21.049999237060547,21.229999542236328,20.799999237060547,20.989999771118164,70285000
2020-05-18,19.780332565307617,22.1299991607666,22.299999237060547,21.68000030517578,21.829999923706055,79548500
2020-05-19,19.297666549682617,21.59000015258789,22.110000610351562,21.579999923706055,22.0,56673200
2020-05-20,19.726703643798828,22.06999969482422,22.200000762939453,21.93000030517578,21.950000762939453,50402600
2020-05-21,19.664140701293945,22.0,22.209999084472656,21.8799991607666,22.0,49939900
2020-05-22,19.592632293701172,21.920000076293945,22.020000457763672,21.700000762939453,21.989999771118164,37584500
2020-05-26,20.611591339111328,23.059999465942383,23.299999237060547,22.729999542236328,22.75,108349200
2020-05-27,21.505409240722656,24.059999465942383,24.100000381469727,23.540000915527344,24.09000015258789,121521200
2020-05-28,21.16575813293457,23.68000030517578,24.34000015258789,23.610000610351562,24.329999923706055,101590100
2020-05-29,20.92442512512207,23.40999984741211,23.6200008392334,23.170000076293945,23.399999618530273,86969000
2020-06-01,21.16575813293457,23.68000030517578,23.790000915527344,23.34000015258789,23.5,52619200
2020-06-02,21.335588455200195,23.8700008392334,24.040000915527344,23.700000762939453,23.889999389648438,52572800
2020-06-03,22.131092071533203,24.760000228881836,24.8700008392334,24.34000015258789,24.399999618530273,77622900
2020-06-04,22.613750457763672,25.299999237060547,25.299999237060547,24.520000457763672,24.719999313354492,97575100
2020-06-05,23.453948974609375,26.239999771118164,26.829999923706055,26.149999618530273,26.780000686645508,135859300
2020-06-08,23.900863647460938,26.739999771118164,26.799999237060547,26.3700008392334,26.670000076293945,80298400
2020-06-09,23.391380310058594,26.170000076293945,26.399999618530273,25.920000076293945,26.110000610351562,92833100
2020-06-10,22.51543617248535,25.190000534057617,26.15999984741211,25.170000076293945,26.020000457763672,110848900
2020-06-11,20.67415428161621,23.1299991607666,24.360000610351562,23.09000015258789,24.0,233116600
2020-06-12,21.299835205078125,23.829999923706055,24.059999465942383,23.219999313354492,24.059999465942383,127502900
2020-06-15,21.59479522705078,24.15999984741211,24.239999771118164,22.959999084472656,23.010000228881836,92469500
2020-06-16,21.934450149536133,24.540000915527344,25.1200008392334,23.950000762939453,25.1200008392334,108121300
2020-06-17,21.60373306274414,24.170000076293945,24.610000610351562,24.1299991607666,24.610000610351562,56320900
2020-06-18,21.576919555664062,24.139999389648438,24.3700008392334,23.860000610351562,23.93000030517578,61206500
2020-06-19,21.433902740478516,23.979999542236328,24.610000610351562,23.709999084472656,24.600000381469727,99903900
2020-06-22,21.32776641845703,23.709999084472656,23.8799991607666,23.530000686645508,23.68000030517578,47929500
2020-06-23,21.426712036132812,23.81999969482422,24.219999313354492,23.799999237060547,24.06999969482422,47218900
2020-06-24,20.671112060546875,22.979999542236328,23.520000457763672,22.90999984741211,23.510000228881836,90217500
2020-06-25,21.219820022583008,23.59000015258789,23.639999389648438,22.860000610351562,22.899999618530273,110208900
2020-06-26,20.31130027770996,22.579999923706055,23.260000228881836,22.520000457763672,23.190000534057617,123959100
2020-06-29,20.53618049621582,22.829999923706055,22.979999542236328,22.6299991607666,22.81999969482422,69107100
2020-06-30,20.81503677368164,23.139999389648438,23.299999237060547,22.690000534057617,22.709999084472656,60653100
2020-07-01,20.635128021240234,22.940000534057617,23.350000381469727,22.8700008392334,23.239999771118164,60500300
2020-07-02,20.662111282348633,22.969999313354492,23.530000686645508,22.920000076293945,23.450000762939453,50841900
2020-07-06,21.057903289794922,23.40999984741211,23.65999984741211,23.280000686645508,23.479999542236328,60271700
2020-07-07,20.626131057739258,22.93000030517578,23.229999542236328,22.8700008392334,23.219999313354492,43810900
2020-07-08,20.842018127441406,23.170000076293945,23.229999542236328,22.84000015258789,22.920000076293945,53046100
2020-07-09,20.40125274658203,22.68000030517578,23.209999084472656,22.489999771118164,23.15999984741211,71163700
2020-07-10,21.102876663208008,23.459999084472656,23.489999771118164,22.670000076293945,22.670000076293945,94440600
2020-07-13,21.19283103942871,23.559999465942383,23.90999984741211,23.420000076293945,23.760000228881836,102487100
2020-07-14,21.30077362060547,23.68000030517578,23.75,23.25,23.459999084472656,102468300
2020-07-15,21.72355079650879,24.149999618530273,24.260000228881836,23.889999389648438,24.25,90561800
2020-07-16,21.72355079650879,24.149999618530273,24.399999618530273,23.850000381469727,23.940000534057617,74678500
2020-07-17,21.543651580810547,23.950000762939453,24.219999313354492,23.940000534057617,24.200000762939453,47033200
2020-07-20,21.4447021484375,23.84000015258789,23.979999542236328,23.75,23.81999969482422,40127600
2020-07-21,21.867477416992188,24.309999465942383,24.43000030517578,23.969999313354492,24.0,46491300
2020-07-22,21.867477416992188,24.309999465942383,24.329999923706055,24.110000610351562,24.190000534057617,44437400
2020-07-23,21.885469436645508,24.329999923706055,24.469999313354492,24.18000030517578,24.260000228881836,49916100
2020-07-24,21.831501007080078,24.270000457763672,24.479999542236328,24.190000534057617,24.350000381469727,41245600
2020-07-27,21.651592254638672,24.06999969482422,24.18000030517578,23.860000610351562,24.15999984741211,43060200
2020-07-28,21.59762191772461,24.010000228881836,24.1200008392334,23.899999618530273,23.979999542236328,35370500
2020-07-29,22.00240135192871,24.459999084472656,24.489999771118164,23.93000030517578,23.969999313354492,36491600
2020-07-30,21.60661506652832,24.020000457763672,24.06999969482422,23.709999084472656,24.0,53994600
2020-07-31,21.615612030029297,24.030000686645508,24.059999465942383,23.709999084472656,24.010000228881836,50115900
2020-08-03,21.678577423095703,24.100000381469727,24.290000915527344,23.959999084472656,24.1299991607666,42982100
2020-08-04,21.588623046875,24.0,24.040000915527344,23.8700008392334,24.0,30754400
2020-08-05,21.885469436645508,24.329999923706055,24.389999389648438,24.1299991607666,24.15999984741211,34860700
2020-08-06,21.87647247314453,24.31999969482422,24.420000076293945,24.149999618530273,24.25,33115400
2020-08-07,22.344228744506836,24.84000015258789,24.860000610351562,24.149999618530273,24.200000762939453,63302800
2020-08-10,22.50614356994629,25.020000457763672,25.110000610351562,24.8700008392334,24.979999542236328,45436100
2020-08-11,22.76700782775879,25.309999465942383,25.719999313354492,25.25,25.489999771118164,73758600
2020-08-12,22.704036712646484,25.239999771118164,25.770000457763672,25.059999465942383,25.760000228881836,58793600
2020-08-13,22.560110092163086,25.079999923706055,25.260000228881836,24.93000030517578,25.049999237060547,35222500
2020-08-14,22.650066375732422,25.18000030517578,25.299999237060547,24.93000030517578,24.959999084472656,28276900
2020-08-17,22.272268295288086,24.760000228881836,25.110000610351562,24.75,25.09000015258789,53397000
2020-08-18,22.12834930419922,24.600000381469727,24.84000015258789,24.579999923706055,24.780000686645508,35502500
2020-08-19,22.119342803955078,24.59000015258789,24.940000534057617,24.520000457763672,24.690000534057617,59847200
2020-08-20,21.912450790405273,24.360000610351562,24.5,24.290000915527344,24.309999465942383,45586100
2020-08-21,21.867477416992188,24.309999465942383,24.530000686645508,24.229999542236328,24.31999969482422,35349200
2020-08-24,22.38920021057129,24.889999389648438,24.889999389648438,24.389999389648438,24.450000762939453,51010900
2020-08-25,22.452173233032227,24.959999084472656,25.170000076293945,24.799999237060547,25.100000381469727,55236900
2020-08-26,22.344228744506836,24.84000015258789,24.959999084472656,24.75,24.899999618530273,30646600
2020-08-27,22.722028732299805,25.260000228881836,25.3799991607666,24.81999969482422,24.81999969482422,66463900
2020-08-28,22.81197738647461,25.360000610351562,25.450000762939453,25.149999618530273,25.440000534057617,49170600
2020-08-31,22.542123794555664,25.059999465942383,25.34000015258789,25.059999465942383,25.34000015258789,52259000
2020-09-01,22.605085372924805,25.1299991607666,25.219999313354492,24.850000381469727,24.93000030517578,42036100
2020-09-02,22.92891502380371,25.489999771118164,25.579999923706055,25.049999237060547,25.1200008392334,48432500
2020-09-03,22.578105926513672,25.100000381469727,26.010000228881836,24.940000534057617,25.639999389648438,98405500
2020-09-04,22.749013900756836,25.290000915527344,25.690000534057617,24.889999389648438,25.549999237060547,111105500
2020-09-08,22.164323806762695,24.639999389648438,25.100000381469727,24.549999237060547,25.040000915527344,84687600
2020-09-09,22.38920021057129,24.889999389648438,25.06999969482422,24.709999084472656,24.8700008392334,52321200
2020-09-10,22.074373245239258,24.540000915527344,25.139999389648438,24.489999771118164,24.969999313354492,55515300
2020-09-11,22.22728729248047,24.709999084472656,24.84000015258789,24.5,24.579999923706055,69285700
2020-09-14,22.533126831054688,25.049999237060547,25.270000457763672,24.860000610351562,24.93000030517578,51021000
2020-09-15,22.22728729248047,24.709999084472656,25.1200008392334,24.690000534057617,25.100000381469727,48459900
2020-09-16,22.479156494140625,24.989999771118164,25.270000457763672,24.709999084472656,24.760000228881836,62119900
2020-09-17,22.24527931213379,24.729999542236328,24.8799991607666,24.579999923706055,24.649999618530273,47334200
2020-09-18,22.20030403137207,24.68000030517578,24.93000030517578,24.6299991607666,24.729999542236328,61707200
2020-09-21,21.64405059814453,23.93000030517578,24.170000076293945,23.559999465942383,24.030000686645508,72307300
2020-09-22,21.463151931762695,23.729999542236328,24.100000381469727,23.530000686645508,23.8700008392334,84561500
2020-09-23,20.983787536621094,23.200000762939453,23.950000762939453,23.200000762939453,23.780000686645508,54282500
2020-09-24,21.029008865356445,23.25,23.579999923706055,22.940000534057617,23.209999084472656,56512300
2020-09-25,21.24608039855957,23.489999771118164,23.56999969482422,23.030000686645508,23.079999923706055,46026600
2020-09-28,21.75259017944336,24.049999237060547,24.219999313354492,23.81999969482422,23.81999969482422,62803500
2020-09-29,21.481246948242188,23.75,24.020000457763672,23.6200008392334,23.979999542236328,53250800
2020-09-30,21.770679473876953,24.06999969482422,24.270000457763672,23.84000015258789,23.850000381469727,66732200
2020-10-01,21.806861877441406,24.110000610351562,24.329999923706055,23.920000076293945,24.170000076293945,65766100
2020-10-02,21.978708267211914,24.299999237060547,24.440000534057617,23.729999542236328,23.790000915527344,63368100
2020-10-05,22.34049415588379,24.700000762939453,24.780000686645508,24.469999313354492,24.530000686645508,58911700
2020-10-06,22.11437225341797,24.450000762939453,25.079999923706055,24.360000610351562,24.90999984741211,88404900
2020-10-07,22.485214233398438,24.860000610351562,24.979999542236328,24.68000030517578,24.68000030517578,53815200
2020-10-08,22.792736053466797,25.200000762939453,25.260000228881836,24.940000534057617,25.0,57646300
2020-10-09,22.819866180419922,25.229999542236328,25.3700008392334,25.030000686645508,25.34000015258789,52031600
2020-10-12,23.073116302490234,25.510000228881836,25.59000015258789,25.209999084472656,25.209999084472656,45931400
2020-10-13,22.629932403564453,25.020000457763672,25.510000228881836,24.940000534057617,25.43000030517578,60377800
2020-10-14,22.41285514831543,24.780000686645508,25.1299991607666,24.75,25.040000915527344,48982200
2020-10-15,22.58470344543457,24.969999313354492,24.979999542236328,24.510000228881836,24.549999237060547,41637200
2020-10-16,22.602794647216797,24.989999771118164,25.149999618530273,24.8700008392334,25.020000457763672,40103600
2020-10-19,22.259092330932617,24.610000610351562,25.09000015258789,24.56999969482422,25.079999923706055,42989000
2020-10-20,22.439983367919922,24.809999465942383,25.100000381469727,24.760000228881836,24.770000457763672,67293900
2020-10-21,22.322406768798828,24.68000030517578,24.93000030517578,24.68000030517578,24.770000457763672,44307200
2020-10-22,22.76559829711914,25.170000076293945,25.200000762939453,24.65999984741211,24.670000076293945,39511800
2020-10-23,22.83795738220215,25.25,25.40999984741211,25.049999237060547,25.329999923706055,45092700
2020-10-26,22.322406768798828,24.68000030517578,24.93000030517578,24.450000762939453,24.889999389648438,54015100
2020-10-27,21.915393829345703,24.229999542236328,24.670000076293945,24.209999084472656,24.670000076293945,46083300
2020-10-28,21.3546199798584,23.610000610351562,23.93000030517578,23.469999313354492,23.719999313354492,89288300
2020-10-29,21.51742172241211,23.790000915527344,23.959999084472656,23.25,23.549999237060547,60908400
2020-10-30,21.580738067626953,23.860000610351562,23.899999618530273,23.469999313354492,23.649999618530273,66221600
2020-11-02,21.987751007080078,24.309999465942383,24.420000076293945,23.959999084472656,24.260000228881836,65136000
2020-11-03,22.476165771484375,24.850000381469727,25.100000381469727,24.729999542236328,24.760000228881836,79834200
2020-11-04,22.2138729095459,24.559999465942383,25.0,24.190000534057617,24.40999984741211,87397400
2020-11-05,22.756555557250977,25.15999984741211,25.34000015258789,24.770000457763672,24.770000457763672,65942300
2020-11-06,22.57566261291504,24.959999084472656,25.309999465942383,24.8799991607666,25.280000686645508,60783500
2020-11-09,24.42983055114746,27.010000228881836,27.440000534057617,26.65999984741211,26.979999542236328,162966800
2020-11-10,24.556455612182617,27.149999618530273,27.25,26.790000915527344,27.040000915527344,85851200
2020-11-11,24.45696449279785,27.040000915527344,27.31999969482422,26.8799991607666,27.299999237060547,65062400
2020-11-12,24.049951553344727,26.59000015258789,26.770000457763672,26.350000381469727,26.709999084472656,62733800
2020-11-13,24.44792366027832,27.030000686645508,27.139999389648438,26.770000457763672,26.84000015258789,45031800
2020-11-16,24.990602493286133,27.6299991607666,27.729999542236328,27.360000610351562,27.709999084472656,67556100
2020-11-17,24.954421997070312,27.59000015258789,27.639999389648438,27.1299991607666,27.31999969482422,63679700
2020-11-18,24.719261169433594,27.329999923706055,27.940000534057617,27.31999969482422,27.719999313354492,71578400
2020-11-19,24.800662994384766,27.420000076293945,27.450000762939453,27.020000457763672,27.190000534057617,47194800
2020-11-20,24.583587646484375,27.18000030517578,27.389999389648438,27.1200008392334,27.280000686645508,39974700
2020-11-23,25.044876098632812,27.690000534057617,27.770000457763672,27.389999389648438,27.530000686645508,51870500
2020-11-24,25.92221450805664,28.65999984741211,28.690000534057617,28.100000381469727,28.170000076293945,60983200
2020-11-25,25.83176040649414,28.559999465942383,28.579999923706055,28.219999313354492,28.5,45204600
2020-11-27,25.7503604888916,28.469999313354492,28.59000015258789,28.360000610351562,28.559999465942383,26981200
2020-11-30,25.21672248840332,27.8799991607666,28.3799991607666,27.829999923706055,28.299999237060547,72524200
2020-12-01,25.60564422607422,28.309999465942383,28.56999969482422,28.290000915527344,28.399999618530273,53972100
2020-12-02,25.886030197143555,28.6200008392334,28.670000076293945,28.219999313354492,28.270000457763672,57471800
2020-12-03,25.895082473754883,28.6299991607666,28.799999237060547,28.459999084472656,28.639999389648438,49566000
2020-12-04,26.211641311645508,28.979999542236328,29.030000686645508,28.799999237060547,28.81999969482422,52713100
2020-12-07,26.03074836730957,28.780000686645508,28.860000610351562,28.610000610351562,28.809999465942383,34631600
2020-12-08,26.021705627441406,28.770000457763672,28.84000015258789,28.510000228881836,28.510000228881836,31628500
2020-12-09,25.958391189575195,28.700000762939453,28.950000762939453,28.59000015258789,28.93000030517578,47589600
2020-12-10,26.00361442565918,28.75,28.780000686645508,28.389999389648438,28.479999542236328,41298300
2020-12-11,25.741313934326172,28.459999084472656,28.530000686645508,28.229999542236328,28.43000030517578,48216300
2020-12-14,25.442834854125977,28.1299991607666,28.84000015258789,28.110000610351562,28.84000015258789,38302900
2020-12-15,25.87698745727539,28.610000610351562,28.690000534057617,28.190000534057617,28.350000381469727,38604200
2020-12-16,25.92221450805664,28.65999984741211,28.68000030517578,28.520000457763672,28.65999984741211,55602800
2020-12-17,25.99456787109375,28.739999771118164,28.790000915527344,28.579999923706055,28.709999084472656,38510900
2020-12-18,25.76844596862793,28.489999771118164,28.780000686645508,28.31999969482422,28.780000686645508,56080100
2020-12-21,26.115814208984375,28.719999313354492,28.860000610351562,28.229999542236328,28.670000076293945,77688100
2020-12-22,25.861202239990234,28.440000534057617,28.780000686645508,28.420000076293945,28.739999771118164,42317900
2020-12-23,26.288583755493164,28.90999984741211,29.06999969482422,28.600000381469727,28.610000610351562,52681400
2020-12-24,26.3249568939209,28.950000762939453,28.979999542236328,28.709999084472656,28.969999313354492,16071000
2020-12-28,26.4522647857666,29.09000015258789,29.31999969482422,28.989999771118164,29.149999618530273,32824800
2020-12-29,26.361331939697266,28.989999771118164,29.219999313354492,28.959999084472656,29.209999084472656,23607000
2020-12-30,26.479541778564453,29.1200008392334,29.209999084472656,29.020000457763672,29.09000015258789,16616700
2020-12-31,26.806900024414062,29.479999542236328,29.520000457763672,29.0,29.079999923706055,26239300
2021-01-04,26.443172454833984,29.079999923706055,29.600000381469727,28.829999923706055,29.59000015258789,47086300
2021-01-05,26.561378479003906,29.209999084472656,29.34000015258789,28.920000076293945,29.06999969482422,35265400
2021-01-06,27.734413146972656,30.5,30.739999771118164,29.770000457763672,29.770000457763672,102254900
2021-01-07,28.134511947631836,30.940000534057617,31.260000228881836,30.8799991607666,30.950000762939453,64342700
2021-01-08,28.1163272857666,30.920000076293945,31.100000381469727,30.510000228881836,31.09000015258789,54266400
2021-01-11,28.207263946533203,31.020000457763672,31.06999969482422,30.489999771118164,30.6200008392334,56590400
2021-01-12,28.498245239257812,31.34000015258789,31.489999771118164,31.110000610351562,31.200000762939453,60546600
2021-01-13,28.480060577392578,31.31999969482422,31.399999618530273,31.09000015258789,31.290000915527344,55394700
2021-01-14,28.607358932495117,31.459999084472656,31.6200008392334,31.290000915527344,31.40999984741211,49828800
2021-01-15,28.134511947631836,30.940000534057617,31.190000534057617,30.709999084472656,31.0,68732700
2021-01-19,28.207263946533203,31.020000457763672,31.18000030517578,30.829999923706055,31.100000381469727,97457200
2021-01-20,28.089046478271484,30.889999389648438,31.1200008392334,30.780000686645508,31.1200008392334,56113100
2021-01-21,27.788969039916992,30.559999465942383,30.93000030517578,30.559999465942383,30.8700008392334,43713800
2021-01-22,27.58892059326172,30.34000015258789,30.459999084472656,30.200000762939453,30.25,37928000
2021-01-25,27.38886833190918,30.1200008392334,30.15999984741211,29.739999771118164,30.040000915527344,68321500
2021-01-26,27.170631408691406,29.8799991607666,30.280000686645508,29.860000610351562,30.239999771118164,55504600
2021-01-27,26.370424270629883,29.0,29.5,28.940000534057617,29.469999313354492,84059200
2021-01-28,26.8614559173584,29.540000915527344,29.8799991607666,29.280000686645508,29.3700008392334,62985900
2021-01-29,26.3249568939209,28.950000762939453,29.540000915527344,28.81999969482422,29.459999084472656,78260700
2021-02-01,26.670499801635742,29.329999923706055,29.3700008392334,29.020000457763672,29.270000457763672,41947400
2021-02-02,27.316123962402344,30.040000915527344,30.190000534057617,29.65999984741211,29.670000076293945,54263000
2021-02-03,27.470703125,30.209999084472656,30.219999313354492,29.940000534057617,30.0,46195200
2021-02-04,28.0799560546875,30.8799991607666,30.889999389648438,30.299999237060547,30.309999465942383,63061800
2021-02-05,28.089046478271484,30.889999389648438,31.1299991607666,30.81999969482422,31.100000381469727,38461900
2021-02-08,28.452783584594727,31.290000915527344,31.290000915527344,30.989999771118164,30.989999771118164,48756300
2021-02-09,28.461870193481445,31.299999237060547,31.399999618530273,31.079999923706055,31.190000534057617,33572000
2021-02-10,28.461870193481445,31.299999237060547,31.5,31.149999618530273,31.459999084472656,38899600
2021-02-11,28.370939254760742,31.200000762939453,31.440000534057617,30.989999771118164,31.31999969482422,31909500
2021-02-12,28.66191864013672,31.520000457763672,31.549999237060547,31.139999389648438,31.170000076293945,38271800
2021-02-16,29.152957916259766,32.060001373291016,32.209999084472656,31.700000762939453,31.84000015258789,71330600
2021-02-17,29.298450469970703,32.220001220703125,32.2599983215332,31.850000381469727,31.959999084472656,60460900
2021-02-18,29.125680923461914,32.029998779296875,32.20000076293945,31.770000457763672,31.989999771118164,45188200
2021-02-19,29.471227645874023,32.40999984741211,32.52000045776367,32.20000076293945,32.2400016784668,54361800
2021-02-22,29.7440242767334,32.709999084472656,32.83000183105469,32.290000915527344,32.29999923706055,65930200
2021-02-23,29.92588233947754,32.90999984741211,32.95000076293945,32.56999969482422,32.939998626708984,94331400
2021-02-24,30.50785255432129,33.54999923706055,33.63999938964844,32.939998626708984,32.959999084472656,66000600
2021-02-25,29.953153610229492,32.939998626708984,33.84000015258789,32.849998474121094,33.81999969482422,92189400
2021-02-26,29.38028907775879,32.310001373291016,32.9900016784668,32.189998626708984,32.88999938964844,103105700
2021-03-01,30.2987060546875,33.31999969482422,33.52000045776367,32.86000061035156,32.86000061035156,67590700
2021-03-02,30.18958282470703,33.20000076293945,33.470001220703125,33.16999816894531,33.279998779296875,49987000
2021-03-03,30.42601203918457,33.459999084472656,33.959999084472656,33.290000915527344,33.33000183105469,72541700
2021-03-04,30.080467224121094,33.08000183105469,33.689998626708984,32.599998474121094,33.369998931884766,101311800
2021-03-05,30.65334701538086,33.709999084472656,33.79999923706055,32.779998779296875,33.63999938964844,109299800
2021-03-08,31.04435920715332,34.13999938964844,34.58000183105469,33.81999969482422,33.959999084472656,90538200
2021-03-09,30.762462615966797,33.83000183105469,34.33000183105469,33.52000045776367,33.869998931884766,117224600
2021-03-10,31.389904022216797,34.52000045776367,34.650001525878906,33.93000030517578,33.9900016784668,73269300
2021-03-11,31.29896354675293,34.41999816894531,34.689998626708984,34.13999938964844,34.34000015258789,50904800
2021-03-12,31.617229461669922,34.77000045776367,34.95000076293945,34.65999984741211,34.81999969482422,68126000
2021-03-15,31.435365676879883,34.56999969482422,34.90999984741211,34.25,34.900001525878906,57836400
2021-03-16,31.108003616333008,34.209999084472656,34.43000030517578,33.939998626708984,34.38999938964844,67373600
2021-03-17,31.317148208618164,34.439998626708984,34.63999938964844,34.08000183105469,34.459999084472656,64051100
2021-03-18,31.480836868286133,34.619998931884766,35.290000915527344,34.5,34.790000915527344,96690500
2021-03-19,31.117097854614258,34.220001220703125,34.380001068115234,33.86000061035156,34.349998474121094,98510500
2021-03-22,30.71613121032715,33.630001068115234,33.88999938964844,33.5099983215332,33.81999969482422,68170600
2021-03-23,30.28685760498047,33.15999984741211,33.65999984741211,33.040000915527344,33.43000030517578,70441900
2021-03-24,30.396467208862305,33.279998779296875,33.79999923706055,33.279998779296875,33.400001525878906,63357100
2021-03-25,30.907941818237305,33.84000015258789,33.88999938964844,33.0,33.2599983215332,60532600
2021-03-26,31.392017364501953,34.369998931884766,34.43000030517578,33.95000076293945,34.189998626708984,53779900
2021-03-29,31.11801528930664,34.06999969482422,34.290000915527344,33.720001220703125,33.88999938964844,71777800
2021-03-30,31.337223052978516,34.310001373291016,34.470001220703125,34.209999084472656,34.25,55011400
2021-03-31,31.099746704101562,34.04999923706055,34.380001068115234,34.029998779296875,34.2400016784668,51138300
2021-04-01,31.483356475830078,34.470001220703125,34.470001220703125,34.0,34.0,51690100
2021-04-05,31.729961395263672,34.7400016784668,34.90999984741211,34.630001068115234,34.84000015258789,51790700
2021-04-06,31.666025161743164,34.66999816894531,34.83000183105469,34.54999923706055,34.65999984741211,41336800
2021-04-07,31.82129669189453,34.84000015258789,34.91999816894531,34.599998474121094,34.77000045776367,38660800
2021-04-08,31.830432891845703,34.849998474121094,34.88999938964844,34.470001220703125,34.709999084472656,39927400
2021-04-09,32.10444259643555,35.150001525878906,35.16999816894531,34.88999938964844,35.09000015258789,40133700
2021-04-12,32.241432189941406,35.29999923706055,35.310001373291016,35.13999938964844,35.220001220703125,44435500
2021-04-13,31.940032958984375,34.970001220703125,35.13999938964844,34.779998779296875,35.099998474121094,39950900
2021-04-14,32.13184356689453,35.18000030517578,35.43000030517578,34.83000183105469,34.880001068115234,44065300
2021-04-15,32.10444259643555,35.150001525878906,35.29999923706055,34.81999969482422,35.2599983215332,55483500
2021-04-16,32.3327751159668,35.400001525878906,35.529998779296875,35.2400016784668,35.459999084472656,39115700
2021-04-19,32.241432189941406,35.29999923706055,35.4900016784668,35.18000030517578,35.38999938964844,31172300
2021-04-20,31.638622283935547,34.63999938964844,35.11000061035156,34.52000045776367,35.09000015258789,50227700
2021-04-21,32.07703399658203,35.119998931884766,35.150001525878906,34.41999816894531,34.52000045776367,39680000
2021-04-22,31.7208194732666,34.72999954223633,35.130001068115234,34.66999816894531,35.08000183105469,43611200
2021-04-23,32.314510345458984,35.380001068115234,35.529998779296875,34.66999816894531,34.72999954223633,50437700
2021-04-26,32.442386627197266,35.52000045776367,35.849998474121094,35.47999954223633,35.5099983215332,43749700
2021-04-27,32.698116302490234,35.79999923706055,35.849998474121094,35.4900016784668,35.56999969482422,50852400
2021-04-28,32.82599639892578,35.939998626708984,36.040000915527344,35.83000183105469,35.939998626708984,35771700
2021-04-29,33.4105339050293,36.58000183105469,36.61000061035156,36.189998626708984,36.220001220703125,48573000
2021-04-30,33.11825180053711,36.2599983215332,36.5099983215332,36.20000076293945,36.380001068115234,43940900
2021-05-03,33.282676696777344,36.439998626708984,36.63999938964844,36.29999923706055,36.56999969482422,33317300
2021-05-04,33.54753112792969,36.72999954223633,36.72999954223633,36.040000915527344,36.279998779296875,66939700
2021-05-05,33.82155227661133,37.029998779296875,37.16999816894531,36.84000015258789,36.84000015258789,38954200
2021-05-06,34.323890686035156,37.58000183105469,37.59000015258789,36.959999084472656,37.18000030517578,43332900
2021-05-07,34.50657653808594,37.779998779296875,37.790000915527344,37.060001373291016,37.150001525878906,64616700
2021-05-10,34.47916030883789,37.75,38.2599983215332,37.720001220703125,37.97999954223633,56341100
2021-05-11,33.867218017578125,37.08000183105469,37.709999084472656,36.939998626708984,37.369998931884766,82723700
2021-05-12,33.5201416015625,36.70000076293945,37.5099983215332,36.54999923706055,37.369998931884766,97911900
2021-05-13,34.05902099609375,37.290000915527344,37.52000045776367,36.540000915527344,36.560001373291016,66882600
2021-05-14,34.59790802001953,37.880001068115234,37.97999954223633,37.459999084472656,37.5,44850200
2021-05-17,34.661842346191406,37.95000076293945,37.9900016784668,37.61000061035156,37.7599983215332,40376700
2021-05-18,34.17774963378906,37.41999816894531,38.04999923706055,37.400001525878906,37.91999816894531,40299200
2021-05-19,33.967681884765625,37.189998626708984,37.209999084472656,36.59000015258789,36.9900016784668,63573900
2021-05-20,33.9859504699707,37.209999084472656,37.470001220703125,36.95000076293945,37.25,59216100
2021-05-21,34.323890686035156,37.58000183105469,37.779998779296875,37.34000015258789,37.36000061035156,44950300
2021-05-24,34.48830032348633,37.7599983215332,37.849998474121094,37.54999923706055,37.7400016784668,29159600
2021-05-25,34.14122009277344,37.380001068115234,38.099998474121094,37.33000183105469,37.810001373291016,38755900
2021-05-26,34.24169921875,37.4900016784668,37.65999984741211,37.220001220703125,37.52000045776367,38601900
2021-05-27,34.63442611694336,37.91999816894531,38.02000045776367,37.61000061035156,37.83000183105469,39789500
2021-05-28,34.698368072509766,37.9900016784668,38.09000015258789,37.709999084472656,38.09000015258789,39265000
2021-06-01,34.9084358215332,38.220001220703125,38.47999954223633,38.119998931884766,38.369998931884766,35710700
2021-06-02,34.96323776245117,38.279998779296875,38.380001068115234,38.06999969482422,38.34000015258789,37537500
2021-06-03,35.045440673828125,38.369998931884766,38.599998474121094,38.040000915527344,38.15999984741211,54877500
2021-06-04,35.13677978515625,38.470001220703125,38.5,38.130001068115234,38.41999816894531,27250900
2021-06-07,34.9084358215332,38.220001220703125,38.529998779296875,38.150001525878906,38.529998779296875,37401800
2021-06-08,34.81710433959961,38.119998931884766,38.2400016784668,37.72999954223633,38.0099983215332,47747700
2021-06-09,34.48830032348633,37.7599983215332,38.02000045776367,37.65999984741211,37.970001220703125,40776200
2021-06-10,34.086421966552734,37.31999969482422,38.18000030517578,37.290000915527344,38.08000183105469,53775500
2021-06-11,34.30562210083008,37.560001373291016,37.58000183105469,37.380001068115234,37.38999938964844,40416700
2021-06-14,33.94941329956055,37.16999816894531,37.54999923706055,36.95000076293945,37.4900016784668,50613400
2021-06-15,34.01334762573242,37.2400016784668,37.43000030517578,37.0,37.18000030517578,51315100
2021-06-16,33.97681427001953,37.20000076293945,37.45000076293945,36.7400016784668,37.119998931884766,84961100
2021-06-17,32.97212600708008,36.099998474121094,37.40999984741211,35.9900016784668,37.38999938964844,97659900
2021-06-18,32.17750549316406,35.22999954223633,35.7400016784668,35.18000030517578,35.619998931884766,180960000
2021-06-21,32.92850112915039,35.90999984741211,35.93000030517578,35.380001068115234,35.439998626708984,89831400
2021-06-22,32.9835319519043,35.970001220703125,36.11000061035156,35.630001068115234,35.9900016784668,42576400
2021-06-23,33.047706604003906,36.040000915527344,36.209999084472656,35.95000076293945,36.0,48094900
2021-06-24,33.46035385131836,36.4900016784668,36.58000183105469,36.08000183105469,36.25,42942800
2021-06-25,33.863826751708984,36.93000030517578,37.029998779296875,36.470001220703125,36.68000030517578,56845000
2021-06-28,33.616233825683594,36.65999984741211,36.88999938964844,36.45000076293945,36.86000061035156,70250700
2021-06-29,33.49702835083008,36.529998779296875,37.04999923706055,36.43000030517578,36.849998474121094,61051200
2021-06-30,33.64374923706055,36.689998626708984,36.77000045776367,36.40999984741211,36.41999816894531,42414100
2021-07-01,33.9096565246582,36.97999954223633,37.0,36.68000030517578,36.869998931884766,36615600
2021-07-02,33.87298583984375,36.939998626708984,37.02000045776367,36.790000915527344,36.97999954223633,27018400
2021-07-06,33.34114456176758,36.36000061035156,36.869998931884766,36.119998931884766,36.849998474121094,49225300
2021-07-07,33.386993408203125,36.40999984741211,36.4900016784668,36.060001373291016,36.13999938964844,43747100
2021-07-08,32.71759796142578,35.68000030517578,36.040000915527344,35.5099983215332,35.83000183105469,75084200
2021-07-09,33.66208267211914,36.709999084472656,36.7599983215332,36.09000015258789,36.20000076293945,70546500
2021-07-12,33.99220275878906,37.06999969482422,37.13999938964844,36.33000183105469,36.4900016784668,62953400
2021-07-13,33.62540817260742,36.66999816894531,37.0099983215332,36.529998779296875,36.95000076293945,44476200
2021-07-14,33.46952438354492,36.5,36.93000030517578,36.099998474121094,36.689998626708984,69632700
2021-07-15,33.57956314086914,36.619998931884766,36.849998474121094,36.13999938964844,36.13999938964844,53977600
2021-07-16,33.121070861816406,36.119998931884766,36.810001373291016,36.040000915527344,36.810001373291016,56160700
2021-07-19,32.19493865966797,35.11000061035156,35.61000061035156,34.900001525878906,35.41999816894531,89972200
2021-07-20,32.99269485473633,35.97999954223633,36.220001220703125,35.0,35.06999969482422,70635800
2021-07-21,33.561222076416016,36.599998474121094,36.779998779296875,36.2400016784668,36.27000045776367,59975000
2021-07-22,33.194427490234375,36.20000076293945,36.560001373291016,36.04999923706055,36.470001220703125,35292300
2021-07-23,33.24943923950195,36.2599983215332,36.650001525878906,36.15999984741211,36.54999923706055,36766900
2021-07-26,33.4420166015625,36.470001220703125,36.540000915527344,36.16999816894531,36.189998626708984,25396000
2021-07-27,33.43284225463867,36.459999084472656,36.619998931884766,36.02000045776367,36.189998626708984,38988400
2021-07-28,33.386993408203125,36.40999984741211,36.63999938964844,36.15999984741211,36.59000015258789,42908200
2021-07-29,33.753780364990234,36.810001373291016,36.970001220703125,36.4900016784668,36.650001525878906,41434200
2021-07-30,33.48786163330078,36.52000045776367,36.97999954223633,36.43000030517578,36.709999084472656,52385300
2021-08-02,33.49702835083008,36.529998779296875,37.189998626708984,36.47999954223633,36.77000045776367,47589900
2021-08-03,33.87298583984375,36.939998626708984,36.9900016784668,36.119998931884766,36.65999984741211,42169600
2021-08-04,33.58872985839844,36.630001068115234,37.02000045776367,36.43000030517578,36.59000015258789,52346400
2021-08-05,34.02888107299805,37.11000061035156,37.11000061035156,36.849998474121094,36.86000061035156,37168200
2021-08-06,34.71660614013672,37.86000061035156,37.93000030517578,37.45000076293945,37.459999084472656,58081000
2021-08-09,34.80830383300781,37.959999084472656,38.13999938964844,37.599998474121094,37.810001373291016,48015600
2021-08-10,35.175086975097656,38.36000061035156,38.470001220703125,37.88999938964844,37.93000030517578,40907400
2021-08-11,35.57855987548828,38.79999923706055,38.810001373291016,38.290000915527344,38.470001220703125,48372100
2021-08-12,35.642757415771484,38.869998931884766,38.91999816894531,38.599998474121094,38.84000015258789,44566400
2021-08-13,35.37682342529297,38.58000183105469,38.95000076293945,38.4900016784668,38.900001525878906,43077200
2021-08-16,35.28512191772461,38.47999954223633,38.52000045776367,37.9900016784668,38.33000183105469,48011800
2021-08-17,35.03755187988281,38.209999084472656,38.5,37.83000183105469,38.220001220703125,52414800
2021-08-18,34.6065673828125,37.7400016784668,38.33000183105469,37.709999084472656,38.060001373291016,39550400
2021-08-19,34.34980773925781,37.459999084472656,37.7400016784668,37.220001220703125,37.33000183105469,48961300
2021-08-20,34.56071853637695,37.689998626708984,37.75,37.31999969482422,37.459999084472656,33898600
2021-08-23,34.84497833251953,38.0,38.15999984741211,37.880001068115234,37.880001068115234,28807400
2021-08-24,35.055885314941406,38.22999954223633,38.31999969482422,38.040000915527344,38.06999969482422,37677300
2021-08-25,35.46852111816406,38.68000030517578,38.91999816894531,38.25,38.33000183105469,47904800
2021-08-26,35.29429626464844,38.4900016784668,38.900001525878906,38.45000076293945,38.849998474121094,38484300
2021-08-27,35.7619514465332,39.0,39.0099983215332,38.529998779296875,38.540000915527344,38511100
2021-08-30,35.25761795043945,38.45000076293945,39.040000915527344,38.43000030517578,39.02000045776367,30096500
2021-08-31,35.21177291870117,38.400001525878906,38.689998626708984,38.2599983215332,38.41999816894531,49876200
2021-09-01,35.010040283203125,38.18000030517578,38.45000076293945,38.04999923706055,38.43000030517578,43976200
2021-09-02,35.12925338745117,38.310001373291016,38.45000076293945,38.15999984741211,38.27000045776367,29611500
2021-09-03,34.909175872802734,38.06999969482422,38.31999969482422,37.97999954223633,38.2400016784668,34847500
2021-09-07,34.698265075683594,37.84000015258789,38.20000076293945,37.84000015258789,38.20000076293945,39214900
2021-09-08,34.61574172973633,37.75,37.93000030517578,37.54999923706055,37.75,32523900
2021-09-09,34.71660614013672,37.86000061035156,38.220001220703125,37.66999816894531,37.70000076293945,33421000
2021-09-10,34.45985412597656,37.58000183105469,38.11000061035156,37.56999969482422,38.06999969482422,39350500
2021-09-13,34.85415267944336,38.0099983215332,38.06999969482422,37.7400016784668,37.849998474121094,40357300
2021-09-14,34.38649368286133,37.5,38.279998779296875,37.380001068115234,38.13999938964844,45670600
2021-09-15,34.71660614013672,37.86000061035156,37.95000076293945,37.439998626708984,37.47999954223633,36371300
2021-09-16,34.61574172973633,37.75,38.189998626708984,37.58000183105469,38.0,42630200
2021-09-17,34.45985412597656,37.58000183105469,37.939998626708984,37.47999954223633,37.70000076293945,82987200
2021-09-20,33.66046905517578,36.54999923706055,36.689998626708984,36.029998779296875,36.59000015258789,95008800
2021-09-21,33.61442184448242,36.5,36.91999816894531,36.40999984741211,36.779998779296875,45837600
2021-09-22,34.17620849609375,37.11000061035156,37.369998931884766,36.880001068115234,36.959999084472656,58347800
2021-09-23,35.01426315307617,38.02000045776367,38.20000076293945,37.40999984741211,37.470001220703125,71805000
2021-09-24,35.19845199584961,38.220001220703125,38.349998474121094,37.939998626708984,37.9900016784668,48066100
2021-09-27,35.67734146118164,38.7400016784668,38.849998474121094,38.4900016784668,38.560001373291016,58794500
2021-09-28,35.08793640136719,38.099998474121094,38.91999816894531,38.040000915527344,38.72999954223633,96152700
2021-09-29,35.11556625366211,38.130001068115234,38.29999923706055,37.95000076293945,38.220001220703125,49882500
2021-09-30,34.56299591064453,37.529998779296875,38.36000061035156,37.52000045776367,38.349998474121094,73319300
2021-10-01,35.133975982666016,38.150001525878906,38.40999984741211,37.4900016784668,37.630001068115234,70444000
2021-10-04,34.830078125,37.81999969482422,38.59000015258789,37.7599983215332,38.09000015258789,69772700
2021-10-05,35.511573791503906,38.560001373291016,38.75,37.959999084472656,38.099998474121094,56058400
2021-10-06,35.548404693603516,38.599998474121094,38.630001068115234,37.93000030517578,38.209999084472656,63405900
2021-10-07,35.76022720336914,38.83000183105469,39.2400016784668,38.779998779296875,39.0,53295600
2021-10-08,35.935211181640625,39.02000045776367,39.15999984741211,38.689998626708984,38.869998931884766,38607500
2021-10-11,35.5760383605957,38.630001068115234,39.400001525878906,38.61000061035156,39.11000061035156,50748300
2021-10-12,35.465518951416016,38.5099983215332,38.77000045776367,38.40999984741211,38.58000183105469,58527700
2021-10-13,35.262908935546875,38.290000915527344,38.540000915527344,37.7400016784668,38.5,72105100
2021-10-14,35.85232162475586,38.93000030517578,38.939998626708984,38.349998474121094,38.720001220703125,51893500
2021-10-15,36.38646697998047,39.5099983215332,39.709999084472656,39.18000030517578,39.310001373291016,58411100
2021-10-18,36.39567565917969,39.52000045776367,39.75,39.31999969482422,39.43000030517578,56312700
2021-10-19,36.75484085083008,39.90999984741211,39.90999984741211,39.54999923706055,39.70000076293945,33082600
2021-10-20,37.049556732177734,40.22999954223633,40.22999954223633,39.72999954223633,39.84000015258789,44670200
2021-10-21,36.89298629760742,40.060001373291016,40.310001373291016,39.849998474121094,40.220001220703125,35067600
2021-10-22,37.40871047973633,40.619998931884766,40.689998626708984,40.209999084472656,40.25,41458200
2021-10-25,37.36266326904297,40.56999969482422,40.77000045776367,40.470001220703125,40.720001220703125,33121000
2021-10-26,37.390289306640625,40.599998474121094,40.86000061035156,40.540000915527344,40.66999816894531,41586900
2021-10-27,36.77326583862305,39.93000030517578,40.68000030517578,39.91999816894531,40.5,62449500
2021-10-28,37.224517822265625,40.41999816894531,40.439998626708984,40.060001373291016,40.09000015258789,44566600
2021-10-29,37.07717514038086,40.2599983215332,40.54999923706055,40.18000030517578,40.470001220703125,42092000
2021-11-01,37.09558868408203,40.279998779296875,40.630001068115234,40.119998931884766,40.540000915527344,37503800
2021-11-02,37.187686920166016,40.380001068115234,40.5,40.15999984741211,40.27000045776367,31436800
2021-11-03,37.32583236694336,40.529998779296875,40.68000030517578,40.16999816894531,40.25,42946800
2021-11-04,36.837730407714844,40.0,40.47999954223633,39.689998626708984,40.380001068115234,48279700
2021-11-05,36.85614013671875,40.02000045776367,40.4900016784668,39.88999938964844,40.31999969482422,57866300
2021-11-08,37.05876159667969,40.2400016784668,40.529998779296875,40.13999938964844,40.27000045776367,32864600
2021-11-09,36.85614013671875,40.02000045776367,40.15999984741211,39.7599983215332,40.029998779296875,48420400
2021-11-10,36.791683197021484,39.95000076293945,40.20000076293945,39.849998474121094,39.97999954223633,60695100
2021-11-11,36.89298629760742,40.060001373291016,40.189998626708984,39.84000015258789,40.0099983215332,31438900
2021-11-12,36.975868225097656,40.150001525878906,40.15999984741211,39.790000915527344,40.119998931884766,39218800
2021-11-15,36.975868225097656,40.150001525878906,40.36000061035156,40.06999969482422,40.2599983215332,30081100
2021-11-16,36.93903732299805,40.11000061035156,40.349998474121094,40.0,40.20000076293945,32599500
2021-11-17,36.51539993286133,39.650001525878906,40.04999923706055,39.540000915527344,40.04999923706055,53557200
2021-11-18,36.33121871948242,39.45000076293945,39.77000045776367,39.27000045776367,39.689998626708984,42990100
2021-11-19,35.935211181640625,39.02000045776367,39.25,38.720001220703125,39.11000061035156,71858100
2021-11-22,36.44173049926758,39.56999969482422,39.959999084472656,39.220001220703125,39.540000915527344,81965800
2021-11-23,37.01271057128906,40.189998626708984,40.220001220703125,39.65999984741211,39.83000183105469,61571200
2021-11-24,36.9298210144043,40.099998474121094,40.2599983215332,39.95000076293945,40.11000061035156,40410300
2021-11-26,35.7049674987793,38.77000045776367,39.0099983215332,38.33000183105469,38.84000015258789,76492200
2021-11-29,35.81547927856445,38.88999938964844,39.36000061035156,38.599998474121094,39.220001220703125,79316500
2021-11-30,34.95899963378906,37.959999084472656,38.58000183105469,37.900001525878906,38.41999816894531,121263700
2021-12-01,34.572208404541016,37.540000915527344,38.880001068115234,37.540000915527344,38.630001068115234,101946500
2021-12-02,35.60366439819336,38.65999984741211,38.869998931884766,37.75,37.88999938964844,98076400
2021-12-03,35.023475646972656,38.029998779296875,38.810001373291016,37.72999954223633,38.709999084472656,97178200
2021-12-06,35.5576286315918,38.61000061035156,38.97999954223633,38.33000183105469,38.630001068115234,69716600
2021-12-07,36.19306945800781,39.29999923706055,39.40999984741211,38.869998931884766,39.060001373291016,115475500
2021-12-08,35.99966812133789,39.09000015258789,39.47999954223633,38.9900016784668,39.31999969482422,53033200
2021-12-09,35.925994873046875,39.0099983215332,39.209999084472656,38.7599983215332,38.900001525878906,45521100
2021-12-10,35.96282958984375,39.04999923706055,39.290000915527344,38.79999923706055,39.279998779296875,38900900
2021-12-13,35.5760383605957,38.630001068115234,38.970001220703125,38.5,38.959999084472656,44343000
2021-12-14,35.7878532409668,38.86000061035156,39.150001525878906,38.540000915527344,38.56999969482422,51734400
2021-12-15,35.88915252685547,38.970001220703125,39.09000015258789,38.47999954223633,38.959999084472656,70424900
2021-12-16,36.34041213989258,39.459999084472656,39.7400016784668,39.220001220703125,39.41999816894531,71156600
2021-12-17,35.5391960144043,38.59000015258789,39.25,38.349998474121094,39.20000076293945,97654400
2021-12-20,34.848880767822266,37.65999984741211,37.86000061035156,37.209999084472656,37.810001373291016,85242300
2021-12-21,35.57065963745117,38.439998626708984,38.61000061035156,38.040000915527344,38.040000915527344,57667900
2021-12-22,35.73722457885742,38.619998931884766,38.650001525878906,38.27000045776367,38.33000183105469,49702700
2021-12-23,35.922298431396484,38.81999969482422,39.16999816894531,38.79999923706055,38.84000015258789,39057300
2021-12-27,36.29243850708008,39.220001220703125,39.220001220703125,38.7400016784668,38.939998626708984,36120300
2021-12-28,36.310951232910156,39.2400016784668,39.4900016784668,39.13999938964844,39.150001525878906,34055200
2021-12-29,36.264671325683594,39.189998626708984,39.43000030517578,39.13999938964844,39.31999969482422,27150500
2021-12-30,36.19990539550781,39.119998931884766,39.529998779296875,39.0,39.310001373291016,30089100
2021-12-31,36.135128021240234,39.04999923706055,39.2400016784668,38.970001220703125,39.040000915527344,28497800
2022-01-03,36.57929992675781,39.529998779296875,39.68000030517578,39.31999969482422,39.34000015258789,49884400
2022-01-04,37.54167175292969,40.56999969482422,40.70000076293945,39.970001220703125,39.9900016784668,74210200
2022-01-05,37.10674285888672,40.099998474121094,40.900001525878906,40.06999969482422,40.689998626708984,76288400
2022-01-06,37.6527099609375,40.689998626708984,40.720001220703125,40.150001525878906,40.52000045776367,57725200
2022-01-07,38.09687042236328,41.16999816894531,41.27000045776367,40.63999938964844,40.779998779296875,62185500
2022-01-10,37.96733093261719,41.029998779296875,41.459999084472656,40.599998474121094,41.43000030517578,73620000
2022-01-11,38.300453186035156,41.38999938964844,41.40999984741211,40.79999923706055,41.18000030517578,60706300
2022-01-12,38.32822036743164,41.41999816894531,41.65999984741211,41.220001220703125,41.5,51560600
2022-01-13,38.18015670776367,41.2599983215332,41.70000076293945,41.119998931884766,41.47999954223633,51659600
2022-01-14,37.782264709472656,40.83000183105469,40.869998931884766,40.34000015258789,40.599998474121094,81135500
2022-01-18,36.940185546875,39.91999816894531,40.599998474121094,39.66999816894531,40.560001373291016,82526700
2022-01-19,36.320194244384766,39.25,40.2400016784668,39.220001220703125,40.220001220703125,85975100
2022-01-20,36.088863372802734,39.0,39.869998931884766,38.91999816894531,39.36000061035156,80314000
2022-01-21,35.34857177734375,38.20000076293945,38.95000076293945,38.040000915527344,38.84000015258789,117914300
2022-01-24,35.45036697387695,38.310001373291016,38.38999938964844,36.81999969482422,37.540000915527344,169153300
2022-01-25,35.59842300415039,38.470001220703125,38.75,37.2599983215332,37.880001068115234,97364900
2022-01-26,35.69095230102539,38.56999969482422,39.209999084472656,38.11000061035156,38.88999938964844,106682000
2022-01-27,35.367088317871094,38.220001220703125,39.34000015258789,37.970001220703125,38.939998626708984,91498900
2022-01-28,35.82976531982422,38.720001220703125,38.72999954223633,37.59000015258789,38.06999969482422,79753600
2022-01-31,36.14438247680664,39.060001373291016,39.09000015258789,38.220001220703125,38.45000076293945,58740900
2022-02-01,36.644081115722656,39.599998474121094,39.70000076293945,38.90999984741211,39.11000061035156,64601500
2022-02-02,36.893917083740234,39.869998931884766,39.939998626708984,39.33000183105469,39.58000183105469,46649400
2022-02-03,36.48676300048828,39.43000030517578,40.0,39.369998931884766,39.86000061035156,50677000
2022-02-04,37.10674285888672,40.099998474121094,40.439998626708984,39.47999954223633,39.5,77792400
2022-02-07,37.21779251098633,40.220001220703125,40.47999954223633,39.91999816894531,40.150001525878906,52710400
2022-02-08,37.735984802246094,40.779998779296875,40.880001068115234,40.400001525878906,40.5,56921200
2022-02-09,37.976585388183594,41.040000915527344,41.310001373291016,40.900001525878906,41.0,67505300
2022-02-10,37.64345169067383,40.68000030517578,41.38999938964844,40.5099983215332,40.849998474121094,67260800
2022-02-11,37.116004943847656,40.11000061035156,41.040000915527344,39.869998931884766,40.54999923706055,77962800
2022-02-14,36.6995964050293,39.65999984741211,40.22999954223633,39.33000183105469,40.09000015258789,71521600
2022-02-15,37.19928741455078,40.20000076293945,40.40999984741211,40.0,40.13999938964844,55439600
2022-02-16,37.227054595947266,40.22999954223633,40.40999984741211,39.95000076293945,40.0,41168800
2022-02-17,36.301692962646484,39.22999954223633,39.939998626708984,39.119998931884766,39.810001373291016,59107800
2022-02-18,36.29243850708008,39.220001220703125,39.54999923706055,39.02000045776367,39.189998626708984,47816500
2022-02-22,36.10737228393555,39.02000045776367,39.400001525878906,38.689998626708984,39.040000915527344,60719700
2022-02-23,35.47812271118164,38.34000015258789,39.43000030517578,38.2400016784668,39.310001373291016,64169800
2022-02-24,35.052467346191406,37.880001068115234,38.0,36.79999923706055,37.06999969482422,143075700
2022-02-25,36.181400299072266,39.099998474121094,39.20000076293945,38.119998931884766,38.130001068115234,99127100
2022-02-28,35.64468765258789,38.52000045776367,38.77000045776367,38.119998931884766,38.16999816894531,107370200
2022-03-01,34.3306770324707,37.099998474121094,38.2599983215332,36.849998474121094,38.150001525878906,129873100
2022-03-02,35.219024658203125,38.060001373291016,38.279998779296875,37.38999938964844,37.40999984741211,88182500
2022-03-03,35.10798263549805,37.939998626708984,38.43000030517578,37.619998931884766,38.22999954223633,71952600
2022-03-04,34.45098114013672,37.22999954223633,37.279998779296875,36.79999923706055,37.27000045776367,105904100
2022-03-07,33.1924934387207,35.869998931884766,36.93000030517578,35.849998474121094,36.88999938964844,116046200
2022-03-08,32.998172760009766,35.65999984741211,36.66999816894531,35.4900016784668,36.02000045776367,114915000
2022-03-09,34.210391998291016,36.970001220703125,37.279998779296875,36.70000076293945,36.849998474121094,88716400
2022-03-10,33.92353439331055,36.65999984741211,36.900001525878906,36.25,36.36000061035156,71547300
2022-03-11,33.68294143676758,36.400001525878906,37.209999084472656,36.380001068115234,36.97999954223633,76788200
2022-03-14,34.10859298706055,36.86000061035156,37.459999084472656,36.689998626708984,36.95000076293945,70969700
2022-03-15,34.58979034423828,37.380001068115234,37.439998626708984,36.90999984741211,37.22999954223633,51828700
2022-03-16,35.56140899658203,38.43000030517578,38.4900016784668,37.7400016784668,37.86000061035156,87007600
2022-03-17,36.005577087402344,38.90999984741211,38.91999816894531,37.959999084472656,38.209999084472656,58266400
2022-03-18,36.088863372802734,39.0,39.099998474121094,38.529998779296875,38.900001525878906,82342500
2022-03-21,36.05356216430664,38.810001373291016,39.13999938964844,38.61000061035156,39.02000045776367,46828600
2022-03-22,36.63880920410156,39.439998626708984,39.689998626708984,39.220001220703125,39.27000045776367,61053100
2022-03-23,35.960662841796875,38.709999084472656,39.279998779296875,38.689998626708984,39.189998626708984,42142600
2022-03-24,36.248653411865234,39.02000045776367,39.060001373291016,38.70000076293945,38.97999954223633,30421500
2022-03-25,36.713130950927734,39.52000045776367,39.599998474121094,39.09000015258789,39.150001525878906,48613100
2022-03-28,36.6109504699707,39.40999984741211,39.439998626708984,38.959999084472656,39.400001525878906,44761000
2022-03-29,36.694557189941406,39.5,40.0099983215332,39.27000045776367,39.88999938964844,67968600
2022-03-30,36.43443298339844,39.220001220703125,39.52000045776367,38.9900016784668,39.5,47405300
2022-03-31,35.598358154296875,38.31999969482422,39.33000183105469,38.310001373291016,39.16999816894531,66619600
2022-04-01,35.505470275878906,38.220001220703125,38.65999984741211,37.95000076293945,38.58000183105469,68422500
2022-04-04,35.3475341796875,38.04999923706055,38.36000061035156,37.779998779296875,38.130001068115234,134312400
2022-04-05,35.12458419799805,37.810001373291016,38.310001373291016,37.720001220703125,37.900001525878906,56165700
2022-04-06,34.88304901123047,37.54999923706055,37.709999084472656,37.40999984741211,37.5099983215332,55835100
2022-04-07,34.845890045166016,37.5099983215332,37.689998626708984,36.97999954223633,37.52000045776367,53346900
2022-04-08,35.19890213012695,37.88999938964844,38.060001373291016,37.560001373291016,37.65999984741211,44672300
2022-04-11,35.04097366333008,37.720001220703125,38.15999984741211,37.65999984741211,37.790000915527344,54435500
2022-04-12,34.66009521484375,37.310001373291016,38.040000915527344,37.150001525878906,37.689998626708984,67215400
2022-04-13,34.66009521484375,37.310001373291016,37.33000183105469,36.88999938964844,36.959999084472656,57445600
2022-04-14,34.26992416381836,36.88999938964844,37.4900016784668,36.880001068115234,37.22999954223633,68544200
2022-04-18,34.474300384521484,37.11000061035156,37.279998779296875,36.650001525878906,36.65999984741211,52748400
2022-04-19,34.948081970214844,37.619998931884766,37.68000030517578,37.20000076293945,37.209999084472656,41519100
2022-04-20,35.18961715698242,37.880001068115234,38.150001525878906,37.790000915527344,37.90999984741211,54635800
2022-04-21,34.632225036621094,37.279998779296875,38.31999969482422,37.209999084472656,38.13999938964844,54998100
2022-04-22,33.60105514526367,36.16999816894531,37.22999954223633,36.130001068115234,37.220001220703125,73170900
2022-04-25,33.656795501708984,36.22999954223633,36.310001373291016,35.33000183105469,35.869998931884766,91392800
2022-04-26,32.81142807006836,35.31999969482422,36.20000076293945,35.29999923706055,35.81999969482422,81457500
2022-04-27,32.783565521240234,35.290000915527344,35.650001525878906,35.15999984741211,35.27000045776367,81603000
2022-04-28,33.20161056518555,35.7400016784668,35.869998931884766,35.119998931884766,35.650001525878906,62680000
2022-04-29,32.0589599609375,34.5099983215332,35.689998626708984,34.43000030517578,35.560001373291016,74631700
2022-05-02,32.0682487487793,34.52000045776367,34.790000915527344,33.84000015258789,34.66999816894531,104408800
2022-05-03,32.48628616333008,34.970001220703125,35.31999969482422,34.63999938964844,34.7599983215332,73896300
2022-05-04,33.48029327392578,36.040000915527344,36.099998474121094,34.90999984741211,35.029998779296875,87794900
2022-05-05,32.5048713684082,34.9900016784668,35.689998626708984,34.560001373291016,35.619998931884766,101093900
2022-05-06,32.27262878417969,34.7400016784668,34.900001525878906,34.2400016784668,34.849998474121094,99281900
2022-05-09,31.501575469970703,33.90999984741211,34.47999954223633,33.75,34.27000045776367,85922800
2022-05-10,31.22287940979004,33.61000061035156,34.439998626708984,33.189998626708984,34.220001220703125,107581200
2022-05-11,30.934898376464844,33.29999923706055,34.33000183105469,33.25,33.650001525878906,110212200
2022-05-12,30.702661514282227,33.04999923706055,33.36000061035156,32.40999984741211,33.02000045776367,114304100
2022-05-13,31.14856719970703,33.529998779296875,33.810001373291016,33.22999954223633,33.45000076293945,64036200
2022-05-16,30.88844871520996,33.25,33.54999923706055,32.9900016784668,33.400001525878906,55662200
2022-05-17,31.715240478515625,34.13999938964844,34.2400016784668,33.709999084472656,33.900001525878906,62859300
2022-05-18,30.842002868652344,33.20000076293945,33.869998931884766,33.06999969482422,33.81999969482422,74279300
2022-05-19,30.63762855529785,32.97999954223633,33.220001220703125,32.70000076293945,32.75,71525400
2022-05-20,30.581893920898438,32.91999816894531,33.380001068115234,32.22999954223633,33.209999084472656,77984600
2022-05-23,31.575885772705078,33.9900016784668,34.2400016784668,33.380001068115234,33.54999923706055,78189300
2022-05-24,31.510862350463867,33.91999816894531,34.029998779296875,33.220001220703125,33.790000915527344,77871200
2022-05-25,31.76168441772461,34.189998626708984,34.400001525878906,33.7400016784668,33.84000015258789,72192600
2022-05-26,32.49557876586914,34.97999954223633,35.099998474121094,34.529998779296875,34.560001373291016,50803200
2022-05-27,33.04367446899414,35.56999969482422,35.63999938964844,35.06999969482422,35.130001068115234,43862500
2022-05-31,32.950782775878906,35.470001220703125,35.7400016784668,35.09000015258789,35.279998779296875,64778900
2022-06-01,32.421260833740234,34.900001525878906,35.470001220703125,34.56999969482422,35.380001068115234,48642400
2022-06-02,32.8671760559082,35.380001068115234,35.40999984741211,34.65999984741211,34.93000030517578,45334700
2022-06-03,32.39339065551758,34.869998931884766,35.20000076293945,34.83000183105469,35.04999923706055,36699400
2022-06-06,32.48628616333008,34.970001220703125,35.52000045776367,34.959999084472656,35.15999984741211,32829600
2022-06-07,32.73711395263672,35.2400016784668,35.27000045776367,34.70000076293945,34.72999954223633,32031400
2022-06-08,32.16114807128906,34.619998931884766,35.06999969482422,34.4900016784668,34.970001220703125,38251800
2022-06-09,31.35293960571289,33.75,34.599998474121094,33.72999954223633,34.58000183105469,49715100
2022-06-10,30.219593048095703,32.529998779296875,33.13999938964844,32.5,33.02000045776367,74190900
2022-06-13,29.3184871673584,31.559999465942383,32.099998474121094,31.3700008392334,31.709999084472656,104065100
2022-06-14,29.06766128540039,31.290000915527344,31.90999984741211,31.049999237060547,31.690000534057617,75592200
2022-06-15,29.392803192138672,31.639999389648438,32.09000015258789,31.100000381469727,31.6200008392334,87858800
2022-06-16,28.649616241455078,30.84000015258789,31.010000228881836,30.579999923706055,31.0,100838500
2022-06-17,28.733232498168945,30.93000030517578,31.280000686645508,30.6299991607666,30.90999984741211,116937700
2022-06-21,29.306657791137695,31.3799991607666,31.579999923706055,31.190000534057617,31.469999313354492,58065800
2022-06-22,29.24128532409668,31.309999465942383,31.600000381469727,30.979999542236328,31.020000457763672,48035800
2022-06-23,29.129213333129883,31.190000534057617,31.389999389648438,30.68000030517578,31.329999923706055,69348900
2022-06-24,30.203231811523438,32.34000015258789,32.369998931884766,31.270000457763672,31.31999969482422,65489300
2022-06-27,30.10049819946289,32.22999954223633,32.59000015258789,32.08000183105469,32.59000015258789,47244800
2022-06-28,29.801639556884766,31.90999984741211,32.869998931884766,31.889999389648438,32.560001373291016,42459900
2022-06-29,29.63353729248047,31.729999542236328,32.060001373291016,31.6200008392334,31.940000534057617,64507500
2022-06-30,29.372037887573242,31.450000762939453,31.729999542236328,30.850000381469727,31.229999542236328,75294300
2022-07-01,29.773624420166016,31.8799991607666,31.979999542236328,31.139999389648438,31.350000381469727,77308400
2022-07-05,29.670894622802734,31.770000457763672,31.790000915527344,31.020000457763672,31.3799991607666,51536800
2022-07-06,29.596179962158203,31.690000534057617,31.950000762939453,31.389999389648438,31.700000762939453,48001700
2022-07-07,30.025785446166992,32.150001525878906,32.2400016784668,31.93000030517578,31.959999084472656,33120100
2022-07-08,29.960412979125977,32.08000183105469,32.34000015258789,31.950000762939453,32.2400016784668,29062200
2022-07-11,29.717588424682617,31.81999969482422,32.060001373291016,31.729999542236328,31.899999618530273,30564300
2022-07-12,29.53080177307129,31.6200008392334,32.20000076293945,31.559999465942383,31.579999923706055,38211000
2022-07-13,29.269306182861328,31.34000015258789,31.549999237060547,30.950000762939453,31.280000686645508,51441600
2022-07-14,28.70894432067871,30.739999771118164,30.84000015258789,30.3700008392334,30.700000762939453,57782300
2022-07-15,29.68023109436035,31.780000686645508,31.959999084472656,31.100000381469727,31.18000030517578,59650200
2022-07-18,29.568161010742188,31.65999984741211,32.45000076293945,31.520000457763672,32.22999954223633,38671600
2022-07-19,30.455392837524414,32.61000061035156,32.709999084472656,31.989999771118164,32.08000183105469,40568000
2022-07-20,30.567462921142578,32.72999954223633,32.790000915527344,32.439998626708984,32.540000915527344,38507700
2022-07-21,30.763582229614258,32.939998626708984,32.939998626708984,32.38999938964844,32.63999938964844,40561800
2022-07-22,30.586139678955078,32.75,33.15999984741211,32.5,32.9900016784668,25741200
2022-07-25,30.78226089477539,32.959999084472656,33.11000061035156,32.720001220703125,32.95000076293945,24699300
2022-07-26,30.352663040161133,32.5,32.9900016784668,32.41999816894531,32.79999923706055,26357800
2022-07-27,30.81962776184082,33.0,33.15999984741211,32.52000045776367,32.630001068115234,44817200
2022-07-28,31.043766021728516,33.2400016784668,33.25,32.5,33.029998779296875,40974600
2022-07-29,31.482715606689453,33.709999084472656,33.81999969482422,33.290000915527344,33.31999969482422,38724000
2022-08-01,31.221210479736328,33.43000030517578,33.619998931884766,33.20000076293945,33.38999938964844,35131300
2022-08-02,30.875659942626953,33.060001373291016,33.4900016784668,33.02000045776367,33.27000045776367,36806900
2022-08-03,31.34262466430664,33.560001373291016,33.63999938964844,33.119998931884766,33.310001373291016,27314900
2022-08-04,31.23989486694336,33.45000076293945,33.619998931884766,33.38999938964844,33.529998779296875,24505800
2022-08-05,31.464031219482422,33.689998626708984,33.849998474121094,33.2400016784668,33.36000061035156,34366100
2022-08-08,31.445350646972656,33.66999816894531,34.04999923706055,33.63999938964844,33.939998626708984,24369100
2022-08-09,31.604124069213867,33.84000015258789,33.93000030517578,33.66999816894531,33.72999954223633,26425400
2022-08-10,32.31390380859375,34.599998474121094,34.72999954223633,34.36000061035156,34.43000030517578,45366000
2022-08-11,32.69681930541992,35.0099983215332,35.22999954223633,34.880001068115234,34.91999816894531,46985200
2022-08-12,33.21047592163086,35.560001373291016,35.56999969482422,35.0,35.18000030517578,36370300
2022-08-15,33.20113754272461,35.54999923706055,35.650001525878906,35.130001068115234,35.20000076293945,25366000
2022-08-16,33.44395446777344,35.810001373291016,35.970001220703125,35.38999938964844,35.38999938964844,41300800
2022-08-17,33.27585983276367,35.630001068115234,35.790000915527344,35.380001068115234,35.400001525878906,33158000
2022-08-18,33.31321716308594,35.66999816894531,35.720001220703125,35.43000030517578,35.599998474121094,15966200
2022-08-19,32.650123596191406,34.959999084472656,35.459999084472656,34.84000015258789,35.459999084472656,33587400
2022-08-22,31.930994033813477,34.189998626708984,34.459999084472656,34.099998474121094,34.45000076293945,36810100
2022-08-23,31.80025291442871,34.04999923706055,34.400001525878906,34.04999923706055,34.150001525878906,23244000
2022-08-24,31.968347549438477,34.22999954223633,34.34000015258789,33.91999816894531,33.9900016784668,20682200
2022-08-25,32.46333694458008,34.7599983215332,34.790000915527344,34.209999084472656,34.29999923706055,26402600
2022-08-26,31.492046356201172,33.720001220703125,34.91999816894531,33.689998626708984,34.90999984741211,38230600
2022-08-29,31.26791000366211,33.47999954223633,33.720001220703125,33.279998779296875,33.470001220703125,34872100
2022-08-30,31.09979820251465,33.29999923706055,33.70000076293945,33.099998474121094,33.59000015258789,41870700
2022-08-31,30.866323471069336,33.04999923706055,33.59000015258789,33.0,33.470001220703125,39768200
2022-09-01,30.95970916748047,33.150001525878906,33.20000076293945,32.5099983215332,32.90999984741211,40604600
2022-09-02,30.71689224243164,32.88999938964844,33.810001373291016,32.72999954223633,33.529998779296875,43208800
2022-09-06,30.642183303833008,32.810001373291016,33.13999938964844,32.47999954223633,33.060001373291016,45877100
2022-09-07,31.24922752380371,33.459999084472656,33.52000045776367,32.65999984741211,32.709999084472656,35023000
2022-09-08,31.80025291442871,34.04999923706055,34.06999969482422,33.150001525878906,33.290000915527344,50760900
2022-09-09,32.08976745605469,34.36000061035156,34.45000076293945,34.189998626708984,34.20000076293945,41327100
2022-09-12,32.351261138916016,34.63999938964844,34.81999969482422,34.41999816894531,34.5,41969600
2022-09-13,31.14649200439453,33.349998474121094,34.08000183105469,33.2400016784668,33.959999084472656,60771600
2022-09-14,31.053102493286133,33.25,33.58000183105469,32.95000076293945,33.41999816894531,39233200
2022-09-15,31.15583038330078,33.36000061035156,33.790000915527344,33.20000076293945,33.290000915527344,47653000
2022-09-16,30.875659942626953,33.060001373291016,33.119998931884766,32.709999084472656,33.029998779296875,53893300
2022-09-19,31.225847244262695,33.2599983215332,33.279998779296875,32.5,32.5,36491400
2022-09-20,30.76581382751465,32.77000045776367,33.060001373291016,32.470001220703125,32.9900016784668,42193600
2022-09-21,30.127403259277344,32.09000015258789,33.099998474121094,32.06999969482422,32.97999954223633,49644600
2022-09-22,29.62042999267578,31.549999237060547,32.209999084472656,31.489999771118164,32.15999984741211,52299500
2022-09-23,29.151010513305664,31.049999237060547,31.309999465942383,30.600000381469727,31.239999771118164,56801000
2022-09-26,28.690975189208984,30.559999465942383,31.110000610351562,30.34000015258789,30.81999969482422,49969700
2022-09-27,28.568927764892578,30.43000030517578,30.959999084472656,30.1200008392334,30.799999237060547,60630400
2022-09-28,29.132230758666992,31.030000686645508,31.209999084472656,30.440000534057617,30.520000457763672,46088700
2022-09-29,28.766084671020508,30.639999389648438,30.81999969482422,30.260000228881836,30.700000762939453,41860000
2022-09-30,28.503210067749023,30.360000610351562,31.040000915527344,30.280000686645508,30.65999984741211,37984300
2022-10-03,29.27305793762207,31.18000030517578,31.34000015258789,30.299999237060547,30.65999984741211,47086100
2022-10-04,30.362112045288086,32.34000015258789,32.369998931884766,31.6200008392334,31.65999984741211,53441800
2022-10-05,30.127403259277344,32.09000015258789,32.27000045776367,31.729999542236328,31.84000015258789,41766800
2022-10-06,29.70492935180664,31.639999389648438,32.130001068115234,31.56999969482422,31.90999984741211,34717900
2022-10-07,29.000795364379883,30.889999389648438,31.459999084472656,30.719999313354492,31.360000610351562,36380700
2022-10-10,28.869356155395508,30.75,31.190000534057617,30.56999969482422,31.059999465942383,31011700
2022-10-11,28.503210067749023,30.360000610351562,30.8700008392334,30.229999542236328,30.549999237060547,50431900
2022-10-12,28.43748664855957,30.290000915527344,30.690000534057617,30.18000030517578,30.3700008392334,48265700
2022-10-13,29.611038208007812,31.540000915527344,31.6200008392334,29.59000015258789,29.68000030517578,83086100
2022-10-14,29.113454818725586,31.010000228881836,32.189998626708984,30.940000534057617,31.81999969482422,60886900
2022-10-17,29.845754623413086,31.790000915527344,32.0,31.579999923706055,31.670000076293945,47222200
2022-10-18,30.32455825805664,32.29999923706055,32.65999984741211,31.93000030517578,32.619998931884766,48150700
2022-10-19,29.826980590820312,31.770000457763672,32.290000915527344,31.59000015258789,32.02000045776367,35205700
2022-10-20,29.34816551208496,31.260000228881836,32.04999923706055,31.170000076293945,31.729999542236328,43124400
2022-10-21,30.22128677368164,32.189998626708984,32.220001220703125,31.1200008392334,31.350000381469727,54487300
2022-10-24,30.624988555908203,32.619998931884766,32.77000045776367,32.279998779296875,32.380001068115234,40117200
2022-10-25,30.991138458251953,33.0099983215332,33.06999969482422,32.38999938964844,32.45000076293945,33950300
2022-10-26,31.06624412536621,33.09000015258789,33.459999084472656,33.02000045776367,33.11000061035156,38012100
2022-10-27,31.31972312927246,33.36000061035156,33.72999954223633,33.29999923706055,33.400001525878906,41232200
2022-10-28,32.09896469116211,34.189998626708984,34.22999954223633,33.38999938964844,33.45000076293945,36421300
2022-10-31,31.901809692382812,33.97999954223633,34.209999084472656,33.93000030517578,33.970001220703125,40083800
2022-11-01,31.986303329467773,34.06999969482422,34.349998474121094,33.91999816894531,34.2599983215332,38946100
2022-11-02,31.582605361938477,33.63999938964844,34.599998474121094,33.61000061035156,34.0,58039800
2022-11-03,31.263399124145508,33.29999923706055,33.560001373291016,33.08000183105469,33.220001220703125,40828100
2022-11-04,31.836091995239258,33.90999984741211,34.09000015258789,33.43000030517578,33.779998779296875,41825600
2022-11-07,32.155303955078125,34.25,34.27000045776367,33.939998626708984,34.15999984741211,30060300
2022-11-08,32.34306335449219,34.45000076293945,34.619998931884766,34.09000015258789,34.2599983215332,34839600
2022-11-09,31.798538208007812,33.869998931884766,34.349998474121094,33.79999923706055,34.220001220703125,42126200
2022-11-10,33.40395736694336,35.58000183105469,35.630001068115234,34.810001373291016,34.900001525878906,67677700
2022-11-11,33.67621994018555,35.869998931884766,36.029998779296875,35.630001068115234,35.7599983215332,46076100
2022-11-14,33.19740676879883,35.36000061035156,35.79999923706055,35.33000183105469,35.77000045776367,38002700
2022-11-15,33.272525787353516,35.439998626708984,35.880001068115234,35.08000183105469,35.7400016784668,57802100
2022-11-16,33.1129150390625,35.27000045776367,35.5099983215332,35.150001525878906,35.41999816894531,32852400
2022-11-17,32.934539794921875,35.08000183105469,35.099998474121094,34.7599983215332,34.86000061035156,35706900
2022-11-18,33.20680236816406,35.369998931884766,35.599998474121094,35.08000183105469,35.54999923706055,39455400
2022-11-21,33.31007385253906,35.47999954223633,35.54999923706055,35.279998779296875,35.31999969482422,24630900
2022-11-22,33.64805221557617,35.84000015258789,35.880001068115234,35.66999816894531,35.66999816894531,29582300
2022-11-23,33.78888702392578,35.9900016784668,36.08000183105469,35.779998779296875,35.779998779296875,27916900
2022-11-25,33.901546478271484,36.11000061035156,36.15999984741211,35.959999084472656,36.029998779296875,11266500
2022-11-28,33.31946563720703,35.4900016784668,36.060001373291016,35.43000030517578,35.90999984741211,34196600
2022-11-29,33.516624450683594,35.70000076293945,35.779998779296875,35.40999984741211,35.45000076293945,31489600
2022-11-30,34.089317321777344,36.310001373291016,36.31999969482422,35.13999938964844,35.650001525878906,58607000
2022-12-01,33.89215850830078,36.099998474121094,36.4900016784668,35.81999969482422,36.4900016784668,58157600
2022-12-02,33.732547760009766,35.93000030517578,35.959999084472656,35.61000061035156,35.720001220703125,40483300
2022-12-05,32.89698028564453,35.040000915527344,35.720001220703125,34.849998474121094,35.65999984741211,53402000
2022-12-06,32.60594177246094,34.72999954223633,35.20000076293945,34.45000076293945,35.0,45102200
2022-12-07,32.47450256347656,34.59000015258789,34.97999954223633,34.5099983215332,34.59000015258789,37775900
2022-12-08,32.50267028808594,34.619998931884766,34.86000061035156,34.5,34.689998626708984,46600900
2022-12-09,32.418174743652344,34.529998779296875,34.779998779296875,34.47999954223633,34.4900016784668,40885600
2022-12-12,32.85004425048828,34.9900016784668,35.029998779296875,34.38999938964844,34.54999923706055,72570900
2022-12-13,32.934539794921875,35.08000183105469,35.900001525878906,34.849998474121094,35.900001525878906,55659000
2022-12-14,32.52144241333008,34.63999938964844,35.33000183105469,34.4900016784668,34.9900016784668,54685100
2022-12-15,31.883037567138672,33.959999084472656,34.2400016784668,33.7400016784668,34.099998474121094,70330100
2022-12-16,31.63893699645996,33.70000076293945,33.79999923706055,33.38999938964844,33.599998474121094,59619300
2022-12-19,31.553909301757812,33.400001525878906,33.7400016784668,33.189998626708984,33.400001525878906,37456800
2022-12-20,31.686168670654297,33.540000915527344,33.77000045776367,33.40999984741211,33.529998779296875,45446400
2022-12-21,32.17744064331055,34.060001373291016,34.15999984741211,33.84000015258789,33.86000061035156,31318100
2022-12-22,31.89400863647461,33.7599983215332,33.869998931884766,33.209999084472656,33.84000015258789,25605100
2022-12-23,32.07351303100586,33.95000076293945,34.0,33.56999969482422,33.7400016784668,17116200
2022-12-27,32.064064025878906,33.939998626708984,34.099998474121094,33.79999923706055,34.02000045776367,25601100
2022-12-28,31.95069694519043,33.81999969482422,34.09000015258789,33.779998779296875,34.0,24395100
2022-12-29,32.39472198486328,34.290000915527344,34.349998474121094,33.91999816894531,34.0,26624200
2022-12-30,32.3096923828125,34.20000076293945,34.27000045776367,33.91999816894531,34.040000915527344,24735700
2023-01-03,32.423057556152344,34.31999969482422,34.689998626708984,34.06999969482422,34.45000076293945,37396500
2023-01-04,32.942657470703125,34.869998931884766,35.119998931884766,34.56999969482422,34.66999816894531,44669300
2023-01-05,32.697025299072266,34.61000061035156,34.75,34.369998931884766,34.75,45585700
2023-01-06,33.424468994140625,35.380001068115234,35.4900016784668,34.599998474121094,34.84000015258789,41229700
2023-01-09,33.30165481567383,35.25,35.70000076293945,35.15999984741211,35.5,48726600
2023-01-10,33.490604400634766,35.45000076293945,35.47999954223633,35.06999969482422,35.189998626708984,34663700
2023-01-11,33.80236053466797,35.779998779296875,35.779998779296875,35.470001220703125,35.540000915527344,32014700
2023-01-12,33.86849594116211,35.849998474121094,36.060001373291016,35.619998931884766,35.900001525878906,56642400
2023-01-13,34.12356948852539,36.119998931884766,36.16999816894531,35.2599983215332,35.38999938964844,65920900
2023-01-17,33.89683151245117,35.880001068115234,36.04999923706055,35.77000045776367,36.029998779296875,65345200
2023-01-18,33.26386642456055,35.209999084472656,35.900001525878906,35.18000030517578,35.68000030517578,53693000
2023-01-19,32.876529693603516,34.79999923706055,34.97999954223633,34.560001373291016,34.779998779296875,61169500
2023-01-20,33.3961296081543,35.349998474121094,35.369998931884766,34.7400016784668,34.900001525878906,42330100
2023-01-23,33.783470153808594,35.7599983215332,35.90999984741211,35.27000045776367,35.380001068115234,44997300
2023-01-24,33.80236053466797,35.779998779296875,35.939998626708984,35.29999923706055,35.70000076293945,34333500
2023-01-25,34.0668830871582,36.060001373291016,36.06999969482422,35.459999084472656,35.470001220703125,38458700
2023-01-26,34.24638748168945,36.25,36.310001373291016,35.90999984741211,36.150001525878906,29944200
2023-01-27,34.24638748168945,36.25,36.459999084472656,36.150001525878906,36.20000076293945,30787400
2023-01-30,34.07633590698242,36.06999969482422,36.33000183105469,36.0099983215332,36.060001373291016,31595000
2023-01-31,34.53925323486328,36.560001373291016,36.56999969482422,35.970001220703125,36.13999938964844,30282100
2023-02-01,34.53925323486328,36.560001373291016,36.880001068115234,36.099998474121094,36.18000030517578,51418700
2023-02-02,34.63372039794922,36.65999984741211,36.810001373291016,36.369998931884766,36.7599983215332,42107300
2023-02-03,34.56759262084961,36.59000015258789,36.900001525878906,36.36000061035156,36.369998931884766,43155000
2023-02-06,34.55815124511719,36.58000183105469,36.59000015258789,36.29999923706055,36.380001068115234,32273600
2023-02-07,34.954933166503906,37.0,37.11000061035156,36.349998474121094,36.349998474121094,33000500
2023-02-08,34.74709701538086,36.779998779296875,37.099998474121094,36.68000030517578,36.72999954223633,34555500
2023-02-09,34.359745025634766,36.369998931884766,37.040000915527344,36.290000915527344,36.93000030517578,44329600
2023-02-10,34.473121643066406,36.4900016784668,36.52000045776367,36.06999969482422,36.189998626708984,28108900
2023-02-13,34.869911193847656,36.90999984741211,36.90999984741211,36.439998626708984,36.470001220703125,32209000
2023-02-14,34.68096160888672,36.709999084472656,37.08000183105469,36.47999954223633,36.84000015258789,33525300
2023-02-15,34.718753814697266,36.75,36.77000045776367,36.369998931884766,36.41999816894531,28510000
2023-02-16,34.36919403076172,36.380001068115234,36.65999984741211,36.310001373291016,36.400001525878906,34379100
2023-02-17,34.3786506652832,36.38999938964844,36.439998626708984,36.09000015258789,36.20000076293945,35889800
2023-02-21,33.670101165771484,35.63999938964844,36.130001068115234,35.47999954223633,36.08000183105469,36425200
2023-02-22,33.63230895996094,35.599998474121094,35.779998779296875,35.40999984741211,35.63999938964844,31065200
2023-02-23,33.66065216064453,35.630001068115234,35.91999816894531,35.29999923706055,35.75,42357600
2023-02-24,33.68899154663086,35.65999984741211,35.77000045776367,35.2599983215332,35.31999969482422,48732600
2023-02-27,33.67955017089844,35.650001525878906,36.04999923706055,35.58000183105469,35.9900016784668,31664600
2023-02-28,33.74567794799805,35.720001220703125,35.900001525878906,35.61000061035156,35.70000076293945,32531400
2023-03-01,33.63230895996094,35.599998474121094,35.7599983215332,35.459999084472656,35.560001373291016,32790300
2023-03-02,33.471702575683594,35.43000030517578,35.470001220703125,35.0099983215332,35.38999938964844,38401900
2023-03-03,34.000755310058594,35.9900016784668,36.0,35.5,35.56999969482422,33091600
2023-03-06,34.02909851074219,36.02000045776367,36.2400016784668,35.90999984741211,36.0099983215332,30111100
2023-03-07,33.1505012512207,35.09000015258789,35.91999816894531,35.0,35.88999938964844,53804400
2023-03-08,33.027687072753906,34.959999084472656,35.2400016784668,34.779998779296875,35.04999923706055,50860300
2023-03-09,31.686168670654297,33.540000915527344,34.81999969482422,33.369998931884766,34.7599983215332,107108500
2023-03-10,31.109888076782227,32.93000030517578,33.720001220703125,32.529998779296875,33.150001525878906,166569400
2023-03-13,29.88174057006836,31.6299991607666,32.31999969482422,31.3700008392334,31.760000228881836,165965900
2023-03-14,30.486371994018555,32.27000045776367,32.849998474121094,31.8700008392334,32.84000015258789,128115500
2023-03-15,29.67390251159668,31.40999984741211,31.540000915527344,30.959999084472656,31.360000610351562,132235000
2023-03-16,30.240737915039062,32.0099983215332,32.34000015258789,30.899999618530273,31.200000762939453,133892600
2023-03-17,29.267669677734375,30.979999542236328,31.709999084472656,30.899999618530273,31.709999084472656,136760600
2023-03-20,29.593318939208984,31.170000076293945,31.440000534057617,31.020000457763672,31.06999969482422,75384500
2023-03-21,30.343358993530273,31.959999084472656,32.040000915527344,31.809999465942383,31.8799991607666,115899200
2023-03-22,29.64078712463379,31.219999313354492,32.04999923706055,31.200000762939453,31.959999084472656,67874100
2023-03-23,29.44141387939453,31.010000228881836,31.600000381469727,30.790000915527344,31.280000686645508,82366300
2023-03-24,29.422420501708984,30.989999771118164,31.020000457763672,30.389999389648438,30.6299991607666,76619100
2023-03-27,29.830669403076172,31.420000076293945,31.59000015258789,31.239999771118164,31.520000457763672,61393300
2023-03-28,29.821178436279297,31.40999984741211,31.520000457763672,31.219999313354492,31.3799991607666,42980100
2023-03-29,30.257909774780273,31.8700008392334,31.8799991607666,31.610000610351562,31.75,52147200
2023-03-30,30.191450119018555,31.799999237060547,32.119998931884766,31.6200008392334,32.099998474121094,45061700
2023-03-31,30.52375030517578,32.150001525878906,32.15999984741211,31.860000610351562,31.979999542236328,49034400
2023-04-03,30.580711364746094,32.209999084472656,32.34000015258789,32.02000045776367,32.119998931884766,51213500
2023-04-04,30.295888900756836,31.90999984741211,32.34000015258789,31.700000762939453,32.290000915527344,45939300
2023-04-05,30.257909774780273,31.8700008392334,31.959999084472656,31.65999984741211,31.670000076293945,57965300
2023-04-06,30.371843338012695,31.989999771118164,32.04999923706055,31.780000686645508,31.809999465942383,36762300
2023-04-10,30.438304901123047,32.060001373291016,32.06999969482422,31.799999237060547,31.8700008392334,27900700
2023-04-11,30.70413589477539,32.34000015258789,32.47999954223633,32.119998931884766,32.13999938964844,53912600
2023-04-12,30.637678146362305,32.27000045776367,32.66999816894531,32.189998626708984,32.5,63645800
2023-04-13,30.913015365600586,32.560001373291016,32.58000183105469,32.06999969482422,32.290000915527344,58550300
2023-04-14,31.216819763183594,32.880001068115234,33.150001525878906,32.720001220703125,32.900001525878906,65276200
2023-04-17,31.57760238647461,33.2599983215332,33.27000045776367,32.720001220703125,32.86000061035156,69670600
2023-04-18,31.672536849975586,33.36000061035156,33.43000030517578,33.08000183105469,33.33000183105469,49507500
2023-04-19,31.748493194580078,33.439998626708984,33.529998779296875,33.25,33.310001373291016,39478900
2023-04-20,31.65355682373047,33.34000015258789,33.43000030517578,33.209999084472656,33.220001220703125,39291800
2023-04-21,31.53962516784668,33.220001220703125,33.2599983215332,33.029998779296875,33.2400016784668,41545000
2023-04-24,31.463668823242188,33.13999938964844,33.31999969482422,33.060001373291016,33.20000076293945,32774200
2023-04-25,30.922504425048828,32.56999969482422,32.9900016784668,32.560001373291016,32.93000030517578,58534300
2023-04-26,30.62818145751953,32.2599983215332,32.65999984741211,32.119998931884766,32.47999954223633,54294200
2023-04-27,31.121877670288086,32.779998779296875,32.84000015258789,32.380001068115234,32.380001068115234,46398800
2023-04-28,31.492145538330078,33.16999816894531,33.20000076293945,32.54999923706055,32.619998931884766,54598700
2023-05-01,31.406707763671875,33.08000183105469,33.43000030517578,33.040000915527344,33.2599983215332,31950600
2023-05-02,30.69464111328125,32.33000183105469,32.959999084472656,32.029998779296875,32.95000076293945,76096700
2023-05-03,30.343358993530273,31.959999084472656,32.529998779296875,31.93000030517578,32.369998931884766,65642400
2023-05-04,29.954099655151367,31.549999237060547,31.850000381469727,31.260000228881836,31.68000030517578,76076600
2023-05-05,30.69464111328125,32.33000183105469,32.380001068115234,32.02000045776367,32.06999969482422,55019400
2023-05-08,30.742116928100586,32.380001068115234,32.619998931884766,32.34000015258789,32.5099983215332,34323600
2023-05-09,30.62818145751953,32.2599983215332,32.38999938964844,32.06999969482422,32.13999938964844,29736200
2023-05-10,30.457292556762695,32.08000183105469,32.540000915527344,31.799999237060547,32.470001220703125,39706100
2023-05-11,30.409818649291992,32.029998779296875,32.08000183105469,31.739999771118164,31.8799991607666,36693200
2023-05-12,30.286392211914062,31.899999618530273,32.2400016784668,31.690000534057617,32.2400016784668,36253000
2023-05-15,30.533239364624023,32.15999984741211,32.220001220703125,31.899999618530273,31.959999084472656,33208500
2023-05-16,30.248422622680664,31.860000610351562,32.189998626708984,31.84000015258789,32.099998474121094,31241400
2023-05-17,30.85604476928711,32.5,32.59000015258789,32.040000915527344,32.11000061035156,46818800
2023-05-18,31.083906173706055,32.7400016784668,32.779998779296875,32.31999969482422,32.439998626708984,42232500
2023-05-19,30.95098304748535,32.599998474121094,32.91999816894531,32.45000076293945,32.81999969482422,40132900
2023-05-22,31.007951736450195,32.65999984741211,32.779998779296875,32.459999084472656,32.709999084472656,35286200
2023-05-23,30.647171020507812,32.279998779296875,32.689998626708984,32.2599983215332,32.52000045776367,42217200
2023-05-24,30.248422622680664,31.860000610351562,32.06999969482422,31.790000915527344,32.040000915527344,46610700
2023-05-25,30.238924026489258,31.850000381469727,31.959999084472656,31.65999984741211,31.780000686645508,41658900
2023-05-26,30.48577117919922,32.11000061035156,32.189998626708984,31.8700008392334,31.920000076293945,44183000
2023-05-30,30.476276397705078,32.099998474121094,32.22999954223633,31.889999389648438,32.15999984741211,57900500
2023-05-31,30.15347671508789,31.760000228881836,31.940000534057617,31.489999771118164,31.90999984741211,67667900
2023-06-01,30.476276397705078,32.099998474121094,32.16999816894531,31.719999313354492,31.940000534057617,48643400
2023-06-02,31.140871047973633,32.79999923706055,32.91999816894531,32.40999984741211,32.40999984741211,65752900
2023-06-05,30.979469299316406,32.630001068115234,32.84000015258789,32.47999954223633,32.84000015258789,53591100
2023-06-06,31.368730545043945,33.040000915527344,33.09000015258789,32.58000183105469,32.599998474121094,46236100
2023-06-07,31.492145538330078,33.16999816894531,33.2400016784668,32.869998931884766,33.06999969482422,48467100
2023-06-08,31.463668823242188,33.13999938964844,33.189998626708984,32.880001068115234,33.060001373291016,36261200
2023-06-09,31.473159790039062,33.150001525878906,33.290000915527344,33.060001373291016,33.08000183105469,34021700
2023-06-12,31.463668823242188,33.13999938964844,33.27000045776367,32.88999938964844,33.18000030517578,33655200
2023-06-13,31.65355682373047,33.34000015258789,33.47999954223633,33.06999969482422,33.11000061035156,46054400
2023-06-14,31.530128479003906,33.209999084472656,33.59000015258789,33.099998474121094,33.41999816894531,57195400
2023-06-15,31.9478702545166,33.650001525878906,33.72999954223633,33.06999969482422,33.099998474121094,52241800
2023-06-16,31.881412506103516,33.58000183105469,33.83000183105469,33.540000915527344,33.79999923706055,49861100
2023-06-20,31.64299201965332,33.18000030517578,33.27000045776367,32.97999954223633,33.209999084472656,50683100
2023-06-21,31.604846954345703,33.13999938964844,33.29999923706055,33.0,33.099998474121094,35967600
2023-06-22,31.356889724731445,32.880001068115234,33.09000015258789,32.77000045776367,33.08000183105469,38690000
2023-06-23,31.223379135131836,32.7400016784668,32.849998474121094,32.52000045776367,32.630001068115234,35529600
2023-06-26,31.1566162109375,32.66999816894531,32.939998626708984,32.58000183105469,32.689998626708984,25728300
2023-06-27,31.40457534790039,32.93000030517578,33.0,32.709999084472656,32.72999954223633,34348100
2023-06-28,31.328279495239258,32.849998474121094,32.900001525878906,32.70000076293945,32.88999938964844,36663200
2023-06-29,31.871871948242188,33.41999816894531,33.41999816894531,32.97999954223633,33.02000045776367,47471000
2023-06-30,32.148441314697266,33.709999084472656,33.849998474121094,33.58000183105469,33.63999938964844,44762300
2023-07-03,32.32963943481445,33.900001525878906,34.0,33.65999984741211,33.709999084472656,19128000
2023-07-05,32.262882232666016,33.83000183105469,33.91999816894531,33.599998474121094,33.70000076293945,39831600
2023-07-06,31.986310958862305,33.540000915527344,33.58000183105469,33.25,33.54999923706055,45808400
2023-07-07,32.03400421142578,33.59000015258789,33.869998931884766,33.400001525878906,33.400001525878906,33488700
2023-07-10,32.17705535888672,33.7400016784668,33.93000030517578,33.56999969482422,33.599998474121094,27254400
2023-07-11,32.55852508544922,34.13999938964844,34.18000030517578,33.790000915527344,33.86000061035156,33744600
2023-07-12,32.768333435058594,34.36000061035156,34.599998474121094,34.27000045776367,34.41999816894531,46546000
2023-07-13,32.882774353027344,34.47999954223633,34.529998779296875,34.349998474121094,34.40999984741211,40453700
2023-07-14,32.663429260253906,34.25,34.7400016784668,34.20000076293945,34.72999954223633,47552700
2023-07-17,32.97814178466797,34.58000183105469,34.68000030517578,34.209999084472656,34.209999084472656,38568900
2023-07-18,33.350074768066406,34.970001220703125,35.0,34.61000061035156,34.65999984741211,47160800
2023-07-19,33.493125915527344,35.119998931884766,35.2599983215332,34.959999084472656,34.970001220703125,45599800
2023-07-20,33.74108123779297,35.380001068115234,35.38999938964844,35.04999923706055,35.060001373291016,45591500
2023-07-21,33.62664031982422,35.2599983215332,35.459999084472656,35.16999816894531,35.439998626708984,30615700
2023-07-24,33.95089340209961,35.599998474121094,35.709999084472656,35.27000045776367,35.279998779296875,32299800
2023-07-25,33.73154067993164,35.369998931884766,35.58000183105469,35.34000015258789,35.5,36218600
2023-07-26,33.931819915771484,35.58000183105469,35.689998626708984,35.279998779296875,35.33000183105469,35638700
2023-07-27,33.50266647338867,35.130001068115234,35.66999816894531,35.08000183105469,35.58000183105469,44072800
2023-07-28,33.56942367553711,35.20000076293945,35.41999816894531,35.0099983215332,35.40999984741211,32422700
2023-07-31,33.693397521972656,35.33000183105469,35.439998626708984,35.18000030517578,35.27000045776367,28627000
2023-08-01,33.693397521972656,35.33000183105469,35.36000061035156,35.13999938964844,35.2599983215332,26480300
2023-08-02,33.407291412353516,35.029998779296875,35.15999984741211,34.83000183105469,35.029998779296875,48923800
2023-08-03,33.426368713378906,35.04999923706055,35.130001068115234,34.720001220703125,34.81999969482422,31861600
2023-08-04,33.292850494384766,34.90999984741211,35.36000061035156,34.880001068115234,35.02000045776367,36195700
2023-08-07,33.760154724121094,35.400001525878906,35.459999084472656,35.119998931884766,35.130001068115234,33119300
2023-08-08,33.45498275756836,35.08000183105469,35.11000061035156,34.66999816894531,34.939998626708984,37254800
2023-08-09,33.20702362060547,34.81999969482422,35.15999984741211,34.779998779296875,35.060001373291016,38304200
2023-08-10,33.235626220703125,34.849998474121094,35.2599983215332,34.7599983215332,35.0,38097500
2023-08-11,33.302391052246094,34.91999816894531,34.97999954223633,34.65999984741211,34.7400016784668,27518700
2023-08-14,33.235626220703125,34.849998474121094,34.91999816894531,34.689998626708984,34.81999969482422,23773800
2023-08-15,32.625282287597656,34.209999084472656,34.599998474121094,34.16999816894531,34.560001373291016,57472100
2023-08-16,32.57759475708008,34.15999984741211,34.41999816894531,34.119998931884766,34.150001525878906,33566500
2023-08-17,32.41547393798828,33.9900016784668,34.31999969482422,33.88999938964844,34.27000045776367,38205400
2023-08-18,32.40593338012695,33.97999954223633,34.08000183105469,33.720001220703125,33.75,40860000
2023-08-21,32.3677864074707,33.939998626708984,34.099998474121094,33.66999816894531,34.029998779296875,32308300
2023-08-22,32.06261444091797,33.619998931884766,33.9900016784668,33.56999969482422,33.95000076293945,43133000
2023-08-23,32.377323150634766,33.95000076293945,33.959999084472656,33.630001068115234,33.68000030517578,30240500
2023-08-24,32.262882232666016,33.83000183105469,34.310001373291016,33.83000183105469,33.900001525878906,35784900
2023-08-25,32.41547393798828,33.9900016784668,34.119998931884766,33.709999084472656,33.970001220703125,40347200
2023-08-28,32.5966682434082,34.18000030517578,34.29999923706055,34.06999969482422,34.099998474121094,34905300
2023-08-29,32.89231491088867,34.4900016784668,34.5,34.099998474121094,34.150001525878906,43394300
2023-08-30,32.911380767822266,34.5099983215332,34.709999084472656,34.439998626708984,34.540000915527344,33799900
2023-08-31,32.78740692138672,34.380001068115234,34.619998931884766,34.34000015258789,34.61000061035156,27999700
2023-09-01,33.083045959472656,34.689998626708984,34.79999923706055,34.560001373291016,34.59000015258789,41075700
2023-09-05,32.74925994873047,34.34000015258789,34.790000915527344,34.33000183105469,34.650001525878906,38612300
2023-09-06,32.730186462402344,34.31999969482422,34.38999938964844,34.06999969482422,34.25,35672800
2023-09-07,32.644351959228516,34.22999954223633,34.380001068115234,34.130001068115234,34.18000030517578,47632600
2023-09-08,32.71110916137695,34.29999923706055,34.369998931884766,34.130001068115234,34.2599983215332,39720800
2023-09-11,32.86369705200195,34.459999084472656,34.63999938964844,34.369998931884766,34.459999084472656,28965100
2023-09-12,33.083045959472656,34.689998626708984,34.939998626708984,34.40999984741211,34.45000076293945,48615200
2023-09-13,33.083045959472656,34.689998626708984,34.88999938964844,34.560001373291016,34.849998474121094,31994900
2023-09-14,33.38822555541992,35.0099983215332,35.060001373291016,34.7599983215332,34.93000030517578,65685500
2023-09-15,33.21656799316406,34.83000183105469,35.040000915527344,34.7599983215332,34.779998779296875,51800200
2023-09-18,33.307559967041016,34.77000045776367,34.81999969482422,34.52000045776367,34.630001068115234,32458700
2023-09-19,33.26924514770508,34.72999954223633,34.869998931884766,34.5099983215332,34.79999923706055,36112900
2023-09-20,33.039344787597656,34.4900016784668,34.959999084472656,34.47999954223633,34.849998474121094,31618000
2023-09-21,32.493316650390625,33.91999816894531,34.369998931884766,33.91999816894531,34.369998931884766,48103300
2023-09-22,32.24425506591797,33.65999984741211,34.0,33.65999984741211,33.970001220703125,41688300
2023-09-25,32.320884704589844,33.7400016784668,33.7599983215332,33.47999954223633,33.59000015258789,40141700
2023-09-26,31.88981819152832,33.290000915527344,33.63999938964844,33.22999954223633,33.4900016784668,46165400
2023-09-27,31.841922760009766,33.2400016784668,33.380001068115234,32.95000076293945,33.380001068115234,49360900
2023-09-28,32.071815490722656,33.47999954223633,33.599998474121094,33.2599983215332,33.27000045776367,63638100
2023-09-29,31.774864196777344,33.16999816894531,33.689998626708984,33.09000015258789,33.63999938964844,52860500
2023-10-02,31.506635665893555,32.88999938964844,33.13999938964844,32.709999084472656,33.060001373291016,49350600
2023-10-03,31.008508682250977,32.369998931884766,32.81999969482422,32.2400016784668,32.72999954223633,52921800
2023-10-04,31.23841667175293,32.61000061035156,32.630001068115234,32.209999084472656,32.380001068115234,40136000
2023-10-05,31.382104873657227,32.7599983215332,32.81999969482422,32.45000076293945,32.52000045776367,41407800
2023-10-06,31.650333404541016,33.040000915527344,33.22999954223633,32.5099983215332,32.619998931884766,54057800
2023-10-09,31.669490814208984,33.060001373291016,33.130001068115234,32.709999084472656,32.7400016784668,61396600
2023-10-10,31.899394989013672,33.29999923706055,33.5099983215332,33.150001525878906,33.15999984741211,44743400
2023-10-11,31.947290420532227,33.349998474121094,33.529998779296875,33.099998474121094,33.400001525878906,35746400
2023-10-12,31.746124267578125,33.13999938964844,33.45000076293945,32.90999984741211,33.45000076293945,41991200
2023-10-13,31.81317710876465,33.209999084472656,33.65999984741211,33.029998779296875,33.349998474121094,53213800
2023-10-16,32.148460388183594,33.560001373291016,33.720001220703125,33.38999938964844,33.459999084472656,45589300
2023-10-17,32.301727294921875,33.720001220703125,33.939998626708984,33.400001525878906,33.40999984741211,41925200
2023-10-18,31.746124267578125,33.13999938964844,33.58000183105469,33.06999969482422,33.54999923706055,46942100
2023-10-19,31.324630737304688,32.70000076293945,33.2599983215332,32.68000030517578,33.08000183105469,66656200
2023-10-20,30.84566307067871,32.20000076293945,32.75,32.16999816894531,32.689998626708984,59921300
2023-10-23,30.654075622558594,32.0,32.36000061035156,31.969999313354492,32.130001068115234,55913700
2023-10-24,30.86482048034668,32.220001220703125,32.369998931884766,32.04999923706055,32.150001525878906,35825000
2023-10-25,30.749862670898438,32.099998474121094,32.31999969482422,32.0099983215332,32.099998474121094,59240100
2023-10-26,30.682809829711914,32.029998779296875,32.349998474121094,31.969999313354492,32.02000045776367,56046100
2023-10-27,30.127206802368164,31.450000762939453,32.029998779296875,31.360000610351562,31.989999771118164,73057300
2023-10-30,30.66364860534668,32.0099983215332,32.09000015258789,31.59000015258789,31.670000076293945,48978100
2023-10-31,30.99892807006836,32.36000061035156,32.369998931884766,32.0099983215332,32.06999969482422,41050100
2023-11-01,31.200098037719727,32.56999969482422,32.70000076293945,32.349998474121094,32.41999816894531,51764100
2023-11-02,31.937713623046875,33.34000015258789,33.36000061035156,32.810001373291016,32.869998931884766,47417000
2023-11-03,32.35920333862305,33.779998779296875,33.939998626708984,33.650001525878906,33.65999984741211,58801300
2023-11-06,32.26341247558594,33.68000030517578,33.91999816894531,33.5,33.869998931884766,40599700
2023-11-07,32.215518951416016,33.630001068115234,33.709999084472656,33.52000045776367,33.58000183105469,27442000
2023-11-08,32.25383377075195,33.66999816894531,33.70000076293945,33.459999084472656,33.619998931884766,30165800
2023-11-09,32.119720458984375,33.529998779296875,33.83000183105469,33.470001220703125,33.779998779296875,34336600
2023-11-10,32.48373794555664,33.90999984741211,33.939998626708984,33.4900016784668,33.689998626708984,35146100
2023-11-13,32.43584060668945,33.86000061035156,33.95000076293945,33.7400016784668,33.790000915527344,28327300
2023-11-14,33.048919677734375,34.5,34.689998626708984,34.20000076293945,34.22999954223633,54296300
2023-11-15,33.23093032836914,34.689998626708984,34.790000915527344,34.54999923706055,34.560001373291016,35000200
2023-11-16,33.36504364013672,34.83000183105469,34.869998931884766,34.68000030517578,34.790000915527344,33222500
2023-11-17,33.5374755859375,35.0099983215332,35.02000045776367,34.869998931884766,34.959999084472656,31336100
2023-11-20,33.67158126831055,35.150001525878906,35.22999954223633,34.88999938964844,34.959999084472656,37285400
2023-11-21,33.65242385864258,35.130001068115234,35.220001220703125,35.06999969482422,35.099998474121094,27285700
2023-11-22,33.78653335571289,35.27000045776367,35.34000015258789,35.150001525878906,35.209999084472656,32719200
2023-11-24,33.89191436767578,35.380001068115234,35.439998626708984,35.2599983215332,35.27000045776367,13168500
2023-11-27,33.776954650878906,35.2599983215332,35.31999969482422,35.18000030517578,35.25,35017000
2023-11-28,33.76737976074219,35.25,35.369998931884766,35.15999984741211,35.220001220703125,39329300
2023-11-29,34.006866455078125,35.5,35.709999084472656,35.349998474121094,35.349998474121094,36651300
2023-11-30,34.39003372192383,35.900001525878906,35.900001525878906,35.470001220703125,35.58000183105469,37334500
2023-12-01,34.648681640625,36.16999816894531,36.209999084472656,35.779998779296875,35.84000015258789,51267600
2023-12-04,34.61037063598633,36.130001068115234,36.27000045776367,35.91999816894531,35.959999084472656,41366600
2023-12-05,34.43793487548828,35.95000076293945,36.029998779296875,35.790000915527344,36.02000045776367,39510900
2023-12-06,34.26551055908203,35.77000045776367,36.279998779296875,35.720001220703125,36.150001525878906,35616100
2023-12-07,34.42835235595703,35.939998626708984,35.959999084472656,35.77000045776367,35.86000061035156,26050900
2023-12-08,34.61037063598633,36.130001068115234,36.189998626708984,35.86000061035156,35.900001525878906,33213100
2023-12-11,34.821109771728516,36.349998474121094,36.41999816894531,36.13999938964844,36.13999938964844,31165700
2023-12-12,35.0701789855957,36.61000061035156,36.619998931884766,36.290000915527344,36.439998626708984,37245700
2023-12-13,35.6353645324707,37.20000076293945,37.2400016784668,36.54999923706055,36.619998931884766,56989000
2023-12-14,35.98979568481445,37.56999969482422,37.709999084472656,37.369998931884766,37.5,66865700
2023-12-15,35.779048919677734,37.349998474121094,37.439998626708984,37.189998626708984,37.2599983215332,69246200
2023-12-18,35.89842224121094,37.290000915527344,37.41999816894531,37.25,37.349998474121094,43434000
2023-12-19,36.167972564697266,37.56999969482422,37.58000183105469,37.16999816894531,37.27000045776367,32509000
2023-12-20,35.522979736328125,36.900001525878906,37.560001373291016,36.900001525878906,37.470001220703125,52985700
2023-12-21,35.86954116821289,37.2599983215332,37.27000045776367,36.91999816894531,37.060001373291016,27522200
2023-12-22,35.94655990600586,37.34000015258789,37.4900016784668,37.20000076293945,37.369998931884766,30331400
2023-12-26,36.09096145629883,37.4900016784668,37.560001373291016,37.310001373291016,37.369998931884766,17837600
2023-12-27,36.206478118896484,37.61000061035156,37.61000061035156,37.349998474121094,37.40999984741211,32640800
2023-12-28,36.3123779296875,37.720001220703125,37.79999923706055,37.540000915527344,37.54999923706055,25308000
2023-12-29,36.19684982299805,37.599998474121094,37.77000045776367,37.4900016784668,37.709999084472656,30218300
2024-01-02,36.35088348388672,37.7599983215332,37.779998779296875,37.43000030517578,37.5,31351900
2024-01-03,36.04283142089844,37.439998626708984,37.650001525878906,37.380001068115234,37.59000015258789,46909000
2024-01-04,36.187232971191406,37.59000015258789,37.88999938964844,37.52000045776367,37.56999969482422,36904200
2024-01-05,36.34125900268555,37.75,37.95000076293945,37.56999969482422,37.59000015258789,44852300
2024-01-08,36.57231140136719,37.9900016784668,38.0099983215332,37.560001373291016,37.7599983215332,39098300
2024-01-09,36.34125900268555,37.75,37.79999923706055,37.630001068115234,37.790000915527344,36338100
2024-01-10,36.39901351928711,37.810001373291016,37.84000015258789,37.56999969482422,37.689998626708984,37095500
2024-01-11,36.264244079589844,37.66999816894531,37.810001373291016,37.369998931884766,37.7599983215332,49043500
2024-01-12,36.19684982299805,37.599998474121094,37.9900016784668,37.45000076293945,37.849998474121094,41333900
2024-01-16,35.94655990600586,37.34000015258789,37.40999984741211,37.130001068115234,37.279998779296875,44042100
2024-01-17,35.879173278808594,37.27000045776367,37.41999816894531,37.0,37.02000045776367,38715900
2024-01-18,35.93693542480469,37.33000183105469,37.369998931884766,36.95000076293945,37.220001220703125,42064900
2024-01-19,36.5145378112793,37.93000030517578,37.97999954223633,37.349998474121094,37.470001220703125,59417700
2024-01-22,36.687828063964844,38.11000061035156,38.29999923706055,38.02000045776367,38.09000015258789,51828800
2024-01-23,36.745574951171875,38.16999816894531,38.20000076293945,38.0099983215332,38.09000015258789,46255500
2024-01-24,36.88998031616211,38.31999969482422,38.529998779296875,38.290000915527344,38.33000183105469,43975500
2024-01-25,37.072898864746094,38.5099983215332,38.54999923706055,38.27000045776367,38.470001220703125,50693800
2024-01-26,37.207672119140625,38.650001525878906,38.720001220703125,38.40999984741211,38.45000076293945,38620200
2024-01-29,37.30394744873047,38.75,38.779998779296875,38.43000030517578,38.529998779296875,44175600
2024-01-30,37.77565002441406,39.2400016784668,39.279998779296875,38.77000045776367,38.790000915527344,43229300
2024-01-31,37.31356430053711,38.7599983215332,39.45000076293945,38.7400016784668,39.15999984741211,65780900
2024-02-01,37.3713264465332,38.81999969482422,38.849998474121094,38.25,38.689998626708984,63445600
2024-02-02,37.525352478027344,38.97999954223633,39.15999984741211,38.66999816894531,38.689998626708984,61778400
2024-02-05,37.30394744873047,38.75,38.880001068115234,38.58000183105469,38.7599983215332,37351300
2024-02-06,37.380958557128906,38.83000183105469,38.88999938964844,38.650001525878906,38.70000076293945,41055700
2024-02-07,37.660125732421875,39.119998931884766,39.16999816894531,38.77000045776367,39.040000915527344,39018700
2024-02-08,37.51573181152344,38.970001220703125,39.09000015258789,38.720001220703125,38.939998626708984,47331500
2024-02-09,37.62162399291992,39.08000183105469,39.099998474121094,38.81999969482422,38.91999816894531,50680400
2024-02-12,37.7949104309082,39.2599983215332,39.43000030517578,38.9900016784668,39.08000183105469,39952700
2024-02-13,37.28468322753906,38.72999954223633,39.060001373291016,38.41999816894531,38.959999084472656,62948300
2024-02-14,37.64088439941406,39.099998474121094,39.130001068115234,38.810001373291016,38.959999084472656,58722500
2024-02-15,38.28586959838867,39.77000045776367,39.849998474121094,39.209999084472656,39.220001220703125,58107900
2024-02-16,38.151100158691406,39.630001068115234,39.810001373291016,39.54999923706055,39.72999954223633,37900000
2024-02-20,38.04520034790039,39.52000045776367,39.65999984741211,39.31999969482422,39.349998474121094,39952200
2024-02-21,38.16072463989258,39.63999938964844,39.63999938964844,39.33000183105469,39.470001220703125,40242400
2024-02-22,38.60356140136719,40.099998474121094,40.2400016784668,39.790000915527344,39.86000061035156,55188200
2024-02-23,38.79610061645508,40.29999923706055,40.470001220703125,40.220001220703125,40.25,42190500
2024-02-26,38.60356140136719,40.099998474121094,40.529998779296875,40.029998779296875,40.2599983215332,38370000
2024-02-27,38.70945358276367,40.209999084472656,40.220001220703125,39.939998626708984,40.13999938964844,42599500
2024-02-28,38.853851318359375,40.36000061035156,40.5,40.119998931884766,40.130001068115234,40040800
2024-02-29,38.83460235595703,40.34000015258789,40.54999923706055,40.16999816894531,40.459999084472656,37629700
2024-03-01,38.78646469116211,40.290000915527344,40.41999816894531,40.15999984741211,40.33000183105469,40794900
2024-03-04,38.88273620605469,40.38999938964844,40.5,40.209999084472656,40.220001220703125,53413200
2024-03-05,38.89236831665039,40.400001525878906,40.630001068115234,40.25,40.25,50770200
2024-03-06,39.09452819824219,40.61000061035156,40.72999954223633,40.279998779296875,40.459999084472656,58459500
2024-03-07,39.036773681640625,40.54999923706055,40.84000015258789,40.400001525878906,40.7599983215332,35505100
2024-03-08,39.104156494140625,40.619998931884766,40.83000183105469,40.56999969482422,40.61000061035156,47266600
2024-03-11,39.17153549194336,40.689998626708984,40.72999954223633,40.400001525878906,40.470001220703125,36233100
2024-03-12,39.335201263427734,40.86000061035156,40.97999954223633,40.63999938964844,40.779998779296875,53199300
2024-03-13,39.624000549316406,41.15999984741211,41.16999816894531,40.90999984741211,40.939998626708984,43471400
2024-03-14,39.30631637573242,40.83000183105469,41.25,40.61000061035156,41.16999816894531,65563400
2024-03-15,39.26781463623047,40.790000915527344,40.97999954223633,40.52000045776367,40.599998474121094,67568000
2024-03-18,39.49296569824219,40.869998931884766,40.91999816894531,40.58000183105469,40.779998779296875,39140600
2024-03-19,39.68622589111328,41.06999969482422,41.09000015258789,40.880001068115234,40.900001525878906,36748300
2024-03-20,40.15971755981445,41.560001373291016,41.59000015258789,40.95000076293945,41.02000045776367,52255300
2024-03-21,40.48825454711914,41.900001525878906,42.0,41.61000061035156,41.65999984741211,49209200
2024-03-22,40.0244255065918,41.41999816894531,42.040000915527344,41.38999938964844,41.95000076293945,32033000
2024-03-25,39.86982345581055,41.2599983215332,41.459999084472656,41.2599983215332,41.38999938964844,31784000
2024-03-26,40.00510025024414,41.400001525878906,41.529998779296875,41.27000045776367,41.40999984741211,30135500
2024-03-27,40.47859191894531,41.88999938964844,41.900001525878906,41.4900016784668,41.599998474121094,36670300
2024-03-28,40.70083999633789,42.119998931884766,42.220001220703125,41.869998931884766,41.939998626708984,41490200
2024-04-01,40.47859191894531,41.88999938964844,42.20000076293945,41.810001373291016,42.15999984741211,37537700
2024-04-02,40.26600646972656,41.66999816894531,41.81999969482422,41.599998474121094,41.7599983215332,36359800
2024-04-03,40.246681213378906,41.650001525878906,41.959999084472656,41.540000915527344,41.68000030517578,39715900
2024-04-04,39.79251480102539,41.18000030517578,42.08000183105469,41.130001068115234,42.0,52657500
2024-04-05,40.16937255859375,41.56999969482422,41.68000030517578,41.20000076293945,41.34000015258789,47540300
2024-04-08,40.34331130981445,41.75,41.81999969482422,41.560001373291016,41.58000183105469,35165700
2024-04-09,40.11140060424805,41.5099983215332,41.880001068115234,41.18000030517578,41.77000045776367,51953600
2024-04-10,39.51228713989258,40.88999938964844,41.27000045776367,40.7599983215332,41.11000061035156,59492800
2024-04-11,39.2320556640625,40.599998474121094,40.93000030517578,40.349998474121094,40.869998931884766,56870800
2024-04-12,38.71025848388672,40.060001373291016,40.5,39.90999984741211,40.33000183105469,81234800
2024-04-15,38.51699447631836,39.86000061035156,40.7400016784668,39.7400016784668,40.58000183105469,71800600
2024-04-16,38.2560920715332,39.59000015258789,39.97999954223633,39.529998779296875,39.88999938964844,66751300
2024-04-17,38.35272216796875,39.689998626708984,39.95000076293945,39.529998779296875,39.77000045776367,41561900
2024-04-18,38.488006591796875,39.83000183105469,40.18000030517578,39.7400016784668,39.869998931884766,48893400
2024-04-19,39.019474029541016,40.380001068115234,40.459999084472656,39.970001220703125,40.04999923706055,55513600
2024-04-22,39.49296569824219,40.869998931884766,41.099998474121094,40.43000030517578,40.599998474121094,50701200
2024-04-23,39.74420166015625,41.130001068115234,41.22999954223633,40.95000076293945,41.060001373291016,36488600
2024-04-24,39.73453903198242,41.119998931884766,41.18000030517578,40.90999984741211,41.02000045776367,33957500
2024-04-25,39.502628326416016,40.880001068115234,41.029998779296875,40.529998779296875,40.91999816894531,50365700
2024-04-26,39.44464874267578,40.81999969482422,41.04999923706055,40.720001220703125,40.810001373291016,35796900
2024-04-29,39.38666534423828,40.7599983215332,40.9900016784668,40.61000061035156,40.810001373291016,36596100
2024-04-30,39.000144958496094,40.36000061035156,40.7599983215332,40.36000061035156,40.66999816894531,34481600
2024-05-01,39.000144958496094,40.36000061035156,40.849998474121094,40.279998779296875,40.33000183105469,54717600
2024-05-02,39.09676742553711,40.459999084472656,40.70000076293945,40.16999816894531,40.63999938964844,37085100
2024-05-03,39.18375015258789,40.54999923706055,40.790000915527344,40.349998474121094,40.70000076293945,45012600
2024-05-06,39.68622589111328,41.06999969482422,41.06999969482422,40.77000045776367,40.86000061035156,42335600
2024-05-07,39.82149887084961,41.209999084472656,41.290000915527344,41.099998474121094,41.16999816894531,42601200
2024-05-08,39.96644973754883,41.36000061035156,41.43000030517578,41.060001373291016,41.16999816894531,28390900
2024-05-09,40.26600646972656,41.66999816894531,41.66999816894531,41.25,41.2599983215332,31594800
2024-05-10,40.420623779296875,41.83000183105469,41.90999984741211,41.77000045776367,41.81999969482422,34306800
2024-05-13,40.25634002685547,41.65999984741211,42.02000045776367,41.65999984741211,41.95000076293945,29570100
2024-05-14,40.459266662597656,41.869998931884766,41.900001525878906,41.65999984741211,41.81999969482422,30638300
2024-05-15,40.75882339477539,42.18000030517578,42.220001220703125,41.959999084472656,41.970001220703125,36138300
2024-05-16,40.75882339477539,42.18000030517578,42.380001068115234,42.15999984741211,42.220001220703125,36032700
2024-05-17,41.05837631225586,42.4900016784668,42.4900016784668,42.20000076293945,42.25,29813200
2024-05-20,40.4979133605957,41.90999984741211,42.459999084472656,41.88999938964844,42.400001525878906,35719600
2024-05-21,40.75882339477539,42.18000030517578,42.220001220703125,41.970001220703125,41.9900016784668,33413400
2024-05-22,40.526912689208984,41.939998626708984,42.27000045776367,41.849998474121094,42.09000015258789,38661100
2024-05-23,39.96644973754883,41.36000061035156,41.939998626708984,41.20000076293945,41.900001525878906,51768500
2024-05-24,40.208030700683594,41.61000061035156,41.619998931884766,41.439998626708984,41.439998626708984,23477300
2024-05-28,39.763526916503906,41.150001525878906,41.52000045776367,41.0,41.52000045776367,31004900
2024-05-29,39.44464874267578,40.81999969482422,40.95000076293945,40.70000076293945,40.81999969482422,40620200
2024-05-30,39.657230377197266,41.040000915527344,41.130001068115234,40.7599983215332,40.86000061035156,32769300
2024-05-31,40.23701095581055,41.63999938964844,41.68000030517578,41.0,41.119998931884766,38664000
2024-06-03,39.98577880859375,41.380001068115234,41.68000030517578,41.02000045776367,41.630001068115234,37855000
2024-06-04,39.802181243896484,41.189998626708984,41.5,41.0,41.15999984741211,27586400
2024-06-05,39.91814041137695,41.310001373291016,41.36000061035156,41.0099983215332,41.31999969482422,23817300
2024-06-06,39.89881134033203,41.290000915527344,41.5,41.130001068115234,41.380001068115234,39040200
2024-06-07,40.08240509033203,41.47999954223633,41.709999084472656,41.220001220703125,41.29999923706055,42273300
2024-06-10,39.92779541015625,41.31999969482422,41.369998931884766,41.04999923706055,41.29999923706055,31615200
2024-06-11,39.473628997802734,40.849998474121094,41.13999938964844,40.650001525878906,41.119998931884766,54584900
2024-06-12,39.43498229980469,40.810001373291016,41.31999969482422,40.75,41.27000045776367,46399800
2024-06-13,39.40599060058594,40.779998779296875,40.81999969482422,40.5,40.810001373291016,39497900
2024-06-14,39.280372619628906,40.650001525878906,40.72999954223633,40.369998931884766,40.5,29083000
2024-06-17,39.628238677978516,41.0099983215332,41.02000045776367,40.47999954223633,40.54999923706055,36076900
2024-06-18,39.87948226928711,41.27000045776367,41.27000045776367,40.91999816894531,40.959999084472656,38900300
2024-06-20,40.092071533203125,41.4900016784668,41.599998474121094,41.13999938964844,41.18000030517578,42869100
2024-06-21,39.937461853027344,41.33000183105469,41.43000030517578,41.09000015258789,41.38999938964844,42530600
2024-06-24,40.34782791137695,41.59000015258789,41.849998474121094,41.2400016784668,41.34000015258789,45252000
2024-06-25,40.04708480834961,41.279998779296875,41.63999938964844,41.15999984741211,41.5099983215332,32845400
2024-06-26,39.794857025146484,41.02000045776367,41.11000061035156,40.81999969482422,41.09000015258789,37978500
2024-06-27,39.74634552001953,40.970001220703125,41.02000045776367,40.720001220703125,40.900001525878906,25466100
2024-06-28,39.88216781616211,41.11000061035156,41.369998931884766,40.939998626708984,41.060001373291016,44045100
