Date,Adj Close,Close,High,Low,Open,Volume
2004-10-01,22.636127471923828,40.34000015258789,40.400001525878906,39.86000061035156,39.900001525878906,11375700
2004-10-04,22.500328063964844,39.7599983215332,40.45000076293945,39.75,40.33000183105469,12622200
2004-10-05,22.330537796020508,39.459999084472656,39.810001373291016,39.060001373291016,39.70000076293945,12012800
2004-10-06,22.3475284576416,39.4900016784668,39.529998779296875,39.15999984741211,39.310001373291016,7631200
2004-10-07,22.37015151977539,39.529998779296875,39.88999938964844,39.40999984741211,39.52000045776367,7051800
2004-10-08,22.438066482543945,39.650001525878906,39.77000045776367,39.2599983215332,39.540000915527344,6542800
2004-10-11,22.28528594970703,39.380001068115234,39.689998626708984,39.380001068115234,39.5,3363700
2004-10-12,22.358844757080078,39.5099983215332,39.63999938964844,39.0099983215332,39.04999923706055,8410800
2004-10-13,22.206031799316406,39.2400016784668,39.689998626708984,38.95000076293945,39.599998474121094,7602800
2004-10-14,21.80425453186035,38.529998779296875,39.2400016784668,38.20000076293945,39.2400016784668,11762100
2004-10-15,21.92308807373047,38.7400016784668,39.099998474121094,38.52000045776367,38.529998779296875,8057300
2004-10-18,22.070240020751953,39.0,39.11000061035156,38.529998779296875,38.54999923706055,5915300
2004-10-19,21.492998123168945,37.97999954223633,39.380001068115234,37.790000915527344,38.75,16571000
2004-10-20,21.07988929748535,37.25,37.45000076293945,36.31999969482422,36.70000076293945,23141100
2004-10-21,21.334552764892578,37.70000076293945,37.849998474121094,37.04999923706055,37.08000183105469,11568200
2004-10-22,21.20440101623535,37.470001220703125,37.880001068115234,37.400001525878906,37.79999923706055,8983300
2004-10-25,20.949735641479492,37.02000045776367,37.529998779296875,36.900001525878906,37.470001220703125,11971100
2004-10-26,21.215717315673828,37.4900016784668,37.599998474121094,36.95000076293945,37.02000045776367,10566300
2004-10-27,21.51565170288086,38.02000045776367,38.18000030517578,37.029998779296875,37.349998474121094,11518800
2004-10-28,21.775957107543945,38.47999954223633,38.54999923706055,37.66999816894531,37.849998474121094,8766200
2004-10-29,21.8438663482666,38.599998474121094,38.619998931884766,38.02000045776367,38.41999816894531,11215900
2004-11-01,21.78727149963379,38.5,38.939998626708984,38.43000030517578,38.77000045776367,10154500
2004-11-02,21.815568923950195,38.54999923706055,39.16999816894531,38.40999984741211,38.5,9869300
2004-11-03,21.98533821105957,38.849998474121094,39.43000030517578,38.630001068115234,39.349998474121094,11104200
2004-11-04,22.43240737915039,39.63999938964844,39.65999984741211,38.5,38.75,12158700
2004-11-05,22.268287658691406,39.349998474121094,39.90999984741211,39.0,39.63999938964844,13418700
2004-11-08,22.22868537902832,39.279998779296875,39.45000076293945,39.11000061035156,39.31999969482422,7547900
2004-11-09,22.132474899291992,39.11000061035156,39.4900016784668,39.060001373291016,39.33000183105469,7004600
2004-11-10,22.041934967041016,38.95000076293945,39.189998626708984,38.849998474121094,39.18000030517578,7633400
2004-11-11,22.17209243774414,39.18000030517578,39.41999816894531,38.869998931884766,39.20000076293945,8004300
2004-11-12,22.16643524169922,39.16999816894531,39.290000915527344,38.900001525878906,38.93000030517578,11168600
2004-11-15,22.1607666015625,39.15999984741211,39.15999984741211,38.95000076293945,39.0,8794300
2004-11-16,21.77029800415039,38.470001220703125,38.7599983215332,38.400001525878906,38.5,14141300
2004-11-17,21.657123565673828,38.27000045776367,38.83000183105469,38.119998931884766,38.5,14438700
2004-11-18,21.402456283569336,37.81999969482422,38.34000015258789,37.790000915527344,38.20000076293945,14942800
2004-11-19,21.17609977722168,37.41999816894531,37.97999954223633,37.27000045776367,37.900001525878906,14346300
2004-11-22,21.24967384338379,37.54999923706055,37.849998474121094,37.150001525878906,37.41999816894531,13073300
2004-11-23,21.25531768798828,37.560001373291016,37.70000076293945,37.2599983215332,37.650001525878906,10883200
2004-11-24,21.334552764892578,37.70000076293945,37.79999923706055,37.54999923706055,37.779998779296875,6854700
2004-11-26,21.328901290893555,37.689998626708984,37.790000915527344,37.599998474121094,37.70000076293945,3143500
2004-11-29,21.113855361938477,37.310001373291016,37.86000061035156,37.11000061035156,37.689998626708984,10747600
2004-11-30,21.30626106262207,37.650001525878906,37.70000076293945,37.060001373291016,37.18000030517578,13032200
2004-12-01,21.66277503967285,38.279998779296875,38.279998779296875,37.77000045776367,37.79999923706055,11122800
2004-12-02,21.75332260131836,38.439998626708984,38.619998931884766,38.20000076293945,38.25,8238200
2004-12-03,21.53827476501465,38.060001373291016,38.52000045776367,37.9900016784668,38.380001068115234,10918000
2004-12-06,21.572229385375977,38.119998931884766,38.41999816894531,37.77000045776367,37.95000076293945,10695800
2004-12-07,21.39680290222168,37.810001373291016,38.29999923706055,37.79999923706055,38.20000076293945,8779000
2004-12-08,21.24967384338379,37.54999923706055,37.83000183105469,37.529998779296875,37.810001373291016,11421600
2004-12-09,21.328901290893555,37.689998626708984,37.88999938964844,37.25,37.25,10360900
2004-12-10,21.294944763183594,37.630001068115234,37.86000061035156,37.4900016784668,37.65999984741211,8579000
2004-12-13,21.645797729492188,38.25,38.400001525878906,37.91999816894531,38.0,14880100
2004-12-14,21.92308807373047,38.7400016784668,38.79999923706055,38.29999923706055,38.31999969482422,12084600
2004-12-15,22.08720588684082,39.029998779296875,39.25,38.7599983215332,38.79999923706055,13420900
2004-12-16,22.030616760253906,38.93000030517578,39.0,38.630001068115234,38.79999923706055,11590300
2004-12-17,21.798603057861328,38.52000045776367,38.81999969482422,38.189998626708984,38.20000076293945,14179700
2004-12-20,21.8438663482666,38.599998474121094,38.880001068115234,38.52000045776367,38.599998474121094,8837800
2004-12-21,22.109834671020508,39.06999969482422,39.25,38.63999938964844,38.650001525878906,8686400
2004-12-22,22.08720588684082,39.029998779296875,39.22999954223633,38.79999923706055,38.95000076293945,9282700
2004-12-23,22.1607666015625,39.15999984741211,39.47999954223633,39.099998474121094,39.119998931884766,8556100
2004-12-27,22.07588005065918,39.0099983215332,39.290000915527344,38.93000030517578,39.20000076293945,5639800
2004-12-28,22.18907356262207,39.209999084472656,39.29999923706055,38.95000076293945,38.970001220703125,5420000
2004-12-29,22.1607666015625,39.15999984741211,39.15999984741211,38.939998626708984,39.0099983215332,6008200
2004-12-30,22.115501403808594,39.08000183105469,39.31999969482422,39.04999923706055,39.15999984741211,4745700
2004-12-31,22.07588005065918,39.0099983215332,39.16999816894531,38.95000076293945,39.08000183105469,5754000
2005-01-03,22.155115127563477,39.150001525878906,39.689998626708984,39.0099983215332,39.47999954223633,14957900
2005-01-04,21.926776885986328,38.40999984741211,39.060001373291016,38.31999969482422,38.97999954223633,11360900
2005-01-05,21.972440719604492,38.4900016784668,38.91999816894531,38.38999938964844,38.599998474121094,9770200
2005-01-06,22.09803009033203,38.709999084472656,38.97999954223633,38.63999938964844,38.77000045776367,9115900
2005-01-07,21.921066284179688,38.400001525878906,38.869998931884766,38.38999938964844,38.689998626708984,9971200
2005-01-10,21.846853256225586,38.27000045776367,38.5099983215332,38.04999923706055,38.27000045776367,9284500
2005-01-11,21.63562774658203,37.900001525878906,38.25,37.900001525878906,38.099998474121094,8966300
2005-01-12,21.687002182006836,37.9900016784668,38.029998779296875,37.56999969482422,38.0,9075900
2005-01-13,21.56140899658203,37.77000045776367,38.380001068115234,37.709999084472656,38.0,9646600
2005-01-14,21.584247589111328,37.810001373291016,37.97999954223633,37.650001525878906,37.779998779296875,7346500
2005-01-18,21.921066284179688,38.400001525878906,38.4900016784668,37.52000045776367,37.709999084472656,9729100
2005-01-19,21.601375579833984,37.84000015258789,38.45000076293945,37.83000183105469,38.0099983215332,15845900
2005-01-20,21.264570236206055,37.25,37.83000183105469,37.11000061035156,37.79999923706055,15240300
2005-01-21,21.036230087280273,36.849998474121094,37.4900016784668,36.849998474121094,37.25,14174400
2005-01-24,21.0533447265625,36.880001068115234,37.220001220703125,36.7599983215332,36.86000061035156,12870700
2005-01-25,21.041934967041016,36.86000061035156,37.209999084472656,36.83000183105469,36.9900016784668,9986100
2005-01-26,21.02481460571289,36.83000183105469,37.0,36.7599983215332,36.79999923706055,14555600
2005-01-27,20.979148864746094,36.75,36.900001525878906,36.5099983215332,36.619998931884766,9791100
2005-01-28,21.121849060058594,37.0,37.0,36.630001068115234,36.880001068115234,15282000
2005-01-31,21.31024169921875,37.33000183105469,37.400001525878906,37.2400016784668,37.279998779296875,14111800
2005-02-01,21.407278060913086,37.5,37.63999938964844,37.29999923706055,37.5,14015400
2005-02-02,21.418699264526367,37.52000045776367,37.540000915527344,37.380001068115234,37.5,13147400
2005-02-03,21.3444881439209,37.38999938964844,37.529998779296875,37.349998474121094,37.470001220703125,10737700
2005-02-04,21.515758514404297,37.689998626708984,37.7400016784668,37.400001525878906,37.439998626708984,10662400
2005-02-07,21.675586700439453,37.970001220703125,38.06999969482422,37.599998474121094,37.70000076293945,9438000
2005-02-08,21.555706024169922,37.7599983215332,37.9900016784668,37.689998626708984,37.91999816894531,7579200
2005-02-09,21.407278060913086,37.5,37.7400016784668,37.45000076293945,37.61000061035156,7084500
2005-02-10,21.37874984741211,37.45000076293945,37.65999984741211,37.38999938964844,37.560001373291016,8872600
2005-02-11,21.39586067199707,37.47999954223633,37.58000183105469,37.13999938964844,37.29999923706055,10676700
2005-02-14,21.407278060913086,37.5,37.56999969482422,37.27000045776367,37.56999969482422,6686000
2005-02-15,21.435832977294922,37.54999923706055,37.75,37.45000076293945,37.66999816894531,8145300
2005-02-16,21.31024169921875,37.33000183105469,37.43000030517578,37.18000030517578,37.34000015258789,9579800
2005-02-17,20.996252059936523,36.779998779296875,37.369998931884766,36.779998779296875,37.279998779296875,12155800
2005-02-18,20.842140197753906,36.5099983215332,36.7599983215332,36.29999923706055,36.650001525878906,17789700
2005-02-22,20.511035919189453,35.93000030517578,36.630001068115234,35.900001525878906,36.5099983215332,14882000
2005-02-23,20.825008392333984,36.47999954223633,36.58000183105469,36.0,36.18000030517578,12550200
2005-02-24,20.939184188842773,36.68000030517578,36.88999938964844,36.45000076293945,36.52000045776367,9123400
2005-02-25,21.104734420776367,36.970001220703125,37.08000183105469,36.650001525878906,36.68000030517578,8776200
2005-02-28,20.864967346191406,36.54999923706055,37.02000045776367,36.52000045776367,36.970001220703125,11403900
2005-03-01,21.173229217529297,37.09000015258789,37.34000015258789,36.880001068115234,37.0,10170900
2005-03-02,21.11614227294922,36.9900016784668,37.41999816894531,36.869998931884766,37.0,9392100
2005-03-03,21.1275634765625,37.0099983215332,37.18000030517578,36.70000076293945,37.150001525878906,8372400
2005-03-04,21.412996292114258,37.5099983215332,37.790000915527344,37.119998931884766,37.25,12698300
2005-03-07,21.315954208374023,37.34000015258789,37.54999923706055,37.310001373291016,37.5099983215332,11265600
2005-03-08,21.087610244750977,36.939998626708984,37.279998779296875,36.90999984741211,37.22999954223633,9934400
2005-03-09,20.819297790527344,36.470001220703125,36.81999969482422,36.34000015258789,36.72999954223633,17648000
2005-03-10,20.756500244140625,36.36000061035156,36.599998474121094,36.290000915527344,36.47999954223633,11903100
2005-03-11,20.613784790039062,36.11000061035156,36.380001068115234,36.0,36.2599983215332,9297300
2005-03-14,20.807870864868164,36.45000076293945,36.4900016784668,35.86000061035156,36.11000061035156,13097500
2005-03-15,20.69370460510254,36.25,36.66999816894531,36.189998626708984,36.5099983215332,8607000
2005-03-16,20.69370460510254,36.25,36.400001525878906,36.04999923706055,36.25,13404700
2005-03-17,20.636625289916992,36.150001525878906,36.279998779296875,35.900001525878906,36.220001220703125,9034600
2005-03-18,20.556697845458984,36.0099983215332,36.25,35.81999969482422,36.15999984741211,18106400
2005-03-21,20.431114196777344,35.790000915527344,35.95000076293945,35.5,35.880001068115234,11448100
2005-03-22,20.014381408691406,35.060001373291016,36.0,34.959999084472656,36.0,14833000
2005-03-23,19.940174102783203,34.93000030517578,35.290000915527344,34.880001068115234,35.060001373291016,17485800
2005-03-24,19.940174102783203,34.93000030517578,35.150001525878906,34.869998931884766,35.099998474121094,11987900
2005-03-28,19.894502639770508,34.849998474121094,35.08000183105469,34.72999954223633,34.93000030517578,8804800
2005-03-29,19.740379333496094,34.58000183105469,35.099998474121094,34.31999969482422,34.650001525878906,14720400
2005-03-30,19.951589584350586,34.95000076293945,34.97999954223633,34.470001220703125,34.52000045776367,11279800
2005-03-31,19.75178337097168,34.599998474121094,34.93000030517578,34.529998779296875,34.900001525878906,13312200
2005-04-01,19.55198860168457,34.25,35.11000061035156,33.84000015258789,34.790000915527344,20140200
2005-04-04,19.471263885498047,33.77000045776367,33.95000076293945,33.349998474121094,33.66999816894531,15639300
2005-04-05,19.938302993774414,34.58000183105469,34.7599983215332,33.970001220703125,34.0,15200900
2005-04-06,19.995956420898438,34.68000030517578,34.90999984741211,34.619998931884766,34.75,10676000
2005-04-07,20.06514549255371,34.79999923706055,35.099998474121094,34.66999816894531,34.75,8304500
2005-04-08,19.892181396484375,34.5,34.95000076293945,34.5,34.86000061035156,6360800
2005-04-11,19.96136474609375,34.619998931884766,34.810001373291016,34.56999969482422,34.66999816894531,7172800
2005-04-12,20.203527450561523,35.040000915527344,35.20000076293945,34.25,34.619998931884766,14425600
2005-04-13,19.932538986206055,34.56999969482422,35.09000015258789,34.5,35.04999923706055,11500600
2005-04-14,19.713441848754883,34.189998626708984,34.61000061035156,34.189998626708984,34.56999969482422,11012300
2005-04-15,19.563526153564453,33.93000030517578,34.70000076293945,33.88999938964844,34.25,15012100
2005-04-18,19.9728946685791,34.63999938964844,34.91999816894531,34.209999084472656,34.25,16011300
2005-04-19,20.151639938354492,34.95000076293945,35.15999984741211,34.68000030517578,34.72999954223633,10932200
2005-04-20,20.042078018188477,34.7599983215332,35.880001068115234,34.72999954223633,35.630001068115234,25470000
2005-04-21,20.203527450561523,35.040000915527344,35.16999816894531,34.31999969482422,35.02000045776367,16555800
2005-04-22,20.10550880432129,34.869998931884766,35.18000030517578,34.560001373291016,34.77000045776367,13476600
2005-04-25,20.27848243713379,35.16999816894531,35.20000076293945,34.88999938964844,34.97999954223633,9174600
2005-04-26,20.226591110229492,35.08000183105469,35.43000030517578,35.040000915527344,35.18000030517578,8410100
2005-04-27,20.468751907348633,35.5,35.75,34.970001220703125,35.08000183105469,11456900
2005-04-28,20.19199562072754,35.02000045776367,35.5099983215332,35.0,35.29999923706055,12987700
2005-04-29,20.46299934387207,35.4900016784668,35.5,34.91999816894531,35.029998779296875,14205800
2005-05-02,20.50911521911621,35.56999969482422,35.599998474121094,35.119998931884766,35.58000183105469,10170400
2005-05-03,20.468751907348633,35.5,35.81999969482422,35.27000045776367,35.58000183105469,12748700
2005-05-04,20.8147029876709,36.099998474121094,36.16999816894531,35.45000076293945,35.5099983215332,12880000
2005-05-05,20.699392318725586,35.900001525878906,36.189998626708984,35.52000045776367,36.150001525878906,8286700
2005-05-06,20.532175064086914,35.61000061035156,36.04999923706055,35.5,36.0,7313800
2005-05-09,20.73398780822754,35.959999084472656,36.0,35.540000915527344,35.560001373291016,6858100
2005-05-10,20.26118278503418,35.13999938964844,35.619998931884766,35.0,35.599998474121094,13667900
2005-05-11,20.35344123840332,35.29999923706055,35.439998626708984,34.86000061035156,35.13999938964844,9091900
2005-05-12,20.082448959350586,34.83000183105469,35.38999938964844,34.630001068115234,35.349998474121094,11278100
2005-05-13,19.869108200073242,34.459999084472656,34.83000183105469,34.11000061035156,34.83000183105469,13913000
2005-05-16,20.03055763244629,34.7400016784668,34.91999816894531,34.529998779296875,34.59000015258789,10447100
2005-05-17,20.30154800415039,35.209999084472656,35.2599983215332,34.5,34.5099983215332,11668100
2005-05-18,20.7858829498291,36.04999923706055,36.099998474121094,35.459999084472656,35.599998474121094,14821100
2005-05-19,20.86659812927246,36.189998626708984,36.29999923706055,35.810001373291016,35.83000183105469,10298500
2005-05-20,20.79165267944336,36.060001373291016,36.2599983215332,35.90999984741211,36.189998626708984,7475100
2005-05-23,20.705148696899414,35.90999984741211,36.0,35.720001220703125,35.900001525878906,7940900
2005-05-24,20.693628311157227,35.88999938964844,36.0,35.65999984741211,35.970001220703125,6290700
2005-05-25,20.705148696899414,35.90999984741211,36.0,35.70000076293945,35.790000915527344,5064800
2005-05-26,20.72245979309082,35.939998626708984,36.09000015258789,35.720001220703125,36.040000915527344,5880200
2005-05-27,20.641735076904297,35.79999923706055,36.040000915527344,35.709999084472656,35.95000076293945,6003700
2005-05-31,20.61290740966797,35.75,36.0,35.63999938964844,35.83000183105469,7597500
2005-06-01,20.61867332458496,35.7599983215332,36.5,35.560001373291016,35.560001373291016,12206800
2005-06-02,20.607139587402344,35.7400016784668,35.779998779296875,35.0099983215332,35.25,15578700
2005-06-03,20.497589111328125,35.54999923706055,35.849998474121094,35.40999984741211,35.619998931884766,8616400
2005-06-06,20.474517822265625,35.5099983215332,35.59000015258789,35.20000076293945,35.470001220703125,5933100
2005-06-07,20.45722007751465,35.47999954223633,35.939998626708984,35.45000076293945,35.52000045776367,8578500
2005-06-08,20.5667781829834,35.66999816894531,35.810001373291016,35.47999954223633,35.54999923706055,7721800
2005-06-09,20.468751907348633,35.5,35.70000076293945,35.310001373291016,35.52000045776367,7090400
2005-06-10,20.42840003967285,35.43000030517578,35.63999938964844,35.2400016784668,35.599998474121094,6504700
2005-06-13,20.468751907348633,35.5,35.7599983215332,35.27000045776367,35.290000915527344,7127600
2005-06-14,20.526416778564453,35.599998474121094,35.72999954223633,35.38999938964844,35.45000076293945,5900100
2005-06-15,20.589845657348633,35.709999084472656,35.900001525878906,35.61000061035156,35.7400016784668,9128200
2005-06-16,20.699392318725586,35.900001525878906,36.04999923706055,35.61000061035156,35.65999984741211,9775400
2005-06-17,20.803171157836914,36.08000183105469,36.20000076293945,35.880001068115234,36.189998626708984,15436700
2005-06-20,20.7858829498291,36.04999923706055,36.189998626708984,35.79999923706055,35.900001525878906,8378700
2005-06-21,20.780118942260742,36.040000915527344,36.13999938964844,35.900001525878906,36.04999923706055,5783400
2005-06-22,20.90696144104004,36.2599983215332,36.43000030517578,36.060001373291016,36.20000076293945,9192700
2005-06-23,20.716693878173828,35.93000030517578,36.43000030517578,35.91999816894531,36.41999816894531,10695500
2005-06-24,20.50911521911621,35.56999969482422,36.029998779296875,35.400001525878906,35.900001525878906,12273900
2005-06-27,20.520652770996094,35.59000015258789,35.77000045776367,35.52000045776367,35.58000183105469,8561800
2005-06-28,20.71091651916504,35.91999816894531,35.91999816894531,35.619998931884766,35.77000045776367,5892400
2005-06-29,20.73398780822754,35.959999084472656,36.099998474121094,35.880001068115234,35.97999954223633,6204900
2005-06-30,20.364967346191406,35.31999969482422,36.0,35.31999969482422,35.709999084472656,10788500
2005-07-01,20.41154670715332,35.060001373291016,35.29999923706055,35.0099983215332,35.220001220703125,10686600
2005-07-05,20.359149932861328,34.970001220703125,35.279998779296875,34.810001373291016,35.0,7921200
2005-07-06,20.143735885620117,34.599998474121094,35.150001525878906,34.43000030517578,35.0,10760500
2005-07-07,20.06223487854004,34.459999084472656,34.599998474121094,34.29999923706055,34.599998474121094,10625900
2005-07-08,20.266002655029297,34.810001373291016,35.029998779296875,34.5,34.61000061035156,9587000
2005-07-11,20.35332679748535,34.959999084472656,35.33000183105469,34.75,34.810001373291016,8455100
2005-07-12,20.52216148376465,35.25,35.349998474121094,34.86000061035156,34.959999084472656,14462200
2005-07-13,20.661901473999023,35.4900016784668,35.56999969482422,35.16999816894531,35.25,11108900
2005-07-14,20.7783203125,35.689998626708984,35.86000061035156,35.47999954223633,35.650001525878906,8773400
2005-07-15,20.87729835510254,35.86000061035156,35.95000076293945,35.599998474121094,35.689998626708984,7631300
2005-07-18,20.673526763916016,35.5099983215332,35.689998626708984,35.380001068115234,35.66999816894531,8386100
2005-07-19,20.49887466430664,35.209999084472656,35.709999084472656,35.099998474121094,35.5099983215332,12573900
2005-07-20,20.469776153564453,35.15999984741211,35.5099983215332,34.84000015258789,35.220001220703125,13308600
2005-07-21,20.609495162963867,35.400001525878906,35.70000076293945,35.0,35.70000076293945,9322000
2005-07-22,20.725933074951172,35.599998474121094,35.599998474121094,35.31999969482422,35.400001525878906,6976600
2005-07-25,20.632774353027344,35.439998626708984,35.599998474121094,35.2400016784668,35.54999923706055,5979400
2005-07-26,20.592021942138672,35.369998931884766,35.650001525878906,35.310001373291016,35.63999938964844,6473500
2005-07-27,20.58037567138672,35.349998474121094,35.529998779296875,35.06999969482422,35.52000045776367,8414600
2005-07-28,20.644420623779297,35.459999084472656,35.4900016784668,35.18000030517578,35.36000061035156,7518400
2005-07-29,20.45811653137207,35.13999938964844,35.45000076293945,35.11000061035156,35.45000076293945,8494900
2005-08-01,20.5512752532959,35.29999923706055,35.439998626708984,35.150001525878906,35.31999969482422,7263000
2005-08-02,20.696815490722656,35.54999923706055,35.63999938964844,35.29999923706055,35.470001220703125,6646600
2005-08-03,20.73174285888672,35.61000061035156,35.650001525878906,35.41999816894531,35.560001373291016,9788200
2005-08-04,20.644420623779297,35.459999084472656,35.52000045776367,35.349998474121094,35.41999816894531,9565300
2005-08-05,20.52216148376465,35.25,35.5,35.209999084472656,35.349998474121094,9288400
2005-08-08,20.370790481567383,34.9900016784668,35.43000030517578,34.939998626708984,35.310001373291016,5770300
2005-08-09,20.394086837768555,35.029998779296875,35.31999969482422,34.90999984741211,35.06999969482422,5923500
2005-08-10,20.260175704956055,34.79999923706055,35.36000061035156,34.630001068115234,35.2599983215332,9726700
2005-08-11,20.266002655029297,34.810001373291016,34.970001220703125,34.459999084472656,34.79999923706055,9605300
2005-08-12,19.974912643432617,34.310001373291016,34.70000076293945,34.290000915527344,34.63999938964844,8664400
2005-08-15,20.172853469848633,34.650001525878906,34.790000915527344,34.25,34.27000045776367,7604000
2005-08-16,20.132097244262695,34.58000183105469,34.9900016784668,34.52000045776367,34.65999984741211,8645900
2005-08-17,20.06223487854004,34.459999084472656,34.709999084472656,34.400001525878906,34.650001525878906,11000800
2005-08-18,20.178667068481445,34.65999984741211,34.77000045776367,34.380001068115234,34.459999084472656,6676300
2005-08-19,20.108816146850586,34.540000915527344,34.79999923706055,34.52000045776367,34.79999923706055,6186900
2005-08-22,20.091341018676758,34.5099983215332,34.779998779296875,34.40999984741211,34.59000015258789,6593100
2005-08-23,19.998188018798828,34.349998474121094,34.65999984741211,34.310001373291016,34.5099983215332,7900100
2005-08-24,19.70709800720215,33.849998474121094,34.59000015258789,33.81999969482422,34.310001373291016,13530100
2005-08-25,19.86428451538086,34.119998931884766,34.18000030517578,33.86000061035156,33.9900016784668,6982000
2005-08-26,19.590660095214844,33.650001525878906,34.189998626708984,33.630001068115234,34.13999938964844,9644200
2005-08-29,19.74203872680664,33.90999984741211,34.09000015258789,33.380001068115234,33.43000030517578,7483200
2005-08-30,19.549907684326172,33.58000183105469,33.72999954223633,33.310001373291016,33.720001220703125,8907800
2005-08-31,19.73038673400879,33.88999938964844,33.91999816894531,33.36000061035156,33.59000015258789,10076800
2005-09-01,19.829355239868164,34.060001373291016,34.279998779296875,33.720001220703125,33.75,9768700
2005-09-02,19.858469009399414,34.11000061035156,34.41999816894531,34.06999969482422,34.279998779296875,7100200
2005-09-06,20.12627601623535,34.56999969482422,34.599998474121094,34.25,34.25,7289600
2005-09-07,20.31256866455078,34.88999938964844,34.90999984741211,34.630001068115234,34.900001525878906,10212300
2005-09-08,20.167024612426758,34.63999938964844,34.939998626708984,34.5099983215332,34.939998626708984,9160300
2005-09-09,20.271812438964844,34.81999969482422,34.900001525878906,34.61000061035156,34.630001068115234,9107300
2005-09-12,20.12627601623535,34.56999969482422,34.88999938964844,34.5,34.790000915527344,9714100
2005-09-13,19.881755828857422,34.150001525878906,34.4900016784668,34.150001525878906,34.400001525878906,13029900
2005-09-14,19.934158325195312,34.2400016784668,34.4900016784668,34.18000030517578,34.400001525878906,8136800
2005-09-15,19.870107650756836,34.130001068115234,34.43000030517578,34.04999923706055,34.349998474121094,8574400
2005-09-16,20.370790481567383,34.9900016784668,35.0,34.220001220703125,34.22999954223633,19557400
2005-09-19,20.13791275024414,34.59000015258789,34.95000076293945,34.41999816894531,34.880001068115234,10208200
2005-09-20,20.10298728942871,34.529998779296875,34.95000076293945,34.45000076293945,34.52000045776367,12550200
2005-09-21,19.800254821777344,34.0099983215332,34.349998474121094,33.91999816894531,34.290000915527344,10551200
2005-09-22,19.939970016479492,34.25,34.38999938964844,33.790000915527344,33.900001525878906,8108600
2005-09-23,19.835180282592773,34.06999969482422,34.279998779296875,33.90999984741211,34.220001220703125,9615200
2005-09-26,19.747854232788086,33.91999816894531,34.25,33.88999938964844,34.25,9849000
2005-09-27,19.724567413330078,33.880001068115234,34.13999938964844,33.7400016784668,34.04999923706055,8734600
2005-09-28,19.747854232788086,33.91999816894531,34.2599983215332,33.7599983215332,33.88999938964844,8838600
2005-09-29,19.998188018798828,34.349998474121094,34.380001068115234,33.5,33.849998474121094,10701100
2005-09-30,19.753679275512695,33.93000030517578,34.29999923706055,33.779998779296875,34.22999954223633,10533700
2005-10-03,19.86428451538086,34.119998931884766,34.43000030517578,33.75,34.189998626708984,14619200
2005-10-04,19.758447647094727,33.599998474121094,34.279998779296875,33.560001373291016,34.119998931884766,14992300
2005-10-05,19.670230865478516,33.45000076293945,33.849998474121094,33.439998626708984,33.72999954223633,11652000
2005-10-06,19.79372215270996,33.65999984741211,33.97999954223633,33.41999816894531,33.5099983215332,12637200
2005-10-07,19.934850692749023,33.900001525878906,34.06999969482422,33.7400016784668,33.880001068115234,9923000
2005-10-10,19.711397171020508,33.52000045776367,34.04999923706055,33.5099983215332,34.0,6499600
2005-10-11,19.58790397644043,33.310001373291016,33.66999816894531,33.11000061035156,33.4900016784668,10166000
2005-10-12,19.564376831054688,33.27000045776367,33.52000045776367,33.0099983215332,33.150001525878906,15446600
2005-10-13,19.84663963317871,33.75,33.779998779296875,32.91999816894531,32.97999954223633,13003500
2005-10-14,20.040708541870117,34.08000183105469,34.189998626708984,33.7599983215332,33.97999954223633,11165800
2005-10-17,19.99366569519043,34.0,34.33000183105469,33.779998779296875,34.209999084472656,8469300
2005-10-18,19.8584041595459,33.77000045776367,34.150001525878906,33.7400016784668,33.97999954223633,8777600
2005-10-19,20.42293357849121,34.72999954223633,34.75,33.90999984741211,34.150001525878906,19372600
2005-10-20,20.4346923828125,34.75,35.099998474121094,34.45000076293945,34.88999938964844,18561300
2005-10-21,20.65814781188965,35.130001068115234,35.189998626708984,34.77000045776367,34.77000045776367,15313700
2005-10-24,21.028629302978516,35.7599983215332,35.790000915527344,35.25,35.2599983215332,14340400
2005-10-25,21.005109786987305,35.720001220703125,35.90999984741211,35.5099983215332,35.70000076293945,10839200
2005-10-26,21.22856330871582,36.099998474121094,36.380001068115234,35.630001068115234,35.709999084472656,16107000
2005-10-27,21.187395095825195,36.029998779296875,36.310001373291016,35.939998626708984,36.099998474121094,10161100
2005-10-28,21.428503036499023,36.439998626708984,36.47999954223633,36.0,36.220001220703125,12044700
2005-10-31,21.534334182739258,36.619998931884766,36.79999923706055,36.400001525878906,36.5,14962500
2005-11-01,21.669607162475586,36.849998474121094,36.9900016784668,36.58000183105469,36.790000915527344,19177200
2005-11-02,21.87542724609375,37.20000076293945,37.4900016784668,36.70000076293945,36.709999084472656,12955100
2005-11-03,21.810733795166016,37.09000015258789,37.4900016784668,36.97999954223633,37.2599983215332,10366900
2005-11-04,21.940099716186523,37.310001373291016,37.34000015258789,37.060001373291016,37.099998474121094,11269800
2005-11-07,22.15768051147461,37.68000030517578,37.72999954223633,37.380001068115234,37.459999084472656,8644600
2005-11-08,21.957748413085938,37.34000015258789,37.58000183105469,37.25,37.439998626708984,7807400
2005-11-09,22.181198120117188,37.720001220703125,37.72999954223633,37.209999084472656,37.349998474121094,11315500
2005-11-10,22.534034729003906,38.31999969482422,38.40999984741211,37.68000030517578,37.75,16843700
2005-11-11,22.49875259399414,38.2599983215332,38.380001068115234,37.9900016784668,38.16999816894531,8195900
2005-11-14,22.42230987548828,38.130001068115234,38.220001220703125,37.97999954223633,37.97999954223633,8725900
2005-11-15,22.18707847595215,37.72999954223633,38.25,37.650001525878906,38.02000045776367,10030500
2005-11-16,22.234121322631836,37.810001373291016,37.95000076293945,37.45000076293945,37.90999984741211,10959700
2005-11-17,22.30469512939453,37.93000030517578,38.0,37.70000076293945,37.70000076293945,9583900
2005-11-18,22.36350440979004,38.029998779296875,38.130001068115234,37.619998931884766,38.0,14886200
2005-11-21,22.24000358581543,37.81999969482422,38.060001373291016,37.77000045776367,38.0,10634100
2005-11-22,22.463459014892578,38.20000076293945,38.2599983215332,37.52000045776367,37.66999816894531,11501000
2005-11-23,22.80453109741211,38.779998779296875,38.9900016784668,38.13999938964844,38.209999084472656,11983100
2005-11-25,22.851572036743164,38.86000061035156,38.9900016784668,38.75,38.97999954223633,3775300
2005-11-28,22.875106811523438,38.900001525878906,39.150001525878906,38.75,39.0,11353900
2005-11-29,22.91037940979004,38.959999084472656,39.18000030517578,38.79999923706055,38.86000061035156,14807000
2005-11-30,22.49286460876465,38.25,39.11000061035156,38.220001220703125,39.02000045776367,12823600
2005-12-01,22.681045532226562,38.56999969482422,38.779998779296875,38.400001525878906,38.52000045776367,12194100
2005-12-02,22.928016662597656,38.9900016784668,39.06999969482422,38.38999938964844,38.38999938964844,9823600
2005-12-05,22.84569549560547,38.849998474121094,38.880001068115234,38.56999969482422,38.83000183105469,6495100
2005-12-06,22.84569549560547,38.849998474121094,39.279998779296875,38.790000915527344,39.150001525878906,12369500
2005-12-07,22.622236251831055,38.470001220703125,38.88999938964844,38.31999969482422,38.849998474121094,9663000
2005-12-08,22.72809410095215,38.650001525878906,38.88999938964844,38.41999816894531,38.470001220703125,8597600
2005-12-09,23.00447654724121,39.119998931884766,39.29999923706055,38.650001525878906,38.65999984741211,8492400
2005-12-12,23.022117614746094,39.150001525878906,39.279998779296875,38.88999938964844,39.13999938964844,8013600
2005-12-13,23.17500877380371,39.40999984741211,39.59000015258789,39.0,39.02000045776367,10624800
2005-12-14,23.25732421875,39.54999923706055,39.720001220703125,39.2599983215332,39.40999984741211,8511200
2005-12-15,23.274978637695312,39.58000183105469,39.75,39.40999984741211,39.560001373291016,8737000
2005-12-16,23.398468017578125,39.790000915527344,39.880001068115234,39.63999938964844,39.72999954223633,12066400
2005-12-19,23.286739349365234,39.599998474121094,39.90999984741211,39.4900016784668,39.709999084472656,15601200
2005-12-20,23.286739349365234,39.599998474121094,39.779998779296875,39.41999816894531,39.689998626708984,7655500
2005-12-21,23.421981811523438,39.83000183105469,39.97999954223633,39.599998474121094,39.65999984741211,11624300
2005-12-22,23.55135154724121,40.04999923706055,40.11000061035156,39.86000061035156,39.939998626708984,10147300
2005-12-23,23.639554977416992,40.20000076293945,40.41999816894531,40.0099983215332,40.119998931884766,7005900
2005-12-27,23.580764770507812,40.099998474121094,40.560001373291016,39.970001220703125,40.400001525878906,7752400
2005-12-28,23.469026565551758,39.90999984741211,40.22999954223633,39.81999969482422,40.11000061035156,9526900
2005-12-29,23.439632415771484,39.86000061035156,40.04999923706055,39.79999923706055,39.86000061035156,7390000
2005-12-30,23.339658737182617,39.689998626708984,39.790000915527344,39.47999954223633,39.709999084472656,8567500
2006-01-03,23.633686065673828,40.189998626708984,40.36000061035156,39.29999923706055,39.83000183105469,12838600
2006-01-04,23.49727439880371,39.619998931884766,40.13999938964844,39.41999816894531,39.779998779296875,13491500
2006-01-05,23.56844139099121,39.7400016784668,39.810001373291016,39.5,39.61000061035156,8109400
2006-01-06,23.734506607055664,40.02000045776367,40.2400016784668,39.54999923706055,39.91999816894531,7966900
2006-01-09,24.12000846862793,40.66999816894531,40.720001220703125,39.880001068115234,39.880001068115234,16575200
2006-01-10,24.155582427978516,40.72999954223633,40.75,40.06999969482422,40.5,16614800
2006-01-11,24.13779640197754,40.70000076293945,40.869998931884766,40.61000061035156,40.72999954223633,12332300
2006-01-12,23.692983627319336,39.95000076293945,40.41999816894531,39.900001525878906,40.25,12230000
2006-01-13,23.675195693969727,39.91999816894531,40.029998779296875,39.650001525878906,39.779998779296875,10961200
2006-01-17,23.5506591796875,39.709999084472656,39.81999969482422,39.40999984741211,39.47999954223633,9941100
2006-01-18,23.295639038085938,39.279998779296875,39.709999084472656,38.95000076293945,39.11000061035156,17813100
2006-01-19,23.165164947509766,39.060001373291016,39.470001220703125,38.79999923706055,39.34000015258789,12091800
2006-01-20,22.566162109375,38.04999923706055,38.81999969482422,37.880001068115234,38.810001373291016,20902400
2006-01-23,22.69664192199707,38.27000045776367,38.70000076293945,37.970001220703125,38.13999938964844,13172300
2006-01-24,22.601741790771484,38.11000061035156,38.529998779296875,38.09000015258789,38.27000045776367,9781500
2006-01-25,22.82118034362793,38.47999954223633,38.68000030517578,38.060001373291016,38.15999984741211,14248700
2006-01-26,23.47948455810547,39.59000015258789,39.810001373291016,38.709999084472656,38.709999084472656,16187900
2006-01-27,23.574377059936523,39.75,40.040000915527344,39.16999816894531,39.25,12929400
2006-01-30,23.633668899536133,39.849998474121094,39.970001220703125,39.41999816894531,39.52000045776367,8701700
2006-01-31,23.574377059936523,39.75,40.189998626708984,39.7400016784668,40.029998779296875,15582100
2006-02-01,23.65147590637207,39.880001068115234,40.220001220703125,39.66999816894531,39.880001068115234,11429800
2006-02-02,23.716707229614258,39.9900016784668,40.15999984741211,39.59000015258789,39.880001068115234,10309100
2006-02-03,23.443906784057617,39.529998779296875,40.099998474121094,39.400001525878906,39.45000076293945,10440700
2006-02-06,23.390522003173828,39.439998626708984,39.599998474121094,39.310001373291016,39.400001525878906,6591800
2006-02-07,23.283777236938477,39.2599983215332,39.599998474121094,39.04999923706055,39.20000076293945,8590500
2006-02-08,23.48542022705078,39.599998474121094,39.619998931884766,39.25,39.279998779296875,10065200
2006-02-09,23.58623504638672,39.77000045776367,40.029998779296875,39.439998626708984,39.529998779296875,8496300
2006-02-10,23.675195693969727,39.91999816894531,39.97999954223633,39.290000915527344,39.619998931884766,8790500
2006-02-13,23.58623504638672,39.77000045776367,40.310001373291016,39.61000061035156,39.77000045776367,7791600
2006-02-14,23.78195571899414,40.099998474121094,40.33000183105469,39.650001525878906,39.65999984741211,12904100
2006-02-15,23.91242218017578,40.31999969482422,40.5,39.970001220703125,39.970001220703125,12685700
2006-02-16,24.208953857421875,40.81999969482422,40.81999969482422,40.2400016784668,40.45000076293945,11572000
2006-02-17,24.18523597717285,40.779998779296875,40.81999969482422,40.400001525878906,40.65999984741211,11518600
2006-02-21,24.13779640197754,40.70000076293945,40.95000076293945,40.54999923706055,40.630001068115234,7324500
2006-02-22,24.558862686157227,41.40999984741211,41.54999923706055,40.7400016784668,40.88999938964844,13151400
2006-02-23,24.380943298339844,41.11000061035156,41.56999969482422,41.0,41.2599983215332,8739500
2006-02-24,24.707136154174805,41.65999984741211,41.83000183105469,40.869998931884766,40.939998626708984,9294300
2006-02-27,24.659683227539062,41.58000183105469,41.95000076293945,41.54999923706055,41.54999923706055,8541700
2006-02-28,24.39874267578125,41.13999938964844,41.599998474121094,40.970001220703125,41.59000015258789,11716200
2006-03-01,24.6893310546875,41.630001068115234,41.939998626708984,41.130001068115234,41.15999984741211,10527700
2006-03-02,24.707136154174805,41.65999984741211,41.84000015258789,41.369998931884766,41.630001068115234,10939800
2006-03-03,24.665611267089844,41.59000015258789,42.09000015258789,41.43000030517578,41.5,12290600
2006-03-06,24.570728302001953,41.43000030517578,41.810001373291016,41.13999938964844,41.47999954223633,9777800
2006-03-07,24.600370407104492,41.47999954223633,41.65999984741211,41.02000045776367,41.02000045776367,9441300
2006-03-08,24.671546936035156,41.599998474121094,41.7400016784668,41.20000076293945,41.4900016784668,9147100
2006-03-09,24.34536361694336,41.04999923706055,41.7400016784668,40.959999084472656,41.5,9767500
2006-03-10,24.392805099487305,41.130001068115234,41.400001525878906,40.869998931884766,41.060001373291016,11175700
2006-03-13,24.351293563842773,41.060001373291016,41.47999954223633,40.97999954223633,41.45000076293945,10626100
2006-03-14,24.54107093811035,41.380001068115234,41.5,41.25,41.2599983215332,16221500
2006-03-15,24.446186065673828,41.220001220703125,41.34000015258789,40.9900016784668,41.15999984741211,14011200
2006-03-16,24.505483627319336,41.31999969482422,41.529998779296875,41.2599983215332,41.41999816894531,10045600
2006-03-17,24.552940368652344,41.400001525878906,41.5,41.25,41.349998474121094,13042300
2006-03-20,24.58258628845215,41.45000076293945,41.54999923706055,41.150001525878906,41.310001373291016,9418000
2006-03-21,24.4343204498291,41.20000076293945,41.709999084472656,41.040000915527344,41.27000045776367,13473600
2006-03-22,24.938426971435547,42.04999923706055,42.20000076293945,41.0,41.189998626708984,13516100
2006-03-23,24.93250274658203,42.040000915527344,42.20000076293945,41.81999969482422,42.04999923706055,12986800
2006-03-24,24.968082427978516,42.099998474121094,42.43000030517578,41.90999984741211,41.9900016784668,7212800
2006-03-27,24.97400665283203,42.11000061035156,42.20000076293945,41.779998779296875,41.86000061035156,7836200
2006-03-28,24.6478271484375,41.560001373291016,42.20000076293945,41.5,41.93000030517578,15562700
2006-03-29,24.718994140625,41.68000030517578,42.08000183105469,41.310001373291016,41.72999954223633,7822900
2006-03-30,24.630033493041992,41.529998779296875,42.040000915527344,41.119998931884766,41.540000915527344,9323500
2006-03-31,24.695276260375977,41.63999938964844,41.939998626708984,41.5,41.779998779296875,10371300
2006-04-03,24.867258071899414,41.93000030517578,42.459999084472656,41.880001068115234,41.95000076293945,10872900
2006-04-04,25.273839950561523,42.27000045776367,42.459999084472656,41.5,41.599998474121094,14008500
2006-04-05,25.435270309448242,42.540000915527344,42.65999984741211,42.040000915527344,42.16999816894531,9494600
2006-04-06,25.285791397094727,42.290000915527344,42.470001220703125,42.02000045776367,42.38999938964844,6226600
2006-04-07,24.93302345275879,41.70000076293945,42.439998626708984,41.630001068115234,42.25,10753900
2006-04-10,25.040658950805664,41.880001068115234,42.2599983215332,41.689998626708984,41.93000030517578,7409300
2006-04-11,24.879222869873047,41.61000061035156,42.349998474121094,41.47999954223633,42.0,8828400
2006-04-12,25.052614212036133,41.900001525878906,41.97999954223633,41.70000076293945,41.83000183105469,5873900
2006-04-13,25.22600746154785,42.189998626708984,42.41999816894531,41.90999984741211,41.959999084472656,6554700
2006-04-17,25.112409591674805,42.0,42.380001068115234,41.83000183105469,42.279998779296875,7986200
2006-04-18,25.471145629882812,42.599998474121094,42.75,42.06999969482422,42.220001220703125,11079200
2006-04-19,25.483116149902344,42.619998931884766,42.9900016784668,42.29999923706055,42.400001525878906,9448100
2006-04-20,25.471145629882812,42.599998474121094,42.95000076293945,42.380001068115234,42.5,8435900
2006-04-21,25.411365509033203,42.5,42.880001068115234,42.400001525878906,42.880001068115234,13733100
2006-04-24,25.51898193359375,42.68000030517578,42.779998779296875,42.15999984741211,42.5099983215332,9475900
2006-04-25,25.24393653869629,42.220001220703125,42.81999969482422,42.11000061035156,42.529998779296875,11649000
2006-04-26,25.50702476501465,42.65999984741211,42.7400016784668,42.15999984741211,42.38999938964844,10647800
2006-04-27,26.278343200683594,43.95000076293945,44.060001373291016,42.529998779296875,42.65999984741211,17465000
2006-04-28,27.133352279663086,45.380001068115234,45.900001525878906,44.099998474121094,44.099998474121094,28234900
2006-05-01,26.77460479736328,44.779998779296875,45.59000015258789,44.72999954223633,45.380001068115234,16235100
2006-05-02,27.205095291137695,45.5,45.5099983215332,44.90999984741211,45.0,12964500
2006-05-03,27.181188583374023,45.459999084472656,45.70000076293945,45.220001220703125,45.59000015258789,15589600
2006-05-04,27.31871223449707,45.689998626708984,45.810001373291016,45.5,45.5099983215332,10550700
2006-05-05,27.892698287963867,46.650001525878906,46.79999923706055,45.689998626708984,45.90999984741211,17297800
2006-05-08,27.563854217529297,46.099998474121094,46.650001525878906,46.040000915527344,46.599998474121094,10283900
2006-05-09,27.516019821166992,46.02000045776367,46.349998474121094,45.849998474121094,45.939998626708984,7931000
2006-05-10,27.456226348876953,45.91999816894531,46.119998931884766,45.5099983215332,45.7400016784668,7213600
2006-05-11,26.995838165283203,45.150001525878906,45.959999084472656,44.959999084472656,45.91999816894531,10532900
2006-05-12,26.499576568603516,44.31999969482422,44.959999084472656,44.2599983215332,44.95000076293945,18204900
2006-05-15,26.631107330322266,44.540000915527344,44.75,44.25,44.33000183105469,11229400
2006-05-16,26.499576568603516,44.31999969482422,44.79999923706055,44.130001068115234,44.599998474121094,8263600
2006-05-17,25.859798431396484,43.25,44.04999923706055,43.09000015258789,43.79999923706055,13005200
2006-05-18,25.554861068725586,42.7400016784668,43.40999984741211,42.689998626708984,43.290000915527344,10905200
2006-05-19,25.560834884643555,42.75,43.04999923706055,42.5,42.900001525878906,13351300
2006-05-22,25.495079040527344,42.63999938964844,42.95000076293945,42.34000015258789,42.75,14742200
2006-05-23,25.214046478271484,42.16999816894531,42.88999938964844,42.119998931884766,42.7400016784668,13249400
2006-05-24,25.20209312438965,42.150001525878906,42.47999954223633,41.59000015258789,42.099998474121094,12944000
2006-05-25,25.62063217163086,42.849998474121094,42.900001525878906,42.31999969482422,42.650001525878906,9902400
2006-05-26,25.84783935546875,43.22999954223633,43.380001068115234,42.95000076293945,43.099998474121094,7918100
2006-05-30,25.375492095947266,42.439998626708984,42.9900016784668,42.439998626708984,42.900001525878906,8680900
2006-05-31,25.495079040527344,42.63999938964844,42.970001220703125,42.16999816894531,42.65999984741211,11348000
2006-06-01,26.057113647460938,43.58000183105469,43.68000030517578,42.7400016784668,42.75,9034900
2006-06-02,26.194629669189453,43.810001373291016,44.20000076293945,43.529998779296875,43.79999923706055,9637700
2006-06-05,25.6923828125,42.970001220703125,43.93000030517578,42.90999984741211,43.65999984741211,7867200
2006-06-06,25.339609146118164,42.380001068115234,43.18000030517578,42.0099983215332,42.970001220703125,12679200
2006-06-07,25.261871337890625,42.25,42.77000045776367,42.130001068115234,42.369998931884766,9958000
2006-06-08,25.321680068969727,42.349998474121094,42.5,41.25,42.0,14402700
2006-06-09,25.17219352722168,42.099998474121094,42.59000015258789,42.02000045776367,42.349998474121094,8106100
2006-06-12,24.873241424560547,41.599998474121094,42.22999954223633,41.59000015258789,42.099998474121094,9059600
2006-06-13,24.233461380004883,40.529998779296875,41.880001068115234,40.34000015258789,41.349998474121094,16522300
2006-06-14,23.898632049560547,39.970001220703125,40.849998474121094,39.33000183105469,40.63999938964844,16879100
2006-06-15,24.275331497192383,40.599998474121094,40.81999969482422,40.0,40.099998474121094,18481200
2006-06-16,24.01224136352539,40.15999984741211,40.70000076293945,40.0099983215332,40.599998474121094,15754500
2006-06-19,23.886682510375977,39.95000076293945,40.459999084472656,39.75,40.16999816894531,9087100
2006-06-20,24.209545135498047,40.4900016784668,40.779998779296875,40.040000915527344,40.13999938964844,11176100
2006-06-21,24.640047073364258,41.209999084472656,41.459999084472656,40.099998474121094,40.130001068115234,15242300
2006-06-22,24.556339263916016,41.06999969482422,41.66999816894531,41.0,41.119998931884766,10466300
2006-06-23,24.436765670776367,40.869998931884766,41.29999923706055,39.849998474121094,40.83000183105469,9954700
2006-06-26,24.813447952270508,41.5,41.5,40.61000061035156,40.66999816894531,11183300
2006-06-27,24.418827056884766,40.84000015258789,41.56999969482422,40.689998626708984,40.689998626708984,14116000
2006-06-28,24.675918579101562,41.27000045776367,41.310001373291016,40.939998626708984,41.16999816894531,8540100
2006-06-29,25.51898193359375,42.68000030517578,42.86000061035156,41.61000061035156,41.68000030517578,17320000
2006-06-30,25.112409591674805,42.0,42.9900016784668,42.0,42.93000030517578,16247700
2006-07-03,25.841793060302734,42.869998931884766,42.869998931884766,42.0,42.04999923706055,6828300
2006-07-05,25.564498901367188,42.40999984741211,42.869998931884766,42.040000915527344,42.869998931884766,10451000
2006-07-06,25.588613510131836,42.45000076293945,42.66999816894531,42.27000045776367,42.400001525878906,10831500
2006-07-07,25.564498901367188,42.40999984741211,42.75,42.290000915527344,42.45000076293945,6736400
2006-07-10,25.666973114013672,42.58000183105469,42.689998626708984,42.43000030517578,42.540000915527344,5332100
2006-07-11,25.841793060302734,42.869998931884766,42.9900016784668,42.150001525878906,42.36000061035156,8814500
2006-07-12,25.468048095703125,42.25,43.22999954223633,42.220001220703125,42.880001068115234,7025300
2006-07-13,24.949644088745117,41.38999938964844,41.959999084472656,41.209999084472656,41.95000076293945,11099000
2006-07-14,24.64826202392578,40.88999938964844,41.5099983215332,40.61000061035156,41.25,10439300
2006-07-17,24.55181884765625,40.72999954223633,40.939998626708984,40.400001525878906,40.810001373291016,10806600
2006-07-18,24.539745330810547,40.709999084472656,41.11000061035156,40.52000045776367,40.95000076293945,10760800
2006-07-19,25.950298309326172,43.04999923706055,43.060001373291016,41.7400016784668,41.900001525878906,27046400
2006-07-20,25.9080753326416,42.97999954223633,43.369998931884766,42.75,43.04999923706055,16362600
2006-07-21,26.01058006286621,43.150001525878906,43.470001220703125,42.790000915527344,43.16999816894531,15203300
2006-07-24,26.643508911132812,44.20000076293945,44.349998474121094,43.349998474121094,43.400001525878906,12629200
2006-07-25,26.9027099609375,44.630001068115234,44.86000061035156,44.0099983215332,44.150001525878906,12536000
2006-07-26,26.914758682250977,44.650001525878906,44.84000015258789,44.369998931884766,44.5,14170000
2006-07-27,26.944900512695312,44.70000076293945,44.970001220703125,44.20000076293945,44.68000030517578,13841100
2006-07-28,27.41507339477539,45.47999954223633,45.540000915527344,44.79999923706055,44.880001068115234,14184400
2006-07-31,27.499479293823242,45.619998931884766,45.709999084472656,45.040000915527344,45.099998474121094,14621600
2006-08-01,27.433170318603516,45.5099983215332,45.790000915527344,45.25,45.790000915527344,13402300
2006-08-02,27.42111587524414,45.4900016784668,45.90999984741211,45.20000076293945,45.900001525878906,11051900
2006-08-03,27.52356719970703,45.65999984741211,45.79999923706055,45.099998474121094,45.150001525878906,9045400
2006-08-04,27.198068618774414,45.119998931884766,46.099998474121094,44.119998931884766,45.959999084472656,14113100
2006-08-07,27.28848648071289,45.27000045776367,45.33000183105469,44.84000015258789,45.0,5925500
2006-08-08,27.119709014892578,44.9900016784668,45.720001220703125,44.939998626708984,45.47999954223633,11025900
2006-08-09,26.73392105102539,44.349998474121094,45.380001068115234,44.33000183105469,45.119998931884766,10452800
2006-08-10,26.553089141845703,44.04999923706055,44.349998474121094,43.66999816894531,44.25,10392300
2006-08-11,26.480749130249023,43.93000030517578,44.150001525878906,43.5,44.04999923706055,6868600
2006-08-14,26.45663833618164,43.88999938964844,44.5,43.709999084472656,44.29999923706055,6985600
2006-08-15,27.149858474731445,45.040000915527344,45.11000061035156,44.150001525878906,44.150001525878906,11078300
2006-08-16,27.409046173095703,45.470001220703125,45.650001525878906,45.119998931884766,45.439998626708984,8814800
2006-08-17,27.403017044067383,45.459999084472656,45.68000030517578,45.25,45.279998779296875,6163700
2006-08-18,27.553720474243164,45.709999084472656,45.709999084472656,45.27000045776367,45.68000030517578,9213600
2006-08-21,27.403017044067383,45.459999084472656,45.599998474121094,45.33000183105469,45.40999984741211,5649000
2006-08-22,27.33670997619629,45.349998474121094,45.59000015258789,45.11000061035156,45.27000045776367,6252400
2006-08-23,27.43918228149414,45.52000045776367,45.63999938964844,45.15999984741211,45.20000076293945,8730200
2006-08-24,27.5356388092041,45.68000030517578,45.970001220703125,45.630001068115234,45.70000076293945,8682800
2006-08-25,27.43918228149414,45.52000045776367,45.689998626708984,45.29999923706055,45.68000030517578,4450900
2006-08-28,27.740585327148438,46.02000045776367,46.040000915527344,45.310001373291016,45.400001525878906,7324900
2006-08-29,27.710439682006836,45.970001220703125,46.02000045776367,45.41999816894531,45.880001068115234,8050800
2006-08-30,27.56577491760254,45.72999954223633,46.06999969482422,45.70000076293945,45.88999938964844,8596400
2006-08-31,27.52356719970703,45.65999984741211,45.869998931884766,45.58000183105469,45.70000076293945,6245400
2006-09-01,27.56577491760254,45.72999954223633,45.900001525878906,45.31999969482422,45.849998474121094,6703300
2006-09-05,27.607969284057617,45.79999923706055,45.939998626708984,45.439998626708984,45.63999938964844,6134000
2006-09-06,27.65619468688965,45.880001068115234,46.04999923706055,45.47999954223633,45.650001525878906,7126400
2006-09-07,27.246299743652344,45.20000076293945,45.90999984741211,45.130001068115234,45.88999938964844,7278400
2006-09-08,27.282455444335938,45.2599983215332,45.439998626708984,44.68000030517578,45.0,7728200
2006-09-11,27.36082649230957,45.38999938964844,45.59000015258789,45.119998931884766,45.59000015258789,7173200
2006-09-12,27.734567642211914,46.0099983215332,46.02000045776367,45.290000915527344,45.38999938964844,11555700
2006-09-13,27.96965789794922,46.400001525878906,46.72999954223633,45.72999954223633,46.0099983215332,11745700
2006-09-14,28.029930114746094,46.5,46.560001373291016,46.099998474121094,46.40999984741211,7622400
2006-09-15,28.30119514465332,46.95000076293945,47.349998474121094,46.7599983215332,46.86000061035156,15421000
2006-09-18,28.078153610229492,46.58000183105469,46.95000076293945,46.470001220703125,46.70000076293945,11125300
2006-09-19,28.21076774597168,46.79999923706055,46.849998474121094,46.220001220703125,46.72999954223633,6768700
2006-09-20,28.46394920349121,47.220001220703125,47.4900016784668,46.95000076293945,46.95000076293945,9084200
2006-09-21,28.216800689697266,46.810001373291016,47.349998474121094,46.66999816894531,47.08000183105469,7782700
2006-09-22,28.222822189331055,46.81999969482422,46.939998626708984,46.5099983215332,46.70000076293945,6046700
2006-09-25,28.277082443237305,46.90999984741211,47.29999923706055,46.75,47.11000061035156,15329800
2006-09-26,28.27104949951172,46.900001525878906,46.95000076293945,46.38999938964844,46.90999984741211,12381400
2006-09-27,28.234886169433594,46.84000015258789,47.209999084472656,46.619998931884766,46.790000915527344,8884200
2006-09-28,28.421751022338867,47.150001525878906,47.31999969482422,46.900001525878906,47.0,6165100
2006-09-29,28.307212829589844,46.959999084472656,47.459999084472656,46.84000015258789,47.150001525878906,10115300
2006-10-02,28.252981185913086,46.869998931884766,47.33000183105469,46.7400016784668,46.959999084472656,7382800
2006-10-03,28.783424377441406,47.75,47.91999816894531,46.939998626708984,46.95000076293945,11801200
2006-10-04,28.832002639770508,47.4900016784668,47.540000915527344,46.95000076293945,47.04999923706055,20650500
2006-10-05,28.783422470092773,47.40999984741211,47.459999084472656,47.0,47.290000915527344,12915100
2006-10-06,28.449499130249023,46.86000061035156,47.20000076293945,46.779998779296875,47.099998474121094,10748900
2006-10-09,28.601287841796875,47.11000061035156,47.209999084472656,46.689998626708984,46.86000061035156,7252800
2006-10-10,28.856266021728516,47.529998779296875,47.65999984741211,47.09000015258789,47.290000915527344,14164900
2006-10-11,28.923063278198242,47.63999938964844,47.70000076293945,47.16999816894531,47.29999923706055,10288100
2006-10-12,29.299470901489258,48.2599983215332,48.56999969482422,47.54999923706055,47.70000076293945,14979300
2006-10-13,29.238754272460938,48.15999984741211,48.459999084472656,47.7400016784668,48.02000045776367,7298000
2006-10-16,28.97769546508789,47.72999954223633,48.099998474121094,47.5,47.97999954223633,7330200
2006-10-17,29.13555145263672,47.9900016784668,48.209999084472656,47.0,47.04999923706055,8880100
2006-10-18,28.66199493408203,47.209999084472656,48.0,46.61000061035156,47.84000015258789,21532700
2006-10-19,28.45559310913086,46.869998931884766,47.209999084472656,46.369998931884766,47.209999084472656,11986700
2006-10-20,28.607357025146484,47.119998931884766,47.130001068115234,46.540000915527344,46.880001068115234,10979200
2006-10-23,28.77127456665039,47.38999938964844,47.470001220703125,46.81999969482422,46.83000183105469,8838300
2006-10-24,28.61949348449707,47.13999938964844,47.209999084472656,46.75,47.06999969482422,13431500
2006-10-25,28.698413848876953,47.27000045776367,47.5,46.91999816894531,47.29999923706055,9021700
2006-10-26,29.001977920532227,47.77000045776367,47.95000076293945,47.310001373291016,47.349998474121094,7644300
2006-10-27,28.710582733154297,47.290000915527344,47.709999084472656,47.15999984741211,47.56999969482422,7112500
2006-10-30,28.807697296142578,47.45000076293945,47.66999816894531,47.08000183105469,47.34000015258789,10222600
2006-10-31,28.801639556884766,47.439998626708984,48.08000183105469,47.43000030517578,47.779998779296875,12564200
2006-11-01,28.492006301879883,46.93000030517578,47.81999969482422,46.709999084472656,47.75,11490200
2006-11-02,28.47379493713379,46.900001525878906,47.08000183105469,46.689998626708984,46.93000030517578,7059000
2006-11-03,28.46771240234375,46.88999938964844,47.25,46.5,47.150001525878906,7984100
2006-11-06,28.929134368896484,47.650001525878906,47.720001220703125,47.04999923706055,47.18000030517578,8633700
2006-11-07,28.832002639770508,47.4900016784668,48.0,47.470001220703125,47.5,8535500
2006-11-08,28.923063278198242,47.63999938964844,47.900001525878906,47.20000076293945,47.4900016784668,7511200
2006-11-09,28.68021583557129,47.2400016784668,47.75,47.18000030517578,47.650001525878906,6836700
2006-11-10,28.904842376708984,47.61000061035156,47.61000061035156,47.310001373291016,47.45000076293945,5849900
2006-11-13,28.935192108154297,47.65999984741211,47.88999938964844,47.36000061035156,47.400001525878906,7664600
2006-11-14,28.98984718322754,47.75,47.810001373291016,47.060001373291016,47.4900016784668,8276800
2006-11-15,28.807697296142578,47.45000076293945,47.66999816894531,46.9900016784668,47.56999969482422,11340700
2006-11-16,29.050548553466797,47.849998474121094,47.97999954223633,47.369998931884766,47.5,8192500
2006-11-17,28.935192108154297,47.65999984741211,47.9900016784668,47.59000015258789,47.9900016784668,12991600
2006-11-20,29.08089256286621,47.900001525878906,48.04999923706055,47.54999923706055,47.65999984741211,8614500
2006-11-21,28.98984718322754,47.75,47.939998626708984,47.400001525878906,47.779998779296875,7423800
2006-11-22,28.892719268798828,47.59000015258789,47.88999938964844,47.380001068115234,47.599998474121094,5916100
2006-11-24,28.698413848876953,47.27000045776367,47.529998779296875,47.18000030517578,47.220001220703125,2926400
2006-11-27,28.30986785888672,46.630001068115234,47.2599983215332,46.45000076293945,47.13999938964844,11109800
2006-11-28,28.048816680908203,46.20000076293945,46.59000015258789,45.779998779296875,46.459999084472656,13415600
2006-11-29,28.33416175842285,46.66999816894531,46.869998931884766,46.209999084472656,46.209999084472656,9414400
2006-11-30,28.097379684448242,46.279998779296875,46.7400016784668,46.04999923706055,46.720001220703125,13058500
2006-12-01,27.9334659576416,46.0099983215332,46.5099983215332,45.5099983215332,46.5,14731400
2006-12-04,28.437366485595703,46.84000015258789,47.130001068115234,46.15999984741211,46.279998779296875,13148100
2006-12-05,28.65593147277832,47.20000076293945,47.25,46.77000045776367,46.900001525878906,10747700
2006-12-06,28.431299209594727,46.83000183105469,47.25,46.7599983215332,47.06999969482422,14162400
2006-12-07,28.30986785888672,46.630001068115234,47.08000183105469,46.560001373291016,47.08000183105469,7394600
2006-12-08,28.388790130615234,46.7599983215332,47.13999938964844,46.349998474121094,46.65999984741211,9120100
2006-12-11,28.868417739868164,47.54999923706055,47.84000015258789,46.70000076293945,46.70000076293945,11221600
2006-12-12,28.916990280151367,47.630001068115234,47.970001220703125,47.349998474121094,47.560001373291016,15958400
2006-12-13,28.898759841918945,47.599998474121094,47.900001525878906,47.5,47.779998779296875,11353700
2006-12-14,29.111263275146484,47.95000076293945,48.040000915527344,47.29999923706055,47.61000061035156,10052600
2006-12-15,29.323760986328125,48.29999923706055,48.650001525878906,48.0,48.20000076293945,16172100
2006-12-18,29.281240463256836,48.22999954223633,48.599998474121094,48.029998779296875,48.29999923706055,8538200
2006-12-19,29.305545806884766,48.27000045776367,48.47999954223633,47.95000076293945,48.029998779296875,9291400
2006-12-20,29.27518653869629,48.220001220703125,48.369998931884766,48.13999938964844,48.33000183105469,6036400
2006-12-21,29.53624725341797,48.650001525878906,48.970001220703125,48.33000183105469,48.41999816894531,10782200
2006-12-22,29.07484245300293,47.88999938964844,48.79999923706055,47.619998931884766,48.63999938964844,8342000
2006-12-26,29.329824447631836,48.310001373291016,48.369998931884766,47.95000076293945,47.97999954223633,4101200
2006-12-27,29.7183780670166,48.95000076293945,49.0,47.81999969482422,48.540000915527344,7716200
2006-12-28,29.700164794921875,48.91999816894531,49.0,48.63999938964844,48.79999923706055,6525200
2006-12-29,29.323760986328125,48.29999923706055,48.90999984741211,48.27000045776367,48.75,9601100
2007-01-03,29.391019821166992,48.06999969482422,48.369998931884766,47.59000015258789,48.0,14244700
2007-01-04,29.46438217163086,48.189998626708984,48.54999923706055,47.75,48.04999923706055,9471500
2007-01-05,29.219816207885742,47.790000915527344,48.25,47.630001068115234,48.16999816894531,10760500
2007-01-08,29.317630767822266,47.95000076293945,48.060001373291016,47.31999969482422,47.56999969482422,8239200
2007-01-09,29.19536018371582,47.75,48.11000061035156,47.36000061035156,47.900001525878906,9276700
2007-01-10,29.409353256225586,48.099998474121094,48.119998931884766,47.439998626708984,47.470001220703125,15597000
2007-01-11,29.53774642944336,48.310001373291016,48.41999816894531,47.939998626708984,48.0,8049200
2007-01-12,29.342098236083984,47.9900016784668,48.2599983215332,47.900001525878906,48.099998474121094,10646700
2007-01-16,29.586671829223633,48.38999938964844,48.459999084472656,48.099998474121094,48.15999984741211,8696500
2007-01-17,29.611112594604492,48.43000030517578,48.88999938964844,48.119998931884766,48.650001525878906,16291400
2007-01-18,29.439926147460938,48.150001525878906,48.58000183105469,47.91999816894531,48.04999923706055,12654200
2007-01-19,29.81287956237793,48.7599983215332,48.83000183105469,48.13999938964844,48.29999923706055,14649200
2007-01-22,30.363178253173828,49.65999984741211,49.86000061035156,48.70000076293945,48.869998931884766,18325500
2007-01-23,30.467121124267578,49.83000183105469,49.86000061035156,49.279998779296875,49.56999969482422,12845300
2007-01-24,30.791166305541992,50.36000061035156,50.400001525878906,49.5099983215332,49.68000030517578,13857500
2007-01-25,30.699453353881836,50.209999084472656,50.68000030517578,49.93000030517578,50.2400016784668,14855900
2007-01-26,30.387624740600586,49.70000076293945,50.25,49.5,50.0,13990300
2007-01-29,30.24699592590332,49.470001220703125,49.650001525878906,49.11000061035156,49.56999969482422,12085000
2007-01-30,30.681108474731445,50.18000030517578,50.25,49.369998931884766,49.70000076293945,12325700
2007-01-31,31.139659881591797,50.93000030517578,51.15999984741211,49.849998474121094,50.06999969482422,18460500
2007-02-01,31.310871124267578,51.209999084472656,51.2400016784668,50.86000061035156,50.959999084472656,13420400
2007-02-02,31.139659881591797,50.93000030517578,51.33000183105469,50.72999954223633,51.220001220703125,15443400
2007-02-05,31.158018112182617,50.959999084472656,51.150001525878906,50.540000915527344,50.810001373291016,8079900
2007-02-06,31.18247413635254,51.0,51.31999969482422,50.7599983215332,50.849998474121094,9849200
2007-02-07,31.310871124267578,51.209999084472656,51.220001220703125,50.79999923706055,50.84000015258789,7537400
2007-02-08,31.139659881591797,50.93000030517578,51.060001373291016,50.52000045776367,51.060001373291016,10312300
2007-02-09,30.827848434448242,50.41999816894531,51.189998626708984,50.08000183105469,51.02000045776367,9489000
2007-02-12,30.840072631835938,50.439998626708984,50.650001525878906,50.25,50.59000015258789,7889000
2007-02-13,31.15190887451172,50.95000076293945,51.02000045776367,50.33000183105469,50.349998474121094,8374100
2007-02-14,31.439266204833984,51.41999816894531,51.54999923706055,51.0,51.09000015258789,10745900
2007-02-15,31.310871124267578,51.209999084472656,51.470001220703125,50.88999938964844,51.04999923706055,13339600
2007-02-16,31.33534049987793,51.25,51.349998474121094,51.0099983215332,51.15999984741211,11291900
2007-02-20,31.567678451538086,51.630001068115234,51.75,51.119998931884766,51.150001525878906,9171500
2007-02-21,31.57990074157715,51.650001525878906,51.849998474121094,51.27000045776367,51.45000076293945,9337100
2007-02-22,31.57377052307129,51.63999938964844,51.95000076293945,51.380001068115234,51.79999923706055,9111600
2007-02-23,31.20081901550293,51.029998779296875,51.75,50.720001220703125,51.54999923706055,10042600
2007-02-26,31.06631088256836,50.810001373291016,51.41999816894531,50.43000030517578,51.16999816894531,13342800
2007-02-27,30.094144821166992,49.220001220703125,50.61000061035156,47.599998474121094,50.61000061035156,21228500
2007-02-28,30.198074340820312,49.38999938964844,49.88999938964844,48.88999938964844,49.06999969482422,19180400
2007-03-01,30.08191680908203,49.20000076293945,49.439998626708984,48.29999923706055,48.97999954223633,22648000
2007-03-02,29.46438217163086,48.189998626708984,49.0,48.11000061035156,48.95000076293945,16922400
2007-03-05,29.066972732543945,47.540000915527344,48.15999984741211,47.20000076293945,47.599998474121094,20199600
2007-03-06,29.666141510009766,48.52000045776367,48.68000030517578,47.43000030517578,47.970001220703125,17751900
2007-03-07,29.568321228027344,48.36000061035156,48.869998931884766,48.2599983215332,48.689998626708984,13664500
2007-03-08,29.80067253112793,48.7400016784668,49.349998474121094,48.619998931884766,48.790000915527344,11979500
2007-03-09,29.849567413330078,48.81999969482422,49.349998474121094,48.529998779296875,49.119998931884766,9452900
2007-03-12,29.861801147460938,48.84000015258789,48.97999954223633,48.599998474121094,48.63999938964844,10445700
2007-03-13,28.553359985351562,46.70000076293945,48.5,46.560001373291016,48.45000076293945,25294400
2007-03-14,28.92022132873535,47.29999923706055,47.54999923706055,45.90999984741211,46.720001220703125,25043400
2007-03-15,29.16478729248047,47.70000076293945,48.189998626708984,47.13999938964844,47.13999938964844,15828300
2007-03-16,28.755138397216797,47.029998779296875,47.83000183105469,46.97999954223633,47.619998931884766,24746900
2007-03-19,29.091407775878906,47.58000183105469,47.79999923706055,47.15999984741211,47.20000076293945,14448200
2007-03-20,29.19536018371582,47.75,47.880001068115234,47.33000183105469,47.5099983215332,14507400
2007-03-21,29.990209579467773,49.04999923706055,49.650001525878906,47.810001373291016,47.810001373291016,20747600
2007-03-22,29.63557243347168,48.470001220703125,49.099998474121094,48.36000061035156,49.060001373291016,18906700
2007-03-23,29.666141510009766,48.52000045776367,48.88999938964844,48.43000030517578,48.59000015258789,11748200
2007-03-26,29.776206970214844,48.70000076293945,48.779998779296875,47.939998626708984,48.54999923706055,11851000
2007-03-27,29.696714401245117,48.56999969482422,48.81999969482422,48.349998474121094,48.59000015258789,11183500
2007-03-28,29.342098236083984,47.9900016784668,48.47999954223633,47.790000915527344,48.290000915527344,13176700
2007-03-29,29.653921127319336,48.5,48.63999938964844,48.02000045776367,48.2400016784668,10837100
2007-03-30,29.580549240112305,48.380001068115234,49.02000045776367,47.95000076293945,48.61000061035156,12674800
2007-04-02,29.494962692260742,48.2400016784668,48.4900016784668,47.70000076293945,48.380001068115234,13834500
2007-04-03,29.901350021362305,48.560001373291016,48.59000015258789,48.09000015258789,48.25,13572200
2007-04-04,29.901350021362305,48.560001373291016,48.709999084472656,48.27000045776367,48.560001373291016,9163600
2007-04-05,30.03067970275879,48.77000045776367,48.88999938964844,48.34000015258789,48.349998474121094,7991000
2007-04-09,30.172277450561523,49.0,49.130001068115234,48.65999984741211,48.779998779296875,7509000
2007-04-10,30.32008171081543,49.2400016784668,49.34000015258789,48.97999954223633,49.0099983215332,8200100
2007-04-11,30.26466178894043,49.150001525878906,49.34000015258789,48.97999954223633,49.099998474121094,11971300
2007-04-12,30.29544448852539,49.20000076293945,49.52000045776367,48.72999954223633,49.52000045776367,9472400
2007-04-13,30.227699279785156,49.09000015258789,49.45000076293945,48.65999984741211,49.45000076293945,11266300
2007-04-16,30.76957130432129,49.970001220703125,50.25,49.31999969482422,49.470001220703125,15765000
2007-04-17,30.898887634277344,50.18000030517578,50.41999816894531,49.709999084472656,49.970001220703125,12238500
2007-04-18,32.062686920166016,52.06999969482422,52.66999816894531,51.43000030517578,51.56999969482422,39198500
2007-04-19,32.07498550415039,52.09000015258789,52.22999954223633,51.349998474121094,52.029998779296875,20708700
2007-04-20,32.35209655761719,52.540000915527344,52.709999084472656,52.099998474121094,52.650001525878906,21166800
2007-04-23,32.19198989868164,52.279998779296875,52.70000076293945,52.04999923706055,52.349998474121094,12675600
2007-04-24,32.11809158325195,52.15999984741211,52.279998779296875,51.650001525878906,52.060001373291016,10315700
2007-04-25,32.52449417114258,52.81999969482422,52.939998626708984,52.18000030517578,52.2400016784668,18088100
2007-04-26,32.598384857177734,52.939998626708984,53.0,52.560001373291016,52.77000045776367,14440500
2007-04-27,32.35822296142578,52.54999923706055,52.79999923706055,52.13999938964844,52.77000045776367,14428600
2007-04-30,32.08114242553711,52.099998474121094,53.060001373291016,51.9900016784668,52.459999084472656,29900000
2007-05-01,32.17967987060547,52.2599983215332,52.5,51.599998474121094,52.400001525878906,13859000
2007-05-02,32.35822296142578,52.54999923706055,52.77000045776367,52.0,52.0,12968600
2007-05-03,32.45060729980469,52.70000076293945,52.91999816894531,52.369998931884766,52.83000183105469,9700300
2007-05-04,32.407501220703125,52.630001068115234,53.04999923706055,52.59000015258789,52.79999923706055,11974600
2007-05-07,32.469078063964844,52.72999954223633,52.95000076293945,52.54999923706055,52.810001373291016,7375400
2007-05-08,32.29664993286133,52.45000076293945,52.650001525878906,52.22999954223633,52.47999954223633,9028200
2007-05-09,32.75849533081055,53.20000076293945,53.25,52.43000030517578,52.54999923706055,12561700
2007-05-10,32.01957321166992,52.0,53.029998779296875,51.95000076293945,52.790000915527344,13478400
2007-05-11,32.11193084716797,52.150001525878906,52.380001068115234,51.720001220703125,52.119998931884766,12419400
2007-05-14,31.914901733398438,51.83000183105469,52.15999984741211,51.54999923706055,52.0,9328300
2007-05-15,32.03803253173828,52.029998779296875,52.709999084472656,52.0,52.09000015258789,11105000
2007-05-16,32.6230354309082,52.97999954223633,53.06999969482422,52.20000076293945,52.369998931884766,12924700
2007-05-17,32.364402770996094,52.560001373291016,53.0,52.5,52.779998779296875,9049900
2007-05-18,32.35209655761719,52.540000915527344,52.93000030517578,52.45000076293945,52.619998931884766,11115100
2007-05-21,32.364402770996094,52.560001373291016,52.810001373291016,52.310001373291016,52.380001068115234,10408300
2007-05-22,32.198143005371094,52.290000915527344,52.68000030517578,52.09000015258789,52.560001373291016,9665800
2007-05-23,32.01340866088867,51.9900016784668,52.63999938964844,51.93000030517578,52.33000183105469,11246900
2007-05-24,31.76709747314453,51.59000015258789,52.2400016784668,51.45000076293945,52.0,13105800
2007-05-25,31.797895431518555,51.63999938964844,51.849998474121094,51.2599983215332,51.529998779296875,10761300
2007-05-29,31.908742904663086,51.81999969482422,51.91999816894531,51.45000076293945,51.650001525878906,9552300
2007-05-30,32.0565185546875,52.060001373291016,52.060001373291016,51.349998474121094,51.43000030517578,10243400
2007-05-31,31.914901733398438,51.83000183105469,52.310001373291016,51.66999816894531,52.25,10976300
2007-06-01,31.95800018310547,51.900001525878906,52.08000183105469,51.65999984741211,51.91999816894531,12104800
2007-06-04,31.754783630371094,51.56999969482422,51.79999923706055,51.540000915527344,51.560001373291016,11095500
2007-06-05,31.539297103881836,51.220001220703125,51.4900016784668,51.189998626708984,51.2400016784668,13615700
2007-06-06,31.132871627807617,50.560001373291016,51.22999954223633,50.2599983215332,51.22999954223633,13877400
2007-06-07,30.677209854125977,49.81999969482422,50.650001525878906,49.7400016784668,50.29999923706055,17409400
2007-06-08,31.040502548217773,50.40999984741211,50.47999954223633,49.540000915527344,49.83000183105469,13508100
2007-06-11,31.052810668945312,50.43000030517578,50.84000015258789,50.029998779296875,50.40999984741211,11252000
2007-06-12,30.387807846069336,49.349998474121094,50.400001525878906,49.34000015258789,50.220001220703125,15388300
2007-06-13,30.966615676879883,50.290000915527344,50.38999938964844,49.52000045776367,49.630001068115234,14507600
2007-06-14,30.985095977783203,50.31999969482422,50.83000183105469,49.93000030517578,49.93000030517578,12440700
2007-06-15,31.132871627807617,50.560001373291016,50.9900016784668,50.41999816894531,50.63999938964844,18351900
2007-06-18,31.052810668945312,50.43000030517578,50.849998474121094,50.33000183105469,50.83000183105469,9290300
2007-06-19,31.311447143554688,50.849998474121094,50.880001068115234,50.290000915527344,50.439998626708984,12251900
2007-06-20,30.455535888671875,49.459999084472656,50.9900016784668,49.41999816894531,50.90999984741211,14920700
2007-06-21,30.689523696899414,49.84000015258789,49.880001068115234,48.68000030517578,49.689998626708984,19429500
2007-06-22,29.9998722076416,48.720001220703125,49.75,48.58000183105469,49.560001373291016,25110400
2007-06-25,29.778200149536133,48.36000061035156,49.209999084472656,48.060001373291016,48.720001220703125,17240200
2007-06-26,29.92597770690918,48.599998474121094,49.04999923706055,48.29999923706055,48.45000076293945,18963800
2007-06-27,30.32008171081543,49.2400016784668,49.29999923706055,48.08000183105469,48.2599983215332,16354200
2007-06-28,30.14764404296875,48.959999084472656,49.47999954223633,48.560001373291016,49.25,14430900
2007-06-29,29.8336181640625,48.45000076293945,49.29999923706055,48.099998474121094,49.22999954223633,21764700
2007-07-02,30.26466178894043,49.150001525878906,49.25,48.56999969482422,48.900001525878906,15717900
2007-07-03,30.61836814880371,49.34000015258789,49.58000183105469,49.040000915527344,49.189998626708984,7444000
2007-07-05,30.277074813842773,48.790000915527344,49.349998474121094,48.650001525878906,49.099998474121094,11613000
2007-07-06,30.388763427734375,48.970001220703125,49.15999984741211,48.45000076293945,48.619998931884766,10792400
2007-07-09,30.277074813842773,48.790000915527344,49.279998779296875,48.529998779296875,49.209999084472656,10577700
2007-07-10,29.482751846313477,47.5099983215332,48.56999969482422,47.459999084472656,48.29999923706055,21881800
2007-07-11,29.86749839782715,48.130001068115234,48.439998626708984,47.119998931884766,47.52000045776367,27232500
2007-07-12,30.736284255981445,49.529998779296875,49.630001068115234,48.130001068115234,48.689998626708984,19172800
2007-07-13,31.058969497680664,50.04999923706055,50.220001220703125,49.27000045776367,49.68000030517578,16393800
2007-07-16,30.922452926635742,49.83000183105469,50.459999084472656,49.72999954223633,49.90999984741211,12263900
2007-07-17,30.978294372558594,49.91999816894531,50.47999954223633,49.83000183105469,49.95000076293945,18302200
2007-07-18,30.332929611206055,48.880001068115234,49.290000915527344,47.83000183105469,48.810001373291016,35535600
2007-07-19,30.17156982421875,48.619998931884766,49.689998626708984,47.84000015258789,49.5,26199400
2007-07-20,29.513769149780273,47.560001373291016,48.810001373291016,47.380001068115234,48.810001373291016,30677800
2007-07-23,29.25933837890625,47.150001525878906,47.869998931884766,47.060001373291016,47.75,20520200
2007-07-24,28.13614845275879,45.34000015258789,46.95000076293945,45.119998931884766,46.630001068115234,35706200
2007-07-25,28.092687606811523,45.27000045776367,46.209999084472656,44.290000915527344,45.66999816894531,40175100
2007-07-26,27.354238510131836,44.08000183105469,44.54999923706055,43.5,44.29999923706055,51202000
2007-07-27,27.44731903076172,44.22999954223633,45.2400016784668,43.70000076293945,44.09000015258789,40020600
2007-07-30,27.77001953125,44.75,45.13999938964844,43.61000061035156,44.75,32316300
2007-07-31,27.310806274414062,44.0099983215332,45.970001220703125,43.939998626708984,45.06999969482422,34080900
2007-08-01,27.540407180786133,44.380001068115234,44.439998626708984,43.20000076293945,43.70000076293945,44504500
2007-08-02,27.67072296142578,44.59000015258789,44.7599983215332,44.0,44.40999984741211,28297400
2007-08-03,27.08739471435547,43.650001525878906,44.95000076293945,43.38999938964844,44.599998474121094,36628500
2007-08-06,27.993406295776367,45.11000061035156,45.11000061035156,43.279998779296875,43.7599983215332,34200000
2007-08-07,28.13614845275879,45.34000015258789,46.04999923706055,44.150001525878906,44.9900016784668,30556500
2007-08-08,28.86219596862793,46.5099983215332,47.22999954223633,45.27000045776367,45.75,27447200
2007-08-09,27.410083770751953,44.16999816894531,45.939998626708984,44.16999816894531,45.040000915527344,39278200
2007-08-10,27.459735870361328,44.25,44.79999923706055,42.5099983215332,43.36000061035156,32549000
2007-08-13,27.199106216430664,43.83000183105469,45.43000030517578,43.68000030517578,45.22999954223633,21357600
2007-08-14,26.87020492553711,43.29999923706055,44.02000045776367,43.130001068115234,43.939998626708984,25217200
2007-08-15,26.68403434753418,43.0,44.41999816894531,42.810001373291016,43.130001068115234,27726700
2007-08-16,28.216800689697266,45.470001220703125,45.900001525878906,42.15999984741211,42.75,51414800
2007-08-17,29.17247200012207,47.0099983215332,48.290000915527344,46.150001525878906,48.08000183105469,57869900
2007-08-20,28.849782943725586,46.4900016784668,47.5099983215332,45.06999969482422,47.16999816894531,32691300
2007-08-21,28.66983413696289,46.20000076293945,47.08000183105469,45.75,46.119998931884766,23582300
2007-08-22,28.545705795288086,46.0,46.83000183105469,45.029998779296875,46.66999816894531,30844900
2007-08-23,28.340906143188477,45.66999816894531,46.58000183105469,45.150001525878906,46.45000076293945,21476600
2007-08-24,28.51467514038086,45.95000076293945,46.0,45.029998779296875,45.5,13248000
2007-08-27,27.86929702758789,44.90999984741211,45.900001525878906,44.88999938964844,45.75,13527200
2007-08-28,27.05636215209961,43.599998474121094,44.47999954223633,43.459999084472656,44.47999954223633,23516300
2007-08-29,27.38526153564453,44.130001068115234,44.22999954223633,43.150001525878906,43.880001068115234,21605200
2007-08-30,27.28597068786621,43.970001220703125,44.36000061035156,43.34000015258789,43.63999938964844,15581500
2007-08-31,27.627275466918945,44.52000045776367,45.130001068115234,44.27000045776367,45.0,16937800
2007-09-04,28.111318588256836,45.29999923706055,45.619998931884766,44.2599983215332,44.400001525878906,15416800
2007-09-05,27.410083770751953,44.16999816894531,44.970001220703125,44.06999969482422,44.83000183105469,15556800
2007-09-06,27.43491554260254,44.209999084472656,44.54999923706055,43.83000183105469,44.2400016784668,18994400
2007-09-07,27.006711959838867,43.52000045776367,43.9900016784668,43.20000076293945,43.27000045776367,21526200
2007-09-10,27.261150360107422,43.93000030517578,44.45000076293945,43.349998474121094,43.75,17181500
2007-09-11,27.639694213867188,44.540000915527344,44.84000015258789,43.66999816894531,43.959999084472656,15148000
2007-09-12,27.596248626708984,44.470001220703125,44.7400016784668,44.150001525878906,44.5,13896800
2007-09-13,28.297489166259766,45.599998474121094,45.779998779296875,44.380001068115234,44.41999816894531,20262100
2007-09-14,28.260231018066406,45.540000915527344,45.63999938964844,45.0099983215332,45.22999954223633,12482300
2007-09-17,28.105112075805664,45.290000915527344,45.630001068115234,44.88999938964844,45.38999938964844,17958300
2007-09-18,29.67512321472168,47.81999969482422,47.86000061035156,45.119998931884766,45.68000030517578,27267800
2007-09-19,29.519990921020508,47.56999969482422,48.060001373291016,47.16999816894531,47.970001220703125,31807800
2007-09-20,29.14144515991211,46.959999084472656,47.75,46.72999954223633,47.619998931884766,19553500
2007-09-21,29.246932983398438,47.130001068115234,47.540000915527344,46.630001068115234,47.5,20535000
2007-09-24,28.75670623779297,46.34000015258789,47.20000076293945,46.16999816894531,47.20000076293945,17346800
2007-09-25,28.607765197753906,46.099998474121094,46.25,45.650001525878906,46.25,16405200
2007-09-26,28.626379013061523,46.130001068115234,46.689998626708984,45.7400016784668,46.2599983215332,17485400
2007-09-27,28.67601776123047,46.209999084472656,46.279998779296875,45.68000030517578,46.20000076293945,12840300
2007-09-28,28.434003829956055,45.81999969482422,46.209999084472656,45.58000183105469,46.04999923706055,15587900
2007-10-01,29.04835319519043,46.810001373291016,47.040000915527344,45.41999816894531,45.470001220703125,17276200
2007-10-02,29.265562057495117,47.15999984741211,47.349998474121094,46.81999969482422,46.9900016784668,16003200
2007-10-03,29.40318489074707,47.0,47.459999084472656,46.650001525878906,46.709999084472656,12675700
2007-10-04,29.55958366394043,47.25,47.43000030517578,46.97999954223633,47.20000076293945,11132400
2007-10-05,29.76603126525879,47.58000183105469,47.880001068115234,47.279998779296875,47.45000076293945,13435600
2007-10-08,29.678451538085938,47.439998626708984,47.58000183105469,47.04999923706055,47.310001373291016,8305500
2007-10-09,29.759780883789062,47.56999969482422,47.70000076293945,46.9900016784668,47.59000015258789,12967500
2007-10-10,29.346895217895508,46.90999984741211,47.470001220703125,46.54999923706055,47.470001220703125,18858500
2007-10-11,29.19048309326172,46.65999984741211,47.619998931884766,46.529998779296875,47.0099983215332,27920400
2007-10-12,29.290576934814453,46.81999969482422,47.099998474121094,46.540000915527344,46.66999816894531,12507000
2007-10-15,28.946487426757812,46.27000045776367,46.81999969482422,45.790000915527344,46.77000045776367,16575300
2007-10-16,28.220792770385742,45.11000061035156,46.400001525878906,44.599998474121094,46.0,22510200
2007-10-17,29.009061813354492,46.369998931884766,47.119998931884766,45.75,47.040000915527344,34659600
2007-10-18,28.71502685546875,45.900001525878906,46.130001068115234,45.45000076293945,46.099998474121094,19397900
2007-10-19,28.16450309753418,45.02000045776367,46.599998474121094,44.959999084472656,45.790000915527344,29500400
2007-10-22,28.383447647094727,45.369998931884766,45.93000030517578,44.65999984741211,44.900001525878906,18094100
2007-10-23,28.740041732788086,45.939998626708984,45.9900016784668,45.130001068115234,45.91999816894531,13519100
2007-10-24,28.946487426757812,46.27000045776367,46.439998626708984,44.7400016784668,45.72999954223633,27352800
2007-10-25,28.80887222290039,46.04999923706055,46.54999923706055,45.150001525878906,46.099998474121094,20076400
2007-10-26,29.6033878326416,47.31999969482422,47.45000076293945,45.93000030517578,46.959999084472656,18851700
2007-10-29,29.19673728942871,46.66999816894531,47.5,46.5099983215332,47.38999938964844,18861900
2007-10-30,29.127918243408203,46.560001373291016,46.88999938964844,46.04999923706055,46.400001525878906,13131400
2007-10-31,29.40318489074707,47.0,47.54999923706055,46.040000915527344,46.95000076293945,23899100
2007-11-01,27.726581573486328,44.31999969482422,46.31999969482422,44.20000076293945,45.650001525878906,31730100
2007-11-02,26.9946346282959,43.150001525878906,44.47999954223633,42.060001373291016,44.45000076293945,39570300
2007-11-05,26.75689125061035,42.77000045776367,43.20000076293945,41.66999816894531,42.689998626708984,28852800
2007-11-06,27.595205307006836,44.11000061035156,44.34000015258789,42.689998626708984,42.689998626708984,28756400
2007-11-07,26.425325393676758,42.2400016784668,43.810001373291016,42.150001525878906,42.93000030517578,28980700
2007-11-08,26.65679931640625,42.61000061035156,42.91999816894531,40.68000030517578,42.5099983215332,37342800
2007-11-09,26.469118118286133,42.310001373291016,43.290000915527344,41.16999816894531,41.400001525878906,43587300
2007-11-12,26.51917266845703,42.38999938964844,43.68000030517578,41.86000061035156,42.11000061035156,27691800
2007-11-13,28.183271408081055,45.04999923706055,45.400001525878906,42.630001068115234,43.29999923706055,35927500
2007-11-14,28.245832443237305,45.150001525878906,46.02000045776367,44.439998626708984,45.900001525878906,25367400
2007-11-15,27.232364654541016,43.529998779296875,45.189998626708984,43.08000183105469,44.599998474121094,23434200
2007-11-16,26.957090377807617,43.09000015258789,44.11000061035156,42.47999954223633,43.7400016784668,29021800
2007-11-19,25.881059646606445,41.369998931884766,42.84000015258789,41.189998626708984,42.70000076293945,29656500
2007-11-20,26.043724060058594,41.630001068115234,42.349998474121094,40.279998779296875,41.369998931884766,33277800
2007-11-21,25.449390411376953,40.68000030517578,42.0,40.150001525878906,40.810001373291016,26759300
2007-11-23,26.243906021118164,41.95000076293945,42.20000076293945,40.959999084472656,41.5,10808400
2007-11-26,25.311763763427734,40.459999084472656,42.4900016784668,40.33000183105469,41.869998931884766,27132300
2007-11-27,26.494136810302734,42.349998474121094,42.47999954223633,40.56999969482422,40.91999816894531,28501100
2007-11-28,27.501358032226562,43.959999084472656,44.130001068115234,42.560001373291016,42.72999954223633,32246500
2007-11-29,27.307435989379883,43.650001525878906,44.09000015258789,43.0099983215332,43.380001068115234,23553600
2007-11-30,28.53985595703125,45.619998931884766,46.09000015258789,45.0099983215332,45.380001068115234,40113500
2007-12-03,28.283357620239258,45.209999084472656,45.91999816894531,44.95000076293945,45.900001525878906,21417200
2007-12-04,27.620220184326172,44.150001525878906,45.09000015258789,44.0,44.31999969482422,19315200
2007-12-05,28.089431762695312,44.900001525878906,45.189998626708984,43.93000030517578,44.540000915527344,20627900
2007-12-06,28.908960342407227,46.209999084472656,46.25,44.529998779296875,44.880001068115234,19130200
2007-12-07,28.827632904052734,46.08000183105469,46.810001373291016,45.849998474121094,46.209999084472656,15286600
2007-12-10,29.66594696044922,47.41999816894531,47.869998931884766,46.54999923706055,46.79999923706055,23388400
2007-12-11,28.740041732788086,45.939998626708984,48.02000045776367,45.5,47.11000061035156,38455700
2007-12-12,28.871431350708008,46.150001525878906,47.790000915527344,45.18000030517578,47.029998779296875,44364000
2007-12-13,28.627443313598633,45.7599983215332,46.2599983215332,44.72999954223633,45.83000183105469,41261000
2007-12-14,28.27712059020996,45.20000076293945,45.790000915527344,44.68000030517578,45.2400016784668,27651800
2007-12-17,27.857952117919922,44.529998779296875,45.5,44.36000061035156,44.81999969482422,19965700
2007-12-18,27.46384048461914,43.900001525878906,44.95000076293945,43.130001068115234,44.77000045776367,25224900
2007-12-19,27.51387596130371,43.97999954223633,45.099998474121094,43.65999984741211,43.900001525878906,21293700
2007-12-20,27.107229232788086,43.33000183105469,44.540000915527344,43.04999923706055,44.33000183105469,27147500
2007-12-21,27.595205307006836,44.11000061035156,44.18000030517578,43.33000183105469,43.91999816894531,26363000
2007-12-24,28.045629501342773,44.83000183105469,45.11000061035156,44.13999938964844,44.13999938964844,7679700
2007-12-26,28.11444854736328,44.939998626708984,44.9900016784668,44.2400016784668,44.720001220703125,14578700
2007-12-27,27.301164627075195,43.63999938964844,44.70000076293945,43.5099983215332,44.599998474121094,16530000
2007-12-28,27.063440322875977,43.2599983215332,44.27000045776367,42.81999969482422,44.189998626708984,16852200
2007-12-31,27.307435989379883,43.650001525878906,44.13999938964844,42.790000915527344,43.06999969482422,16361200
2008-01-02,26.613222122192383,42.16999816894531,43.790000915527344,42.0,43.54999923706055,22122300
2008-01-03,26.430212020874023,41.880001068115234,42.650001525878906,41.7599983215332,42.34000015258789,17150700
2008-01-04,25.83067512512207,40.93000030517578,41.79999923706055,40.630001068115234,41.40999984741211,25873800
2008-01-07,26.089412689208984,41.34000015258789,41.58000183105469,40.15999984741211,41.099998474121094,25644100
2008-01-08,25.054426193237305,39.70000076293945,41.58000183105469,39.41999816894531,41.459999084472656,33646000
2008-01-09,25.4078311920166,40.2599983215332,40.34000015258789,38.540000915527344,39.59000015258789,33546300
2008-01-10,26.08311653137207,41.33000183105469,42.13999938964844,39.29999923706055,39.77000045776367,41863600
2008-01-11,25.786497116088867,40.86000061035156,42.099998474121094,40.38999938964844,40.880001068115234,37520500
2008-01-14,26.102041244506836,41.36000061035156,41.75,40.599998474121094,41.27000045776367,22817000
2008-01-15,24.719938278198242,39.16999816894531,40.72999954223633,38.849998474121094,40.72999954223633,45240000
2008-01-16,26.14622688293457,41.43000030517578,42.650001525878906,40.209999084472656,40.459999084472656,63183100
2008-01-17,25.26898956298828,40.040000915527344,41.68000030517578,39.79999923706055,41.56999969482422,39647200
2008-01-18,24.98500633239746,39.59000015258789,40.66999816894531,38.52000045776367,40.2400016784668,51919100
2008-01-22,25.786497116088867,40.86000061035156,42.0,37.65999984741211,37.65999984741211,57178600
2008-01-23,28.853620529174805,45.720001220703125,46.150001525878906,40.0,40.400001525878906,77137000
2008-01-24,28.37397003173828,44.959999084472656,46.0099983215332,44.2599983215332,45.83000183105469,52062600
2008-01-25,27.540929794311523,43.63999938964844,45.84000015258789,43.209999084472656,45.66999816894531,38410900
2008-01-28,28.75893783569336,45.56999969482422,45.61000061035156,43.400001525878906,43.790000915527344,29739100
2008-01-29,29.94538688659668,47.45000076293945,47.79999923706055,44.75,45.939998626708984,56112700
2008-01-30,29.882287979125977,47.349998474121094,49.290000915527344,46.31999969482422,47.099998474121094,68343800
2008-01-31,29.913835525512695,47.400001525878906,48.189998626708984,45.849998474121094,46.40999984741211,55500600
2008-02-01,30.450267791748047,48.25,48.70000076293945,46.900001525878906,47.2599983215332,48834500
2008-02-04,29.16914176940918,46.220001220703125,48.13999938964844,46.029998779296875,47.83000183105469,28310200
2008-02-05,27.69870376586914,43.88999938964844,45.47999954223633,43.849998474121094,45.04999923706055,39045100
2008-02-06,27.591419219970703,43.720001220703125,44.7400016784668,43.27000045776367,44.27000045776367,27274800
2008-02-07,28.468629837036133,45.11000061035156,45.58000183105469,43.25,43.38999938964844,36818000
2008-02-08,27.654525756835938,43.81999969482422,44.959999084472656,43.2599983215332,44.959999084472656,26058300
2008-02-11,27.35791778564453,43.349998474121094,44.0,42.81999969482422,43.88999938964844,25874000
2008-02-12,27.33267593383789,43.310001373291016,44.45000076293945,42.75,43.65999984741211,27193400
2008-02-13,27.831249237060547,44.099998474121094,44.16999816894531,43.0099983215332,43.54999923706055,26533400
2008-02-14,26.890905380249023,42.61000061035156,44.099998474121094,42.470001220703125,44.04999923706055,31180000
2008-02-15,27.294801712036133,43.25,43.25,42.0099983215332,42.40999984741211,29031400
2008-02-19,27.029739379882812,42.83000183105469,44.04999923706055,42.16999816894531,43.540000915527344,25811900
2008-02-20,27.23169708251953,43.150001525878906,43.34000015258789,41.849998474121094,42.369998931884766,30149700
2008-02-21,27.181215286254883,43.06999969482422,43.689998626708984,42.220001220703125,43.13999938964844,32878200
2008-02-22,27.723955154418945,43.93000030517578,44.02000045776367,41.90999984741211,43.060001373291016,30452700
2008-02-25,27.787050247192383,44.029998779296875,44.459999084472656,42.7599983215332,43.43000030517578,27917200
2008-02-26,27.591419219970703,43.720001220703125,44.540000915527344,43.40999984741211,43.72999954223633,24989300
2008-02-27,28.026865005493164,44.40999984741211,44.4900016784668,42.619998931884766,43.06999969482422,38566000
2008-02-28,26.78362464904785,42.439998626708984,44.02000045776367,42.38999938964844,44.0,36606500
2008-02-29,25.65397071838379,40.650001525878906,41.970001220703125,40.380001068115234,41.880001068115234,36856600
2008-03-03,25.13014793395996,39.81999969482422,40.630001068115234,39.43000030517578,40.54999923706055,31481900
2008-03-04,24.73257064819336,39.189998626708984,39.58000183105469,38.220001220703125,39.369998931884766,56449300
2008-03-05,24.448572158813477,38.7400016784668,39.58000183105469,38.11000061035156,39.36000061035156,36325600
2008-03-06,23.583967208862305,37.369998931884766,38.22999954223633,37.150001525878906,38.18000030517578,44356900
2008-03-07,23.703880310058594,37.560001373291016,39.08000183105469,36.61000061035156,36.88999938964844,43258700
2008-03-10,23.022294998168945,36.47999954223633,38.2599983215332,36.310001373291016,37.72999954223633,41281300
2008-03-11,24.51168441772461,38.84000015258789,39.2599983215332,37.15999984741211,38.47999954223633,58401200
2008-03-12,24.366527557373047,38.61000061035156,40.22999954223633,38.400001525878906,38.849998474121094,44572400
2008-03-13,24.050983428955078,38.11000061035156,38.95000076293945,36.630001068115234,37.84000015258789,45537900
2008-03-14,23.060165405273438,36.540000915527344,38.79999923706055,36.0099983215332,38.79999923706055,77776000
2008-03-17,25.439395904541016,40.310001373291016,41.09000015258789,37.0,37.0,125296300
2008-03-18,26.95401954650879,42.709999084472656,42.880001068115234,41.25,42.189998626708984,76994300
2008-03-19,26.802553176879883,42.470001220703125,44.88999938964844,42.439998626708984,43.2599983215332,70593300
2008-03-20,29.011363983154297,45.970001220703125,46.45000076293945,42.849998474121094,42.90999984741211,72777200
2008-03-24,29.37740707397461,46.54999923706055,48.15999984741211,45.02000045776367,45.41999816894531,66011200
2008-03-25,29.068166732788086,46.060001373291016,46.650001525878906,44.90999984741211,46.02000045776367,54485500
2008-03-26,27.837547302246094,44.11000061035156,45.369998931884766,43.970001220703125,45.27000045776367,41122700
2008-03-27,27.048688888549805,42.86000061035156,44.4900016784668,42.86000061035156,44.220001220703125,32154500
2008-03-28,26.95401954650879,42.709999084472656,43.84000015258789,42.650001525878906,43.20000076293945,29011900
2008-03-31,27.105484008789062,42.95000076293945,44.25,42.61000061035156,42.709999084472656,28920400
2008-04-01,29.661409378051758,47.0,47.0,44.65999984741211,45.130001068115234,54562600
2008-04-02,29.419635772705078,46.2400016784668,47.560001373291016,45.939998626708984,47.08000183105469,36597900
2008-04-03,29.445098876953125,46.279998779296875,47.029998779296875,45.31999969482422,45.369998931884766,30314400
2008-04-04,28.99335289001465,45.56999969482422,46.439998626708984,45.119998931884766,45.849998474121094,29875900
2008-04-07,28.974262237548828,45.540000915527344,46.7400016784668,45.470001220703125,46.43000030517578,24069200
2008-04-08,28.54163360595703,44.86000061035156,45.61000061035156,44.43000030517578,45.2400016784668,29187700
2008-04-09,28.185333251953125,44.29999923706055,45.18000030517578,44.08000183105469,45.18000030517578,28476400
2008-04-10,27.9053955078125,43.86000061035156,44.810001373291016,43.58000183105469,44.20000076293945,30230100
2008-04-11,27.059192657470703,42.529998779296875,43.900001525878906,42.43000030517578,43.31999969482422,41959900
2008-04-14,26.403865814208984,41.5,42.79999923706055,41.16999816894531,42.400001525878906,33774900
2008-04-15,26.798336029052734,42.119998931884766,42.70000076293945,41.279998779296875,42.18000030517578,37271800
2008-04-16,28.60524559020996,44.959999084472656,44.959999084472656,43.099998474121094,43.529998779296875,52568400
2008-04-17,28.707054138183594,45.119998931884766,45.31999969482422,44.16999816894531,44.34000015258789,30302500
2008-04-18,29.114242553710938,45.7599983215332,46.86000061035156,45.41999816894531,46.33000183105469,31398100
2008-04-21,28.777027130126953,45.22999954223633,45.47999954223633,44.599998474121094,45.290000915527344,23513400
2008-04-22,29.04427146911621,45.650001525878906,45.79999923706055,44.75,44.959999084472656,23703800
2008-04-23,28.726144790649414,45.150001525878906,46.040000915527344,44.689998626708984,45.40999984741211,23260300
2008-04-24,29.884096145629883,46.970001220703125,47.34000015258789,45.34000015258789,45.369998931884766,37769300
2008-04-25,30.405799865722656,47.790000915527344,47.869998931884766,46.540000915527344,47.290000915527344,24266600
2008-04-28,30.119504928588867,47.34000015258789,48.09000015258789,46.810001373291016,47.66999816894531,27175000
2008-04-29,29.954082489013672,47.08000183105469,47.7400016784668,46.619998931884766,47.34000015258789,20738700
2008-04-30,30.316734313964844,47.650001525878906,48.63999938964844,46.72999954223633,47.25,36280800
2008-05-01,31.334705352783203,49.25,49.47999954223633,47.68000030517578,47.68000030517578,31723700
2008-05-02,30.959331512451172,48.65999984741211,49.95000076293945,48.029998779296875,49.900001525878906,27942900
2008-05-05,30.539417266845703,48.0,48.63999938964844,47.849998474121094,48.31999969482422,19276100
2008-05-06,30.666677474975586,48.20000076293945,48.70000076293945,47.25,47.34000015258789,25441400
2008-05-07,29.629592895507812,46.56999969482422,48.43000030517578,46.38999938964844,48.220001220703125,27636400
2008-05-08,29.29875373840332,46.04999923706055,47.0,45.310001373291016,46.97999954223633,26106000
2008-05-09,29.629592895507812,46.56999969482422,46.93000030517578,45.52000045776367,45.75,21730400
2008-05-12,30.055871963500977,47.2400016784668,47.290000915527344,46.5099983215332,46.81999969482422,20295600
2008-05-13,28.93609619140625,45.47999954223633,47.2400016784668,45.220001220703125,47.040000915527344,27485300
2008-05-14,29.209659576416016,45.90999984741211,46.369998931884766,45.29999923706055,46.0,24138200
2008-05-15,29.915895462036133,47.02000045776367,47.040000915527344,45.58000183105469,46.04999923706055,27289500
2008-05-16,29.604141235351562,46.529998779296875,47.31999969482422,46.04999923706055,47.31999969482422,20871400
2008-05-19,29.26056671142578,45.9900016784668,47.220001220703125,45.869998931884766,46.54999923706055,19402200
2008-05-20,27.8035945892334,43.70000076293945,45.65999984741211,43.5,45.65999984741211,48996100
2008-05-21,26.98920440673828,42.41999816894531,44.04999923706055,42.33000183105469,43.79999923706055,40611900
2008-05-22,27.390024185180664,43.04999923706055,43.72999954223633,42.099998474121094,42.400001525878906,28883300
2008-05-23,26.925588607788086,42.31999969482422,42.900001525878906,42.119998931884766,42.720001220703125,21440900
2008-05-27,27.364578247070312,43.0099983215332,43.400001525878906,42.29999923706055,42.400001525878906,28457800
2008-05-28,27.269166946411133,42.86000061035156,43.43000030517578,41.900001525878906,43.38999938964844,31688700
2008-05-29,27.720888137817383,43.56999969482422,44.060001373291016,42.290000915527344,42.689998626708984,22789000
2008-05-30,27.35822868347168,43.0,43.9900016784668,42.869998931884766,43.959999084472656,21391600
2008-06-02,26.817424774169922,42.150001525878906,42.77000045776367,41.65999984741211,42.630001068115234,30620500
2008-06-03,26.652009963989258,41.88999938964844,42.689998626708984,41.189998626708984,42.529998779296875,28503100
2008-06-04,26.486583709716797,41.630001068115234,42.349998474121094,41.15999984741211,41.7400016784668,30800100
2008-06-05,26.785614013671875,42.099998474121094,42.31999969482422,41.400001525878906,41.900001525878906,27755300
2008-06-06,25.506772994995117,40.09000015258789,41.790000915527344,39.95000076293945,41.790000915527344,39887900
2008-06-09,23.865270614624023,37.5099983215332,40.33000183105469,36.41999816894531,40.31999969482422,74856700
2008-06-10,24.361536026000977,38.290000915527344,39.22999954223633,37.15999984741211,37.22999954223633,54412400
2008-06-11,23.623506546020508,37.130001068115234,38.75,37.06999969482422,38.5,50965800
2008-06-12,24.183401107788086,38.0099983215332,38.75,37.630001068115234,37.709999084472656,53247700
2008-06-13,25.182287216186523,39.58000183105469,39.59000015258789,37.79999923706055,38.38999938964844,40465600
2008-06-16,25.41133689880371,39.939998626708984,40.650001525878906,39.099998474121094,39.47999954223633,34860200
2008-06-17,24.838722229003906,39.040000915527344,40.75,38.95000076293945,40.36000061035156,32510200
2008-06-18,24.647851943969727,38.7400016784668,39.25,37.93000030517578,38.529998779296875,35513700
2008-06-19,24.590593338012695,38.650001525878906,39.029998779296875,36.81999969482422,38.790000915527344,59944400
2008-06-20,24.087974548339844,37.86000061035156,39.189998626708984,36.95000076293945,37.689998626708984,55374100
2008-06-23,23.45808982849121,36.869998931884766,37.9900016784668,36.5099983215332,37.9900016784668,37741100
2008-06-24,23.998884201049805,37.720001220703125,38.2599983215332,36.25,36.810001373291016,43526200
2008-06-25,24.119770050048828,37.90999984741211,39.31999969482422,37.5,37.939998626708984,42317900
2008-06-26,23.108152389526367,36.31999969482422,37.58000183105469,36.20000076293945,37.15999984741211,45708400
2008-06-27,22.300132751464844,35.04999923706055,36.88999938964844,34.20000076293945,36.45000076293945,69316700
2008-06-30,21.829322814941406,34.310001373291016,35.5,33.959999084472656,34.86000061035156,50792600
2008-07-01,21.887218475341797,34.02000045776367,34.34000015258789,32.33000183105469,33.689998626708984,74620100
2008-07-02,22.260364532470703,34.599998474121094,35.75,34.22999954223633,34.36000061035156,51750200
2008-07-03,22.717161178588867,35.310001373291016,36.09000015258789,34.4900016784668,35.119998931884766,33028500
2008-07-07,21.900081634521484,34.040000915527344,35.95000076293945,33.560001373291016,35.5,48883600
2008-07-08,23.013118743896484,35.77000045776367,36.04999923706055,33.41999816894531,34.29999923706055,62285100
2008-07-09,22.054500579833984,34.279998779296875,36.7400016784668,34.09000015258789,35.7400016784668,50971000
2008-07-10,22.20245933532715,34.5099983215332,35.79999923706055,33.54999923706055,34.0,47807900
2008-07-11,21.333927154541016,33.15999984741211,34.45000076293945,32.09000015258789,33.380001068115234,71316700
2008-07-14,20.38819122314453,31.690000534057617,34.349998474121094,31.68000030517578,34.189998626708984,50370200
2008-07-15,19.957134246826172,31.020000457763672,32.81999969482422,29.239999771118164,30.729999542236328,88717800
2008-07-16,23.122480392456055,35.939998626708984,35.939998626708984,31.5,32.29999923706055,79957800
2008-07-17,26.24922752380371,40.79999923706055,40.9900016784668,37.79999923706055,38.04999923706055,132114600
2008-07-18,25.747404098510742,40.02000045776367,41.31999969482422,39.20000076293945,41.20000076293945,65409900
2008-07-21,24.865995407104492,38.650001525878906,40.95000076293945,38.349998474121094,40.34000015258789,41354400
2008-07-22,26.28783416748047,40.86000061035156,41.040000915527344,37.61000061035156,38.15999984741211,50104200
2008-07-23,26.995512008666992,41.959999084472656,43.0,39.369998931884766,40.90999984741211,59345600
2008-07-24,25.181243896484375,39.13999938964844,42.279998779296875,39.040000915527344,42.060001373291016,47454600
2008-07-25,25.425718307495117,39.52000045776367,40.439998626708984,38.47999954223633,39.16999816894531,35188000
2008-07-28,24.22905731201172,37.65999984741211,40.650001525878906,37.40999984741211,39.40999984741211,41673200
2008-07-29,26.21706199645996,40.75,40.75,37.18000030517578,37.939998626708984,50527400
2008-07-30,26.74460792541504,41.56999969482422,42.06999969482422,39.970001220703125,41.40999984741211,47954900
2008-07-31,26.139856338500977,40.630001068115234,41.959999084472656,40.29999923706055,40.630001068115234,37394100
2008-08-01,26.223487854003906,40.7599983215332,41.75,39.77000045776367,41.11000061035156,30773300
2008-08-04,25.824602127075195,40.13999938964844,40.88999938964844,38.90999984741211,40.13999938964844,27748000
2008-08-05,26.950502395629883,41.88999938964844,42.0,40.209999084472656,41.27000045776367,35763100
2008-08-06,26.628812789916992,41.38999938964844,42.27000045776367,40.34000015258789,41.349998474121094,33009400
2008-08-07,25.612314224243164,39.810001373291016,41.54999923706055,39.47999954223633,40.68000030517578,42712200
2008-08-08,26.422927856445312,41.06999969482422,41.650001525878906,39.400001525878906,39.5099983215332,37174200
2008-08-11,26.950502395629883,41.88999938964844,42.849998474121094,40.369998931884766,40.790000915527344,34643900
2008-08-12,24.396339416503906,37.91999816894531,41.0099983215332,37.02000045776367,40.9900016784668,65248300
2008-08-13,23.746538162231445,36.90999984741211,37.650001525878906,36.150001525878906,37.63999938964844,48575900
2008-08-14,24.325571060180664,37.810001373291016,38.43000030517578,36.41999816894531,36.59000015258789,41142300
2008-08-15,24.492847442626953,38.06999969482422,38.709999084472656,37.369998931884766,38.04999923706055,36656900
2008-08-18,23.637174606323242,36.7400016784668,38.029998779296875,36.650001525878906,37.91999816894531,32193100
2008-08-19,22.8908634185791,35.58000183105469,36.400001525878906,35.0,36.0099983215332,41424300
2008-08-20,23.804445266723633,37.0,37.06999969482422,35.02000045776367,35.52000045776367,39065000
2008-08-21,23.328359603881836,36.2599983215332,36.599998474121094,35.790000915527344,36.18000030517578,30564500
2008-08-22,24.235488891601562,37.66999816894531,38.25,36.86000061035156,37.220001220703125,36022700
2008-08-25,23.244722366333008,36.130001068115234,37.45000076293945,36.08000183105469,37.400001525878906,27081000
2008-08-26,23.55353355407715,36.61000061035156,37.119998931884766,35.900001525878906,36.16999816894531,28810800
2008-08-27,23.894519805908203,37.13999938964844,37.220001220703125,35.869998931884766,36.54999923706055,23812300
2008-08-28,25.013967514038086,38.880001068115234,38.880001068115234,37.22999954223633,37.65999984741211,34724300
2008-08-29,24.763050079345703,38.4900016784668,38.939998626708984,38.09000015258789,38.5099983215332,23327100
2008-09-02,25.084741592407227,38.9900016784668,40.02000045776367,38.5,39.560001373291016,33267600
2008-09-03,25.547964096069336,39.709999084472656,39.75,38.439998626708984,38.90999984741211,28787600
2008-09-04,24.3898983001709,37.90999984741211,39.779998779296875,37.83000183105469,39.29999923706055,41510300
2008-09-05,25.4771785736084,39.599998474121094,39.75,37.349998474121094,37.5,42100300
2008-09-08,26.731746673583984,41.54999923706055,43.65999984741211,40.0,42.38999938964844,85629900
2008-09-09,25.393556594848633,39.470001220703125,41.939998626708984,39.45000076293945,40.810001373291016,56435300
2008-09-10,25.3485164642334,39.400001525878906,40.439998626708984,38.790000915527344,39.9900016784668,46100400
2008-09-11,26.796096801757812,41.650001525878906,41.689998626708984,37.91999816894531,38.25,57012300
2008-09-12,26.48727035522461,41.16999816894531,41.959999084472656,40.189998626708984,40.84000015258789,51417100
2008-09-15,23.804445266723633,37.0,41.849998474121094,37.0,38.38999938964844,92112900
2008-09-16,26.210630416870117,40.7400016784668,40.95000076293945,35.02000045776367,35.58000183105469,90368100
2008-09-17,23.013118743896484,35.77000045776367,40.68000030517578,35.5,39.08000183105469,104396300
2008-09-18,25.927549362182617,40.29999923706055,41.04999923706055,34.040000915527344,36.529998779296875,132982000
2008-09-19,30.270244598388672,47.04999923706055,48.0,42.54999923706055,47.0,88523900
2008-09-22,26.24922752380371,40.79999923706055,45.900001525878906,40.75,45.689998626708984,44934200
2008-09-23,26.094812393188477,40.560001373291016,42.18000030517578,40.060001373291016,40.54999923706055,32404400
2008-09-24,26.056215286254883,40.5,42.5,40.220001220703125,41.5,27186400
2008-09-25,27.96057891845703,43.459999084472656,45.0,41.29999923706055,42.25,36831300
2008-09-26,31.035850524902344,48.2400016784668,49.0,40.47999954223633,40.54999923706055,148081400
2008-09-29,26.377904891967773,41.0,47.5,41.0,46.58000183105469,79528000
2008-09-30,30.04507064819336,46.70000076293945,47.38999938964844,43.77000045776367,44.630001068115234,66987800
2008-10-01,31.930112838745117,49.630001068115234,50.0,46.29999923706055,46.90999984741211,59424300
2008-10-02,32.31912612915039,49.849998474121094,49.849998474121094,46.720001220703125,49.25,53944700
2008-10-03,29.758237838745117,45.900001525878906,50.630001068115234,45.22999954223633,50.310001373291016,68639000
2008-10-06,28.52641487121582,44.0,45.150001525878906,41.70000076293945,43.4900016784668,63065300
2008-10-07,25.492225646972656,39.31999969482422,45.7400016784668,39.310001373291016,45.43000030517578,62396200
2008-10-08,25.479272842407227,39.29999923706055,43.54999923706055,38.5,38.93000030517578,75686800
2008-10-09,23.780643463134766,36.68000030517578,42.689998626708984,36.68000030517578,41.029998779296875,88790300
2008-10-10,26.996356964111328,41.63999938964844,42.0,35.02000045776367,35.029998779296875,112976400
2008-10-13,27.223270416259766,41.9900016784668,44.08000183105469,39.65999984741211,43.90999984741211,81628900
2008-10-14,26.393402099609375,40.709999084472656,43.54999923706055,39.65999984741211,43.33000183105469,95288900
2008-10-15,24.954113006591797,38.4900016784668,41.790000915527344,38.0,39.33000183105469,84755700
2008-10-16,26.250762939453125,40.4900016784668,41.0,36.310001373291016,39.02000045776367,75112400
2008-10-17,25.49872398376465,39.33000183105469,41.38999938964844,39.060001373291016,39.630001068115234,60991200
2008-10-20,26.360990524291992,40.65999984741211,40.70000076293945,38.79999923706055,40.0099983215332,44732100
2008-10-21,25.764524459838867,39.7400016784668,41.27000045776367,39.599998474121094,39.91999816894531,41780700
2008-10-22,24.098325729370117,37.16999816894531,40.04999923706055,36.0099983215332,39.150001525878906,60825200
2008-10-23,24.539196014404297,37.849998474121094,38.75,35.81999969482422,37.36000061035156,63917000
2008-10-24,22.970245361328125,35.43000030517578,37.72999954223633,34.5099983215332,35.119998931884766,61968800
2008-10-27,22.043136596679688,34.0,35.900001525878906,33.33000183105469,35.099998474121094,62712700
2008-10-28,24.377111434936523,37.599998474121094,37.720001220703125,32.52000045776367,34.95000076293945,73082500
2008-10-29,23.151775360107422,35.709999084472656,38.380001068115234,35.5099983215332,37.11000061035156,61823300
2008-10-30,24.390077590942383,37.619998931884766,38.0,36.029998779296875,36.88999938964844,47372000
2008-10-31,26.74350357055664,41.25,41.25,37.279998779296875,37.290000915527344,86948900
2008-11-03,26.40638542175293,40.72999954223633,41.25,40.20000076293945,41.25,45059900
2008-11-04,27.339963912963867,42.16999816894531,42.41999816894531,40.880001068115234,41.25,48917100
2008-11-05,25.427406311035156,39.220001220703125,42.5,38.619998931884766,41.72999954223633,53524900
2008-11-06,24.80501365661621,38.2599983215332,39.7599983215332,37.86000061035156,38.959999084472656,56467100
2008-11-07,24.474361419677734,37.75,38.52000045776367,36.470001220703125,38.22999954223633,50210800
2008-11-10,23.605606079101562,36.40999984741211,38.47999954223633,35.650001525878906,38.279998779296875,41558500
2008-11-11,23.566701889038086,36.349998474121094,37.45000076293945,35.27000045776367,35.81999969482422,61577400
2008-11-12,22.412683486938477,34.56999969482422,36.29999923706055,34.310001373291016,35.41999816894531,56726100
2008-11-13,24.111289978027344,37.189998626708984,37.5,33.5,34.650001525878906,74523600
2008-11-14,22.34784698486328,34.470001220703125,36.90999984741211,34.15999984741211,36.33000183105469,55941000
2008-11-17,21.24569320678711,32.77000045776367,34.869998931884766,32.5,33.81999969482422,57560400
2008-11-18,20.837238311767578,32.13999938964844,33.099998474121094,30.360000610351562,32.7599983215332,67807700
2008-11-19,18.457881927490234,28.469999313354492,32.02000045776367,28.280000686645508,31.690000534057617,90226200
2008-11-20,15.157892227172852,23.3799991607666,28.709999084472656,22.31999969482422,27.739999771118164,160729900
2008-11-21,14.729995727539062,22.719999313354492,24.420000076293945,19.690000534057617,23.739999771118164,194075000
2008-11-24,17.880870819091797,27.579999923706055,28.34000015258789,22.5,23.920000076293945,137382200
2008-11-25,19.300704956054688,29.770000457763672,30.709999084472656,28.5,29.6299991607666,105430800
2008-11-26,19.851781845092773,30.6200008392334,30.75,28.170000076293945,28.760000228881836,55644900
2008-11-28,20.52604866027832,31.65999984741211,31.93000030517578,30.1299991607666,30.360000610351562,22787500
2008-12-01,16.934303283691406,26.1200008392334,30.700000762939453,26.020000457763672,30.670000076293945,70984500
2008-12-02,18.49677848815918,28.530000686645508,28.899999618530273,24.610000610351562,26.540000915527344,81316000
2008-12-03,19.61190414428711,30.25,30.739999771118164,27.040000915527344,27.440000534057617,64914200
2008-12-04,20.150012969970703,31.079999923706055,32.900001525878906,29.75,29.84000015258789,80719600
2008-12-05,21.621719360351562,33.349998474121094,34.0,29.729999542236328,30.40999984741211,73599200
2008-12-08,23.657461166381836,36.4900016784668,37.70000076293945,33.599998474121094,33.970001220703125,84589300
2008-12-09,22.017192840576172,33.959999084472656,35.70000076293945,33.65999984741211,35.66999816894531,65827700
2008-12-10,21.731935501098633,33.52000045776367,34.959999084472656,33.08000183105469,34.400001525878906,47919600
2008-12-11,19.410921096801758,29.940000534057617,32.7599983215332,29.739999771118164,32.599998474121094,70746400
2008-12-12,20.059249877929688,30.940000534057617,31.219999313354492,28.010000228881836,28.440000534057617,59939000
2008-12-15,18.561613082885742,28.6299991607666,29.780000686645508,28.170000076293945,29.34000015258789,51629100
2008-12-16,20.973392486572266,32.349998474121094,32.75,28.84000015258789,29.010000228881836,75822100
2008-12-17,20.655712127685547,31.860000610351562,32.88999938964844,31.049999237060547,31.5,46719900
2008-12-18,19.585960388183594,30.209999084472656,32.59000015258789,30.1200008392334,32.15999984741211,57491500
2008-12-19,19.657276153564453,30.31999969482422,31.25,29.780000686645508,30.110000610351562,55696800
2008-12-22,19.333118438720703,29.81999969482422,31.190000534057617,29.510000228881836,30.639999389648438,36378400
2008-12-23,18.872806549072266,29.110000610351562,30.399999618530273,29.110000610351562,30.229999542236328,26931700
2008-12-24,19.352569580078125,29.850000381469727,29.8799991607666,28.649999618530273,28.649999618530273,12339700
2008-12-26,19.320154190063477,29.799999237060547,30.260000228881836,29.25,30.049999237060547,12630500
2008-12-29,19.307191848754883,29.780000686645508,30.020000457763672,28.799999237060547,29.989999771118164,22318000
2008-12-30,20.104631423950195,31.010000228881836,31.049999237060547,29.8799991607666,29.889999389648438,29842400
2008-12-31,20.44176483154297,31.530000686645508,31.940000534057617,30.440000534057617,30.700000762939453,25891700
2009-01-02,20.573009490966797,31.350000381469727,31.639999389648438,30.469999313354492,31.190000534057617,32494900
2009-01-05,19.19491195678711,29.25,30.770000457763672,29.079999923706055,30.729999542236328,44069400
2009-01-06,19.60833740234375,29.8799991607666,30.420000076293945,29.510000228881836,29.790000915527344,44216300
2009-01-07,18.43367576599121,28.09000015258789,29.399999618530273,28.0,29.149999618530273,42156500
2009-01-08,17.862756729125977,27.219999313354492,27.950000762939453,26.860000610351562,27.899999618530273,52075800
2009-01-09,17.042455673217773,25.969999313354492,27.549999237060547,25.809999465942383,27.549999237060547,42597500
2009-01-12,16.34684181213379,24.90999984741211,26.149999618530273,24.5,25.920000076293945,59360000
2009-01-13,17.29183006286621,26.350000381469727,26.59000015258789,24.270000457763672,25.209999084472656,73422800
2009-01-14,17.003087997436523,25.90999984741211,26.280000686645508,24.760000228881836,25.59000015258789,73907300
2009-01-15,15.972798347473145,24.34000015258789,27.049999237060547,23.760000228881836,26.540000915527344,136759300
2009-01-16,14.97531795501709,22.81999969482422,25.0,20.530000686645508,24.829999923706055,156843400
2009-01-20,11.871318817138672,18.09000015258789,21.270000457763672,17.700000762939453,21.0,142090400
2009-01-21,14.850622177124023,22.6299991607666,22.84000015258789,18.8799991607666,19.290000915527344,136421400
2009-01-22,15.159066200256348,23.100000381469727,23.829999923706055,21.209999084472656,22.360000610351562,110240800
2009-01-23,15.933420181274414,24.280000686645508,24.579999923706055,21.809999465942383,21.920000076293945,74369200
2009-01-26,16.07779312133789,24.5,25.75,23.739999771118164,25.0,74278400
2009-01-27,16.445280075073242,25.059999465942383,25.170000076293945,24.059999465942383,25.1200008392334,50766500
2009-01-28,18.1514949798584,27.65999984741211,27.770000457763672,26.34000015258789,27.190000534057617,91373900
2009-01-29,16.688095092773438,25.43000030517578,27.18000030517578,25.25,26.739999771118164,58624200
2009-01-30,16.740591049194336,25.510000228881836,26.979999542236328,24.600000381469727,25.809999465942383,74937200
2009-02-02,16.537151336669922,25.200000762939453,25.68000030517578,24.350000381469727,25.0,51532900
2009-02-03,15.782485961914062,24.049999237060547,25.450000762939453,23.700000762939453,25.030000686645508,66166300
2009-02-04,15.775922775268555,24.040000915527344,25.5,23.739999771118164,24.25,55330300
2009-02-05,16.10403823852539,24.540000915527344,25.31999969482422,22.489999771118164,23.739999771118164,79815500
2009-02-06,18.131816864013672,27.6299991607666,27.799999237060547,25.299999237060547,25.510000228881836,76845200
2009-02-09,17.90212631225586,27.280000686645508,27.969999313354492,26.299999237060547,26.649999618530273,54360000
2009-02-10,16.156545639038086,24.6200008392334,27.610000610351562,24.299999237060547,26.860000610351562,91948700
2009-02-11,17.12120819091797,26.09000015258789,26.6200008392334,25.139999389648438,25.25,64712000
2009-02-12,17.18683433532715,26.190000534057617,26.219999313354492,24.170000076293945,25.350000381469727,80536400
2009-02-13,16.20247459411621,24.690000534057617,25.889999389648438,24.65999984741211,25.25,58580600
2009-02-17,14.207520484924316,21.649999618530273,23.200000762939453,21.649999618530273,22.799999237060547,91424800
2009-02-18,14.115644454956055,21.510000228881836,22.299999237060547,21.0,22.18000030517578,82868300
2009-02-19,13.518470764160156,20.600000381469727,22.299999237060547,20.540000915527344,22.06999969482422,66502700
2009-02-20,13.059104919433594,19.899999618530273,21.0,18.75,19.709999084472656,135941600
2009-02-23,12.803167343139648,19.510000228881836,21.559999465942383,19.479999542236328,20.899999618530273,101615400
2009-02-24,13.794083595275879,21.020000457763672,21.100000381469727,18.959999084472656,20.1299991607666,186379900
2009-02-25,14.260013580322266,21.729999542236328,23.219999313354492,20.1200008392334,20.829999923706055,135790100
2009-02-26,15.126248359680176,23.049999237060547,24.18000030517578,22.799999237060547,23.31999969482422,125043400
2009-02-27,14.995000839233398,22.850000381469727,23.600000381469727,21.549999237060547,21.6299991607666,109872500
2009-03-02,13.88596248626709,21.15999984741211,22.43000030517578,21.06999969482422,21.700000762939453,94984900
2009-03-03,13.787524223327637,21.010000228881836,21.899999618530273,20.600000381469727,21.68000030517578,85590100
2009-03-04,12.665364265441895,19.299999237060547,21.739999771118164,18.799999237060547,21.739999771118164,145009700
2009-03-05,10.893524169921875,16.600000381469727,19.0,16.040000915527344,18.5,153808900
2009-03-06,10.45384693145752,15.930000305175781,17.670000076293945,14.960000038146973,17.190000534057617,155154800
2009-03-09,10.434157371520996,15.899999618530273,17.290000915527344,15.020000457763672,15.369999885559082,132882900
2009-03-10,12.796610832214355,19.5,19.5,17.1299991607666,17.350000381469727,149090800
2009-03-11,13.387223243713379,20.399999618530273,20.90999984741211,19.1200008392334,20.350000381469727,155421000
2009-03-12,15.224689483642578,23.200000762939453,23.329999923706055,20.0,20.149999618530273,151894700
2009-03-13,15.585614204406738,23.75,24.329999923706055,22.90999984741211,23.59000015258789,120464600
2009-03-16,15.15250301361084,23.09000015258789,25.270000457763672,22.959999084472656,24.309999465942383,125001900
2009-03-17,16.497785568237305,25.139999389648438,25.219999313354492,22.270000457763672,23.299999237060547,99884700
2009-03-18,17.79056739807129,27.110000610351562,27.329999923706055,24.18000030517578,24.81999969482422,142105800
2009-03-19,16.373092651367188,24.950000762939453,27.40999984741211,24.59000015258789,27.25,124920200
2009-03-20,15.191873550415039,23.149999618530273,24.780000686645508,23.149999618530273,24.65999984741211,108922700
2009-03-23,18.938976287841797,28.860000610351562,29.170000076293945,25.1299991607666,25.299999237060547,146776000
2009-03-24,17.32463836669922,26.399999618530273,29.299999237060547,26.200000762939453,28.049999237060547,133143000
2009-03-25,18.742109298706055,28.559999465942383,28.709999084472656,25.93000030517578,27.190000534057617,149452500
2009-03-26,19.09646987915039,29.100000381469727,29.600000381469727,27.649999618530273,29.049999237060547,133663400
2009-03-27,17.980880737304688,27.399999618530273,29.200000762939453,27.280000686645508,28.270000457763672,108610200
2009-03-30,16.307470321655273,24.850000381469727,26.3700008392334,24.780000686645508,25.670000076293945,104860500
2009-03-31,17.442760467529297,26.579999923706055,27.100000381469727,24.850000381469727,25.729999542236328,84307400
2009-04-01,18.466489791870117,28.139999389648438,28.280000686645508,25.290000915527344,25.290000915527344,106016900
2009-04-02,18.512508392333984,28.15999984741211,29.670000076293945,27.40999984741211,29.579999923706055,131840800
2009-04-03,19.24880027770996,29.280000686645508,29.280000686645508,27.5,27.979999542236328,80949500
2009-04-06,18.53880500793457,28.200000762939453,28.899999618530273,27.68000030517578,28.270000457763672,72188000
2009-04-07,17.914274215698242,27.25,28.049999237060547,27.010000228881836,27.280000686645508,73652600
2009-04-08,18.032608032226562,27.43000030517578,27.829999923706055,26.510000228881836,27.450000762939453,66538300
2009-04-09,21.52999496459961,32.75,33.09000015258789,30.200000762939453,30.440000534057617,147913000
2009-04-13,22.15452766418457,33.70000076293945,34.150001525878906,31.809999465942383,32.0099983215332,110196200
2009-04-14,20.18231773376465,30.700000762939453,33.25,30.649999618530273,33.040000915527344,109541400
2009-04-15,21.405088424682617,32.560001373291016,32.970001220703125,30.270000457763672,30.6200008392334,108069400
2009-04-16,21.852123260498047,33.2400016784668,34.0099983215332,32.36000061035156,34.0099983215332,132956000
2009-04-17,21.86526107788086,33.2599983215332,33.97999954223633,32.529998779296875,33.349998474121094,104962100
2009-04-20,19.518339157104492,29.690000534057617,32.41999816894531,29.639999389648438,31.780000686645508,109372200
2009-04-21,21.385366439819336,32.529998779296875,32.90999984741211,28.8700008392334,29.06999969482422,115629300
2009-04-22,20.97119140625,31.899999618530273,34.13999938964844,31.31999969482422,31.639999389648438,124080300
2009-04-23,21.832401275634766,33.209999084472656,33.75,31.65999984741211,32.22999954223633,89366500
2009-04-24,21.944162368774414,33.380001068115234,34.5,32.25,33.65999984741211,117098100
2009-04-27,21.549713134765625,32.779998779296875,33.77000045776367,32.400001525878906,32.529998779296875,67832500
2009-04-28,21.55629539489746,32.790000915527344,33.720001220703125,32.279998779296875,32.349998474121094,65809900
2009-04-29,22.66730308532715,34.47999954223633,34.560001373291016,33.25,33.439998626708984,84731300
2009-04-30,21.694345474243164,33.0,35.209999084472656,32.75,35.0099983215332,94556900
2009-05-01,21.359071731567383,32.4900016784668,33.77000045776367,32.060001373291016,32.849998474121094,68254100
2009-05-04,23.528512954711914,35.790000915527344,35.97999954223633,32.900001525878906,33.060001373291016,100918400
2009-05-05,22.890817642211914,34.81999969482422,35.95000076293945,34.459999084472656,35.45000076293945,63488200
2009-05-06,24.46858787536621,37.220001220703125,37.349998474121094,35.560001373291016,35.81999969482422,102644800
2009-05-07,23.166933059692383,35.2400016784668,38.720001220703125,34.72999954223633,38.5,113228400
2009-05-08,25.599323272705078,38.939998626708984,38.939998626708984,36.20000076293945,36.79999923706055,110026400
2009-05-11,23.554807662963867,35.83000183105469,38.18000030517578,35.83000183105469,37.349998474121094,86808000
2009-05-12,23.245817184448242,35.36000061035156,36.2599983215332,34.060001373291016,36.2400016784668,94148900
2009-05-13,22.384618759155273,34.04999923706055,35.27000045776367,33.68000030517578,34.70000076293945,82160700
2009-05-14,23.3641414642334,35.540000915527344,35.619998931884766,33.81999969482422,34.119998931884766,68764300
2009-05-15,22.949993133544922,34.90999984741211,35.68000030517578,34.400001525878906,35.45000076293945,68301000
2009-05-18,24.494888305664062,37.2599983215332,37.349998474121094,35.20000076293945,35.709999084472656,71730900
2009-05-19,23.541656494140625,35.810001373291016,37.68000030517578,35.77000045776367,37.29999923706055,59860600
2009-05-20,22.713319778442383,34.54999923706055,36.7599983215332,34.2599983215332,36.61000061035156,77073900
2009-05-21,22.94341468811035,34.900001525878906,35.36000061035156,33.66999816894531,34.189998626708984,65068100
2009-05-22,22.62129020690918,34.40999984741211,35.29999923706055,34.40999984741211,35.2599983215332,39227200
2009-05-26,24.02155876159668,36.540000915527344,36.560001373291016,34.119998931884766,34.119998931884766,65462400
2009-05-27,22.78563117980957,34.65999984741211,36.720001220703125,34.65999984741211,36.5,76374100
2009-05-28,24.093873977661133,36.650001525878906,36.66999816894531,34.599998474121094,35.13999938964844,66107300
2009-05-29,24.258220672607422,36.900001525878906,37.06999969482422,35.68000030517578,36.349998474121094,61932300
2009-06-01,23.73886489868164,36.11000061035156,37.72999954223633,35.77000045776367,37.400001525878906,90184500
2009-06-02,22.680456161499023,34.5,35.52000045776367,34.45000076293945,35.06999969482422,159381700
2009-06-03,22.338605880737305,33.97999954223633,34.970001220703125,33.650001525878906,34.400001525878906,72136300
2009-06-04,23.23924446105957,35.349998474121094,35.439998626708984,34.22999954223633,34.400001525878906,70954200
2009-06-05,22.713319778442383,34.54999923706055,35.7599983215332,34.5,35.720001220703125,61583800
2009-06-08,23.265548706054688,35.38999938964844,35.72999954223633,34.54999923706055,34.54999923706055,61615100
2009-06-09,23.180082321166992,35.2599983215332,35.779998779296875,35.09000015258789,35.720001220703125,58992300
2009-06-10,22.90397071838379,34.84000015258789,35.66999816894531,34.369998931884766,35.56999969482422,60176100
2009-06-11,22.969715118408203,34.939998626708984,35.869998931884766,34.540000915527344,35.06999969482422,66560900
2009-06-12,23.094619750976562,35.130001068115234,35.439998626708984,34.79999923706055,34.86000061035156,41157300
2009-06-15,22.351755142211914,34.0,35.040000915527344,33.93000030517578,34.880001068115234,55388500
2009-06-16,22.02304458618164,33.5,34.38999938964844,33.380001068115234,34.27000045776367,56344000
2009-06-17,21.516843795776367,32.72999954223633,33.52000045776367,32.18000030517578,33.43000030517578,65456600
2009-06-18,22.4635009765625,34.16999816894531,34.310001373291016,32.84000015258789,32.849998474121094,63861500
2009-06-19,23.009159088134766,35.0,35.119998931884766,33.790000915527344,34.650001525878906,77009100
2009-06-22,21.60888671875,32.869998931884766,35.0,32.86000061035156,34.689998626708984,70388300
2009-06-23,22.069061279296875,33.56999969482422,34.09000015258789,32.93000030517578,33.11000061035156,59046500
2009-06-24,21.996749877929688,33.459999084472656,33.93000030517578,33.06999969482422,33.779998779296875,50429500
2009-06-25,22.443798065185547,34.13999938964844,34.18000030517578,32.810001373291016,33.47999954223633,57205700
2009-06-26,22.647592544555664,34.45000076293945,34.7400016784668,33.47999954223633,33.880001068115234,46722500
2009-06-29,22.74618911743164,34.599998474121094,34.70000076293945,34.040000915527344,34.54999923706055,34914800
2009-06-30,22.42405891418457,34.11000061035156,34.790000915527344,33.869998931884766,34.599998474121094,39470600
2009-07-01,22.23314094543457,33.77000045776367,34.56999969482422,33.650001525878906,34.27000045776367,36463700
2009-07-02,21.245586395263672,32.27000045776367,33.77000045776367,32.27000045776367,33.36000061035156,38352200
2009-07-06,21.46284294128418,32.599998474121094,32.599998474121094,31.59000015258789,32.029998779296875,60664000
2009-07-07,21.601104736328125,32.810001373291016,33.400001525878906,32.130001068115234,32.630001068115234,56704900
2009-07-08,21.5352725982666,32.709999084472656,33.4900016784668,31.790000915527344,32.93000030517578,71784600
2009-07-09,22.134382247924805,33.619998931884766,33.75,32.869998931884766,32.88999938964844,41655600
2009-07-10,21.291667938232422,32.34000015258789,33.66999816894531,32.209999084472656,33.310001373291016,51037400
2009-07-13,22.85201072692871,34.709999084472656,34.709999084472656,32.43000030517578,32.869998931884766,70454200
2009-07-14,22.845422744750977,34.70000076293945,35.09000015258789,34.060001373291016,34.529998779296875,52924000
2009-07-15,23.872480392456055,36.2599983215332,36.77000045776367,35.0099983215332,35.11000061035156,84050100
2009-07-16,23.786893844604492,36.130001068115234,36.40999984741211,35.220001220703125,35.5,71465100
2009-07-17,24.287256240844727,36.88999938964844,37.20000076293945,36.18000030517578,36.41999816894531,61742300
2009-07-20,24.346498489379883,36.97999954223633,37.439998626708984,36.59000015258789,37.02000045776367,43554400
2009-07-21,24.32016944885254,36.939998626708984,37.310001373291016,36.599998474121094,37.20000076293945,43509400
2009-07-22,24.24774932861328,36.83000183105469,37.33000183105469,36.209999084472656,36.400001525878906,40137700
2009-07-23,25.116792678833008,38.150001525878906,38.470001220703125,36.56999969482422,36.95000076293945,56528800
2009-07-24,24.965373992919922,37.91999816894531,38.25,37.400001525878906,38.04999923706055,35328600
2009-07-27,25.103628158569336,38.130001068115234,39.470001220703125,37.56999969482422,37.970001220703125,30479300
2009-07-28,25.07071876525879,38.08000183105469,38.20000076293945,37.650001525878906,37.7400016784668,29035900
2009-07-29,24.86661720275879,37.77000045776367,38.2400016784668,37.439998626708984,37.790000915527344,29931400
2009-07-30,25.32746696472168,38.470001220703125,39.279998779296875,37.900001525878906,38.130001068115234,38531000
2009-07-31,25.445980072021484,38.650001525878906,38.650001525878906,37.93000030517578,38.380001068115234,39085700
2009-08-03,26.071420669555664,39.599998474121094,39.75,38.9900016784668,39.119998931884766,42957800
2009-08-04,26.47303581237793,40.209999084472656,40.5,39.16999816894531,39.27000045776367,43363800
2009-08-05,27.506671905517578,41.779998779296875,42.20000076293945,40.2599983215332,40.34000015258789,63334100
2009-08-06,26.828561782836914,40.75,42.459999084472656,40.220001220703125,42.279998779296875,54175600
2009-08-07,27.888538360595703,42.36000061035156,43.130001068115234,41.18000030517578,41.279998779296875,65696000
2009-08-10,28.105783462524414,42.689998626708984,43.220001220703125,42.0099983215332,42.029998779296875,43700600
2009-08-11,27.151165008544922,41.2400016784668,42.5099983215332,40.939998626708984,42.279998779296875,50698800
2009-08-12,27.789779663085938,42.209999084472656,42.45000076293945,41.029998779296875,41.189998626708984,43077100
2009-08-13,28.244050979614258,42.900001525878906,43.0,41.810001373291016,42.72999954223633,40385300
2009-08-14,27.947784423828125,42.45000076293945,42.849998474121094,41.79999923706055,42.630001068115234,38413900
2009-08-17,26.815404891967773,40.72999954223633,41.58000183105469,40.709999084472656,41.209999084472656,39162800
2009-08-18,27.453998565673828,41.70000076293945,41.880001068115234,41.060001373291016,41.099998474121094,29053600
2009-08-19,27.263084411621094,41.40999984741211,41.900001525878906,41.0,41.150001525878906,29394100
2009-08-20,27.928030014038086,42.41999816894531,42.630001068115234,41.47999954223633,41.529998779296875,29634300
2009-08-21,28.744417190551758,43.65999984741211,43.810001373291016,42.529998779296875,42.86000061035156,42863600
2009-08-24,28.316469192504883,43.0099983215332,44.2400016784668,42.95000076293945,43.86000061035156,40385200
2009-08-25,28.691762924194336,43.58000183105469,44.13999938964844,43.29999923706055,43.38999938964844,34835700
2009-08-26,28.507404327392578,43.29999923706055,43.779998779296875,42.91999816894531,43.38999938964844,31908400
2009-08-27,28.606159210205078,43.45000076293945,43.630001068115234,42.540000915527344,43.04999923706055,28975700
2009-08-28,28.257211685180664,42.91999816894531,43.86000061035156,42.5099983215332,43.810001373291016,27263600
2009-08-31,28.61273193359375,43.459999084472656,43.599998474121094,42.060001373291016,42.439998626708984,32251100
2009-09-01,27.43425750732422,41.66999816894531,43.81999969482422,41.560001373291016,43.08000183105469,51475400
2009-09-02,26.90098762512207,40.86000061035156,42.11000061035156,40.75,41.5099983215332,35898500
2009-09-03,27.723936080932617,42.11000061035156,42.25,41.11000061035156,41.22999954223633,35019600
2009-09-04,27.875368118286133,42.34000015258789,42.4900016784668,41.790000915527344,42.33000183105469,21880200
2009-09-08,28.007036209106445,42.540000915527344,43.040000915527344,41.849998474121094,42.790000915527344,28089300
2009-09-09,28.21772575378418,42.86000061035156,43.06999969482422,42.38999938964844,42.599998474121094,29031600
2009-09-10,28.323060989379883,43.02000045776367,43.150001525878906,42.20000076293945,42.72999954223633,25112100
2009-09-11,27.9807071685791,42.5,43.38999938964844,42.47999954223633,43.130001068115234,27289900
2009-09-14,28.803667068481445,43.75,43.849998474121094,42.0099983215332,42.08000183105469,28945000
2009-09-15,28.434968948364258,43.189998626708984,44.20000076293945,42.54999923706055,43.61000061035156,49985400
2009-09-16,29.39619255065918,44.650001525878906,44.68000030517578,43.209999084472656,43.349998474121094,38721900
2009-09-17,29.60028648376465,44.959999084472656,45.11000061035156,44.20000076293945,44.290000915527344,35705700
2009-09-18,29.593692779541016,44.95000076293945,45.34000015258789,44.70000076293945,45.2400016784668,39492000
2009-09-21,29.33036231994629,44.54999923706055,44.79999923706055,44.220001220703125,44.540000915527344,24070000
2009-09-22,30.594423294067383,46.470001220703125,46.4900016784668,44.47999954223633,44.810001373291016,41148100
2009-09-23,29.66613006591797,45.060001373291016,46.5,44.97999954223633,46.400001525878906,34427200
2009-09-24,29.211851119995117,44.369998931884766,45.79999923706055,44.2599983215332,45.209999084472656,42231400
2009-09-25,28.73784637451172,43.650001525878906,44.279998779296875,43.34000015258789,44.150001525878906,31056100
2009-09-28,29.501543045043945,44.810001373291016,44.83000183105469,43.689998626708984,43.970001220703125,25826100
2009-09-29,29.54762840270996,44.880001068115234,45.20000076293945,44.43000030517578,44.88999938964844,23930600
2009-09-30,28.849748611450195,43.81999969482422,44.88999938964844,43.43000030517578,44.79999923706055,40904000
2009-10-01,27.236753463745117,41.369998931884766,43.560001373291016,41.36000061035156,43.400001525878906,50562700
2009-10-02,27.592693328857422,41.86000061035156,42.400001525878906,40.529998779296875,40.81999969482422,43061100
2009-10-05,28.871477127075195,43.79999923706055,43.93000030517578,42.349998474121094,42.47999954223633,34430200
2009-10-06,29.603151321411133,44.90999984741211,45.0,44.06999969482422,44.36000061035156,41695700
2009-10-07,30.123903274536133,45.70000076293945,45.81999969482422,44.459999084472656,44.599998474121094,36148700
2009-10-08,29.860231399536133,45.29999923706055,46.439998626708984,45.04999923706055,46.040000915527344,36627700
2009-10-09,30.222759246826172,45.849998474121094,45.939998626708984,45.08000183105469,45.459999084472656,26034200
2009-10-12,30.374366760253906,46.08000183105469,46.41999816894531,45.349998474121094,46.369998931884766,24220600
2009-10-13,30.0975284576416,45.65999984741211,46.029998779296875,44.529998779296875,45.650001525878906,45701900
2009-10-14,31.086278915405273,47.15999984741211,47.470001220703125,46.630001068115234,47.189998626708984,70368700
2009-10-15,31.086278915405273,47.15999984741211,47.31999969482422,46.36000061035156,46.36000061035156,36096800
2009-10-16,30.361186981201172,46.060001373291016,46.880001068115234,46.0,46.70000076293945,37459000
2009-10-19,30.3084659576416,45.97999954223633,46.43000030517578,45.45000076293945,46.41999816894531,30415400
2009-10-20,30.341413497924805,46.029998779296875,46.59000015258789,45.77000045776367,45.810001373291016,30614800
2009-10-21,29.43178367614746,44.650001525878906,46.41999816894531,44.650001525878906,46.02000045776367,32991600
2009-10-22,30.130489349365234,45.709999084472656,45.869998931884766,44.83000183105469,44.91999816894531,32388900
2009-10-23,29.81407928466797,45.22999954223633,46.20000076293945,44.959999084472656,45.70000076293945,27638200
2009-10-26,28.884658813476562,43.81999969482422,45.209999084472656,43.54999923706055,45.119998931884766,42085500
2009-10-27,28.937402725219727,43.900001525878906,44.65999984741211,43.66999816894531,43.9900016784668,38075200
2009-10-28,28.133220672607422,42.68000030517578,43.810001373291016,42.5,43.72999954223633,45679500
2009-10-29,29.234041213989258,44.349998474121094,44.400001525878906,42.7599983215332,43.220001220703125,35898600
2009-10-30,27.533374786376953,41.77000045776367,43.970001220703125,41.72999954223633,43.95000076293945,58853300
2009-11-02,28.06730842590332,42.58000183105469,42.849998474121094,41.52000045776367,42.18000030517578,44598100
2009-11-03,28.146392822265625,42.70000076293945,42.959999084472656,41.97999954223633,42.09000015258789,29387800
2009-11-04,27.82340431213379,42.209999084472656,43.689998626708984,42.119998931884766,43.209999084472656,42548800
2009-11-05,28.91762351989746,43.869998931884766,43.93000030517578,42.400001525878906,42.599998474121094,32893300
2009-11-06,28.660551071166992,43.47999954223633,43.689998626708984,42.90999984741211,43.13999938964844,27140000
2009-11-09,29.234041213989258,44.349998474121094,44.38999938964844,43.29999923706055,43.93000030517578,38845500
2009-11-10,29.115367889404297,44.16999816894531,44.31999969482422,43.54999923706055,44.13999938964844,30980200
2009-11-11,29.21425437927246,44.31999969482422,44.9900016784668,43.779998779296875,44.34000015258789,32669300
2009-11-12,28.541894912719727,43.29999923706055,44.650001525878906,43.0,44.08000183105469,34649600
2009-11-13,28.278221130371094,42.900001525878906,43.290000915527344,42.36000061035156,43.15999984741211,36650700
2009-11-16,28.370515823364258,43.040000915527344,43.61000061035156,42.7599983215332,43.25,43516700
2009-11-17,28.449615478515625,43.15999984741211,43.189998626708984,42.540000915527344,42.91999816894531,25859700
2009-11-18,28.594633102416992,43.380001068115234,43.5,42.939998626708984,43.13999938964844,20422300
2009-11-19,28.04752540588379,42.54999923706055,43.18000030517578,42.2599983215332,43.099998474121094,26878000
2009-11-20,27.988204956054688,42.459999084472656,42.7400016784668,42.150001525878906,42.470001220703125,25328200
2009-11-23,28.528709411621094,43.279998779296875,43.63999938964844,42.70000076293945,42.95000076293945,29810700
2009-11-24,28.00137710571289,42.47999954223633,43.279998779296875,42.2400016784668,43.2599983215332,31881800
2009-11-25,27.790454864501953,42.15999984741211,42.66999816894531,41.939998626708984,42.66999816894531,26123800
2009-11-27,27.24334716796875,41.33000183105469,41.900001525878906,40.75,40.97999954223633,26230100
2009-11-30,28.00796890258789,42.4900016784668,42.650001525878906,41.4900016784668,41.560001373291016,38240600
2009-12-01,27.830005645751953,42.220001220703125,42.709999084472656,41.619998931884766,42.61000061035156,39211100
2009-12-02,27.638835906982422,41.93000030517578,42.150001525878906,41.470001220703125,42.150001525878906,32519700
2009-12-03,27.289485931396484,41.400001525878906,43.09000015258789,41.310001373291016,42.29999923706055,53314400
2009-12-04,27.513587951660156,41.7400016784668,42.5099983215332,41.220001220703125,42.25,61485000
2009-12-07,27.19059944152832,41.25,41.959999084472656,41.060001373291016,41.630001068115234,32949600
2009-12-08,27.16425132751465,41.209999084472656,41.400001525878906,40.630001068115234,41.0099983215332,41878900
2009-12-09,27.15105628967285,41.189998626708984,41.5099983215332,40.599998474121094,41.25,42492800
2009-12-10,27.20379066467285,41.27000045776367,41.560001373291016,40.65999984741211,41.36000061035156,36380900
2009-12-11,26.999446868896484,40.959999084472656,41.25,40.75,40.9900016784668,46616100
2009-12-14,27.533374786376953,41.77000045776367,41.93000030517578,40.70000076293945,41.0099983215332,35340800
2009-12-15,26.933534622192383,40.86000061035156,41.70000076293945,40.619998931884766,41.5,40244400
2009-12-16,27.26311492919922,41.36000061035156,41.70000076293945,40.880001068115234,41.16999816894531,43562800
2009-12-17,26.544633865356445,40.27000045776367,41.119998931884766,40.189998626708984,41.060001373291016,44272800
2009-12-18,26.992855072021484,40.95000076293945,41.189998626708984,40.040000915527344,40.529998779296875,48126800
2009-12-21,27.619062423706055,41.900001525878906,42.2400016784668,41.5,41.54999923706055,35991900
2009-12-22,27.64542579650879,41.939998626708984,42.099998474121094,41.689998626708984,42.0,24754800
2009-12-23,27.394947052001953,41.560001373291016,41.939998626708984,41.45000076293945,41.84000015258789,24503600
2009-12-24,27.612455368041992,41.88999938964844,41.88999938964844,41.5099983215332,41.68000030517578,7956500
2009-12-28,27.500410079956055,41.720001220703125,42.130001068115234,41.560001373291016,41.849998474121094,13039900
2009-12-29,27.348806381225586,41.4900016784668,41.79999923706055,41.459999084472656,41.72999954223633,15593000
2009-12-30,27.375173568725586,41.529998779296875,41.619998931884766,41.22999954223633,41.27000045776367,15501800
2009-12-31,27.46744155883789,41.66999816894531,42.130001068115234,41.45000076293945,41.619998931884766,20143100
2010-01-04,28.279211044311523,42.849998474121094,42.9900016784668,41.66999816894531,41.790000915527344,35460500
2010-01-05,28.826974868774414,43.68000030517578,43.84000015258789,42.779998779296875,42.790000915527344,41208300
2010-01-06,28.985353469848633,43.91999816894531,44.09000015258789,43.310001373291016,43.45000076293945,27729000
2010-01-07,29.559513092041016,44.790000915527344,45.119998931884766,43.61000061035156,43.790000915527344,44864700
2010-01-08,29.486919403076172,44.68000030517578,44.70000076293945,44.08000183105469,44.369998931884766,33110100
2010-01-11,29.387928009033203,44.529998779296875,45.189998626708984,44.310001373291016,45.119998931884766,31878700
2010-01-12,28.701574325561523,43.4900016784668,44.150001525878906,42.939998626708984,43.9900016784668,47109600
2010-01-13,29.203144073486328,44.25,44.529998779296875,42.869998931884766,43.54999923706055,39622000
2010-01-14,29.4935302734375,44.689998626708984,44.790000915527344,44.099998474121094,44.20000076293945,37938300
2010-01-15,28.826974868774414,43.68000030517578,44.43000030517578,43.34000015258789,44.29999923706055,69738500
2010-01-19,28.56297492980957,43.279998779296875,43.75,42.900001525878906,43.400001525878906,41731500
2010-01-20,28.642175674438477,43.400001525878906,43.68000030517578,42.709999084472656,43.0099983215332,39934400
2010-01-21,26.75469207763672,40.540000915527344,43.150001525878906,40.31999969482422,43.040000915527344,137547700
2010-01-22,25.843952178955078,39.15999984741211,41.20000076293945,38.81999969482422,40.650001525878906,106634900
2010-01-25,25.876956939697266,39.209999084472656,39.88999938964844,38.84000015258789,39.7599983215332,56572200
2010-01-26,25.36878776550293,38.439998626708984,39.84000015258789,38.279998779296875,39.0,52975300
2010-01-27,25.956151962280273,39.33000183105469,39.4900016784668,38.06999969482422,38.349998474121094,66314300
2010-01-28,26.05514907836914,39.47999954223633,40.040000915527344,38.720001220703125,39.68000030517578,65047400
2010-01-29,25.698762893676758,38.939998626708984,39.849998474121094,38.79999923706055,39.650001525878906,53649000
2010-02-01,26.154146194458008,39.630001068115234,39.93000030517578,38.95000076293945,39.099998474121094,37408200
2010-02-02,26.76129913330078,40.54999923706055,40.68000030517578,39.70000076293945,39.79999923706055,45968500
2010-02-03,26.589706420898438,40.290000915527344,41.099998474121094,40.16999816894531,40.58000183105469,37373300
2010-02-04,25.30939483642578,38.349998474121094,39.91999816894531,38.349998474121094,39.790000915527344,57211800
2010-02-05,25.276397705078125,38.29999923706055,38.880001068115234,37.029998779296875,38.63999938964844,75224100
2010-02-08,24.88043212890625,37.70000076293945,38.290000915527344,37.31999969482422,38.290000915527344,58321000
2010-02-09,25.33578872680664,38.38999938964844,38.70000076293945,37.84000015258789,38.189998626708984,45173500
2010-02-10,25.652570724487305,38.869998931884766,39.5,38.52000045776367,38.63999938964844,39331800
2010-02-11,25.751564025878906,39.02000045776367,39.369998931884766,38.36000061035156,38.84000015258789,33830600
2010-02-12,25.705364227294922,38.95000076293945,39.18000030517578,38.36000061035156,38.66999816894531,38051100
2010-02-16,26.44451904296875,40.06999969482422,40.13999938964844,38.75,39.33000183105469,46425300
2010-02-17,26.42472267150879,40.040000915527344,40.45000076293945,39.7599983215332,40.2599983215332,34644100
2010-02-18,26.668903350830078,40.40999984741211,40.5099983215332,39.77000045776367,39.939998626708984,31809500
2010-02-19,26.41811180114746,40.029998779296875,40.70000076293945,39.900001525878906,40.11000061035156,40290200
2010-02-22,26.95928192138672,40.849998474121094,41.29999923706055,40.25,40.400001525878906,43898900
2010-02-23,26.31912612915039,39.880001068115234,41.25,39.7599983215332,40.900001525878906,52233100
2010-02-24,26.95928192138672,40.849998474121094,40.970001220703125,40.0,40.04999923706055,44645000
2010-02-25,26.820695877075195,40.63999938964844,40.689998626708984,39.70000076293945,40.15999984741211,46718100
2010-02-26,27.698440551757812,41.970001220703125,42.310001373291016,40.599998474121094,40.689998626708984,67699100
2010-03-01,27.606048583984375,41.83000183105469,42.18000030517578,41.40999984741211,42.029998779296875,34606800
2010-03-02,27.467453002929688,41.619998931884766,42.400001525878906,41.36000061035156,41.97999954223633,33891600
2010-03-03,27.408061981201172,41.529998779296875,42.060001373291016,41.34000015258789,41.650001525878906,27562500
2010-03-04,27.665451049804688,41.91999816894531,42.08000183105469,41.65999984741211,41.90999984741211,25450700
2010-03-05,28.2528076171875,42.810001373291016,42.869998931884766,42.189998626708984,42.31999969482422,34790800
2010-03-08,28.107603073120117,42.59000015258789,43.029998779296875,42.470001220703125,42.849998474121094,28524900
2010-03-09,27.995410919189453,42.41999816894531,42.81999969482422,42.04999923706055,42.38999938964844,37107100
2010-03-10,28.331993103027344,42.93000030517578,43.4900016784668,42.810001373291016,42.869998931884766,40903700
2010-03-11,28.496994018554688,43.18000030517578,43.20000076293945,42.79999923706055,42.90999984741211,30119600
2010-03-12,28.477195739746094,43.150001525878906,43.540000915527344,42.849998474121094,43.34000015258789,31367300
2010-03-15,28.42439842224121,43.06999969482422,43.209999084472656,42.599998474121094,42.91999816894531,29142000
2010-03-16,28.53659439086914,43.2400016784668,43.380001068115234,42.689998626708984,43.349998474121094,28553800
2010-03-17,28.89955711364746,43.790000915527344,44.11000061035156,43.27000045776367,43.310001373291016,32918800
2010-03-18,28.80055809020996,43.63999938964844,43.790000915527344,43.150001525878906,43.75,26012000
2010-03-19,28.675174713134766,43.45000076293945,43.88999938964844,43.130001068115234,43.45000076293945,37014400
2010-03-22,28.86656951904297,43.7400016784668,43.790000915527344,43.040000915527344,43.06999969482422,23257200
2010-03-23,29.420936584472656,44.58000183105469,44.7400016784668,43.779998779296875,43.849998474121094,33735700
2010-03-24,29.65850257873535,44.939998626708984,44.970001220703125,44.20000076293945,44.439998626708984,35849200
2010-03-25,29.65850257873535,44.939998626708984,46.04999923706055,44.88999938964844,44.97999954223633,45019400
2010-03-26,29.711322784423828,45.02000045776367,45.88999938964844,44.790000915527344,45.040000915527344,39727000
2010-03-29,29.605716705322266,44.86000061035156,45.380001068115234,44.459999084472656,45.25,30628400
2010-03-30,29.420936584472656,44.58000183105469,45.04999923706055,44.36000061035156,44.900001525878906,30296300
2010-03-31,29.533126831054688,44.75,45.0,44.25,44.310001373291016,39043000
2010-04-01,29.850248336791992,45.18000030517578,45.310001373291016,44.9900016784668,45.029998779296875,23894600
2010-04-05,29.955961227416992,45.34000015258789,45.400001525878906,44.790000915527344,45.279998779296875,21342400
2010-04-06,30.286317825317383,45.84000015258789,45.939998626708984,45.150001525878906,45.22999954223633,28192100
2010-04-07,29.942745208740234,45.31999969482422,46.04999923706055,45.02000045776367,45.83000183105469,28890100
2010-04-08,30.233457565307617,45.7599983215332,45.970001220703125,44.810001373291016,45.15999984741211,28869900
2010-04-09,30.378826141357422,45.97999954223633,46.220001220703125,45.45000076293945,45.880001068115234,22881200
2010-04-12,30.484519958496094,46.13999938964844,46.470001220703125,45.900001525878906,46.029998779296875,24645900
2010-04-13,30.306133270263672,45.869998931884766,46.380001068115234,45.849998474121094,46.040000915527344,27988900
2010-04-14,31.53502655029297,47.72999954223633,47.93000030517578,46.779998779296875,47.400001525878906,72533100
2010-04-15,31.587892532348633,47.810001373291016,48.20000076293945,47.4900016784668,47.650001525878906,45412100
2010-04-16,30.094711303710938,45.54999923706055,47.75,45.13999938964844,47.66999816894531,121203900
2010-04-19,29.988998413085938,45.38999938964844,45.70000076293945,44.59000015258789,45.22999954223633,72136600
2010-04-20,30.31275177001953,45.880001068115234,46.150001525878906,45.560001373291016,45.77000045776367,39310700
2010-04-21,29.962574005126953,45.349998474121094,46.38999938964844,45.0,46.040000915527344,46320600
2010-04-22,29.55955696105957,44.7400016784668,45.119998931884766,44.029998779296875,44.90999984741211,63176900
2010-04-23,29.691680908203125,44.939998626708984,45.06999969482422,44.25,44.72999954223633,32483800
2010-04-26,28.997966766357422,43.88999938964844,44.810001373291016,43.72999954223633,44.779998779296875,42889300
2010-04-27,28.02013397216797,42.40999984741211,44.369998931884766,42.29999923706055,43.47999954223633,66296100
2010-04-28,28.7138671875,43.459999084472656,43.709999084472656,42.779998779296875,42.84000015258789,48578900
2010-04-29,29.07062530517578,44.0,44.33000183105469,43.599998474121094,43.88999938964844,36520300
2010-04-30,28.132463455200195,42.58000183105469,44.04999923706055,42.22999954223633,44.02000045776367,54121100
2010-05-03,28.76010513305664,43.529998779296875,43.72999954223633,42.88999938964844,42.970001220703125,31230900
2010-05-04,28.05976104736328,42.470001220703125,43.36000061035156,42.25,42.970001220703125,48982200
2010-05-05,28.16548728942871,42.630001068115234,43.369998931884766,41.619998931884766,42.11000061035156,43062100
2010-05-06,26.9630184173584,40.810001373291016,42.779998779296875,39.290000915527344,42.630001068115234,78226200
2010-05-07,26.929975509643555,40.7599983215332,41.84000015258789,39.779998779296875,41.029998779296875,72976300
2010-05-10,27.716205596923828,41.95000076293945,43.29999923706055,41.41999816894531,42.31999969482422,66578300
2010-05-11,27.451919555664062,41.54999923706055,42.54999923706055,41.150001525878906,41.459999084472656,50771200
2010-05-12,27.544418334960938,41.689998626708984,41.790000915527344,40.810001373291016,41.7400016784668,47700000
2010-05-13,26.9630184173584,40.810001373291016,41.599998474121094,40.779998779296875,41.439998626708984,35320800
2010-05-14,26.355167388916016,39.88999938964844,40.099998474121094,39.209999084472656,40.099998474121094,60719400
2010-05-17,26.322141647338867,39.84000015258789,40.040000915527344,38.77000045776367,39.93000030517578,56506200
2010-05-18,25.780370712280273,39.02000045776367,40.619998931884766,38.54999923706055,40.619998931884766,61735000
2010-05-19,26.01822280883789,39.380001068115234,39.65999984741211,38.52000045776367,38.540000915527344,64600500
2010-05-20,24.994142532348633,37.83000183105469,39.25,37.310001373291016,38.54999923706055,76564100
2010-05-21,26.460886001586914,40.04999923706055,40.15999984741211,37.02000045776367,37.02000045776367,89588800
2010-05-24,25.516096115112305,38.619998931884766,40.25,38.5,40.15999984741211,49141600
2010-05-25,25.727508544921875,38.939998626708984,39.0099983215332,37.349998474121094,37.66999816894531,66813700
2010-05-26,25.62178611755371,38.779998779296875,39.5,38.470001220703125,39.189998626708984,50719600
2010-05-27,26.705339431762695,40.41999816894531,40.4900016784668,39.400001525878906,39.58000183105469,44843000
2010-05-28,26.150354385375977,39.58000183105469,40.349998474121094,39.36000061035156,40.33000183105469,41252400
2010-06-01,25.463233947753906,38.540000915527344,39.959999084472656,38.5,39.31999969482422,37848600
2010-06-02,26.130538940429688,39.54999923706055,39.619998931884766,38.66999816894531,39.16999816894531,39618500
2010-06-03,25.833227157592773,39.099998474121094,39.939998626708984,38.619998931884766,39.86000061035156,30950400
2010-06-04,24.85540008544922,37.619998931884766,38.70000076293945,37.5,38.4900016784668,52868900
2010-06-07,24.26076889038086,36.720001220703125,38.130001068115234,36.65999984741211,37.790000915527344,44528300
2010-06-08,24.961095809936523,37.779998779296875,37.79999923706055,36.54999923706055,36.86000061035156,51017900
2010-06-09,24.525043487548828,37.119998931884766,38.15999984741211,37.0099983215332,38.150001525878906,42586000
2010-06-10,25.298059463500977,38.290000915527344,38.369998931884766,37.40999984741211,37.68000030517578,44302600
2010-06-11,25.16591453552246,38.09000015258789,38.16999816894531,37.52000045776367,37.790000915527344,31147600
2010-06-14,24.66379737854004,37.33000183105469,38.27000045776367,37.22999954223633,37.970001220703125,48662200
2010-06-15,25.271631240844727,38.25,38.279998779296875,37.2599983215332,37.54999923706055,45355600
2010-06-16,25.450016021728516,38.52000045776367,38.880001068115234,37.9900016784668,38.02000045776367,37217100
2010-06-17,25.397165298461914,38.439998626708984,38.900001525878906,37.91999816894531,38.599998474121094,34755100
2010-06-18,25.886075973510742,39.18000030517578,39.27000045776367,38.380001068115234,38.599998474121094,37270800
2010-06-21,25.681257247924805,38.869998931884766,39.779998779296875,38.65999984741211,39.54999923706055,33665100
2010-06-22,25.324495315551758,38.33000183105469,39.58000183105469,38.220001220703125,38.93000030517578,42245700
2010-06-23,25.694482803344727,38.88999938964844,39.11000061035156,38.02000045776367,38.290000915527344,45046000
2010-06-24,25.12627601623535,38.029998779296875,38.70000076293945,37.41999816894531,38.54999923706055,73843400
2010-06-25,26.05785369873047,39.439998626708984,39.599998474121094,38.279998779296875,38.779998779296875,70734200
2010-06-28,25.463233947753906,38.540000915527344,39.63999938964844,38.470001220703125,39.54999923706055,39962900
2010-06-29,24.48540687561035,37.060001373291016,37.90999984741211,36.880001068115234,37.90999984741211,56694200
2010-06-30,24.188091278076172,36.61000061035156,37.4900016784668,36.5099983215332,37.02000045776367,35332500
2010-07-01,23.870527267456055,36.08000183105469,36.689998626708984,35.15999984741211,36.540000915527344,56642900
2010-07-02,23.705114364624023,35.83000183105469,36.689998626708984,35.34000015258789,36.310001373291016,36796000
2010-07-06,24.03592300415039,36.33000183105469,36.880001068115234,35.86000061035156,36.689998626708984,35953600
2010-07-07,25.240022659301758,38.150001525878906,38.2400016784668,36.40999984741211,36.63999938964844,44602900
2010-07-08,25.24665069580078,38.15999984741211,38.81999969482422,37.150001525878906,38.779998779296875,41498200
2010-07-09,25.703144073486328,38.849998474121094,38.88999938964844,37.68000030517578,37.75,30422300
2010-07-12,25.9281005859375,39.189998626708984,39.34000015258789,38.599998474121094,38.86000061035156,24998900
2010-07-13,26.781564712524414,40.47999954223633,40.689998626708984,39.7400016784668,39.810001373291016,48564800
2010-07-14,26.6955623626709,40.349998474121094,40.380001068115234,39.84000015258789,40.150001525878906,37320600
2010-07-15,26.768333435058594,40.459999084472656,40.84000015258789,39.310001373291016,40.720001220703125,81876200
2010-07-16,25.802398681640625,39.0,40.349998474121094,38.86000061035156,40.279998779296875,58507400
2010-07-19,25.8288516998291,39.040000915527344,39.36000061035156,38.119998931884766,39.029998779296875,35404900
2010-07-20,26.219207763671875,39.630001068115234,39.63999938964844,38.279998779296875,38.31999969482422,43538200
2010-07-21,25.418663024902344,38.41999816894531,40.25,38.34000015258789,40.25,41115600
2010-07-22,26.033950805664062,39.349998474121094,39.599998474121094,38.72999954223633,38.959999084472656,35494400
2010-07-23,26.351520538330078,39.83000183105469,39.959999084472656,38.970001220703125,39.16999816894531,28241000
2010-07-26,26.68231773376465,40.33000183105469,40.36000061035156,39.5,39.79999923706055,27209400
2010-07-27,26.920501708984375,40.689998626708984,41.2400016784668,40.61000061035156,40.7400016784668,44872200
2010-07-28,26.675704956054688,40.31999969482422,40.900001525878906,40.150001525878906,40.439998626708984,23945400
2010-07-29,26.602935791015625,40.209999084472656,40.83000183105469,39.90999984741211,40.709999084472656,28994300
2010-07-30,26.64923667907715,40.279998779296875,40.689998626708984,39.720001220703125,39.720001220703125,26406500
2010-08-02,27.549013137817383,41.63999938964844,41.70000076293945,40.72999954223633,40.97999954223633,35566700
2010-08-03,27.178518295288086,41.08000183105469,41.650001525878906,40.869998931884766,41.5,29967900
2010-08-04,27.317466735839844,41.290000915527344,41.400001525878906,40.86000061035156,41.220001220703125,23078100
2010-08-05,27.30421257019043,41.27000045776367,41.43000030517578,40.939998626708984,40.970001220703125,19830500
2010-08-06,26.755102157592773,40.439998626708984,40.95000076293945,39.970001220703125,40.7400016784668,34906600
2010-08-09,26.34490394592285,39.81999969482422,40.560001373291016,39.65999984741211,40.54999923706055,37790900
2010-08-10,25.914865493774414,39.16999816894531,39.72999954223633,39.15999984741211,39.66999816894531,34166500
2010-08-11,24.988622665405273,37.77000045776367,38.779998779296875,37.75,38.650001525878906,46201600
2010-08-12,25.01508331298828,37.810001373291016,37.9900016784668,37.220001220703125,37.36000061035156,35387300
2010-08-13,24.809999465942383,37.5,38.040000915527344,37.5,37.79999923706055,24564100
2010-08-16,24.935697555541992,37.689998626708984,37.81999969482422,37.279998779296875,37.31999969482422,28334100
2010-08-17,24.796754837036133,37.47999954223633,38.06999969482422,37.400001525878906,37.970001220703125,33883800
2010-08-18,25.068012237548828,37.88999938964844,38.189998626708984,37.38999938964844,37.38999938964844,27041700
2010-08-19,24.525510787963867,37.06999969482422,37.970001220703125,37.0,37.65999984741211,35384700
2010-08-20,24.571821212768555,37.13999938964844,37.36000061035156,36.810001373291016,37.11000061035156,30862000
2010-08-23,24.399797439575195,36.880001068115234,37.40999984741211,36.84000015258789,37.209999084472656,29282800
2010-08-24,23.956531524658203,36.209999084472656,36.70000076293945,35.91999816894531,36.59000015258789,48709200
2010-08-25,23.969758987426758,36.22999954223633,36.439998626708984,35.66999816894531,35.95000076293945,36058000
2010-08-26,23.57280158996582,35.630001068115234,36.619998931884766,35.619998931884766,36.36000061035156,31873200
2010-08-27,24.214550018310547,36.599998474121094,36.689998626708984,35.54999923706055,35.869998931884766,38448800
2010-08-30,23.718353271484375,35.849998474121094,36.599998474121094,35.83000183105469,36.400001525878906,27306500
2010-08-31,24.055774688720703,36.36000061035156,36.63999938964844,35.72999954223633,35.939998626708984,34784400
2010-09-01,24.96878433227539,37.7400016784668,37.79999923706055,36.65999984741211,36.7400016784668,36770500
2010-09-02,25.24665069580078,38.15999984741211,38.20000076293945,37.4900016784668,37.84000015258789,31282900
2010-09-03,25.914865493774414,39.16999816894531,39.16999816894531,38.470001220703125,38.470001220703125,34135600
2010-09-07,25.32603645324707,38.279998779296875,38.84000015258789,38.220001220703125,38.72999954223633,31885500
2010-09-08,25.881772994995117,39.119998931884766,39.43000030517578,38.34000015258789,38.34000015258789,30781000
2010-09-09,26.530149459838867,40.099998474121094,40.31999969482422,39.119998931884766,39.93000030517578,33438800
2010-09-10,26.305208206176758,39.7599983215332,40.25,39.66999816894531,39.91999816894531,21928600
2010-09-13,27.204986572265625,41.119998931884766,41.470001220703125,40.63999938964844,40.63999938964844,41643200
2010-09-14,26.940345764160156,40.720001220703125,41.22999954223633,40.459999084472656,40.970001220703125,42754100
2010-09-15,27.11235809326172,40.97999954223633,41.13999938964844,40.34000015258789,40.5099983215332,25399500
2010-09-16,27.118967056274414,40.9900016784668,41.099998474121094,40.54999923706055,40.720001220703125,25207500
2010-09-17,26.503684997558594,40.060001373291016,41.08000183105469,39.9900016784668,41.029998779296875,45938300
2010-09-20,27.251283645629883,41.189998626708984,41.310001373291016,40.029998779296875,40.2400016784668,33337500
2010-09-21,26.854341506958008,40.59000015258789,41.5,40.470001220703125,41.310001373291016,33548900
2010-09-22,26.424301147460938,39.939998626708984,40.84000015258789,39.75,40.43000030517578,34546000
2010-09-23,25.868547439575195,39.099998474121094,39.70000076293945,38.9900016784668,39.630001068115234,33471100
2010-09-24,26.2985897064209,39.75,39.79999923706055,39.29999923706055,39.5099983215332,28855100
2010-09-27,25.85532569885254,39.08000183105469,39.66999816894531,39.0099983215332,39.540000915527344,25684900
2010-09-28,25.769306182861328,38.95000076293945,39.400001525878906,38.61000061035156,39.36000061035156,31442600
2010-09-29,25.412063598632812,38.40999984741211,38.880001068115234,38.060001373291016,38.790000915527344,40207000
2010-09-30,25.18048667907715,38.060001373291016,38.95000076293945,37.959999084472656,38.4900016784668,54885200
2010-10-01,25.676692962646484,38.810001373291016,39.09000015258789,38.290000915527344,38.34000015258789,38973800
2010-10-04,25.80254554748535,38.95000076293945,39.540000915527344,38.709999084472656,38.97999954223633,38886100
2010-10-05,26.2596435546875,39.63999938964844,39.81999969482422,39.06999969482422,39.36000061035156,42379500
2010-10-06,26.431882858276367,39.900001525878906,40.06999969482422,39.41999816894531,39.560001373291016,31559900
2010-10-07,26.180150985717773,39.52000045776367,40.31999969482422,39.20000076293945,40.11000061035156,26923900
2010-10-08,26.041034698486328,39.310001373291016,39.779998779296875,39.130001068115234,39.66999816894531,28178500
2010-10-11,26.319265365600586,39.72999954223633,39.90999984741211,39.400001525878906,39.52000045776367,24601000
2010-10-12,26.76310920715332,40.400001525878906,40.4900016784668,39.470001220703125,39.470001220703125,38798100
2010-10-13,26.392139434814453,39.84000015258789,40.720001220703125,39.58000183105469,40.65999984741211,69607700
2010-10-14,25.65020179748535,38.720001220703125,39.380001068115234,38.099998474121094,39.25,76504900
2010-10-15,24.610139846801758,37.150001525878906,38.939998626708984,36.540000915527344,38.869998931884766,142280400
2010-10-18,25.30571746826172,38.20000076293945,38.2599983215332,37.0099983215332,37.150001525878906,55058700
2010-10-19,24.96786117553711,37.689998626708984,38.650001525878906,37.5,37.900001525878906,70595100
2010-10-20,25.23946762084961,38.099998474121094,38.29999923706055,37.459999084472656,38.0,43497200
2010-10-21,24.974496841430664,37.70000076293945,38.400001525878906,36.209999084472656,38.189998626708984,38250300
2010-10-22,24.974496841430664,37.70000076293945,37.790000915527344,37.31999969482422,37.5,24876900
2010-10-25,24.557147979736328,37.06999969482422,38.06999969482422,37.0,37.970001220703125,37893500
2010-10-26,24.643264770507812,37.20000076293945,37.2599983215332,36.779998779296875,36.97999954223633,39188100
2010-10-27,24.868494033813477,37.540000915527344,37.630001068115234,37.0,37.060001373291016,30777500
2010-10-28,24.848613739013672,37.5099983215332,37.959999084472656,37.33000183105469,37.70000076293945,30614600
2010-10-29,24.92812156677246,37.630001068115234,37.7400016784668,37.31999969482422,37.45000076293945,19803300
2010-11-01,24.788999557495117,37.41999816894531,38.0,37.099998474121094,37.61000061035156,36941900
2010-11-02,24.484277725219727,36.959999084472656,37.56999969482422,36.83000183105469,37.529998779296875,39913100
2010-11-03,24.987730026245117,37.720001220703125,37.83000183105469,36.959999084472656,36.97999954223633,35299600
2010-11-04,26.36564064025879,39.79999923706055,39.849998474121094,37.86000061035156,38.13999938964844,77569400
2010-11-05,27.120838165283203,40.939998626708984,41.34000015258789,39.779998779296875,39.88999938964844,75684800
2010-11-08,26.835988998413086,40.5099983215332,41.20000076293945,40.209999084472656,40.86000061035156,32967000
2010-11-09,26.431882858276367,39.900001525878906,40.68000030517578,39.72999954223633,40.43000030517578,32800100
2010-11-10,26.90885353088379,40.619998931884766,40.63999938964844,39.59000015258789,39.869998931884766,35587900
2010-11-11,26.511384963989258,40.02000045776367,40.439998626708984,39.849998474121094,40.27000045776367,25499700
2010-11-12,26.239776611328125,39.61000061035156,40.2599983215332,39.380001068115234,39.86000061035156,33504800
2010-11-15,26.551128387451172,40.08000183105469,40.63999938964844,39.709999084472656,39.81999969482422,28772500
2010-11-16,26.239776611328125,39.61000061035156,39.970001220703125,39.040000915527344,39.7400016784668,46023000
2010-11-17,25.954917907714844,39.18000030517578,39.68000030517578,38.97999954223633,39.58000183105469,32027500
2010-11-18,26.272911071777344,39.65999984741211,40.0,39.36000061035156,39.56999969482422,30987600
2010-11-19,26.10728645324707,39.40999984741211,39.63999938964844,39.2599983215332,39.40999984741211,26542000
2010-11-22,25.511077880859375,38.5099983215332,39.099998474121094,38.209999084472656,39.060001373291016,33249500
2010-11-23,24.92812156677246,37.630001068115234,38.220001220703125,37.599998474121094,38.0099983215332,35340400
2010-11-24,25.279218673706055,38.15999984741211,38.2400016784668,37.59000015258789,37.83000183105469,24248300
2010-11-26,24.842002868652344,37.5,37.97999954223633,37.5,37.709999084472656,12819100
2010-11-29,25.113601684570312,37.90999984741211,38.09000015258789,37.11000061035156,37.470001220703125,30911400
2010-11-30,24.7757511138916,37.400001525878906,37.790000915527344,37.2400016784668,37.4900016784668,33716700
2010-12-01,25.272584915161133,38.150001525878906,38.189998626708984,37.650001525878906,37.95000076293945,33157200
2010-12-02,26.041034698486328,39.310001373291016,39.380001068115234,38.33000183105469,38.43000030517578,41526000
2010-12-03,26.239776611328125,39.61000061035156,39.66999816894531,38.70000076293945,39.06999969482422,30070200
2010-12-06,26.431882858276367,39.900001525878906,40.04999923706055,39.29999923706055,39.47999954223633,25364500
2010-12-07,26.00128936767578,39.25,40.459999084472656,39.2400016784668,40.349998474121094,40908200
2010-12-08,26.670372009277344,40.2599983215332,40.33000183105469,39.060001373291016,39.36000061035156,38115900
2010-12-09,27.03472137451172,40.810001373291016,41.099998474121094,40.56999969482422,40.66999816894531,43001900
2010-12-10,27.445444107055664,41.43000030517578,41.5,40.77000045776367,40.88999938964844,28449000
2010-12-13,27.498437881469727,41.5099983215332,41.9900016784668,41.15999984741211,41.56999969482422,35730400
2010-12-14,27.02146339416504,40.790000915527344,41.5,40.470001220703125,41.439998626708984,34010800
2010-12-15,26.63725471496582,40.209999084472656,41.0,40.060001373291016,40.72999954223633,30264000
2010-12-16,26.5047550201416,40.0099983215332,40.68000030517578,39.81999969482422,40.41999816894531,37123200
2010-12-17,26.279518127441406,39.66999816894531,40.06999969482422,39.529998779296875,40.060001373291016,52004800
2010-12-20,26.465002059936523,39.95000076293945,40.27000045776367,39.689998626708984,39.83000183105469,22978200
2010-12-21,27.160579681396484,41.0,41.2400016784668,39.97999954223633,40.15999984741211,30757800
2010-12-22,27.929033279418945,42.15999984741211,42.540000915527344,41.15999984741211,41.16999816894531,47280400
2010-12-23,27.876035690307617,42.08000183105469,42.27000045776367,41.81999969482422,42.150001525878906,18927900
2010-12-27,28.26687240600586,42.66999816894531,42.68000030517578,41.79999923706055,41.81999969482422,17203200
2010-12-28,28.227134704589844,42.61000061035156,43.119998931884766,42.470001220703125,42.70000076293945,20386600
2010-12-29,28.061521530151367,42.36000061035156,42.77000045776367,42.29999923706055,42.58000183105469,13637400
2010-12-30,27.97539710998535,42.22999954223633,42.470001220703125,42.04999923706055,42.310001373291016,12901900
2010-12-31,28.101266860961914,42.41999816894531,42.45000076293945,42.040000915527344,42.11000061035156,12199700
2011-01-03,28.869720458984375,43.58000183105469,44.040000915527344,42.959999084472656,43.0,43278500
2011-01-04,29.287540435791016,44.15999984741211,44.29999923706055,43.34000015258789,43.779998779296875,40036800
2011-01-05,29.64566993713379,44.70000076293945,44.95000076293945,43.900001525878906,43.91999816894531,50032500
2011-01-06,29.499755859375,44.47999954223633,44.79999923706055,44.25,44.400001525878906,31606200
2011-01-07,28.942657470703125,43.63999938964844,44.59000015258789,42.650001525878906,44.540000915527344,69579400
2011-01-10,28.78350067138672,43.400001525878906,43.77000045776367,43.0,43.27000045776367,30098100
2011-01-11,28.916139602661133,43.599998474121094,44.02000045776367,43.41999816894531,43.70000076293945,28067100
2011-01-12,29.652299880981445,44.709999084472656,44.900001525878906,44.25,44.439998626708984,44296900
2011-01-13,29.47987174987793,44.45000076293945,44.970001220703125,44.16999816894531,44.939998626708984,42133000
2011-01-14,29.784942626953125,44.90999984741211,45.939998626708984,44.45000076293945,44.5099983215332,86983800
2011-01-18,29.678848266601562,44.75,45.41999816894531,44.5,45.02000045776367,46237700
2011-01-19,28.989086151123047,43.709999084472656,44.970001220703125,43.599998474121094,44.54999923706055,44989200
2011-01-20,29.678848266601562,44.75,44.9900016784668,43.61000061035156,43.83000183105469,46977700
2011-01-21,30.036975860595703,45.290000915527344,45.540000915527344,44.849998474121094,45.04999923706055,44767400
2011-01-24,29.857912063598633,45.02000045776367,45.47999954223633,44.86000061035156,45.209999084472656,27826800
2011-01-25,29.758403778076172,44.869998931884766,45.43000030517578,44.2599983215332,44.81999969482422,36022400
2011-01-26,29.83137321472168,44.97999954223633,45.47999954223633,44.869998931884766,45.20000076293945,25639400
2011-01-27,29.910961151123047,45.099998474121094,45.380001068115234,44.689998626708984,44.97999954223633,26740900
2011-01-28,29.5395565032959,44.540000915527344,45.880001068115234,44.400001525878906,45.04999923706055,38593900
2011-01-31,29.804840087890625,44.939998626708984,45.099998474121094,44.400001525878906,44.40999984741211,23574500
2011-02-01,30.4614315032959,45.93000030517578,46.0,45.15999984741211,45.20000076293945,28255500
2011-02-02,30.143089294433594,45.45000076293945,45.97999954223633,45.34000015258789,45.790000915527344,24104900
2011-02-03,30.14972496032715,45.459999084472656,45.75,44.84000015258789,45.47999954223633,23322400
2011-02-04,29.572721481323242,44.59000015258789,45.16999816894531,44.29999923706055,45.0,38172900
2011-02-07,30.17624282836914,45.5,45.75,44.650001525878906,44.75,36790900
2011-02-08,30.335416793823242,45.7400016784668,45.81999969482422,45.310001373291016,45.4900016784668,28649500
2011-02-09,29.917598724365234,45.11000061035156,45.5,44.650001525878906,45.36000061035156,33491000
2011-02-10,30.196144104003906,45.529998779296875,45.540000915527344,44.95000076293945,45.099998474121094,22688600
2011-02-11,30.885896682739258,46.56999969482422,46.88999938964844,45.400001525878906,45.400001525878906,40812800
2011-02-14,30.865991592407227,46.540000915527344,46.900001525878906,46.470001220703125,46.599998474121094,28699200
2011-02-15,31.051681518554688,46.81999969482422,47.34000015258789,46.540000915527344,46.560001373291016,35972900
2011-02-16,31.794490814208984,47.939998626708984,48.36000061035156,47.099998474121094,47.150001525878906,44327800
2011-02-17,31.71489906311035,47.81999969482422,47.9900016784668,47.5,47.77000045776367,22932600
2011-02-18,31.834285736083984,48.0,48.130001068115234,47.54999923706055,47.81999969482422,23844300
2011-02-22,30.514480590820312,46.0099983215332,47.27000045776367,45.849998474121094,47.20000076293945,44561900
2011-02-23,30.48131561279297,45.959999084472656,46.5,45.290000915527344,46.040000915527344,36264800
2011-02-24,30.44816017150879,45.90999984741211,46.060001373291016,45.209999084472656,45.630001068115234,31926900
2011-02-25,30.958839416503906,46.68000030517578,46.86000061035156,46.119998931884766,46.25,26782100
2011-02-28,30.965469360351562,46.689998626708984,47.18000030517578,46.41999816894531,46.810001373291016,25985300
2011-03-01,30.24257469177246,45.599998474121094,46.689998626708984,45.59000015258789,46.470001220703125,33682600
2011-03-02,29.983911514282227,45.209999084472656,45.970001220703125,45.06999969482422,45.38999938964844,28600000
2011-03-03,30.560911178588867,46.08000183105469,46.33000183105469,45.709999084472656,45.720001220703125,23043600
2011-03-04,30.189510345458984,45.52000045776367,46.040000915527344,45.099998474121094,45.97999954223633,27716900
2011-03-07,29.970645904541016,45.189998626708984,45.650001525878906,44.7599983215332,45.619998931884766,28110800
2011-03-08,30.773134231567383,46.400001525878906,46.689998626708984,45.29999923706055,45.380001068115234,32941500
2011-03-09,30.879253387451172,46.560001373291016,47.099998474121094,46.02000045776367,46.33000183105469,25174700
2011-03-10,30.196144104003906,45.529998779296875,46.25,45.2599983215332,46.08000183105469,33783700
2011-03-11,30.335416793823242,45.7400016784668,45.84000015258789,45.25,45.279998779296875,20337600
2011-03-14,30.043603897094727,45.29999923706055,45.540000915527344,44.630001068115234,45.41999816894531,24508900
2011-03-15,29.58597755432129,44.61000061035156,44.9900016784668,43.849998474121094,44.54999923706055,35606000
2011-03-16,29.0554141998291,43.810001373291016,44.779998779296875,43.65999984741211,44.63999938964844,41962900
2011-03-17,29.552820205688477,44.560001373291016,44.61000061035156,43.400001525878906,44.459999084472656,46741800
2011-03-18,30.335416793823242,45.7400016784668,46.18000030517578,44.75,45.2400016784668,77421000
2011-03-21,30.26246452331543,45.630001068115234,46.31999969482422,45.31999969482422,46.279998779296875,28985300
2011-03-22,30.156354904174805,45.470001220703125,45.709999084472656,45.349998474121094,45.65999984741211,19756600
2011-03-23,30.24257469177246,45.599998474121094,45.689998626708984,44.77000045776367,45.290000915527344,26688900
2011-03-24,30.328784942626953,45.72999954223633,45.84000015258789,45.09000015258789,45.70000076293945,21748100
2011-03-25,30.414997100830078,45.86000061035156,46.380001068115234,45.66999816894531,45.70000076293945,20710400
2011-03-28,30.48131561279297,45.959999084472656,46.5,45.95000076293945,46.099998474121094,19039400
2011-03-29,30.521121978759766,46.02000045776367,46.040000915527344,45.52000045776367,45.83000183105469,17913300
2011-03-30,30.806304931640625,46.45000076293945,46.849998474121094,46.220001220703125,46.529998779296875,26829100
2011-03-31,30.57416534423828,46.099998474121094,46.34000015258789,45.959999084472656,46.04999923706055,23340500
2011-04-01,30.739973068237305,46.349998474121094,46.880001068115234,46.18000030517578,46.54999923706055,25387300
2011-04-04,30.899995803833008,46.34000015258789,46.52000045776367,46.04999923706055,46.119998931884766,15708000
2011-04-05,31.0600643157959,46.58000183105469,46.77000045776367,46.04999923706055,46.16999816894531,21058400
2011-04-06,31.766860961914062,47.63999938964844,47.72999954223633,46.630001068115234,46.810001373291016,31203300
2011-04-07,31.606826782226562,47.400001525878906,47.79999923706055,46.959999084472656,47.63999938964844,29972000
2011-04-08,31.233402252197266,46.84000015258789,47.65999984741211,46.630001068115234,47.52000045776367,23808000
2011-04-11,31.246749877929688,46.86000061035156,47.27000045776367,46.75,47.0,25641600
2011-04-12,31.100055694580078,46.63999938964844,47.11000061035156,46.25,46.54999923706055,27231300
2011-04-13,30.840003967285156,46.25,47.369998931884766,45.880001068115234,47.2400016784668,55383900
2011-04-14,29.98648452758789,44.970001220703125,45.75,44.90999984741211,45.68000030517578,45214600
2011-04-15,29.933134078979492,44.88999938964844,45.369998931884766,44.83000183105469,45.2400016784668,32475000
2011-04-18,29.31300926208496,43.959999084472656,44.349998474121094,43.529998779296875,44.27000045776367,50958800
2011-04-19,29.773090362548828,44.650001525878906,44.709999084472656,43.7599983215332,44.2599983215332,26705000
2011-04-20,29.713085174560547,44.560001373291016,44.970001220703125,43.939998626708984,44.900001525878906,35542800
2011-04-21,29.793106079101562,44.68000030517578,44.84000015258789,44.119998931884766,44.68000030517578,24368100
2011-04-25,29.74642562866211,44.61000061035156,45.02000045776367,44.380001068115234,44.650001525878906,17358900
2011-04-26,30.086498260498047,45.119998931884766,45.43000030517578,44.61000061035156,44.849998474121094,25900000
2011-04-27,30.339889526367188,45.5,45.630001068115234,45.04999923706055,45.29999923706055,20857200
2011-04-28,30.57327651977539,45.849998474121094,45.93000030517578,45.40999984741211,45.61000061035156,19859000
2011-04-29,30.426576614379883,45.630001068115234,46.02000045776367,45.400001525878906,45.810001373291016,23363000
2011-05-02,30.12651252746582,45.18000030517578,45.9900016784668,45.11000061035156,45.939998626708984,25904000
2011-05-03,30.619951248168945,45.91999816894531,46.06999969482422,44.86000061035156,44.95000076293945,30025500
2011-05-04,30.339889526367188,45.5,46.040000915527344,45.279998779296875,45.97999954223633,22727400
2011-05-05,30.119844436645508,45.16999816894531,45.709999084472656,44.9900016784668,45.2400016784668,26154500
2011-05-06,30.033172607421875,45.040000915527344,45.709999084472656,44.7599983215332,45.470001220703125,26332300
2011-05-09,29.979820251464844,44.959999084472656,45.11000061035156,44.31999969482422,44.75,22469500
2011-05-10,30.113178253173828,45.15999984741211,45.5,44.97999954223633,45.060001373291016,20534200
2011-05-11,29.493043899536133,44.22999954223633,45.040000915527344,44.11000061035156,45.02000045776367,31519600
2011-05-12,29.399690628051758,44.09000015258789,44.33000183105469,43.54999923706055,44.099998474121094,29567900
2011-05-13,28.77289581298828,43.150001525878906,44.099998474121094,42.97999954223633,44.060001373291016,32872500
2011-05-16,28.592849731445312,42.880001068115234,43.47999954223633,42.720001220703125,42.970001220703125,34951100
2011-05-17,29.212980270385742,43.810001373291016,44.02000045776367,42.650001525878906,42.68000030517578,36277100
2011-05-18,29.393024444580078,44.08000183105469,44.2400016784668,43.40999984741211,43.720001220703125,24372100
2011-05-19,29.339675903320312,44.0,44.349998474121094,43.75,44.31999969482422,19518000
2011-05-20,28.759550094604492,43.130001068115234,44.09000015258789,43.09000015258789,43.83000183105469,29946700
2011-05-23,28.3727970123291,42.54999923706055,42.900001525878906,42.29999923706055,42.400001525878906,32299500
2011-05-24,28.232757568359375,42.34000015258789,42.91999816894531,41.689998626708984,42.77000045776367,39341400
2011-05-25,28.186098098754883,42.27000045776367,42.75,42.099998474121094,42.11000061035156,26505300
2011-05-26,28.306116104125977,42.45000076293945,42.59000015258789,42.099998474121094,42.119998931884766,21648100
2011-05-27,28.5328426361084,42.790000915527344,43.150001525878906,42.540000915527344,42.70000076293945,24747300
2011-05-31,28.83290672302246,43.2400016784668,43.380001068115234,42.77000045776367,43.2400016784668,28746300
2011-06-01,27.84602165222168,41.7599983215332,42.9900016784668,41.72999954223633,42.869998931884766,38628700
2011-06-02,27.74599838256836,41.61000061035156,42.20000076293945,40.83000183105469,41.93000030517578,45964000
2011-06-03,27.719314575195312,41.56999969482422,42.25,41.02000045776367,41.09000015258789,31833100
2011-06-06,27.025835037231445,40.529998779296875,41.2400016784668,40.369998931884766,41.099998474121094,40895900
2011-06-07,27.15252685546875,40.720001220703125,41.310001373291016,40.650001525878906,40.91999816894531,36312000
2011-06-08,26.9324893951416,40.38999938964844,41.06999969482422,40.20000076293945,40.58000183105469,38890700
2011-06-09,27.325910568237305,40.97999954223633,41.2400016784668,40.540000915527344,40.59000015258789,30082300
2011-06-10,27.372581481933594,41.04999923706055,41.5,40.099998474121094,40.59000015258789,48545700
2011-06-13,27.78600311279297,41.66999816894531,41.81999969482422,40.720001220703125,41.290000915527344,31767100
2011-06-14,27.74599838256836,41.61000061035156,42.439998626708984,41.47999954223633,42.130001068115234,32103500
2011-06-15,27.125869750976562,40.68000030517578,41.400001525878906,40.25,41.02000045776367,37336400
2011-06-16,26.912473678588867,40.36000061035156,40.709999084472656,39.70000076293945,40.630001068115234,50316600
2011-06-17,27.205869674682617,40.79999923706055,41.060001373291016,40.540000915527344,40.849998474121094,31999600
2011-06-20,26.992502212524414,40.47999954223633,40.810001373291016,40.119998931884766,40.5,21565400
2011-06-21,27.279226303100586,40.90999984741211,41.22999954223633,40.25,40.68000030517578,34241100
2011-06-22,27.13253402709961,40.689998626708984,41.529998779296875,40.47999954223633,40.66999816894531,27306300
2011-06-23,26.719104766845703,40.06999969482422,40.25,39.619998931884766,40.119998931884766,48307500
2011-06-24,26.332361221313477,39.4900016784668,40.18000030517578,39.439998626708984,40.04999923706055,36136800
2011-06-27,26.5924129486084,39.880001068115234,40.11000061035156,39.33000183105469,39.400001525878906,30632700
2011-06-28,26.36570930480957,39.540000915527344,40.06999969482422,39.2400016784668,40.06999969482422,41558700
2011-06-29,26.972488403320312,40.45000076293945,40.560001373291016,39.91999816894531,40.040000915527344,44775900
2011-06-30,27.299238204956055,40.939998626708984,41.06999969482422,40.369998931884766,40.720001220703125,28000100
2011-07-01,27.896333694458008,41.58000183105469,41.720001220703125,40.77000045776367,40.810001373291016,32136800
2011-07-05,27.52734375,41.029998779296875,41.5099983215332,40.970001220703125,41.5099983215332,23805800
2011-07-06,27.212017059326172,40.560001373291016,40.650001525878906,40.18000030517578,40.59000015258789,23865700
2011-07-07,27.721908569335938,41.31999969482422,41.790000915527344,41.099998474121094,41.189998626708984,28550800
2011-07-08,27.33277130126953,40.7400016784668,40.970001220703125,40.560001373291016,40.70000076293945,20680000
2011-07-11,26.453901290893555,39.43000030517578,40.220001220703125,39.290000915527344,40.189998626708984,38328000
2011-07-12,26.42704963684082,39.38999938964844,40.119998931884766,39.2400016784668,39.2400016784668,33808300
2011-07-13,26.581357955932617,39.619998931884766,40.369998931884766,39.40999984741211,39.66999816894531,34020600
2011-07-14,27.071125030517578,40.349998474121094,41.2400016784668,40.290000915527344,41.18000030517578,65327400
2011-07-15,26.822887420654297,39.97999954223633,40.75,39.5,40.61000061035156,46544900
2011-07-18,26.722253799438477,39.83000183105469,40.0,38.93000030517578,39.790000915527344,47603200
2011-07-19,27.09796142578125,40.38999938964844,40.4900016784668,39.709999084472656,39.91999816894531,34837400
2011-07-20,27.48038101196289,40.959999084472656,41.36000061035156,40.619998931884766,40.689998626708984,31250900
2011-07-21,28.372692108154297,42.290000915527344,42.54999923706055,41.22999954223633,41.56999969482422,45552200
2011-07-22,28.30559539794922,42.189998626708984,42.31999969482422,41.7599983215332,42.27000045776367,19986100
2011-07-25,27.970144271850586,41.689998626708984,41.90999984741211,41.290000915527344,41.52000045776367,22522300
2011-07-26,27.80240821838379,41.439998626708984,41.790000915527344,41.290000915527344,41.5,24350600
2011-07-27,27.285818099975586,40.66999816894531,41.400001525878906,40.59000015258789,41.20000076293945,32361100
2011-07-28,27.292530059814453,40.68000030517578,41.2400016784668,40.619998931884766,40.689998626708984,23370200
2011-07-29,27.138208389282227,40.45000076293945,40.75,39.900001525878906,40.2400016784668,37793400
2011-08-01,27.131507873535156,40.439998626708984,41.369998931884766,39.959999084472656,41.15999984741211,34039300
2011-08-02,26.728971481323242,39.84000015258789,40.380001068115234,39.84000015258789,40.099998474121094,42119000
2011-08-03,26.769216537475586,39.900001525878906,40.02000045776367,39.349998474121094,39.7599983215332,41110100
2011-08-04,25.440824508666992,37.91999816894531,39.59000015258789,37.81999969482422,39.310001373291016,59931100
2011-08-05,25.226133346557617,37.599998474121094,38.75,36.720001220703125,38.29999923706055,85507800
2011-08-08,22.851118087768555,34.060001373291016,37.720001220703125,33.689998626708984,36.22999954223633,107650300
2011-08-09,24.42104148864746,36.400001525878906,36.59000015258789,33.689998626708984,35.380001068115234,78985700
2011-08-10,23.05910301208496,34.369998931884766,35.849998474121094,33.9900016784668,35.52000045776367,83975700
2011-08-11,24.61560821533203,36.689998626708984,37.29999923706055,34.630001068115234,34.630001068115234,69583500
2011-08-12,24.09229850769043,35.90999984741211,37.849998474121094,35.58000183105469,37.130001068115234,44072800
2011-08-15,24.743074417114258,36.880001068115234,37.13999938964844,36.38999938964844,36.529998779296875,34827900
2011-08-16,24.172805786132812,36.029998779296875,36.56999969482422,35.77000045776367,36.27000045776367,42266600
2011-08-17,24.535097122192383,36.56999969482422,37.2599983215332,36.31999969482422,36.459999084472656,30131400
2011-08-18,23.609243392944336,35.189998626708984,35.470001220703125,34.5,35.27000045776367,57130300
2011-08-19,23.045682907104492,34.349998474121094,35.5,34.2599983215332,34.7599983215332,52960800
2011-08-22,22.415027618408203,33.40999984741211,35.18000030517578,33.349998474121094,35.119998931884766,50971400
2011-08-23,23.33416748046875,34.779998779296875,34.79999923706055,32.310001373291016,33.290000915527344,55807900
2011-08-24,24.038618087768555,35.83000183105469,36.0099983215332,34.68000030517578,34.81999969482422,41959800
2011-08-25,23.964826583862305,35.720001220703125,38.56999969482422,35.41999816894531,37.790000915527344,55387600
2011-08-26,24.293569564819336,36.209999084472656,36.47999954223633,34.81999969482422,35.279998779296875,35114200
2011-08-29,25.25296401977539,37.63999938964844,37.63999938964844,36.470001220703125,36.81999969482422,27943900
2011-08-30,24.86384391784668,37.060001373291016,37.720001220703125,36.75,37.400001525878906,28818700
2011-08-31,25.199302673339844,37.560001373291016,38.029998779296875,37.220001220703125,37.41999816894531,30051100
2011-09-01,24.353946685791016,36.29999923706055,37.81999969482422,36.290000915527344,37.619998931884766,36862300
2011-09-02,23.233535766601562,34.630001068115234,35.25,34.5099983215332,35.060001373291016,41677300
2011-09-06,22.43515396118164,33.439998626708984,33.5,32.779998779296875,33.11000061035156,57071200
2011-09-07,23.361007690429688,34.81999969482422,34.97999954223633,33.869998931884766,34.099998474121094,36145900
2011-09-08,22.482114791870117,33.5099983215332,34.90999984741211,33.439998626708984,34.439998626708984,44815300
2011-09-09,21.522716522216797,32.08000183105469,33.20000076293945,31.93000030517578,33.08000183105469,67187400
2011-09-12,21.750829696655273,32.41999816894531,32.41999816894531,31.209999084472656,31.350000381469727,53377600
2011-09-13,21.797792434692383,32.4900016784668,33.40999984741211,32.16999816894531,32.810001373291016,50137600
2011-09-14,22.005775451660156,32.79999923706055,33.189998626708984,31.860000610351562,32.72999954223633,44442500
2011-09-15,22.683387756347656,33.810001373291016,33.81999969482422,33.130001068115234,33.369998931884766,35847800
2011-09-16,22.42844581604004,33.43000030517578,34.27000045776367,33.02000045776367,34.04999923706055,52683800
2011-09-19,21.797792434692383,32.4900016784668,32.88999938964844,32.130001068115234,32.689998626708984,33154800
2011-09-20,21.63677406311035,32.25,32.79999923706055,32.2400016784668,32.77000045776367,34085100
2011-09-21,20.355337142944336,30.34000015258789,32.45000076293945,30.260000228881836,32.22999954223633,57389200
2011-09-22,19.637474060058594,29.270000457763672,29.6299991607666,28.530000686645508,29.350000381469727,86285600
2011-09-23,19.852161407470703,29.59000015258789,29.799999237060547,28.860000610351562,28.959999084472656,51731300
2011-09-26,21.23422622680664,31.649999618530273,31.809999465942383,29.959999084472656,30.059999465942383,58696100
2011-09-27,21.1805477142334,31.56999969482422,33.130001068115234,31.25,32.619998931884766,58242900
2011-09-28,20.442556381225586,30.469999313354492,32.0,30.420000076293945,31.6200008392334,38725900
2011-09-29,21.05979347229004,31.389999389648438,32.11000061035156,30.440000534057617,31.579999923706055,51014100
2011-09-30,20.20774269104004,30.1200008392334,30.950000762939453,30.110000610351562,30.739999771118164,42420600
2011-10-03,19.221511840820312,28.649999618530273,30.700000762939453,28.639999389648438,30.030000686645508,51002700
2011-10-04,20.480382919311523,30.260000228881836,30.43000030517578,27.850000381469727,28.25,69800000
2011-10-05,20.872934341430664,30.84000015258789,31.170000076293945,29.399999618530273,30.229999542236328,51117200
2011-10-06,21.91522789001465,32.380001068115234,32.459999084472656,30.420000076293945,30.709999084472656,53214000
2011-10-07,20.778179168701172,30.700000762939453,32.61000061035156,30.649999618530273,32.58000183105469,49320600
2011-10-10,21.861080169677734,32.29999923706055,32.31999969482422,31.579999923706055,31.600000381469727,37324800
2011-10-11,21.861080169677734,32.29999923706055,32.68000030517578,31.40999984741211,31.979999542236328,38161700
2011-10-12,22.470212936401367,33.20000076293945,33.869998931884766,32.689998626708984,32.7599983215332,55462500
2011-10-13,21.387306213378906,31.600000381469727,32.4900016784668,30.920000076293945,32.45000076293945,78830000
2011-10-14,21.583581924438477,31.889999389648438,32.31999969482422,31.399999618530273,31.8700008392334,51899600
2011-10-17,21.00829315185547,31.040000915527344,32.09000015258789,30.969999313354492,31.639999389648438,40865400
2011-10-18,22.24686622619629,32.869998931884766,33.41999816894531,31.139999389648438,31.360000610351562,64392400
2011-10-19,21.827238082885742,32.25,34.0099983215332,32.029998779296875,32.77000045776367,50119300
2011-10-20,22.422832489013672,33.130001068115234,33.189998626708984,31.670000076293945,32.31999969482422,41657100
2011-10-21,22.619110107421875,33.41999816894531,34.040000915527344,33.0099983215332,33.47999954223633,48445300
2011-10-24,23.397441864013672,34.56999969482422,34.689998626708984,33.56999969482422,33.61000061035156,45697200
2011-10-25,22.666488647460938,33.4900016784668,34.25,33.36000061035156,34.18000030517578,38679100
2011-10-26,23.133485794067383,34.18000030517578,34.40999984741211,33.5,34.11000061035156,36350900
2011-10-27,25.05563735961914,37.02000045776367,37.540000915527344,35.70000076293945,36.560001373291016,76438300
2011-10-28,24.832294464111328,36.689998626708984,36.97999954223633,36.189998626708984,36.61000061035156,39891200
2011-10-31,23.526029586791992,34.7599983215332,36.0,34.72999954223633,35.93000030517578,46429800
2011-11-01,22.13857078552246,32.709999084472656,33.63999938964844,31.84000015258789,32.470001220703125,74052400
2011-11-02,22.768009185791016,33.63999938964844,33.7400016784668,33.060001373291016,33.709999084472656,34325900
2011-11-03,23.268850326538086,34.380001068115234,34.52000045776367,32.84000015258789,34.119998931884766,40084700
2011-11-04,22.991361618041992,33.970001220703125,34.060001373291016,33.45000076293945,33.9900016784668,30858700
2011-11-07,23.17409324645996,34.2400016784668,34.34000015258789,33.709999084472656,34.029998779296875,25925900
2011-11-08,23.702011108398438,35.02000045776367,35.18000030517578,34.02000045776367,34.529998779296875,30193100
2011-11-09,22.023513793945312,32.540000915527344,33.9900016784668,32.380001068115234,33.84000015258789,52990400
2011-11-10,22.158885955810547,32.7400016784668,33.22999954223633,32.279998779296875,32.91999816894531,30427400
2011-11-11,22.52435874938965,33.279998779296875,33.849998474121094,33.02000045776367,33.279998779296875,29983400
2011-11-14,22.030282974243164,32.54999923706055,32.97999954223633,32.220001220703125,32.95000076293945,27596300
2011-11-15,22.131805419921875,32.70000076293945,33.11000061035156,32.08000183105469,32.09000015258789,31260500
2011-11-16,21.299320220947266,31.469999313354492,32.4900016784668,31.399999618530273,32.34000015258789,40761800
2011-11-17,20.63605308532715,30.489999771118164,31.5,30.34000015258789,31.399999618530273,55130100
2011-11-18,20.72403335571289,30.6200008392334,30.850000381469727,30.329999923706055,30.670000076293945,39029900
2011-11-21,20.243494033813477,29.90999984741211,30.190000534057617,29.600000381469727,30.020000457763672,39658100
2011-11-22,19.905088424682617,29.40999984741211,30.100000381469727,29.3799991607666,29.899999618530273,36466200
2011-11-23,19.20796775817871,28.3799991607666,29.149999618530273,28.329999923706055,29.110000610351562,44468500
2011-11-25,19.275651931762695,28.479999542236328,29.170000076293945,28.280000686645508,28.280000686645508,21423200
2011-11-28,19.735885620117188,29.15999984741211,30.06999969482422,28.81999969482422,29.709999084472656,45280100
2011-11-29,19.329788208007812,28.559999465942383,29.1299991607666,28.479999542236328,28.979999542236328,45104700
2011-11-30,20.96091079711914,30.969999313354492,31.0,29.799999237060547,30.149999618530273,61412600
2011-12-01,20.61573600769043,30.459999084472656,30.969999313354492,30.030000686645508,30.860000610351562,33189700
2011-12-02,21.881385803222656,32.33000183105469,33.27000045776367,30.809999465942383,30.8799991607666,90515100
2011-12-05,22.68001937866211,33.5099983215332,34.099998474121094,33.220001220703125,33.63999938964844,52207600
2011-12-06,22.49051856994629,33.22999954223633,33.58000183105469,32.68000030517578,33.2599983215332,38782900
2011-12-07,23.01165771484375,34.0,34.189998626708984,32.720001220703125,32.81999969482422,44722800
2011-12-08,21.80694007873535,32.220001220703125,33.70000076293945,32.08000183105469,33.54999923706055,47788900
2011-12-09,22.456680297851562,33.18000030517578,33.310001373291016,32.36000061035156,32.36000061035156,39104600
2011-12-12,21.68511390686035,32.040000915527344,32.599998474121094,31.760000228881836,32.54999923706055,35977900
2011-12-13,21.177499771118164,31.290000915527344,32.630001068115234,30.8700008392334,32.369998931884766,49475100
2011-12-14,21.326393127441406,31.510000228881836,31.940000534057617,30.829999923706055,30.8799991607666,41291500
2011-12-15,21.495595932006836,31.760000228881836,32.279998779296875,31.56999969482422,32.099998474121094,33457300
2011-12-16,21.583581924438477,31.889999389648438,32.599998474121094,31.809999465942383,32.15999984741211,52596800
2011-12-19,20.778179168701172,30.700000762939453,31.899999618530273,30.420000076293945,31.8700008392334,47388000
2011-12-20,21.8001651763916,32.209999084472656,32.439998626708984,31.239999771118164,31.399999618530273,49091600
2011-12-21,21.87462043762207,32.31999969482422,32.40999984741211,31.899999618530273,32.0,30893000
2011-12-22,22.63941764831543,33.45000076293945,33.54999923706055,32.540000915527344,32.689998626708984,35543200
2011-12-23,22.72062873840332,33.56999969482422,33.70000076293945,33.130001068115234,33.619998931884766,21958800
2011-12-27,22.35515022277832,33.029998779296875,33.689998626708984,33.029998779296875,33.220001220703125,16891600
2011-12-28,22.09796142578125,32.650001525878906,33.09000015258789,32.56999969482422,32.9900016784668,19242700
2011-12-29,22.619110107421875,33.41999816894531,33.52000045776367,32.709999084472656,32.709999084472656,19792000
2011-12-30,22.504047393798828,33.25,33.41999816894531,33.060001373291016,33.11000061035156,18196900
2012-01-03,23.67493438720703,34.97999954223633,35.189998626708984,34.0099983215332,34.060001373291016,44102800
2012-01-04,23.82491683959961,34.95000076293945,35.150001525878906,34.33000183105469,34.439998626708984,36571200
2012-01-05,24.322540283203125,35.68000030517578,35.91999816894531,34.400001525878906,34.709999084472656,38381400
2012-01-06,24.104408264160156,35.36000061035156,35.77000045776367,35.13999938964844,35.689998626708984,33160600
2012-01-09,24.063505172729492,35.29999923706055,35.68000030517578,34.9900016784668,35.439998626708984,23001800
2012-01-10,24.574764251708984,36.04999923706055,36.349998474121094,35.7599983215332,36.06999969482422,35972800
2012-01-11,24.99059295654297,36.65999984741211,36.7400016784668,35.65999984741211,35.79999923706055,29852900
2012-01-12,25.1201114654541,36.849998474121094,37.04999923706055,36.16999816894531,36.81999969482422,39420700
2012-01-13,24.486146926879883,35.91999816894531,35.91999816894531,35.130001068115234,35.2599983215332,61571500
2012-01-17,23.797649383544922,34.90999984741211,35.68000030517578,34.5,34.849998474121094,55115100
2012-01-18,24.908788681030273,36.540000915527344,36.68000030517578,34.529998779296875,34.540000915527344,55502100
2012-01-19,25.174646377563477,36.93000030517578,37.150001525878906,36.709999084472656,36.84000015258789,37000400
2012-01-20,25.4677734375,37.36000061035156,37.400001525878906,36.619998931884766,36.779998779296875,34716500
2012-01-23,25.67227554321289,37.65999984741211,37.939998626708984,37.27000045776367,37.310001373291016,27499200
2012-01-24,25.67227554321289,37.65999984741211,37.88999938964844,36.79999923706055,37.18000030517578,25403800
2012-01-25,25.631380081176758,37.599998474121094,37.81999969482422,37.119998931884766,37.36000061035156,29860700
2012-01-26,25.55638885498047,37.4900016784668,38.099998474121094,37.25,37.880001068115234,33284600
2012-01-27,25.36551284790039,37.209999084472656,37.65999984741211,37.150001525878906,37.22999954223633,27674600
2012-01-30,25.229177474975586,37.0099983215332,37.16999816894531,36.36000061035156,36.65999984741211,24423600
2012-01-31,25.426876068115234,37.29999923706055,37.540000915527344,36.93000030517578,37.529998779296875,29649500
2012-02-01,25.631380081176758,37.599998474121094,38.029998779296875,37.5,37.88999938964844,41957800
2012-02-02,25.59729766845703,37.54999923706055,38.15999984741211,37.41999816894531,37.689998626708984,26784200
2012-02-03,26.094921112060547,38.279998779296875,38.5,38.04999923706055,38.27000045776367,41074400
2012-02-06,25.999486923217773,38.13999938964844,38.31999969482422,37.810001373291016,38.060001373291016,23106200
2012-02-07,25.81542205810547,37.869998931884766,38.119998931884766,37.70000076293945,37.86000061035156,21091900
2012-02-08,26.10855484008789,38.29999923706055,38.349998474121094,37.970001220703125,38.04999923706055,23258700
2012-02-09,25.808618545532227,37.86000061035156,38.68000030517578,37.84000015258789,38.599998474121094,28608400
2012-02-10,25.63819122314453,37.61000061035156,37.77000045776367,37.11000061035156,37.220001220703125,22618800
2012-02-13,26.10855484008789,38.29999923706055,38.34000015258789,37.779998779296875,38.08000183105469,24828000
2012-02-14,25.849519729614258,37.91999816894531,38.2599983215332,37.439998626708984,38.22999954223633,27031900
2012-02-15,25.49503517150879,37.400001525878906,38.400001525878906,37.310001373291016,38.08000183105469,26534900
2012-02-16,25.904054641723633,38.0,38.119998931884766,37.04999923706055,37.150001525878906,22139600
2012-02-17,26.22443962097168,38.470001220703125,38.63999938964844,38.22999954223633,38.599998474121094,28009300
2012-02-21,26.217632293701172,38.459999084472656,38.970001220703125,38.40999984741211,38.650001525878906,22804200
2012-02-22,25.95177459716797,38.06999969482422,38.38999938964844,37.900001525878906,38.29999923706055,23416900
2012-02-23,26.23807716369629,38.4900016784668,38.52000045776367,37.75,38.060001373291016,31361400
2012-02-24,26.094921112060547,38.279998779296875,38.68000030517578,38.189998626708984,38.65999984741211,17586400
2012-02-27,26.626636505126953,39.060001373291016,39.22999954223633,37.790000915527344,38.06999969482422,34030400
2012-02-28,26.728891372680664,39.209999084472656,39.54999923706055,38.849998474121094,39.130001068115234,37900900
2012-02-29,26.749338150024414,39.2400016784668,39.939998626708984,39.02000045776367,39.33000183105469,41187700
2012-03-01,27.519643783569336,40.369998931884766,40.45000076293945,39.470001220703125,39.5099983215332,44376700
2012-03-02,27.696880340576172,40.630001068115234,40.880001068115234,40.22999954223633,40.43000030517578,34897900
2012-03-05,27.54009246826172,40.400001525878906,40.709999084472656,40.0,40.70000076293945,30806900
2012-03-06,26.80388641357422,39.31999969482422,39.869998931884766,39.119998931884766,39.45000076293945,33927500
2012-03-07,27.233341217041016,39.95000076293945,40.060001373291016,39.380001068115234,39.459999084472656,22875100
2012-03-08,27.56736183166504,40.439998626708984,40.75,40.220001220703125,40.470001220703125,22052300
2012-03-09,27.969560623168945,41.029998779296875,41.439998626708984,40.5,40.75,33494200
2012-03-12,27.635534286499023,40.540000915527344,40.97999954223633,40.20000076293945,40.86000061035156,30763800
2012-03-13,29.578332901000977,43.38999938964844,43.72999954223633,40.81999969482422,41.02000045776367,77277600
2012-03-14,29.70785903930664,43.58000183105469,44.0,43.06999969482422,43.619998931884766,68028700
2012-03-15,30.47135353088379,44.70000076293945,44.91999816894531,42.93000030517578,43.63999938964844,57117700
2012-03-16,30.382726669311523,44.56999969482422,44.91999816894531,44.220001220703125,44.869998931884766,48844500
2012-03-19,30.675838470458984,45.0,45.349998474121094,44.209999084472656,44.439998626708984,41509300
2012-03-20,30.93488883972168,45.380001068115234,45.599998474121094,44.369998931884766,44.529998779296875,34796200
2012-03-21,30.757661819458008,45.119998931884766,45.66999816894531,44.86000061035156,45.529998779296875,27267900
2012-03-22,30.43726348876953,44.650001525878906,45.099998474121094,44.40999984741211,44.720001220703125,27457200
2012-03-23,30.78491973876953,45.15999984741211,45.25,44.439998626708984,44.45000076293945,30639300
2012-03-26,31.473424911499023,46.16999816894531,46.16999816894531,45.400001525878906,45.47999954223633,33529400
2012-03-27,31.282543182373047,45.88999938964844,46.4900016784668,45.83000183105469,45.91999816894531,33026400
2012-03-28,31.541589736938477,46.27000045776367,46.310001373291016,45.36000061035156,45.7599983215332,29755800
2012-03-29,31.132568359375,45.66999816894531,46.02000045776367,45.27000045776367,45.91999816894531,32262300
2012-03-30,31.343902587890625,45.97999954223633,46.130001068115234,45.5,46.08000183105469,25945800
2012-04-02,31.446165084838867,46.130001068115234,46.349998474121094,45.459999084472656,45.75,27669300
2012-04-03,31.16482162475586,45.41999816894531,45.9900016784668,44.970001220703125,45.7400016784668,31036400
2012-04-04,30.47182273864746,44.40999984741211,44.86000061035156,43.959999084472656,44.68000030517578,41342900
2012-04-05,30.423791885375977,44.34000015258789,44.72999954223633,43.810001373291016,44.130001068115234,28832300
2012-04-09,30.115034103393555,43.88999938964844,44.279998779296875,43.06999969482422,43.189998626708984,29376400
2012-04-10,29.476913452148438,42.959999084472656,44.0099983215332,42.65999984741211,43.880001068115234,38841000
2012-04-11,30.19737434387207,44.0099983215332,44.209999084472656,43.56999969482422,43.59000015258789,32142200
2012-04-12,30.76687240600586,44.84000015258789,44.9900016784668,44.0,44.119998931884766,33631100
2012-04-13,29.6484375,43.209999084472656,44.95000076293945,43.060001373291016,44.95000076293945,58183900
2012-04-16,29.730785369873047,43.33000183105469,43.79999923706055,42.84000015258789,43.380001068115234,40387600
2012-04-17,30.121889114379883,43.900001525878906,44.0,43.15999984741211,43.689998626708984,26887000
2012-04-18,29.703340530395508,43.290000915527344,43.90999984741211,43.27000045776367,43.619998931884766,20242900
2012-04-19,29.655309677124023,43.220001220703125,43.689998626708984,42.77000045776367,43.439998626708984,25961800
2012-04-20,29.312246322631836,42.720001220703125,43.58000183105469,42.709999084472656,43.5099983215332,26178100
2012-04-23,29.401430130004883,42.849998474121094,42.959999084472656,41.79999923706055,41.91999816894531,25536300
2012-04-24,29.696468353271484,43.279998779296875,43.310001373291016,42.810001373291016,42.97999954223633,21420400
2012-04-25,29.614154815673828,43.15999984741211,43.88999938964844,42.97999954223633,43.650001525878906,31694000
2012-04-26,30.053285598754883,43.79999923706055,43.88999938964844,43.060001373291016,43.220001220703125,28100300
2012-04-27,29.737651824951172,43.34000015258789,43.9900016784668,43.22999954223633,43.939998626708984,26242900
2012-04-30,29.490619659423828,42.97999954223633,43.369998931884766,42.540000915527344,43.33000183105469,23518000
2012-05-01,30.04640769958496,43.790000915527344,44.2400016784668,42.959999084472656,43.0,26359700
2012-05-02,29.641584396362305,43.20000076293945,43.529998779296875,42.84000015258789,43.459999084472656,22462200
2012-05-03,29.511215209960938,43.0099983215332,43.38999938964844,42.66999816894531,43.380001068115234,19536400
2012-05-04,28.646671295166016,41.75,42.68000030517578,41.709999084472656,42.33000183105469,31279900
2012-05-07,28.667251586914062,41.779998779296875,42.400001525878906,41.369998931884766,41.43000030517578,25910100
2012-05-08,28.392797470092773,41.380001068115234,41.84000015258789,40.95000076293945,41.5,28049700
2012-05-09,27.885047912597656,40.63999938964844,41.02000045776367,40.119998931884766,40.720001220703125,38769900
2012-05-10,27.953664779663086,40.7400016784668,41.400001525878906,40.540000915527344,41.22999954223633,35827100
2012-05-11,25.360021591186523,36.959999084472656,37.9900016784668,36.619998931884766,37.13999938964844,217294200
2012-05-14,24.557228088378906,35.790000915527344,36.470001220703125,35.7599983215332,36.099998474121094,96488500
2012-05-15,24.86599349975586,36.2400016784668,37.27000045776367,36.119998931884766,36.189998626708984,89903700
2012-05-16,24.33080291748047,35.459999084472656,36.97999954223633,35.459999084472656,36.790000915527344,68729600
2012-05-17,23.280996322631836,33.93000030517578,35.099998474121094,33.880001068115234,35.040000915527344,95429200
2012-05-18,22.979089736938477,33.4900016784668,33.9900016784668,32.970001220703125,33.9900016784668,82650100
2012-05-21,22.30666732788086,32.5099983215332,33.709999084472656,32.2599983215332,33.52000045776367,99554800
2012-05-22,23.335886001586914,34.0099983215332,34.58000183105469,32.9900016784668,33.31999969482422,84721000
2012-05-23,23.50741958618164,34.2599983215332,34.41999816894531,33.209999084472656,33.619998931884766,52512900
2012-05-24,23.30844497680664,33.970001220703125,34.47999954223633,33.619998931884766,34.439998626708984,37843800
2012-05-25,22.98594856262207,33.5,34.130001068115234,33.290000915527344,34.0,28796400
2012-05-29,23.07514762878418,33.630001068115234,34.0,33.36000061035156,33.97999954223633,35855200
2012-05-30,22.615428924560547,32.959999084472656,33.439998626708984,32.95000076293945,33.29999923706055,34203600
2012-05-31,22.745800018310547,33.150001525878906,33.470001220703125,32.90999984741211,32.959999084472656,42124900
2012-06-01,21.908700942993164,31.93000030517578,32.650001525878906,31.770000457763672,32.40999984741211,50472200
2012-06-04,21.270578384399414,31.0,32.16999816894531,30.829999923706055,32.15999984741211,60492400
2012-06-05,21.949871063232422,31.989999771118164,32.130001068115234,30.860000610351562,30.889999389648438,46502800
2012-06-06,22.690914154052734,33.06999969482422,33.310001373291016,32.27000045776367,32.709999084472656,47980500
2012-06-07,22.512510299682617,32.810001373291016,33.83000183105469,32.79999923706055,33.77000045776367,53888800
2012-06-08,23.109453201293945,33.68000030517578,33.68000030517578,32.54999923706055,32.77000045776367,34238200
2012-06-11,22.51937484741211,32.81999969482422,34.439998626708984,32.779998779296875,34.369998931884766,46404900
2012-06-12,23.17121124267578,33.77000045776367,33.779998779296875,32.5099983215332,32.880001068115234,43334400
2012-06-13,23.534873962402344,34.29999923706055,35.06999969482422,33.630001068115234,33.689998626708984,72456600
2012-06-14,23.77501678466797,34.650001525878906,34.88999938964844,34.06999969482422,34.40999984741211,44428000
2012-06-15,24.035762786865234,35.029998779296875,35.06999969482422,34.40999984741211,34.88999938964844,40917100
2012-06-18,23.754436492919922,34.619998931884766,35.29999923706055,34.5,34.709999084472656,31084400
2012-06-19,24.27591323852539,35.380001068115234,35.630001068115234,34.72999954223633,34.9900016784668,32489000
2012-06-20,25.010093688964844,36.45000076293945,36.939998626708984,35.83000183105469,36.029998779296875,61149700
2012-06-21,24.365108489990234,35.5099983215332,37.029998779296875,35.43000030517578,36.4900016784668,95637000
2012-06-22,24.6944580078125,35.9900016784668,36.4900016784668,35.959999084472656,36.02000045776367,44193500
2012-06-25,24.23473358154297,35.31999969482422,35.470001220703125,34.63999938964844,35.2599983215332,33115800
2012-06-26,24.502342224121094,35.709999084472656,36.119998931884766,35.58000183105469,36.060001373291016,35053600
2012-06-27,25.236515045166016,36.779998779296875,36.81999969482422,35.5,35.63999938964844,34156800
2012-06-28,24.618988037109375,35.880001068115234,35.93000030517578,34.849998474121094,35.31999969482422,69904800
2012-06-29,24.516063690185547,35.72999954223633,36.79999923706055,35.25,36.70000076293945,56063200
2012-07-02,24.89344024658203,36.279998779296875,36.36000061035156,35.59000015258789,36.27000045776367,34274900
2012-07-03,24.824264526367188,35.880001068115234,36.13999938964844,35.540000915527344,35.959999084472656,26705900
2012-07-05,23.78644561767578,34.380001068115234,35.65999984741211,34.220001220703125,35.61000061035156,58519800
2012-07-06,23.454347610473633,33.900001525878906,34.119998931884766,33.72999954223633,33.91999816894531,32057200
2012-07-09,23.49587059020996,33.959999084472656,34.119998931884766,33.540000915527344,33.810001373291016,30545000
2012-07-10,23.69651222229004,34.25,34.45000076293945,33.810001373291016,34.220001220703125,33175500
2012-07-11,23.931745529174805,34.59000015258789,34.79999923706055,34.119998931884766,34.209999084472656,35144300
2012-07-12,23.55122184753418,34.040000915527344,34.56999969482422,33.939998626708984,34.33000183105469,39301500
2012-07-13,24.955711364746094,36.06999969482422,36.20000076293945,34.86000061035156,35.060001373291016,83001000
2012-07-16,24.277681350708008,35.09000015258789,35.849998474121094,34.72999954223633,35.7599983215332,52368300
2012-07-17,24.208494186401367,34.9900016784668,35.47999954223633,34.27000045776367,35.439998626708984,43998300
2012-07-18,24.18773651123047,34.959999084472656,35.22999954223633,34.650001525878906,34.75,28944900
2012-07-19,23.84180450439453,34.459999084472656,35.16999816894531,34.310001373291016,35.02000045776367,34384700
2012-07-20,23.454347610473633,33.900001525878906,34.130001068115234,33.900001525878906,34.04999923706055,36301200
2012-07-23,23.82796287536621,34.439998626708984,34.5,33.099998474121094,33.2400016784668,41248300
2012-07-24,24.028608322143555,34.72999954223633,34.88999938964844,34.220001220703125,34.58000183105469,29920400
2012-07-25,24.333024978637695,35.16999816894531,35.45000076293945,34.790000915527344,34.97999954223633,32127700
2012-07-26,24.775829315185547,35.810001373291016,35.939998626708984,35.34000015258789,35.779998779296875,28900500
2012-07-27,25.523042678833008,36.88999938964844,37.20000076293945,35.5099983215332,36.0099983215332,63636200
2012-07-30,25.00414276123047,36.13999938964844,36.52000045776367,35.939998626708984,36.5,30698200
2012-07-31,24.90727424621582,36.0,36.33000183105469,35.90999984741211,36.11000061035156,19681600
2012-08-01,24.90727424621582,36.0,36.400001525878906,35.81999969482422,36.189998626708984,22180200
2012-08-02,24.333024978637695,35.16999816894531,35.84000015258789,34.7599983215332,35.619998931884766,36675000
2012-08-03,24.96954345703125,36.09000015258789,36.290000915527344,35.5,35.81999969482422,24516300
2012-08-06,25.114839553833008,36.29999923706055,36.79999923706055,36.11000061035156,36.2400016784668,18979200
2012-08-07,25.606061935424805,37.0099983215332,37.869998931884766,36.56999969482422,36.56999969482422,37225800
2012-08-08,25.709842681884766,37.15999984741211,37.47999954223633,36.75,36.849998474121094,18672400
2012-08-09,25.54380226135254,36.91999816894531,37.2599983215332,36.59000015258789,36.720001220703125,23406700
2012-08-10,25.578393936157227,36.970001220703125,37.0,36.400001525878906,36.7599983215332,15492700
2012-08-13,25.59223747253418,36.9900016784668,37.09000015258789,36.650001525878906,36.869998931884766,14453500
2012-08-14,25.6683292388916,37.099998474121094,37.63999938964844,36.97999954223633,37.41999816894531,18065100
2012-08-15,25.6475887298584,37.06999969482422,37.40999984741211,36.95000076293945,37.06999969482422,17521300
2012-08-16,25.6683292388916,37.099998474121094,37.349998474121094,36.79999923706055,37.18000030517578,15894100
2012-08-17,25.58530616760254,36.97999954223633,37.20000076293945,36.79999923706055,37.20000076293945,17079800
2012-08-20,25.85513687133789,37.369998931884766,37.5,36.79999923706055,36.91999816894531,17922100
2012-08-21,26.318693161010742,38.040000915527344,38.86000061035156,37.560001373291016,37.630001068115234,36880600
2012-08-22,26.17340087890625,37.83000183105469,38.18000030517578,37.560001373291016,37.880001068115234,16899400
2012-08-23,25.758285522460938,37.22999954223633,37.88999938964844,37.20000076293945,37.810001373291016,16429500
2012-08-24,25.716760635375977,37.16999816894531,37.439998626708984,36.66999816894531,36.939998626708984,20019300
2012-08-27,25.758285522460938,37.22999954223633,37.439998626708984,36.900001525878906,37.310001373291016,17618200
2012-08-28,25.689085006713867,37.130001068115234,37.4900016784668,36.900001525878906,37.099998474121094,18050500
2012-08-29,25.80671501159668,37.29999923706055,37.4900016784668,37.060001373291016,37.31999969482422,13681900
2012-08-30,25.52996063232422,36.900001525878906,37.130001068115234,36.709999084472656,37.060001373291016,13700700
2012-08-31,25.696022033691406,37.13999938964844,37.400001525878906,36.86000061035156,37.13999938964844,16771600
2012-09-04,25.606061935424805,37.0099983215332,37.2400016784668,36.779998779296875,36.97999954223633,13631400
2012-09-05,25.675256729125977,37.11000061035156,37.290000915527344,36.939998626708984,37.08000183105469,13537500
2012-09-06,26.76841163635254,38.689998626708984,38.869998931884766,37.5,37.58000183105469,41346800
2012-09-07,27.190454483032227,39.29999923706055,39.529998779296875,39.0,39.040000915527344,28082400
2012-09-10,26.81683349609375,38.7599983215332,39.779998779296875,38.72999954223633,39.22999954223633,20853500
2012-09-11,27.39801025390625,39.599998474121094,39.630001068115234,38.72999954223633,38.79999923706055,22378900
2012-09-12,27.619407653808594,39.91999816894531,40.25,39.790000915527344,39.880001068115234,29882200
2012-09-13,28.643367767333984,41.400001525878906,41.58000183105469,39.59000015258789,39.84000015258789,47018600
2012-09-14,28.760971069335938,41.56999969482422,42.09000015258789,41.22999954223633,41.959999084472656,43471600
2012-09-17,28.49808692932129,41.189998626708984,41.439998626708984,40.95000076293945,41.0,19740100
2012-09-18,28.546504974365234,41.2599983215332,41.33000183105469,40.65999984741211,41.04999923706055,25186600
2012-09-19,28.601856231689453,41.34000015258789,41.7599983215332,41.040000915527344,41.33000183105469,22887200
2012-09-20,28.539581298828125,41.25,41.279998779296875,40.54999923706055,40.959999084472656,20997400
2012-09-21,28.283605575561523,40.880001068115234,41.70000076293945,40.77000045776367,41.529998779296875,28287400
2012-09-24,28.525760650634766,41.22999954223633,41.470001220703125,40.59000015258789,40.61000061035156,20499500
2012-09-25,28.05528450012207,40.54999923706055,41.54999923706055,40.529998779296875,41.54999923706055,21988200
2012-09-26,27.84080696105957,40.2400016784668,40.630001068115234,39.70000076293945,40.150001525878906,23782700
2012-09-27,28.145225524902344,40.68000030517578,40.9900016784668,40.209999084472656,40.400001525878906,20843400
2012-09-28,28.006853103637695,40.47999954223633,40.630001068115234,40.15999984741211,40.41999816894531,21380700
2012-10-01,28.345874786376953,40.970001220703125,41.5,40.79999923706055,40.880001068115234,21956400
2012-10-02,28.311267852783203,40.91999816894531,41.2400016784668,40.560001373291016,41.13999938964844,26946100
2012-10-03,28.47854995727539,40.86000061035156,41.0,40.41999816894531,40.83000183105469,22419100
2012-10-04,29.147642135620117,41.81999969482422,41.9900016784668,40.90999984741211,41.15999984741211,24326500
2012-10-05,29.07097625732422,41.709999084472656,42.439998626708984,41.459999084472656,42.040000915527344,22774400
2012-10-08,29.036134719848633,41.65999984741211,41.84000015258789,41.11000061035156,41.33000183105469,18631300
2012-10-09,28.84097671508789,41.380001068115234,41.95000076293945,41.29999923706055,41.77000045776367,19947500
2012-10-10,29.112810134887695,41.77000045776367,42.0,41.33000183105469,41.54999923706055,25797600
2012-10-11,29.342803955078125,42.099998474121094,42.63999938964844,41.849998474121094,42.369998931884766,27755000
2012-10-12,29.008264541625977,41.619998931884766,42.43000030517578,41.150001525878906,41.599998474121094,44564000
2012-10-15,29.537952423095703,42.380001068115234,42.40999984741211,41.72999954223633,41.90999984741211,26268000
2012-10-16,29.851598739624023,42.83000183105469,43.11000061035156,42.27000045776367,42.790000915527344,28588100
2012-10-17,30.1931209564209,43.31999969482422,43.540000915527344,42.77000045776367,42.93000030517578,26177500
2012-10-18,29.97704315185547,43.0099983215332,43.349998474121094,42.75,43.09000015258789,23630400
2012-10-19,29.49614143371582,42.31999969482422,42.81999969482422,42.060001373291016,42.79999923706055,29747500
2012-10-22,29.335830688476562,42.09000015258789,42.52000045776367,41.5,42.25,27993000
2012-10-23,28.806123733520508,41.33000183105469,41.7400016784668,41.04999923706055,41.470001220703125,22896400
2012-10-24,29.07097625732422,41.709999084472656,41.880001068115234,41.34000015258789,41.68000030517578,18918900
2012-10-25,29.043092727661133,41.66999816894531,42.279998779296875,41.400001525878906,42.2400016784668,17311700
2012-10-26,28.687650680541992,41.15999984741211,41.65999984741211,40.869998931884766,41.41999816894531,21892700
2012-10-31,29.050071716308594,41.68000030517578,41.790000915527344,41.150001525878906,41.45000076293945,19423500
2012-11-01,29.858577728271484,42.84000015258789,42.900001525878906,41.58000183105469,41.70000076293945,23325400
2012-11-02,29.56583595275879,42.41999816894531,43.06999969482422,42.33000183105469,43.040000915527344,17029200
2012-11-05,29.461286544799805,42.27000045776367,42.36000061035156,41.86000061035156,42.33000183105469,13252500
2012-11-06,29.886438369750977,42.880001068115234,43.04999923706055,42.40999984741211,42.56999969482422,17190900
2012-11-07,28.21369743347168,40.47999954223633,42.0099983215332,40.310001373291016,42.0099983215332,47631200
2012-11-08,28.15793228149414,40.400001525878906,41.5,40.400001525878906,41.279998779296875,27830900
2012-11-09,28.311281204223633,40.619998931884766,41.22999954223633,39.86000061035156,40.310001373291016,27553200
2012-11-12,28.283390045166016,40.58000183105469,40.90999984741211,40.29999923706055,40.849998474121094,12816000
2012-11-13,27.907033920288086,40.040000915527344,40.52000045776367,40.0,40.18000030517578,19793500
2012-11-14,27.384296417236328,39.290000915527344,40.369998931884766,39.130001068115234,40.209999084472656,30986600
2012-11-15,27.453981399536133,39.38999938964844,39.720001220703125,38.970001220703125,39.060001373291016,24858700
2012-11-16,27.55156135559082,39.529998779296875,39.66999816894531,38.83000183105469,39.43000030517578,32458000
2012-11-19,28.290369033813477,40.59000015258789,40.70000076293945,40.09000015258789,40.09000015258789,26781200
2012-11-20,28.367029190063477,40.70000076293945,41.18000030517578,40.25,40.33000183105469,19375900
2012-11-21,28.387941360473633,40.72999954223633,40.97999954223633,40.349998474121094,40.939998626708984,13030200
2012-11-23,28.638851165771484,41.09000015258789,41.220001220703125,40.970001220703125,41.099998474121094,8316700
2012-11-26,28.492494583129883,40.880001068115234,40.880001068115234,40.09000015258789,40.790000915527344,20376600
2012-11-27,28.401891708374023,40.75,41.20000076293945,40.63999938964844,40.869998931884766,19875000
2012-11-28,28.457637786865234,40.83000183105469,40.880001068115234,39.880001068115234,40.4900016784668,26106900
2012-11-29,28.729463577270508,41.220001220703125,41.349998474121094,40.90999984741211,41.150001525878906,18915000
2012-11-30,28.631879806518555,41.08000183105469,41.34000015258789,40.849998474121094,40.9900016784668,20066600
2012-12-03,28.443702697753906,40.810001373291016,41.369998931884766,40.75,41.27000045776367,18955500
2012-12-04,28.276430130004883,40.56999969482422,40.91999816894531,40.20000076293945,40.779998779296875,24031100
2012-12-05,28.71552085876465,41.20000076293945,41.4900016784668,40.5,40.689998626708984,25515600
2012-12-06,28.903709411621094,41.470001220703125,41.54999923706055,41.11000061035156,41.25,20541700
2012-12-07,29.66341781616211,42.560001373291016,42.56999969482422,41.72999954223633,41.84000015258789,34552900
2012-12-10,29.48917007446289,42.310001373291016,42.66999816894531,42.0099983215332,42.540000915527344,22394500
2012-12-11,29.719173431396484,42.63999938964844,43.09000015258789,42.41999816894531,42.599998474121094,21955000
2012-12-12,29.809785842895508,42.77000045776367,43.380001068115234,42.70000076293945,43.0,23110600
2012-12-13,29.816747665405273,42.779998779296875,42.91999816894531,42.5,42.650001525878906,18457000
2012-12-14,29.837663650512695,42.810001373291016,43.11000061035156,42.709999084472656,42.77000045776367,16208600
2012-12-17,30.304643630981445,43.47999954223633,43.5099983215332,42.810001373291016,43.0,23879800
2012-12-18,30.576452255249023,43.869998931884766,43.939998626708984,43.310001373291016,43.83000183105469,33858600
2012-12-19,30.33948516845703,43.529998779296875,44.38999938964844,43.41999816894531,43.9900016784668,34348500
2012-12-20,31.03645896911621,44.529998779296875,44.540000915527344,43.40999984741211,43.689998626708984,25014900
2012-12-21,30.66705894470215,44.0,44.20000076293945,43.34000015258789,43.81999969482422,38973500
2012-12-24,30.611297607421875,43.91999816894531,44.02000045776367,43.709999084472656,43.720001220703125,8621200
2012-12-26,30.639190673828125,43.959999084472656,44.18000030517578,43.720001220703125,43.95000076293945,11498900
2012-12-27,30.4091796875,43.630001068115234,44.02000045776367,42.900001525878906,43.959999084472656,19567000
2012-12-28,30.137367248535156,43.2400016784668,43.689998626708984,43.09000015258789,43.099998474121094,15401200
2012-12-31,30.64615821838379,43.970001220703125,44.0,43.04999923706055,43.099998474121094,24209600
2013-01-02,31.34089469909668,44.65999984741211,45.0,44.220001220703125,44.97999954223633,31413000
2013-01-03,31.277740478515625,44.56999969482422,44.75,44.20000076293945,44.7400016784668,24227700
2013-01-04,31.83212661743164,45.36000061035156,45.43000030517578,44.439998626708984,44.45000076293945,24487700
2013-01-07,31.867219924926758,45.40999984741211,45.4900016784668,45.02000045776367,45.09000015258789,24456900
2013-01-08,31.93038558959961,45.5,45.5,44.959999084472656,45.400001525878906,19624200
2013-01-09,31.909330368041992,45.470001220703125,46.20000076293945,45.13999938964844,45.560001373291016,25920600
2013-01-10,32.38653564453125,46.150001525878906,46.15999984741211,45.529998779296875,45.88999938964844,23413600
2013-01-11,32.3795166015625,46.13999938964844,46.150001525878906,45.470001220703125,45.970001220703125,19723900
2013-01-14,32.19706344604492,45.880001068115234,46.18000030517578,45.47999954223633,45.88999938964844,19079500
2013-01-15,32.52688980102539,46.349998474121094,46.470001220703125,45.349998474121094,45.4900016784668,29898000
2013-01-16,32.85671615600586,46.81999969482422,46.83000183105469,45.56999969482422,45.90999984741211,43453600
2013-01-17,32.59004592895508,46.439998626708984,46.869998931884766,46.290000915527344,46.400001525878906,41086800
2013-01-18,32.60408020019531,46.459999084472656,46.599998474121094,46.18000030517578,46.380001068115234,28679100
2013-01-22,32.66022491455078,46.540000915527344,46.54999923706055,46.130001068115234,46.25,24257300
2013-01-23,32.44267654418945,46.22999954223633,46.439998626708984,45.91999816894531,46.22999954223633,19105100
2013-01-24,32.54093551635742,46.369998931884766,46.79999923706055,46.08000183105469,46.2400016784668,20008200
2013-01-25,33.0953254699707,47.15999984741211,47.15999984741211,46.61000061035156,46.7400016784668,26009100
2013-01-28,32.73038864135742,46.63999938964844,47.0,46.47999954223633,46.84000015258789,19706800
2013-01-29,33.067237854003906,47.119998931884766,47.15999984741211,46.25,46.279998779296875,19907400
2013-01-30,33.07426071166992,47.130001068115234,47.349998474121094,46.959999084472656,47.040000915527344,18631300
2013-01-31,33.018123626708984,47.04999923706055,47.220001220703125,46.880001068115234,47.0099983215332,19536000
2013-02-01,33.579532623291016,47.849998474121094,48.0,47.209999084472656,47.400001525878906,24520000
2013-02-04,33.460235595703125,47.68000030517578,47.810001373291016,47.380001068115234,47.540000915527344,20822600
2013-02-05,34.23919677734375,48.790000915527344,48.79999923706055,47.93000030517578,47.939998626708984,28067500
2013-02-06,34.11288070678711,48.61000061035156,48.83000183105469,48.31999969482422,48.41999816894531,28282600
2013-02-07,33.84621047973633,48.22999954223633,48.75,47.900001525878906,48.650001525878906,21429600
2013-02-08,34.12690734863281,48.630001068115234,48.689998626708984,48.2599983215332,48.33000183105469,15218300
2013-02-11,34.1479606628418,48.65999984741211,48.900001525878906,48.380001068115234,48.5099983215332,13935900
2013-02-12,34.48481369018555,49.13999938964844,49.310001373291016,48.599998474121094,48.79999923706055,16388000
2013-02-13,34.16199493408203,48.68000030517578,49.45000076293945,48.5,49.349998474121094,21635600
2013-02-14,34.54097366333008,49.220001220703125,49.290000915527344,48.369998931884766,48.400001525878906,18017800
2013-02-15,34.3023567199707,48.880001068115234,49.459999084472656,48.56999969482422,49.349998474121094,20016200
2013-02-19,34.702369689941406,49.45000076293945,49.68000030517578,49.119998931884766,49.119998931884766,20445900
2013-02-20,34.11288070678711,48.61000061035156,49.540000915527344,48.36000061035156,49.349998474121094,24786700
2013-02-21,33.86024475097656,48.25,48.45000076293945,47.83000183105469,48.40999984741211,24437700
2013-02-22,34.32341384887695,48.90999984741211,48.90999984741211,48.40999984741211,48.630001068115234,23584100
2013-02-25,33.474266052246094,47.70000076293945,49.20000076293945,47.650001525878906,49.099998474121094,32775500
2013-02-26,33.40410614013672,47.599998474121094,48.2599983215332,46.849998474121094,48.220001220703125,39401400
2013-02-27,34.58306884765625,49.279998779296875,49.400001525878906,47.7599983215332,47.849998474121094,31921200
2013-02-28,34.330421447753906,48.91999816894531,49.54999923706055,48.75,49.15999984741211,24711500
2013-03-01,34.32341384887695,48.90999984741211,49.41999816894531,48.369998931884766,48.599998474121094,25923400
2013-03-04,34.45675277709961,49.099998474121094,49.13999938964844,48.33000183105469,48.72999954223633,17695200
2013-03-05,34.730445861816406,49.4900016784668,50.11000061035156,49.310001373291016,49.4900016784668,25561100
2013-03-06,35.10939025878906,50.029998779296875,50.189998626708984,49.619998931884766,49.880001068115234,19607900
2013-03-07,35.530452728271484,50.630001068115234,50.86000061035156,50.0099983215332,50.04999923706055,24245400
2013-03-08,35.22868728637695,50.20000076293945,50.849998474121094,49.61000061035156,50.59000015258789,32711900
2013-03-11,35.42518615722656,50.47999954223633,50.77000045776367,49.90999984741211,50.22999954223633,19473000
2013-03-12,35.284828186035156,50.279998779296875,50.66999816894531,50.04999923706055,50.349998474121094,18003400
2013-03-13,35.200618743896484,50.15999984741211,50.43000030517578,50.11000061035156,50.290000915527344,16680200
2013-03-14,35.790096282958984,51.0,51.0,50.189998626708984,50.25,26378700
2013-03-15,35.10237503051758,50.02000045776367,50.290000915527344,49.150001525878906,49.970001220703125,60880800
2013-03-18,34.744468688964844,49.5099983215332,49.65999984741211,48.95000076293945,49.189998626708984,28011400
2013-03-19,34.52692413330078,49.20000076293945,49.9900016784668,48.68000030517578,49.650001525878906,24411500
2013-03-20,34.47077560424805,49.119998931884766,49.63999938964844,49.040000915527344,49.56999969482422,19385300
2013-03-21,33.93041229248047,48.349998474121094,49.22999954223633,48.349998474121094,48.790000915527344,23535900
2013-03-22,34.232181549072266,48.779998779296875,49.0,48.34000015258789,48.630001068115234,22791500
2013-03-25,34.049720764160156,48.52000045776367,49.31999969482422,48.15999984741211,49.040000915527344,23581400
2013-03-26,34.13392639160156,48.63999938964844,48.970001220703125,48.31999969482422,48.7400016784668,16417500
2013-03-27,33.52338409423828,47.77000045776367,48.310001373291016,47.560001373291016,48.20000076293945,26530100
2013-03-28,33.30584716796875,47.459999084472656,47.93000030517578,47.279998779296875,47.84000015258789,27506700
2013-04-01,33.56549835205078,47.83000183105469,47.9900016784668,47.4900016784668,47.54999923706055,17442200
2013-04-02,33.881290435791016,48.279998779296875,48.380001068115234,47.880001068115234,48.0099983215332,17273700
2013-04-03,33.083351135253906,46.849998474121094,48.06999969482422,46.529998779296875,48.029998779296875,33467400
2013-04-04,33.5352783203125,47.4900016784668,47.540000915527344,46.900001525878906,46.959999084472656,21514000
2013-04-05,33.83186340332031,47.90999984741211,48.040000915527344,46.75,46.790000915527344,22961500
2013-04-08,34.30498504638672,48.58000183105469,48.59000015258789,47.59000015258789,47.880001068115234,18672300
2013-04-09,34.375606536865234,48.68000030517578,48.959999084472656,48.459999084472656,48.7400016784668,20066700
2013-04-10,34.778099060058594,49.25,49.560001373291016,48.880001068115234,48.939998626708984,20388900
2013-04-11,34.82048034667969,49.310001373291016,49.599998474121094,48.83000183105469,49.209999084472656,22584700
2013-04-12,34.6086311340332,49.0099983215332,49.58000183105469,48.45000076293945,48.900001525878906,37805900
2013-04-15,33.84599685668945,47.93000030517578,49.34000015258789,47.900001525878906,48.38999938964844,31527300
2013-04-16,34.24142837524414,48.4900016784668,48.52000045776367,47.59000015258789,48.43000030517578,23865500
2013-04-17,33.04097366333008,46.790000915527344,48.18000030517578,46.380001068115234,48.11000061035156,43466300
2013-04-18,32.93504333496094,46.63999938964844,47.33000183105469,46.04999923706055,46.79999923706055,26106800
2013-04-19,33.351680755615234,47.22999954223633,47.36000061035156,46.70000076293945,47.150001525878906,19746100
2013-04-22,33.43641662597656,47.349998474121094,47.4900016784668,46.869998931884766,47.400001525878906,15230100
2013-04-23,34.01545715332031,48.16999816894531,48.2400016784668,47.38999938964844,47.68000030517578,20568500
2013-04-24,34.40384292602539,48.720001220703125,48.91999816894531,48.15999984741211,48.31999969482422,16459300
2013-04-25,34.6015739440918,49.0,49.630001068115234,48.88999938964844,49.02000045776367,19058800
2013-04-26,34.51683044433594,48.880001068115234,49.09000015258789,48.61000061035156,48.86000061035156,13929000
2013-04-29,34.54507827758789,48.91999816894531,49.099998474121094,48.650001525878906,49.08000183105469,13496300
2013-04-30,34.6086311340332,49.0099983215332,49.25,48.720001220703125,48.959999084472656,13802600
2013-05-01,33.90249252319336,48.0099983215332,48.90999984741211,47.849998474121094,48.7599983215332,17686400
2013-05-02,33.951900482177734,48.08000183105469,48.25,47.709999084472656,48.25,15529300
2013-05-03,33.59178161621094,47.56999969482422,48.70000076293945,46.97999954223633,48.630001068115234,43257900
2013-05-06,34.02253341674805,48.18000030517578,48.38999938964844,47.56999969482422,47.709999084472656,20829500
2013-05-07,34.70043182373047,49.13999938964844,49.38999938964844,48.2599983215332,48.56999969482422,24291600
2013-05-08,35.13825225830078,49.7599983215332,49.9900016784668,49.11000061035156,49.220001220703125,23559300
2013-05-09,34.629817962646484,49.040000915527344,49.810001373291016,48.91999816894531,49.70000076293945,18103100
2013-05-10,34.57332229614258,48.959999084472656,49.22999954223633,48.63999938964844,49.04999923706055,16199600
2013-05-13,35.074703216552734,49.66999816894531,49.70000076293945,48.61000061035156,48.84000015258789,23979500
2013-05-14,35.47015380859375,50.22999954223633,50.41999816894531,49.65999984741211,49.77000045776367,24188400
2013-05-15,36.07744598388672,51.09000015258789,51.43000030517578,50.150001525878906,50.20000076293945,27467000
2013-05-16,35.992698669433594,50.970001220703125,51.65999984741211,50.84000015258789,50.869998931884766,21389500
2013-05-17,36.93190002441406,52.29999923706055,52.33000183105469,51.25,51.2599983215332,26080300
2013-05-20,36.92481994628906,52.290000915527344,52.630001068115234,51.90999984741211,52.279998779296875,22020000
2013-05-21,37.4403076171875,53.02000045776367,53.66999816894531,52.45000076293945,52.529998779296875,37112600
2013-05-22,37.87106704711914,53.630001068115234,54.959999084472656,53.290000915527344,53.43000030517578,46968300
2013-05-23,37.673336029052734,53.349998474121094,53.790000915527344,52.65999984741211,52.81999969482422,25294200
2013-05-24,37.89225387573242,53.65999984741211,53.65999984741211,52.720001220703125,52.900001525878906,18342300
2013-05-28,38.55603790283203,54.599998474121094,54.650001525878906,54.029998779296875,54.560001373291016,27162300
2013-05-29,38.6054801940918,54.66999816894531,54.959999084472656,53.90999984741211,54.09000015258789,20482600
2013-05-30,39.276309967041016,55.619998931884766,55.900001525878906,54.529998779296875,54.599998474121094,24890800
2013-05-31,38.548973083496094,54.59000015258789,55.83000183105469,54.59000015258789,55.709999084472656,24990100
2013-06-03,38.478363037109375,54.4900016784668,54.86000061035156,53.040000915527344,54.599998474121094,28279600
2013-06-04,38.160587310791016,54.040000915527344,55.38999938964844,53.869998931884766,54.540000915527344,22022600
2013-06-05,37.4473762512207,53.029998779296875,54.27000045776367,52.70000076293945,53.779998779296875,24326000
2013-06-06,37.77927017211914,53.5,53.52000045776367,52.27000045776367,52.84000015258789,23940900
2013-06-07,38.32301712036133,54.27000045776367,54.47999954223633,53.40999984741211,53.77000045776367,21691000
2013-06-10,38.38656234741211,54.36000061035156,54.84000015258789,54.02000045776367,54.63999938964844,16007000
2013-06-11,37.77220916748047,53.4900016784668,54.04999923706055,53.11000061035156,53.459999084472656,17600800
2013-06-12,37.55329895019531,53.18000030517578,54.099998474121094,52.970001220703125,53.900001525878906,18479100
2013-06-13,38.25239944458008,54.16999816894531,54.2400016784668,52.970001220703125,53.0,17090200
2013-06-14,37.51799011230469,53.130001068115234,54.130001068115234,52.90999984741211,54.040000915527344,17185300
2013-06-17,38.026432037353516,53.849998474121094,54.2599983215332,53.540000915527344,53.70000076293945,16856600
2013-06-18,38.21001434326172,54.11000061035156,54.27000045776367,53.720001220703125,54.029998779296875,13259100
2013-06-19,37.814579010009766,53.54999923706055,54.5099983215332,53.52000045776367,53.9900016784668,20840000
2013-06-20,37.05900192260742,52.47999954223633,53.18000030517578,52.27000045776367,53.08000183105469,31857100
2013-06-21,36.691776275634766,51.959999084472656,52.97999954223633,51.689998626708984,52.959999084472656,44412200
2013-06-24,35.9573860168457,50.91999816894531,51.45000076293945,50.11000061035156,50.880001068115234,30736500
2013-06-25,36.776546478271484,52.08000183105469,52.560001373291016,51.5099983215332,51.5099983215332,20951400
2013-06-26,37.073123931884766,52.5,52.79999923706055,51.880001068115234,52.650001525878906,19332000
2013-06-27,37.53212356567383,53.150001525878906,53.4900016784668,52.880001068115234,53.029998779296875,17093600
2013-06-28,37.27790451049805,52.790000915527344,53.130001068115234,52.58000183105469,53.119998931884766,18256000
2013-07-01,37.06605529785156,52.4900016784668,53.630001068115234,52.43000030517578,53.220001220703125,23511100
2013-07-02,37.55686569213867,52.79999923706055,53.529998779296875,52.119998931884766,52.56999969482422,23935300
2013-07-03,37.5355110168457,52.77000045776367,52.810001373291016,52.209999084472656,52.310001373291016,10442300
2013-07-05,38.40330505371094,53.9900016784668,54.0,53.11000061035156,53.36000061035156,17070200
2013-07-08,38.9083137512207,54.70000076293945,54.90999984741211,54.04999923706055,54.540000915527344,21786900
2013-07-09,39.04347229003906,54.88999938964844,55.16999816894531,54.189998626708984,55.06999969482422,20508700
2013-07-10,39.00078201293945,54.83000183105469,55.150001525878906,54.439998626708984,54.77000045776367,16915000
2013-07-11,39.2213020324707,55.13999938964844,55.869998931884766,54.54999923706055,55.84000015258789,21322600
2013-07-12,39.10038375854492,54.970001220703125,55.849998474121094,54.75,55.5099983215332,32569200
2013-07-15,39.04347229003906,54.88999938964844,55.5,54.599998474121094,55.4900016784668,28292000
2013-07-16,39.12883758544922,55.0099983215332,55.40999984741211,54.779998779296875,54.900001525878906,19222700
2013-07-17,39.31378173828125,55.27000045776367,55.58000183105469,54.84000015258789,55.04999923706055,19166600
2013-07-18,40.09621047973633,56.369998931884766,56.529998779296875,55.4900016784668,55.5099983215332,24563100
2013-07-19,39.94683074951172,56.15999984741211,56.560001373291016,55.90999984741211,56.5099983215332,17762600
2013-07-22,40.231361389160156,56.560001373291016,56.66999816894531,55.95000076293945,56.16999816894531,15999700
2013-07-23,40.30959701538086,56.66999816894531,56.88999938964844,56.470001220703125,56.720001220703125,10577100
2013-07-24,40.28114700317383,56.630001068115234,56.93000030517578,56.380001068115234,56.91999816894531,16665000
2013-07-25,40.18868637084961,56.5,56.5,55.88999938964844,56.45000076293945,13870200
2013-07-26,39.868595123291016,56.04999923706055,56.220001220703125,55.599998474121094,56.060001373291016,16762300
2013-07-29,39.61251449584961,55.689998626708984,56.0,55.380001068115234,55.97999954223633,10049100
2013-07-30,39.356449127197266,55.33000183105469,55.9900016784668,55.08000183105469,55.869998931884766,14207400
2013-07-31,39.64097595214844,55.72999954223633,56.27000045776367,55.5099983215332,55.58000183105469,19404900
2013-08-01,40.21713638305664,56.540000915527344,56.779998779296875,56.20000076293945,56.36000061035156,15979400
2013-08-02,40.18157196044922,56.4900016784668,56.52000045776367,56.0099983215332,56.27000045776367,11007300
2013-08-05,39.90415573120117,56.099998474121094,56.58000183105469,56.0099983215332,56.33000183105469,9370200
2013-08-06,39.470272064208984,55.4900016784668,56.099998474121094,55.310001373291016,55.9900016784668,10588600
2013-08-07,39.335121154785156,55.29999923706055,55.470001220703125,54.779998779296875,55.060001373291016,12828400
2013-08-08,39.00078201293945,54.83000183105469,55.72999954223633,54.130001068115234,55.41999816894531,18587100
2013-08-09,38.78029251098633,54.52000045776367,55.150001525878906,54.33000183105469,54.689998626708984,12652500
2013-08-12,38.474422454833984,54.09000015258789,54.31999969482422,53.68000030517578,54.040000915527344,15133000
2013-08-13,38.61669158935547,54.290000915527344,54.70000076293945,53.599998474121094,54.220001220703125,15078100
2013-08-14,38.517112731933594,54.150001525878906,54.849998474121094,54.0,54.33000183105469,15785800
2013-08-15,37.90540313720703,53.290000915527344,53.68000030517578,52.88999938964844,53.52000045776367,16933200
2013-08-16,37.90540313720703,53.290000915527344,53.779998779296875,53.06999969482422,53.06999969482422,17139000
2013-08-19,36.86688995361328,51.83000183105469,52.95000076293945,51.79999923706055,52.88999938964844,22793300
2013-08-20,37.07316589355469,52.119998931884766,52.36000061035156,50.65999984741211,51.779998779296875,18701500
2013-08-21,36.724632263183594,51.630001068115234,52.220001220703125,51.279998779296875,51.91999816894531,17136200
2013-08-22,37.137184143066406,52.209999084472656,52.65999984741211,51.93000030517578,52.0,14658500
2013-08-23,37.215431213378906,52.31999969482422,52.41999816894531,51.900001525878906,52.27000045776367,11126800
2013-08-26,36.84556198120117,51.79999923706055,52.540000915527344,51.790000915527344,52.15999984741211,16548400
2013-08-27,35.99198913574219,50.599998474121094,51.54999923706055,50.54999923706055,51.02000045776367,23596800
2013-08-28,35.97775650024414,50.58000183105469,51.04999923706055,50.130001068115234,50.33000183105469,18748100
2013-08-29,36.06311798095703,50.70000076293945,51.18000030517578,50.45000076293945,50.59000015258789,13576000
2013-08-30,35.94219207763672,50.529998779296875,50.83000183105469,50.290000915527344,50.81999969482422,15863100
2013-09-03,36.36896896362305,51.130001068115234,51.720001220703125,50.83000183105469,51.25,15277200
2013-09-04,36.895328521728516,51.869998931884766,52.099998474121094,50.93000030517578,51.15999984741211,19923800
2013-09-05,37.06605529785156,52.11000061035156,52.52000045776367,51.90999984741211,52.029998779296875,13913200
2013-09-06,37.386146545410156,52.560001373291016,52.709999084472656,51.279998779296875,52.40999984741211,22339900
2013-09-09,37.59953308105469,52.86000061035156,53.189998626708984,52.52000045776367,52.779998779296875,19936400
2013-09-10,38.175697326660156,53.66999816894531,53.93000030517578,53.29999923706055,53.83000183105469,20233200
2013-09-11,37.884056091308594,53.2599983215332,53.7599983215332,53.060001373291016,53.369998931884766,16028600
2013-09-12,37.15853500366211,52.2400016784668,53.709999084472656,52.08000183105469,53.43000030517578,21976700
2013-09-13,37.407466888427734,52.59000015258789,52.79999923706055,52.22999954223633,52.290000915527344,11942900
2013-09-16,37.79868698120117,53.13999938964844,53.4900016784668,52.97999954223633,53.45000076293945,17055300
2013-09-17,37.763126373291016,53.09000015258789,53.31999969482422,52.880001068115234,53.189998626708984,13207000
2013-09-18,37.99075698852539,53.40999984741211,53.869998931884766,52.560001373291016,52.689998626708984,20844500
2013-09-19,37.52128601074219,52.75,53.75,52.529998779296875,53.630001068115234,22452200
2013-09-20,37.55686569213867,52.79999923706055,53.470001220703125,52.79999923706055,52.95000076293945,30792200
2013-09-23,36.60370635986328,51.459999084472656,52.380001068115234,51.38999938964844,52.08000183105469,28189500
2013-09-24,35.792816162109375,50.31999969482422,51.27000045776367,50.29999923706055,51.0099983215332,34906900
2013-09-25,36.77440643310547,51.70000076293945,51.900001525878906,50.060001373291016,50.220001220703125,39175500
2013-09-26,36.90955352783203,51.88999938964844,52.560001373291016,51.540000915527344,51.93000030517578,22298700
2013-09-27,37.15853500366211,52.2400016784668,52.400001525878906,51.38999938964844,51.5,23026000
2013-09-30,36.767303466796875,51.689998626708984,52.09000015258789,51.439998626708984,51.72999954223633,21350600
2013-10-01,36.95935821533203,51.959999084472656,52.09000015258789,51.45000076293945,51.63999938964844,19188000
2013-10-02,37.32479476928711,52.09000015258789,52.45000076293945,51.290000915527344,51.31999969482422,23841200
2013-10-03,37.21731948852539,51.939998626708984,52.20000076293945,51.5,52.0,18614500
2013-10-04,37.740379333496094,52.66999816894531,52.68000030517578,52.0099983215332,52.06999969482422,17407200
2013-10-07,37.13849639892578,51.83000183105469,52.36000061035156,51.83000183105469,52.290000915527344,16159300
2013-10-08,36.450599670410156,50.869998931884766,51.959999084472656,50.84000015258789,51.83000183105469,19536000
2013-10-09,36.3646240234375,50.75,51.34000015258789,50.25,51.16999816894531,24721200
2013-10-10,37.63290786743164,52.52000045776367,52.560001373291016,51.380001068115234,51.84000015258789,24328700
2013-10-11,37.62574005126953,52.5099983215332,53.349998474121094,52.15999984741211,52.959999084472656,32498800
2013-10-14,37.76904296875,52.709999084472656,52.84000015258789,51.7599983215332,51.939998626708984,18881600
2013-10-15,37.482444763183594,52.310001373291016,53.040000915527344,52.18000030517578,52.90999984741211,17566500
2013-10-16,38.693389892578125,54.0,54.04999923706055,52.58000183105469,52.61000061035156,24864000
2013-10-17,38.84386444091797,54.209999084472656,54.290000915527344,53.61000061035156,53.790000915527344,17791000
2013-10-18,38.90835952758789,54.29999923706055,54.58000183105469,53.79999923706055,54.2599983215332,24796600
2013-10-21,38.88685607910156,54.27000045776367,54.849998474121094,53.88999938964844,54.27000045776367,19471700
2013-10-22,38.421104431152344,53.619998931884766,54.68000030517578,53.619998931884766,54.650001525878906,24820900
2013-10-23,37.7977180480957,52.75,53.36000061035156,52.720001220703125,53.310001373291016,21034400
2013-10-24,37.6042594909668,52.47999954223633,52.88999938964844,52.11000061035156,52.84000015258789,17759000
2013-10-25,37.81204605102539,52.77000045776367,52.90999984741211,52.06999969482422,52.15999984741211,20889600
2013-10-28,37.747562408447266,52.68000030517578,53.09000015258789,52.5,52.88999938964844,14836800
2013-10-29,37.78338623046875,52.72999954223633,52.9900016784668,52.25,52.83000183105469,23363100
2013-10-30,37.69023132324219,52.599998474121094,53.2400016784668,52.5,53.0,16157200
2013-10-31,36.930694580078125,51.540000915527344,52.709999084472656,51.540000915527344,52.650001525878906,23738000
2013-11-01,37.62574005126953,52.5099983215332,52.709999084472656,51.29999923706055,51.45000076293945,25794400
2013-11-04,37.28896713256836,52.040000915527344,52.7599983215332,52.0,52.7400016784668,18891300
2013-11-05,37.22446823120117,51.95000076293945,52.130001068115234,51.65999984741211,51.849998474121094,14532200
2013-11-06,37.33196258544922,52.099998474121094,52.34000015258789,51.83000183105469,52.2599983215332,14013000
2013-11-07,37.009525299072266,51.650001525878906,52.34000015258789,51.58000183105469,52.130001068115234,17348900
2013-11-08,38.664730072021484,53.959999084472656,53.970001220703125,51.79999923706055,51.83000183105469,31183100
2013-11-11,38.765045166015625,54.099998474121094,54.150001525878906,53.70000076293945,53.90999984741211,12062800
2013-11-12,38.67189407348633,53.970001220703125,54.08000183105469,53.599998474121094,53.93000030517578,15964800
2013-11-13,38.793704986572266,54.13999938964844,54.20000076293945,53.150001525878906,53.52000045776367,22121900
2013-11-14,38.980010986328125,54.400001525878906,54.5,53.70000076293945,54.2599983215332,17634000
2013-11-15,39.316795349121094,54.869998931884766,54.959999084472656,54.189998626708984,54.27000045776367,20530100
2013-11-18,39.9401741027832,55.7400016784668,56.0,55.29999923706055,55.4900016784668,22318800
2013-11-19,40.23395919799805,56.150001525878906,56.63999938964844,55.779998779296875,55.970001220703125,22979900
2013-11-20,40.19813919067383,56.099998474121094,56.439998626708984,55.77000045776367,56.43000030517578,17682800
2013-11-21,41.00068283081055,57.220001220703125,57.400001525878906,56.279998779296875,56.279998779296875,22843600
2013-11-22,41.172630310058594,57.459999084472656,57.52000045776367,57.060001373291016,57.25,16730600
2013-11-25,41.308780670166016,57.650001525878906,58.13999938964844,57.40999984741211,57.5,18649600
2013-11-26,40.96483612060547,57.16999816894531,57.959999084472656,57.16999816894531,57.630001068115234,16263300
2013-11-27,41.18696975708008,57.47999954223633,57.83000183105469,57.33000183105469,57.58000183105469,11238900
2013-11-29,41.00068283081055,57.220001220703125,57.849998474121094,57.20000076293945,57.58000183105469,7128800
2013-12-02,40.828712463378906,56.97999954223633,57.75,56.900001525878906,57.099998474121094,12465300
2013-12-03,40.742706298828125,56.86000061035156,57.220001220703125,56.13999938964844,56.88999938964844,20426800
2013-12-04,40.979164123535156,57.189998626708984,57.470001220703125,56.209999084472656,56.439998626708984,20287200
2013-12-05,39.99750518798828,55.81999969482422,56.7400016784668,55.75,56.709999084472656,21324900
2013-12-06,40.16947555541992,56.060001373291016,56.7599983215332,55.619998931884766,56.56999969482422,18661200
2013-12-09,40.49190902709961,56.5099983215332,56.529998779296875,56.09000015258789,56.279998779296875,12714000
2013-12-10,40.62806701660156,56.70000076293945,57.06999969482422,56.349998474121094,56.4900016784668,14543700
2013-12-11,40.17664337158203,56.06999969482422,56.77000045776367,55.959999084472656,56.540000915527344,17836100
2013-12-12,40.348609924316406,56.310001373291016,56.599998474121094,55.90999984741211,56.04999923706055,15325300
2013-12-13,40.24829864501953,56.16999816894531,56.560001373291016,56.040000915527344,56.369998931884766,11461300
2013-12-16,40.42742919921875,56.41999816894531,56.939998626708984,56.33000183105469,56.34000015258789,26379200
2013-12-17,39.92586135864258,55.720001220703125,56.65999984741211,55.65999984741211,56.65999984741211,18338500
2013-12-18,41.01499557495117,57.2400016784668,57.27000045776367,55.400001525878906,55.84000015258789,27685900
2013-12-19,41.00783920288086,57.22999954223633,57.540000915527344,56.81999969482422,57.099998474121094,16790000
2013-12-20,41.34461212158203,57.70000076293945,58.0,57.20000076293945,57.209999084472656,22001700
2013-12-23,41.731536865234375,58.2400016784668,58.38999938964844,57.79999923706055,57.970001220703125,13990600
2013-12-24,41.738712310791016,58.25,58.290000915527344,58.040000915527344,58.06999969482422,4532600
2013-12-26,41.7028694152832,58.20000076293945,58.459999084472656,57.91999816894531,58.349998474121094,6677000
2013-12-27,41.6599006652832,58.13999938964844,58.349998474121094,58.060001373291016,58.16999816894531,8943700
2013-12-30,41.52375793457031,57.95000076293945,58.27000045776367,57.709999084472656,58.13999938964844,8815800
2013-12-31,41.90351104736328,58.47999954223633,58.54999923706055,58.04999923706055,58.20000076293945,11017400
2014-01-02,41.98284149169922,58.209999084472656,58.5,57.970001220703125,58.310001373291016,15627600
2014-01-03,42.30738830566406,58.65999984741211,58.95000076293945,58.209999084472656,58.290000915527344,14214100
2014-01-06,42.552616119384766,59.0,59.470001220703125,58.83000183105469,59.15999984741211,17550700
2014-01-07,42.062191009521484,58.31999969482422,59.43000030517578,58.11000061035156,59.290000915527344,17851200
2014-01-08,42.458858489990234,58.869998931884766,58.90999984741211,58.29999923706055,58.540000915527344,14687400
2014-01-09,42.3795166015625,58.7599983215332,59.0,58.33000183105469,58.97999954223633,13242500
2014-01-10,42.18478775024414,58.4900016784668,58.7599983215332,58.18000030517578,58.66999816894531,12694900
2014-01-13,41.615020751953125,57.70000076293945,58.66999816894531,57.529998779296875,58.5099983215332,20711600
2014-01-14,41.64387512207031,57.7400016784668,58.58000183105469,57.560001373291016,58.29999923706055,30272400
2014-01-15,42.90603256225586,59.4900016784668,59.650001525878906,57.72999954223633,57.72999954223633,35186600
2014-01-16,42.5454216003418,58.9900016784668,59.81999969482422,58.7400016784668,58.790000915527344,21689400
2014-01-17,41.91073226928711,58.11000061035156,59.22999954223633,58.029998779296875,59.209999084472656,20997900
2014-01-21,41.95399475097656,58.16999816894531,58.439998626708984,57.58000183105469,58.09000015258789,19548300
2014-01-22,41.53568649291992,57.59000015258789,58.33000183105469,57.41999816894531,58.33000183105469,15433500
2014-01-23,40.727901458740234,56.470001220703125,57.099998474121094,56.209999084472656,57.09000015258789,26234600
2014-01-24,39.732608795166016,55.09000015258789,56.36000061035156,55.09000015258789,56.0,26833100
2014-01-27,39.732608795166016,55.09000015258789,55.79999923706055,54.689998626708984,55.08000183105469,23935000
2014-01-28,40.20140075683594,55.7400016784668,56.34000015258789,55.2400016784668,55.38999938964844,18041000
2014-01-29,40.049949645996094,55.529998779296875,55.869998931884766,54.849998474121094,54.959999084472656,25459000
2014-01-30,40.38893127441406,56.0,56.38999938964844,55.630001068115234,56.06999969482422,17031100
2014-01-31,39.927345275878906,55.36000061035156,56.11000061035156,55.18000030517578,55.5,18174000
2014-02-03,39.170047760009766,54.310001373291016,55.91999816894531,54.20000076293945,55.5,28549900
2014-02-04,39.63163757324219,54.95000076293945,55.349998474121094,54.599998474121094,54.720001220703125,20709300
2014-02-05,39.819149017333984,55.209999084472656,55.45000076293945,54.58000183105469,55.099998474121094,19491600
2014-02-06,40.73511505126953,56.47999954223633,56.54999923706055,55.20000076293945,55.349998474121094,20881600
2014-02-07,40.83609390258789,56.619998931884766,56.93000030517578,56.2599983215332,56.650001525878906,23388500
2014-02-10,40.92262268066406,56.7400016784668,56.91999816894531,56.38999938964844,56.77000045776367,14715200
2014-02-11,41.42028045654297,57.43000030517578,57.56999969482422,56.58000183105469,56.61000061035156,18774100
2014-02-12,41.48520278930664,57.52000045776367,57.709999084472656,57.15999984741211,57.34000015258789,13437900
2014-02-13,41.853031158447266,58.029998779296875,58.099998474121094,56.959999084472656,57.06999969482422,16605500
2014-02-14,41.939571380615234,58.150001525878906,58.22999954223633,57.75,57.88999938964844,13067300
2014-02-18,42.18478775024414,58.4900016784668,58.650001525878906,57.900001525878906,58.02000045776367,14983800
2014-02-19,41.297672271728516,57.2599983215332,58.540000915527344,57.220001220703125,58.36000061035156,18669900
2014-02-20,41.52847671508789,57.58000183105469,57.970001220703125,57.27000045776367,57.529998779296875,12457000
2014-02-21,41.550106048583984,57.61000061035156,57.84000015258789,57.369998931884766,57.59000015258789,16790100
2014-02-24,41.853031158447266,58.029998779296875,58.22999954223633,57.58000183105469,57.619998931884766,16151400
2014-02-25,41.131797790527344,57.029998779296875,57.97999954223633,56.91999816894531,57.900001525878906,17991800
2014-02-26,40.92985916137695,56.75,57.380001068115234,56.220001220703125,57.369998931884766,23661700
2014-02-27,40.88658142089844,56.689998626708984,56.88999938964844,56.13999938964844,56.779998779296875,16277500
2014-02-28,40.98033142089844,56.81999969482422,57.45000076293945,56.38999938964844,56.56999969482422,18599000
2014-03-03,40.54038619995117,56.209999084472656,56.41999816894531,55.689998626708984,56.29999923706055,19151000
2014-03-04,41.297672271728516,57.2599983215332,57.36000061035156,56.63999938964844,56.95000076293945,17157000
2014-03-05,41.94678497314453,58.15999984741211,58.290000915527344,57.36000061035156,57.47999954223633,17761500
2014-03-06,42.480499267578125,58.900001525878906,59.09000015258789,58.400001525878906,58.5099983215332,19420600
2014-03-07,42.84110641479492,59.400001525878906,59.79999923706055,59.06999969482422,59.349998474121094,18602200
2014-03-10,42.696868896484375,59.20000076293945,59.47999954223633,58.869998931884766,59.13999938964844,16945200
2014-03-11,41.968421936035156,58.189998626708984,59.45000076293945,58.130001068115234,59.41999816894531,19420000
2014-03-12,41.77368927001953,57.91999816894531,57.959999084472656,57.41999816894531,57.70000076293945,17932100
2014-03-13,41.41307067871094,57.41999816894531,58.34000015258789,57.189998626708984,58.0,17192500
2014-03-14,40.96591567993164,56.79999923706055,57.529998779296875,56.619998931884766,57.11000061035156,18635800
2014-03-17,41.52847671508789,57.58000183105469,57.70000076293945,57.04999923706055,57.209999084472656,13581400
2014-03-18,41.874664306640625,58.060001373291016,58.15999984741211,57.619998931884766,57.81999969482422,12554800
2014-03-19,42.047752380371094,58.29999923706055,58.93000030517578,57.88999938964844,57.9900016784668,21450700
2014-03-20,43.35317611694336,60.11000061035156,60.4900016784668,58.130001068115234,58.36000061035156,33736500
2014-03-21,43.39645004272461,60.16999816894531,61.20000076293945,60.0,60.959999084472656,35144100
2014-03-24,44.04557800292969,61.06999969482422,61.189998626708984,60.349998474121094,60.369998931884766,25810500
2014-03-25,43.94459915161133,60.93000030517578,61.47999954223633,60.560001373291016,61.11000061035156,24053500
2014-03-26,43.20173263549805,59.900001525878906,61.400001525878906,59.88999938964844,61.2400016784668,22745200
2014-03-27,43.216148376464844,59.91999816894531,60.54999923706055,59.02000045776367,59.939998626708984,24632600
2014-03-28,43.302696228027344,60.040000915527344,60.59000015258789,59.68000030517578,60.209999084472656,14708700
2014-03-31,43.78592300415039,60.709999084472656,61.02000045776367,60.599998474121094,60.83000183105469,15216700
2014-04-01,43.7570686340332,60.66999816894531,61.290000915527344,60.369998931884766,60.95000076293945,14584400
2014-04-02,43.89497756958008,60.47999954223633,60.77000045776367,60.20000076293945,60.369998931884766,14012200
2014-04-03,44.025604248046875,60.65999984741211,60.79999923706055,60.279998779296875,60.650001525878906,11925200
2014-04-04,43.40869903564453,59.810001373291016,61.060001373291016,59.79999923706055,61.02000045776367,16966900
2014-04-07,42.820823669433594,59.0,60.0,58.84000015258789,59.689998626708984,18685700
2014-04-08,42.71194839477539,58.849998474121094,59.02000045776367,58.25,58.79999923706055,16956500
2014-04-09,43.01678466796875,59.27000045776367,59.45000076293945,58.5,59.099998474121094,15308400
2014-04-10,41.65959548950195,57.400001525878906,59.38999938964844,57.380001068115234,59.349998474121094,29977200
2014-04-11,40.13544464111328,55.29999923706055,56.04999923706055,54.54999923706055,55.18000030517578,47241300
2014-04-14,39.8886833190918,54.959999084472656,55.939998626708984,54.47999954223633,55.849998474121094,31081500
2014-04-15,39.77256393432617,54.79999923706055,55.63999938964844,54.349998474121094,55.09000015258789,26691400
2014-04-16,40.106414794921875,55.2599983215332,55.349998474121094,54.689998626708984,55.0,27049400
2014-04-17,40.07738494873047,55.220001220703125,55.56999969482422,55.0099983215332,55.34000015258789,17955400
2014-04-21,39.93947982788086,55.029998779296875,55.40999984741211,54.9900016784668,55.2599983215332,12384800
2014-04-22,40.50559997558594,55.810001373291016,56.08000183105469,54.939998626708984,55.040000915527344,16257600
2014-04-23,40.67977523803711,56.04999923706055,56.119998931884766,55.560001373291016,55.79999923706055,11379000
2014-04-24,40.78139114379883,56.189998626708984,56.2599983215332,55.61000061035156,56.06999969482422,15360600
2014-04-25,40.42576217651367,55.70000076293945,56.349998474121094,55.63999938964844,56.310001373291016,15937700
2014-04-28,40.273345947265625,55.4900016784668,55.70000076293945,54.68000030517578,55.630001068115234,21394100
2014-04-29,40.71607208251953,56.099998474121094,56.310001373291016,55.56999969482422,55.72999954223633,13453400
2014-04-30,40.62896728515625,55.97999954223633,56.349998474121094,55.720001220703125,56.2400016784668,14388100
2014-05-01,40.44028091430664,55.720001220703125,56.189998626708984,55.5,55.91999816894531,12744600
2014-05-02,40.33866500854492,55.58000183105469,56.369998931884766,55.439998626708984,55.83000183105469,15153800
2014-05-05,39.35160827636719,54.220001220703125,54.7400016784668,53.70000076293945,53.880001068115234,25232300
2014-05-06,38.71292495727539,53.34000015258789,54.060001373291016,53.31999969482422,54.040000915527344,25327400
2014-05-07,39.22822189331055,54.04999923706055,54.119998931884766,53.2400016784668,53.54999923706055,18502600
2014-05-08,39.45322799682617,54.36000061035156,54.529998779296875,54.060001373291016,54.20000076293945,16090800
2014-05-09,39.19919204711914,54.0099983215332,54.310001373291016,53.68000030517578,54.220001220703125,12366500
2014-05-12,39.663700103759766,54.650001525878906,54.70000076293945,54.029998779296875,54.27000045776367,12825500
2014-05-13,39.64192199707031,54.619998931884766,54.83000183105469,54.5,54.7400016784668,12310700
2014-05-14,39.45322799682617,54.36000061035156,54.70000076293945,54.29999923706055,54.63999938964844,10325800
2014-05-15,38.83629608154297,53.5099983215332,54.20000076293945,53.349998474121094,54.20000076293945,19763000
2014-05-16,38.691165924072266,53.310001373291016,53.5099983215332,52.970001220703125,53.41999816894531,19992400
2014-05-19,39.06855392456055,53.83000183105469,53.90999984741211,53.060001373291016,53.08000183105469,12068900
2014-05-20,38.98871994018555,53.720001220703125,54.040000915527344,53.40999984741211,53.720001220703125,16888200
2014-05-21,39.279029846191406,54.119998931884766,54.599998474121094,53.97999954223633,54.04999923706055,13210200
2014-05-22,39.59110641479492,54.54999923706055,54.599998474121094,54.02000045776367,54.16999816894531,11800900
2014-05-23,39.57659149169922,54.529998779296875,54.59000015258789,54.15999984741211,54.54999923706055,10876500
2014-05-27,40.019325256347656,55.13999938964844,55.43000030517578,54.689998626708984,54.75,14503700
2014-05-28,40.24431228637695,55.45000076293945,55.599998474121094,55.0,55.09000015258789,11374900
2014-05-29,40.44028091430664,55.720001220703125,55.91999816894531,55.38999938964844,55.75,11741000
2014-05-30,40.33140182495117,55.56999969482422,55.880001068115234,55.310001373291016,55.58000183105469,11991900
2014-06-02,40.1717414855957,55.349998474121094,55.650001525878906,55.02000045776367,55.650001525878906,9440000
2014-06-03,40.35319137573242,55.599998474121094,55.65999984741211,55.09000015258789,55.09000015258789,9131500
2014-06-04,40.4112548828125,55.68000030517578,55.72999954223633,55.25,55.52000045776367,9727800
2014-06-05,41.100730895996094,56.630001068115234,56.65999984741211,55.4900016784668,55.90999984741211,16803400
2014-06-06,41.347503662109375,56.970001220703125,57.130001068115234,56.650001525878906,56.7599983215332,15399800
2014-06-09,41.67408752441406,57.41999816894531,57.66999816894531,56.900001525878906,56.90999984741211,11999700
2014-06-10,42.02246856689453,57.900001525878906,57.939998626708984,57.38999938964844,57.470001220703125,11609200
2014-06-11,41.56523132324219,57.27000045776367,57.790000915527344,56.97999954223633,57.47999954223633,14232200
2014-06-12,41.39830017089844,57.040000915527344,57.41999816894531,56.869998931884766,57.06999969482422,11670200
2014-06-13,41.39830017089844,57.040000915527344,57.66999816894531,56.880001068115234,57.029998779296875,12040800
2014-06-16,41.27492141723633,56.869998931884766,56.95000076293945,56.33000183105469,56.849998474121094,11199100
2014-06-17,41.67408752441406,57.41999816894531,57.59000015258789,56.68000030517578,56.790000915527344,11200500
2014-06-18,41.93538284301758,57.779998779296875,57.810001373291016,56.95000076293945,57.290000915527344,13729400
2014-06-19,41.587013244628906,57.29999923706055,57.689998626708984,57.209999084472656,57.689998626708984,11624400
2014-06-20,41.768436431884766,57.54999923706055,57.77000045776367,57.349998474121094,57.689998626708984,17124800
2014-06-23,42.232940673828125,58.189998626708984,58.220001220703125,57.2400016784668,57.540000915527344,16007700
2014-06-24,41.67408752441406,57.41999816894531,58.119998931884766,57.29999923706055,57.880001068115234,12322900
2014-06-25,41.75394058227539,57.529998779296875,57.7400016784668,56.869998931884766,57.220001220703125,14836600
2014-06-26,41.652320861816406,57.38999938964844,57.4900016784668,56.599998474121094,57.34000015258789,11854400
2014-06-27,41.75394058227539,57.529998779296875,57.70000076293945,57.2400016784668,57.33000183105469,10178600
2014-06-30,41.81924819946289,57.619998931884766,57.779998779296875,57.380001068115234,57.439998626708984,11549000
2014-07-01,42.07503890991211,57.56999969482422,57.9900016784668,57.08000183105469,57.150001525878906,14472200
2014-07-02,41.63655090332031,56.970001220703125,57.47999954223633,56.81999969482422,57.27000045776367,19189900
2014-07-03,41.69499969482422,57.04999923706055,57.650001525878906,57.0,57.22999954223633,12599800
2014-07-07,41.41728210449219,56.66999816894531,56.9900016784668,56.400001525878906,56.88999938964844,13916100
2014-07-08,40.75221633911133,55.7599983215332,56.470001220703125,55.630001068115234,56.349998474121094,18343400
2014-07-09,40.942230224609375,56.02000045776367,56.119998931884766,55.61000061035156,55.880001068115234,10914300
2014-07-10,40.60603713989258,55.560001373291016,55.810001373291016,54.959999084472656,55.060001373291016,12436600
2014-07-11,40.78145217895508,55.79999923706055,55.90999984741211,55.189998626708984,55.290000915527344,10230000
2014-07-14,41.13956832885742,56.290000915527344,56.84000015258789,56.20000076293945,56.529998779296875,14004400
2014-07-15,42.58664321899414,58.27000045776367,58.689998626708984,57.7599983215332,57.95000076293945,36178000
2014-07-16,42.90822982788086,58.709999084472656,58.97999954223633,58.310001373291016,58.5099983215332,20507500
2014-07-17,42.286991119384766,57.86000061035156,58.86000061035156,57.7599983215332,58.560001373291016,17013500
2014-07-18,42.557395935058594,58.22999954223633,58.47999954223633,57.900001525878906,58.33000183105469,12803300
2014-07-21,42.56472396850586,58.2400016784668,58.40999984741211,57.900001525878906,58.119998931884766,9141400
2014-07-22,42.87898635864258,58.66999816894531,58.79999923706055,58.369998931884766,58.41999816894531,10375200
2014-07-23,43.12017059326172,59.0,59.189998626708984,58.52000045776367,58.7599983215332,11122100
2014-07-24,43.244407653808594,59.16999816894531,59.349998474121094,58.9900016784668,59.06999969482422,9844100
2014-07-25,43.12747573852539,59.0099983215332,59.27000045776367,58.84000015258789,58.91999816894531,10500600
2014-07-28,43.259029388427734,59.189998626708984,59.2599983215332,58.66999816894531,58.939998626708984,12382800
2014-07-29,42.857059478759766,58.63999938964844,59.130001068115234,58.439998626708984,59.130001068115234,13498800
2014-07-30,43.05439376831055,58.90999984741211,59.279998779296875,58.61000061035156,59.02000045776367,11815700
2014-07-31,42.148128509521484,57.66999816894531,58.68000030517578,57.65999984741211,58.650001525878906,15955900
2014-08-01,41.278419494628906,56.47999954223633,57.4900016784668,55.970001220703125,57.38999938964844,23915400
2014-08-04,41.402671813964844,56.650001525878906,56.97999954223633,56.34000015258789,56.90999984741211,13543900
2014-08-05,40.97148132324219,56.060001373291016,56.599998474121094,55.599998474121094,56.43000030517578,16863300
2014-08-06,41.095706939697266,56.22999954223633,56.689998626708984,55.83000183105469,55.88999938964844,12190600
2014-08-07,40.8618278503418,55.90999984741211,56.689998626708984,55.68000030517578,56.630001068115234,11743800
2014-08-08,41.17609786987305,56.34000015258789,56.36000061035156,55.63999938964844,55.88999938964844,12213200
2014-08-11,41.16147232055664,56.31999969482422,56.58000183105469,56.16999816894531,56.540000915527344,9066800
2014-08-12,41.18340301513672,56.349998474121094,56.54999923706055,56.130001068115234,56.22999954223633,11289600
2014-08-13,41.45383071899414,56.720001220703125,56.84000015258789,56.5099983215332,56.689998626708984,7012600
2014-08-14,41.64384841918945,56.97999954223633,57.0,56.70000076293945,56.77000045776367,8275900
2014-08-15,41.475746154785156,56.75,57.5,56.38999938964844,57.2400016784668,12727400
2014-08-18,41.82655715942383,57.22999954223633,57.43000030517578,56.7599983215332,56.86000061035156,8881400
2014-08-19,42.06774139404297,57.560001373291016,57.720001220703125,57.34000015258789,57.599998474121094,9040500
2014-08-20,42.1262092590332,57.63999938964844,57.849998474121094,57.38999938964844,57.41999816894531,8121400
2014-08-21,42.754756927490234,58.5,58.77000045776367,57.599998474121094,57.65999984741211,12745500
2014-08-22,42.747432708740234,58.4900016784668,59.08000183105469,58.33000183105469,58.439998626708984,10228600
2014-08-25,43.36865997314453,59.34000015258789,59.83000183105469,58.86000061035156,58.97999954223633,13996800
2014-08-26,43.66099548339844,59.7400016784668,59.95000076293945,59.38999938964844,59.56999969482422,10281100
2014-08-27,43.55136489868164,59.59000015258789,59.95000076293945,59.529998779296875,59.849998474121094,11410900
2014-08-28,43.23710632324219,59.15999984741211,59.369998931884766,58.810001373291016,59.25,9096100
2014-08-29,43.44904327392578,59.45000076293945,59.650001525878906,59.22999954223633,59.34000015258789,8897900
2014-09-02,43.60982894897461,59.66999816894531,59.709999084472656,59.150001525878906,59.459999084472656,8671100
2014-09-03,43.63175582885742,59.70000076293945,60.369998931884766,59.459999084472656,60.02000045776367,11791800
2014-09-04,43.639068603515625,59.709999084472656,60.13999938964844,59.43000030517578,59.630001068115234,9811900
2014-09-05,43.785247802734375,59.90999984741211,59.90999984741211,59.220001220703125,59.619998931884766,9600900
2014-09-08,43.7706298828125,59.88999938964844,60.220001220703125,59.7400016784668,59.84000015258789,8090000
2014-09-09,43.16402053833008,59.060001373291016,59.68000030517578,58.779998779296875,59.630001068115234,14868700
2014-09-10,43.28095245361328,59.220001220703125,59.560001373291016,58.91999816894531,59.150001525878906,9153800
2014-09-11,43.67560958862305,59.7599983215332,59.84000015258789,58.970001220703125,59.18000030517578,11467000
2014-09-12,43.8729362487793,60.029998779296875,60.40999984741211,59.75,59.79999923706055,14359100
2014-09-15,43.80716323852539,59.939998626708984,59.9900016784668,59.45000076293945,59.779998779296875,10685600
2014-09-16,43.843685150146484,59.9900016784668,60.20000076293945,59.619998931884766,59.709999084472656,10947900
2014-09-17,44.07758331298828,60.310001373291016,60.59000015258789,59.81999969482422,59.95000076293945,15091800
2014-09-18,44.815738677978516,61.31999969482422,61.400001525878906,60.540000915527344,60.540000915527344,16973700
2014-09-19,44.66225814819336,61.11000061035156,61.849998474121094,60.97999954223633,61.7400016784668,18739300
2014-09-22,44.51608657836914,60.90999984741211,61.45000076293945,60.79999923706055,60.939998626708984,13225200
2014-09-23,44.53800964355469,60.939998626708984,61.400001525878906,60.77000045776367,60.81999969482422,14328800
2014-09-24,45.042293548583984,61.630001068115234,61.63999938964844,61.02000045776367,61.18000030517578,13728200
2014-09-25,43.96065139770508,60.150001525878906,61.5,60.150001525878906,61.4900016784668,16340100
2014-09-26,44.26029586791992,60.560001373291016,60.880001068115234,60.31999969482422,60.33000183105469,11948900
2014-09-29,44.092201232910156,60.33000183105469,60.5,59.72999954223633,60.029998779296875,10686500
2014-09-30,44.02642059326172,60.2400016784668,60.7400016784668,60.130001068115234,60.400001525878906,14384800
2014-10-01,43.68290710449219,59.77000045776367,60.400001525878906,59.72999954223633,60.2400016784668,18995800
2014-10-02,43.292964935302734,58.84000015258789,59.4900016784668,58.61000061035156,59.150001525878906,24559100
2014-10-03,44.3671989440918,60.29999923706055,60.38999938964844,59.04999923706055,59.25,18321100
2014-10-06,44.278892517089844,60.18000030517578,60.79999923706055,60.0,60.779998779296875,11578000
2014-10-07,43.609344482421875,59.27000045776367,59.91999816894531,59.189998626708984,59.91999816894531,14542000
2014-10-08,44.44076919555664,60.400001525878906,60.43000030517578,59.18000030517578,59.36000061035156,15834100
2014-10-09,43.46956253051758,59.08000183105469,60.33000183105469,58.88999938964844,60.33000183105469,19189500
2014-10-10,43.05751419067383,58.52000045776367,59.81999969482422,58.5099983215332,59.029998779296875,16689400
2014-10-13,42.792625427246094,58.15999984741211,59.150001525878906,58.11000061035156,58.5,17169300
2014-10-14,42.66756057739258,57.9900016784668,58.52000045776367,56.060001373291016,56.689998626708984,29096800
2014-10-15,40.8575439453125,55.529998779296875,57.380001068115234,54.2599983215332,57.02000045776367,37866900
2014-10-16,40.52644729614258,55.08000183105469,55.97999954223633,54.279998779296875,54.75,31965100
2014-10-17,41.35051727294922,56.20000076293945,56.779998779296875,55.56999969482422,55.72999954223633,20183500
2014-10-20,41.666900634765625,56.630001068115234,56.75,56.06999969482422,56.099998474121094,10807600
2014-10-21,42.6234130859375,57.93000030517578,58.0099983215332,57.08000183105469,57.22999954223633,14020400
2014-10-22,42.270240783691406,57.45000076293945,58.2599983215332,57.439998626708984,58.040000915527344,13750700
2014-10-23,42.71905517578125,58.060001373291016,58.599998474121094,57.939998626708984,58.119998931884766,12641900
2014-10-24,43.21937942504883,58.7400016784668,58.779998779296875,58.0,58.0,13758000
2014-10-27,43.14579772949219,58.63999938964844,58.790000915527344,58.25,58.45000076293945,11087100
2014-10-28,43.874229431152344,59.630001068115234,59.689998626708984,58.810001373291016,58.869998931884766,13625000
2014-10-29,43.62406539916992,59.290000915527344,59.779998779296875,58.7599983215332,59.619998931884766,16712100
2014-10-30,43.69763946533203,59.38999938964844,59.68000030517578,58.91999816894531,58.939998626708984,14709800
2014-10-31,44.499629974365234,60.47999954223633,60.540000915527344,59.869998931884766,60.119998931884766,18347600
2014-11-03,44.7939453125,60.880001068115234,61.150001525878906,60.36000061035156,60.790000915527344,11841200
2014-11-04,44.33040237426758,60.25,60.369998931884766,59.41999816894531,60.2400016784668,15295800
2014-11-05,44.99259948730469,61.150001525878906,61.22999954223633,60.38999938964844,60.79999923706055,14063800
2014-11-06,45.05146026611328,61.22999954223633,61.310001373291016,60.630001068115234,61.08000183105469,10421600
2014-11-07,45.22804641723633,61.470001220703125,61.54999923706055,60.86000061035156,61.06999969482422,12384600
2014-11-10,45.56650924682617,61.93000030517578,61.93000030517578,61.20000076293945,61.25,10801000
2014-11-11,45.15447235107422,61.369998931884766,61.88999938964844,61.290000915527344,61.709999084472656,12539800
2014-11-12,44.55849075317383,60.560001373291016,60.84000015258789,60.22999954223633,60.41999816894531,17219600
2014-11-13,44.31569290161133,60.22999954223633,60.630001068115234,59.9900016784668,60.5,12240400
2014-11-14,44.35247802734375,60.279998779296875,60.619998931884766,60.18000030517578,60.25,6803400
2014-11-17,44.42606735229492,60.380001068115234,60.529998779296875,59.88999938964844,60.0,9017600
2014-11-18,44.53642272949219,60.529998779296875,60.81999969482422,60.20000076293945,60.349998474121094,8897800
2014-11-19,44.587921142578125,60.599998474121094,60.790000915527344,60.150001525878906,60.45000076293945,9210100
2014-11-20,44.234745025634766,60.119998931884766,60.25,59.75,60.20000076293945,10917300
2014-11-21,44.47755813598633,60.45000076293945,61.06999969482422,60.29999923706055,61.06999969482422,12340500
2014-11-24,44.85279083251953,60.959999084472656,61.310001373291016,60.70000076293945,60.70000076293945,8335000
2014-11-25,44.3671989440918,60.29999923706055,61.15999984741211,59.95000076293945,61.15999984741211,14802600
2014-11-26,44.3966178894043,60.34000015258789,60.56999969482422,60.20000076293945,60.56999969482422,7626600
2014-11-28,44.264190673828125,60.15999984741211,60.560001373291016,60.029998779296875,60.400001525878906,6759600
2014-12-01,44.14645767211914,60.0,60.209999084472656,59.54999923706055,59.97999954223633,12771600
2014-12-02,44.94108581542969,61.08000183105469,61.189998626708984,60.0,60.0099983215332,12546600
2014-12-03,45.279544830322266,61.540000915527344,61.619998931884766,60.810001373291016,60.959999084472656,12115500
2014-12-04,45.16182327270508,61.380001068115234,61.56999969482422,60.84000015258789,61.099998474121094,11515200
2014-12-05,46.13303756713867,62.70000076293945,63.060001373291016,61.880001068115234,62.0099983215332,20071100
2014-12-08,46.11097717285156,62.66999816894531,63.15999984741211,62.2599983215332,62.599998474121094,15528200
2014-12-09,45.9491081237793,62.45000076293945,62.849998474121094,61.560001373291016,61.849998474121094,19676400
2014-12-10,44.646785736083984,60.68000030517578,62.2400016784668,60.369998931884766,62.15999984741211,29620600
2014-12-11,44.98523712158203,61.13999938964844,62.060001373291016,61.11000061035156,61.16999816894531,16886200
2014-12-12,44.17588424682617,60.040000915527344,61.220001220703125,59.959999084472656,60.529998779296875,17405400
2014-12-15,43.528411865234375,59.15999984741211,60.810001373291016,58.790000915527344,60.7400016784668,19209900
2014-12-16,42.991294860839844,58.43000030517578,59.86000061035156,58.11000061035156,58.41999816894531,20709700
2014-12-17,43.977230072021484,59.77000045776367,59.83000183105469,58.34000015258789,58.56999969482422,17856400
2014-12-18,45.235408782958984,61.47999954223633,61.47999954223633,60.439998626708984,60.63999938964844,18173400
2014-12-19,45.56650924682617,61.93000030517578,62.349998474121094,61.369998931884766,61.400001525878906,22756400
2014-12-22,45.57386016845703,61.939998626708984,62.33000183105469,61.61000061035156,62.15999984741211,17073400
2014-12-23,45.971187591552734,62.47999954223633,62.970001220703125,61.93000030517578,62.04999923706055,13552600
2014-12-24,45.971187591552734,62.47999954223633,62.869998931884766,62.27000045776367,62.7400016784668,7412500
2014-12-26,46.022682189941406,62.54999923706055,62.88999938964844,62.40999984741211,62.66999816894531,6086500
2014-12-29,46.32435989379883,62.959999084472656,63.34000015258789,62.25,62.41999816894531,10601200
2014-12-30,46.46413803100586,63.150001525878906,63.279998779296875,62.56999969482422,62.720001220703125,7518100
2014-12-31,46.04476547241211,62.58000183105469,63.4900016784668,62.58000183105469,63.29999923706055,18529400
2015-01-02,46.27431869506836,62.4900016784668,62.959999084472656,62.06999969482422,62.18000030517578,12600000
2015-01-05,44.83773422241211,60.54999923706055,62.279998779296875,60.22999954223633,62.060001373291016,20100600
2015-01-06,43.67512512207031,58.97999954223633,60.75,58.349998474121094,60.63999938964844,29074100
2015-01-07,43.741783142089844,59.06999969482422,59.88999938964844,58.66999816894531,59.88999938964844,23843200
2015-01-08,44.71925354003906,60.38999938964844,60.900001525878906,59.970001220703125,59.970001220703125,16971100
2015-01-09,43.94171142578125,59.34000015258789,60.790000915527344,59.290000915527344,60.720001220703125,15396200
2015-01-12,43.56407165527344,58.83000183105469,59.400001525878906,58.27000045776367,59.279998779296875,15455200
2015-01-13,43.57146072387695,58.84000015258789,59.70000076293945,58.369998931884766,59.2599983215332,21644700
2015-01-14,42.06822204589844,56.810001373291016,58.84000015258789,55.27000045776367,58.84000015258789,49602300
2015-01-15,40.72050857543945,54.9900016784668,56.61000061035156,54.5,55.72999954223633,42458100
2015-01-16,41.416587829589844,55.93000030517578,56.0,54.63999938964844,54.65999984741211,29368900
2015-01-20,41.25366973876953,55.709999084472656,56.38999938964844,55.41999816894531,56.040000915527344,23477700
2015-01-21,41.3869743347168,55.88999938964844,56.41999816894531,55.189998626708984,55.45000076293945,21842400
2015-01-22,42.64582061767578,57.59000015258789,57.72999954223633,55.959999084472656,56.380001068115234,31423500
2015-01-23,41.97196578979492,56.68000030517578,57.869998931884766,56.65999984741211,57.720001220703125,15458300
2015-01-26,42.03861618041992,56.77000045776367,56.9900016784668,56.20000076293945,56.40999984741211,12577700
2015-01-27,41.616519927978516,56.20000076293945,56.61000061035156,55.7599983215332,56.04999923706055,15220500
2015-01-28,40.542789459228516,54.75,56.68000030517578,54.75,56.619998931884766,24354400
2015-01-29,41.22405242919922,55.66999816894531,55.88999938964844,54.68000030517578,55.27000045776367,20393300
2015-01-30,40.2688102722168,54.380001068115234,55.5,54.369998931884766,54.9900016784668,26943700
2015-02-02,41.075950622558594,55.470001220703125,55.650001525878906,54.27000045776367,54.529998779296875,20308900
2015-02-03,42.001590728759766,56.720001220703125,56.779998779296875,55.869998931884766,55.90999984741211,18812500
2015-02-04,41.74981689453125,56.380001068115234,57.06999969482422,56.279998779296875,56.31999969482422,14934100
2015-02-05,42.03861618041992,56.77000045776367,57.040000915527344,56.459999084472656,56.86000061035156,11293900
2015-02-06,42.867977142333984,57.88999938964844,58.72999954223633,57.540000915527344,57.75,25214000
2015-02-09,42.8161506652832,57.81999969482422,58.099998474121094,57.22999954223633,57.41999816894531,14372400
2015-02-10,43.290069580078125,58.459999084472656,58.709999084472656,58.04999923706055,58.41999816894531,16367300
2015-02-11,43.22342300415039,58.369998931884766,58.65999984741211,57.84000015258789,58.060001373291016,13061900
2015-02-12,44.112030029296875,59.56999969482422,59.709999084472656,58.54999923706055,58.93000030517578,23211300
2015-02-13,44.186073303222656,59.66999816894531,60.220001220703125,59.34000015258789,59.459999084472656,16479100
2015-02-17,44.50450134277344,60.099998474121094,60.13999938964844,59.31999969482422,59.36000061035156,15308800
2015-02-18,43.96392822265625,59.369998931884766,60.099998474121094,59.119998931884766,60.099998474121094,14278100
2015-02-19,43.86026382446289,59.22999954223633,59.47999954223633,58.79999923706055,59.150001525878906,11256500
2015-02-20,44.2823486328125,59.79999923706055,59.88999938964844,58.349998474121094,58.959999084472656,15379000
2015-02-23,43.949119567871094,59.349998474121094,59.529998779296875,58.79999923706055,59.5,16814000
2015-02-24,45.037662506103516,60.81999969482422,61.25,60.08000183105469,60.25,22937700
2015-02-25,45.274635314941406,61.13999938964844,61.27000045776367,60.75,60.7599983215332,18307900
2015-02-26,45.6004524230957,61.58000183105469,61.70000076293945,60.90999984741211,61.029998779296875,15444800
2015-02-27,45.378299713134766,61.279998779296875,61.91999816894531,61.130001068115234,61.130001068115234,15225900
2015-03-02,45.74114990234375,61.77000045776367,61.83000183105469,61.029998779296875,61.279998779296875,13047300
2015-03-03,45.889244079589844,61.970001220703125,61.9900016784668,61.5,61.650001525878906,13706900
2015-03-04,46.00774002075195,62.130001068115234,62.16999816894531,61.349998474121094,61.63999938964844,16625500
2015-03-05,45.91147232055664,62.0,62.22999954223633,61.599998474121094,62.20000076293945,10931300
2015-03-06,45.08950424194336,60.88999938964844,62.869998931884766,60.79999923706055,62.15999984741211,22719200
2015-03-09,45.54121398925781,61.5,61.630001068115234,60.79999923706055,60.84000015258789,13001500
2015-03-10,44.40084457397461,59.959999084472656,61.0099983215332,59.959999084472656,60.7599983215332,16357700
2015-03-11,44.60817337036133,60.2400016784668,60.650001525878906,59.959999084472656,60.130001068115234,13015600
2015-03-12,45.444942474365234,61.369998931884766,61.45000076293945,60.650001525878906,60.650001525878906,18159600
2015-03-13,45.170963287353516,61.0,61.86000061035156,60.43000030517578,61.400001525878906,16506200
2015-03-16,45.80038833618164,61.849998474121094,61.91999816894531,61.25,61.5,15182900
2015-03-17,45.62267303466797,61.61000061035156,61.65999984741211,60.91999816894531,61.34000015258789,11718300
2015-03-18,45.726348876953125,61.75,62.04999923706055,61.09000015258789,61.38999938964844,15697900
2015-03-19,45.31906509399414,61.20000076293945,61.650001525878906,60.7599983215332,61.56999969482422,11523800
2015-03-20,45.726348876953125,61.75,62.099998474121094,61.150001525878906,61.31999969482422,18368300
2015-03-23,45.274635314941406,61.13999938964844,62.08000183105469,61.119998931884766,61.75,15112900
2015-03-24,44.771080017089844,60.459999084472656,61.2400016784668,60.45000076293945,60.970001220703125,12128700
2015-03-25,44.14165496826172,59.61000061035156,60.63999938964844,59.59000015258789,60.529998779296875,14950900
2015-03-26,44.08981704711914,59.540000915527344,59.790000915527344,58.869998931884766,59.459999084472656,14039600
2015-03-27,44.09722900390625,59.54999923706055,59.779998779296875,59.0,59.4900016784668,11755800
2015-03-30,45.14133071899414,60.959999084472656,61.459999084472656,60.61000061035156,60.880001068115234,20656500
2015-03-31,44.859947204589844,60.58000183105469,60.939998626708984,60.41999816894531,60.720001220703125,17346700
2015-04-01,44.688499450683594,59.95000076293945,60.56999969482422,59.72999954223633,60.40999984741211,18100600
2015-04-02,45.11338806152344,60.52000045776367,60.70000076293945,60.0,60.06999969482422,12697800
2015-04-06,45.076107025146484,60.470001220703125,60.75,59.650001525878906,59.91999816894531,12025200
2015-04-07,45.359375,60.849998474121094,61.5,60.849998474121094,61.150001525878906,11505500
2015-04-08,45.50845718383789,61.04999923706055,61.560001373291016,60.939998626708984,61.060001373291016,11734000
2015-04-09,45.82154846191406,61.470001220703125,61.58000183105469,60.83000183105469,61.27000045776367,11728500
2015-04-10,45.993003845214844,61.70000076293945,61.779998779296875,61.20000076293945,61.349998474121094,9869700
2015-04-13,46.2688102722168,62.06999969482422,62.27000045776367,61.5,61.63999938964844,15468700
2015-04-14,46.99186706542969,63.040000915527344,63.61000061035156,62.7400016784668,62.959999084472656,33775400
2015-04-15,47.864017486572266,64.20999908447266,64.4800033569336,63.0099983215332,63.08000183105469,28732200
2015-04-16,47.56585693359375,63.810001373291016,64.2699966430664,63.65999984741211,64.08000183105469,16640500
2015-04-17,46.8427848815918,62.84000015258789,63.400001525878906,62.4900016784668,63.25,20221200
2015-04-20,47.140968322753906,63.2400016784668,63.52000045776367,63.13999938964844,63.220001220703125,12755300
2015-04-21,46.447696685791016,62.310001373291016,63.599998474121094,62.130001068115234,63.33000183105469,14985100
2015-04-22,46.917327880859375,62.939998626708984,63.150001525878906,62.029998779296875,62.650001525878906,14484700
2015-04-23,46.81296920776367,62.79999923706055,63.209999084472656,62.599998474121094,62.790000915527344,12851300
2015-04-24,46.663883209228516,62.599998474121094,62.84000015258789,62.34000015258789,62.630001068115234,9597500
2015-04-27,46.470069885253906,62.34000015258789,63.150001525878906,62.310001373291016,62.70000076293945,11146400
2015-04-28,46.783145904541016,62.7599983215332,62.779998779296875,61.77000045776367,62.4900016784668,12307800
2015-04-29,47.40932083129883,63.599998474121094,63.88999938964844,62.459999084472656,62.560001373291016,17601200
2015-04-30,47.15587615966797,63.2599983215332,63.880001068115234,62.91999816894531,63.58000183105469,16840900
2015-05-01,47.4167594909668,63.61000061035156,63.869998931884766,63.33000183105469,63.70000076293945,11640100
2015-05-04,48.24418640136719,64.72000122070312,64.87000274658203,63.63999938964844,63.68000030517578,14972500
2015-05-05,48.005653381347656,64.4000015258789,65.31999969482422,64.29000091552734,64.51000213623047,17692400
2015-05-06,47.647857666015625,63.91999816894531,65.06999969482422,63.41999816894531,64.52999877929688,18087900
2015-05-07,48.080196380615234,64.5,64.5999984741211,63.25,63.66999816894531,15039900
2015-05-08,48.81816864013672,65.48999786376953,65.6500015258789,64.5999984741211,64.97000122070312,16802600
2015-05-11,48.78836441040039,65.44999694824219,65.63999938964844,65.08000183105469,65.26000213623047,13798800
2015-05-12,48.72127914428711,65.36000061035156,65.54000091552734,64.76000213623047,65.30999755859375,12762200
2015-05-13,48.840538024902344,65.5199966430664,65.62999725341797,65.05999755859375,65.41999816894531,11874100
2015-05-14,49.23561477661133,66.05000305175781,66.18000030517578,65.70999908447266,65.83000183105469,11855500
2015-05-15,49.1088981628418,65.87999725341797,66.16000366210938,65.44000244140625,66.12999725341797,11152100
2015-05-18,49.511417388916016,66.41999816894531,66.54000091552734,65.80000305175781,65.80000305175781,10510900
2015-05-19,49.95124816894531,67.01000213623047,67.19000244140625,66.56999969482422,66.7699966430664,14282700
2015-05-20,49.55614471435547,66.4800033569336,67.02999877929688,66.4000015258789,66.94999694824219,12446000
2015-05-21,49.682884216308594,66.6500015258789,66.68000030517578,66.01000213623047,66.13999938964844,12934500
2015-05-22,49.5486946105957,66.47000122070312,66.83000183105469,66.31999969482422,66.62999725341797,9296900
2015-05-26,48.997074127197266,65.7300033569336,66.29000091552734,65.30999755859375,66.19999694824219,15571300
2015-05-27,49.5486946105957,66.47000122070312,66.6500015258789,65.81999969482422,65.94999694824219,10963700
2015-05-28,49.34743118286133,66.19999694824219,66.4000015258789,65.73999786376953,66.36000061035156,11797400
2015-05-29,49.03435516357422,65.77999877929688,66.22000122070312,65.36000061035156,66.18000030517578,14310700
2015-06-01,49.25798034667969,66.08000183105469,66.66000366210938,65.97000122070312,65.98999786376953,11899300
2015-06-02,49.213253021240234,66.0199966430664,66.38999938964844,65.58000183105469,65.83000183105469,12784200
2015-06-03,49.72014236450195,66.69999694824219,67.12999725341797,66.2699966430664,66.43000030517578,12927300
2015-06-04,49.444339752197266,66.33000183105469,67.05000305175781,66.01000213623047,66.30999755859375,13863300
2015-06-05,50.256858825683594,67.41999816894531,67.83999633789062,67.01000213623047,67.37000274658203,20801100
2015-06-08,49.86178207397461,66.88999938964844,67.55000305175781,66.80999755859375,67.45999908447266,14558700
2015-06-09,50.07795333862305,67.18000030517578,67.2699966430664,66.47000122070312,66.94999694824219,13263500
2015-06-10,50.883033752441406,68.26000213623047,68.5,67.47000122070312,67.58999633789062,17478900
2015-06-11,51.07682418823242,68.5199966430664,68.68000030517578,68.1500015258789,68.36000061035156,13739900
2015-06-12,50.87556076049805,68.25,68.54000091552734,67.87000274658203,68.30999755859375,11804700
2015-06-15,50.681739807128906,67.98999786376953,68.20999908447266,67.30000305175781,67.58000183105469,14082300
2015-06-16,50.96501922607422,68.37000274658203,68.5199966430664,67.62000274658203,67.7699966430664,11692800
2015-06-17,50.79356002807617,68.13999938964844,68.68000030517578,68.04000091552734,68.41000366210938,14521900
2015-06-18,51.2706413269043,68.77999877929688,68.81999969482422,67.9000015258789,68.3499984741211,16759600
2015-06-19,50.74885177612305,68.08000183105469,68.66999816894531,67.91999816894531,68.45999908447266,21606400
2015-06-22,51.40481185913086,68.95999908447266,69.29000091552734,68.75,68.87000274658203,14306700
2015-06-23,51.99370193481445,69.75,69.81999969482422,69.19000244140625,69.3499984741211,15736900
2015-06-24,51.44953536987305,69.0199966430664,69.7699966430664,68.91000366210938,69.51000213623047,16995000
2015-06-25,51.173744201660156,68.6500015258789,69.47000122070312,68.63999938964844,69.31999969482422,13314300
2015-06-26,51.397361755371094,68.94999694824219,69.29000091552734,68.7699966430664,68.94000244140625,14489200
2015-06-29,50.09286117553711,67.19999694824219,68.26000213623047,67.16000366210938,67.68000030517578,19934400
2015-06-30,50.510292053222656,67.76000213623047,68.11000061035156,67.16000366210938,67.88999938964844,20677400
2015-07-01,51.07302474975586,68.06999969482422,68.38999938964844,67.77999877929688,68.12000274658203,13964400
2015-07-02,50.660362243652344,67.5199966430664,68.12999725341797,67.19000244140625,67.94999694824219,12822900
2015-07-06,50.517818450927734,67.33000183105469,67.45999908447266,66.54000091552734,66.87999725341797,13527100
2015-07-07,50.12015151977539,66.80000305175781,67.22000122070312,65.30000305175781,67.08999633789062,22421500
2015-07-08,49.09223556518555,65.43000030517578,66.16000366210938,65.20999908447266,66.0,17707200
2015-07-09,49.60243225097656,66.11000061035156,66.69999694824219,65.98999786376953,66.48999786376953,14984700
2015-07-10,50.30772399902344,67.05000305175781,67.4000015258789,66.83000183105469,67.22000122070312,12356100
2015-07-13,51.0880241394043,68.08999633789062,68.13999938964844,67.68000030517578,67.88999938964844,16175600
2015-07-14,51.80082321166992,69.04000091552734,69.0999984741211,67.76000213623047,67.9800033569336,20185100
2015-07-15,51.913360595703125,69.19000244140625,69.43000030517578,68.8499984741211,69.2300033569336,16891600
2015-07-16,52.19096755981445,69.55999755859375,69.94999694824219,69.41000366210938,69.62999725341797,18035700
2015-07-17,51.92835998535156,69.20999908447266,69.48999786376953,68.91999816894531,69.3499984741211,14040700
2015-07-20,51.96588134765625,69.26000213623047,69.7699966430664,69.18000030517578,69.5,11512900
2015-07-21,51.84584426879883,69.0999984741211,69.54000091552734,68.87000274658203,69.16000366210938,11659900
2015-07-22,52.581146240234375,70.08000183105469,70.29000091552734,69.19999694824219,69.27999877929688,15493000
2015-07-23,52.25099563598633,69.63999938964844,70.61000061035156,69.45999908447266,70.19000244140625,14331800
2015-07-24,51.703285217285156,68.91000366210938,69.55999755859375,68.68000030517578,69.44000244140625,12413900
2015-07-27,51.028018951416016,68.01000213623047,68.22000122070312,67.56999969482422,68.1500015258789,16801600
2015-07-28,51.058013916015625,68.05000305175781,68.5999984741211,67.7699966430664,68.55000305175781,14932400
2015-07-29,51.72580337524414,68.94000244140625,69.0999984741211,68.16000366210938,68.31999969482422,13059200
2015-07-30,51.80082321166992,69.04000091552734,69.44999694824219,68.54000091552734,68.93000030517578,10197200
2015-07-31,51.418174743652344,68.52999877929688,69.04000091552734,68.4000015258789,69.01000213623047,11911800
2015-08-03,51.418174743652344,68.52999877929688,68.83999633789062,68.0,68.58999633789062,9980600
2015-08-04,51.36565399169922,68.45999908447266,68.94999694824219,68.30999755859375,68.47000122070312,10964000
2015-08-05,51.56821823120117,68.7300033569336,69.41999816894531,68.55999755859375,69.05000305175781,11302900
2015-08-06,51.20807647705078,68.25,68.94000244140625,68.0,68.75,10803400
2015-08-07,51.058013916015625,68.05000305175781,68.73999786376953,67.55000305175781,68.33000183105469,11453300
2015-08-10,51.68825912475586,68.88999938964844,69.01000213623047,68.22000122070312,68.22000122070312,12661400
2015-08-11,51.19306945800781,68.2300033569336,68.4000015258789,67.8499984741211,68.2300033569336,14800300
2015-08-12,50.45027160644531,67.23999786376953,67.55000305175781,66.06999969482422,67.41000366210938,21069000
2015-08-13,50.68288040161133,67.55000305175781,67.80000305175781,66.97000122070312,67.25,11930600
2015-08-14,50.93796920776367,67.88999938964844,67.91000366210938,67.4000015258789,67.41999816894531,11248800
2015-08-17,51.07302474975586,68.06999969482422,68.23999786376953,67.4000015258789,67.62000274658203,10326500
2015-08-18,51.17807388305664,68.20999908447266,68.36000061035156,67.83999633789062,67.9800033569336,10617500
2015-08-19,50.720367431640625,67.5999984741211,68.30999755859375,67.36000061035156,67.93000030517578,15198200
2015-08-20,49.47488021850586,65.94000244140625,67.04000091552734,65.94000244140625,66.80999755859375,20972300
2015-08-21,47.71918487548828,63.599998474121094,65.44000244140625,63.56999969482422,65.08999633789062,28235500
2015-08-24,45.20566940307617,60.25,62.91999816894531,50.06999969482422,59.290000915527344,36339100
2015-08-25,44.950565338134766,59.90999984741211,63.31999969482422,59.72999954223633,63.099998474121094,31772500
2015-08-26,47.20146942138672,62.90999984741211,62.97999954223633,60.54999923706055,61.79999923706055,33576800
2015-08-27,48.37944030761719,64.4800033569336,64.7300033569336,63.13999938964844,63.97999954223633,29045700
2015-08-28,48.11684799194336,64.12999725341797,64.45999908447266,63.599998474121094,64.29000091552734,16687300
2015-08-31,48.09433364868164,64.0999984741211,64.3499984741211,63.470001220703125,63.61000061035156,14223400
2015-09-01,46.10603332519531,61.45000076293945,62.849998474121094,60.9900016784668,62.849998474121094,23637300
2015-09-02,46.946372985839844,62.56999969482422,62.90999984741211,61.540000915527344,62.619998931884766,17757900
2015-09-03,47.02891540527344,62.68000030517578,63.65999984741211,62.45000076293945,62.880001068115234,17065400
2015-09-04,46.14354705810547,61.5,61.91999816894531,60.75,61.79999923706055,20189000
2015-09-08,47.389041900634766,63.15999984741211,63.20000076293945,62.33000183105469,62.77000045776367,13385100
2015-09-09,46.653743743896484,62.18000030517578,64.33999633789062,62.0,63.939998626708984,13889500
2015-09-10,47.01388931274414,62.65999984741211,63.0,61.45000076293945,61.86000061035156,15751100
2015-09-11,46.93885803222656,62.560001373291016,62.65999984741211,61.9900016784668,62.380001068115234,12766700
2015-09-14,46.803810119628906,62.380001068115234,62.689998626708984,62.119998931884766,62.63999938964844,10202800
2015-09-15,47.704166412353516,63.58000183105469,63.88999938964844,62.5099983215332,62.7599983215332,14023500
2015-09-16,48.12434005737305,64.13999938964844,64.29000091552734,63.209999084472656,63.88999938964844,12235900
2015-09-17,47.00638961791992,62.650001525878906,64.63999938964844,62.38999938964844,64.13999938964844,21249200
2015-09-18,45.7233772277832,60.939998626708984,61.83000183105469,60.779998779296875,61.83000183105469,31008000
2015-09-21,46.10603332519531,61.45000076293945,61.90999984741211,61.08000183105469,61.52000045776367,13136400
2015-09-22,45.700862884521484,60.90999984741211,61.09000015258789,60.41999816894531,60.599998474121094,14811900
2015-09-23,45.49828338623047,60.63999938964844,61.150001525878906,60.31999969482422,60.79999923706055,11712200
2015-09-24,45.18315505981445,60.220001220703125,60.380001068115234,59.459999084472656,60.0099983215332,17293400
2015-09-25,46.121036529541016,61.470001220703125,61.86000061035156,60.869998931884766,61.27000045776367,18384300
2015-09-28,45.003089904785156,59.97999954223633,61.0099983215332,59.689998626708984,60.91999816894531,17452200
2015-09-29,44.89804458618164,59.84000015258789,60.130001068115234,58.72999954223633,59.97999954223633,19334900
2015-09-30,45.745887756347656,60.970001220703125,61.0,60.11000061035156,60.70000076293945,18743800
2015-10-01,46.083534240722656,61.41999816894531,61.869998931884766,60.540000915527344,61.119998931884766,16863200
2015-10-02,45.955039978027344,60.810001373291016,60.86000061035156,58.529998779296875,59.59000015258789,20435100
2015-10-05,46.869468688964844,62.02000045776367,62.2400016784668,61.220001220703125,61.2400016784668,13471100
2015-10-06,46.89213180541992,62.04999923706055,62.36000061035156,61.619998931884766,62.11000061035156,12134800
2015-10-07,46.952598571777344,62.130001068115234,63.029998779296875,61.7599983215332,62.54999923706055,12773100
2015-10-08,46.952598571777344,62.130001068115234,62.25,61.43000030517578,61.849998474121094,13964600
2015-10-09,46.801456451416016,61.93000030517578,62.54999923706055,61.58000183105469,62.38999938964844,12112000
2015-10-12,46.64274215698242,61.720001220703125,62.0099983215332,61.400001525878906,61.84000015258789,10857400
2015-10-13,46.51426696777344,61.54999923706055,62.15999984741211,61.310001373291016,61.38999938964844,15621900
2015-10-14,45.33537673950195,59.9900016784668,60.970001220703125,59.540000915527344,60.7599983215332,28989400
2015-10-15,46.7712287902832,61.88999938964844,61.959999084472656,60.099998474121094,60.470001220703125,18147900
2015-10-16,47.17931365966797,62.43000030517578,62.650001525878906,62.09000015258789,62.43000030517578,17456600
2015-10-19,47.020606994628906,62.220001220703125,62.77000045776367,61.90999984741211,62.0,14510400
2015-10-20,47.24732971191406,62.52000045776367,62.81999969482422,62.08000183105469,62.36000061035156,11545100
2015-10-21,46.89969253540039,62.060001373291016,62.959999084472656,62.04999923706055,62.880001068115234,12113400
2015-10-22,47.753658294677734,63.189998626708984,63.58000183105469,62.41999816894531,62.41999816894531,15295700
2015-10-23,48.267539978027344,63.869998931884766,64.19000244140625,63.5,63.630001068115234,16985200
2015-10-26,48.29020309448242,63.900001525878906,63.9900016784668,63.40999984741211,63.84000015258789,13880200
2015-10-27,48.093719482421875,63.63999938964844,63.86000061035156,63.310001373291016,63.529998779296875,8831900
2015-10-28,49.49935531616211,65.5,65.73999786376953,63.689998626708984,63.70000076293945,17962000
2015-10-29,49.28019332885742,65.20999908447266,65.83000183105469,64.87999725341797,65.26000213623047,12753700
2015-10-30,48.5546989440918,64.25,65.33999633789062,64.12999725341797,65.30000305175781,15731400
2015-11-02,49.52959060668945,65.54000091552734,65.75,64.38999938964844,64.44999694824219,15253300
2015-11-03,49.710941314697266,65.77999877929688,66.0999984741211,65.16999816894531,65.29000091552734,11519500
2015-11-04,49.76383972167969,65.8499984741211,66.1500015258789,65.62999725341797,66.01000213623047,11388400
2015-11-05,50.209739685058594,66.44000244140625,66.66999816894531,65.75,65.79000091552734,12715900
2015-11-06,51.736263275146484,68.45999908447266,69.02999877929688,68.0999984741211,68.37000274658203,23262700
2015-11-09,50.927642822265625,67.38999938964844,68.72000122070312,67.08000183105469,68.69999694824219,17143800
2015-11-10,51.146785736083984,67.68000030517578,67.8499984741211,66.93000030517578,67.19000244140625,13239700
2015-11-11,50.897430419921875,67.3499984741211,68.16999816894531,67.25,68.0999984741211,8513900
2015-11-12,49.87720489501953,66.0,66.9000015258789,65.94999694824219,66.86000061035156,13576900
2015-11-13,49.54469299316406,65.55999755859375,66.16999816894531,65.2300033569336,65.83999633789062,11837000
2015-11-16,50.26263427734375,66.51000213623047,66.58000183105469,65.16999816894531,65.45999908447266,11041100
2015-11-17,49.9754524230957,66.12999725341797,66.73999786376953,65.88999938964844,66.66999816894531,12354800
2015-11-18,50.97299575805664,67.44999694824219,67.55000305175781,66.37000274658203,66.4800033569336,12911400
2015-11-19,51.13170623779297,67.66000366210938,67.81999969482422,67.04000091552734,67.58000183105469,12839500
2015-11-20,51.04100799560547,67.54000091552734,68.11000061035156,67.37999725341797,67.98999786376953,11209600
2015-11-23,50.54225158691406,66.87999725341797,67.58000183105469,66.77999877929688,67.30999755859375,11339000
2015-11-24,50.4666748046875,66.77999877929688,67.13999938964844,66.04000091552734,66.16999816894531,10910000
2015-11-25,50.527122497558594,66.86000061035156,67.12000274658203,66.55000305175781,66.93000030517578,7772000
2015-11-27,50.76140594482422,67.16999816894531,67.33000183105469,66.63999938964844,67.0,4052500
2015-11-30,50.39109802246094,66.68000030517578,67.5199966430664,66.68000030517578,67.27999877929688,15147500
2015-12-01,51.093910217285156,67.61000061035156,67.83000183105469,66.98999786376953,67.33999633789062,12708800
2015-12-02,50.375980377197266,66.66000366210938,67.87999725341797,66.4800033569336,67.83000183105469,13440900
2015-12-03,49.726078033447266,65.80000305175781,67.02999877929688,65.58000183105469,66.83000183105469,14626900
2015-12-04,51.30550765991211,67.88999938964844,68.0,66.02999877929688,66.0999984741211,17786000
2015-12-07,50.63291549682617,67.0,67.75,66.4000015258789,67.66000366210938,11686000
2015-12-08,49.84697723388672,65.95999908447266,66.95999908447266,65.69999694824219,66.25,13084500
2015-12-09,49.46912384033203,65.45999908447266,66.58000183105469,65.04000091552734,65.61000061035156,16770200
2015-12-10,49.582481384277344,65.61000061035156,66.5,65.08000183105469,65.54000091552734,12839000
2015-12-11,48.418678283691406,64.06999969482422,65.16000366210938,63.5099983215332,64.80000305175781,17889300
2015-12-14,48.5698127746582,64.2699966430664,64.76000213623047,63.599998474121094,64.2300033569336,17638200
2015-12-15,49.95277404785156,66.0999984741211,66.6500015258789,65.06999969482422,65.06999969482422,18126600
2015-12-16,51.033470153808594,67.52999877929688,67.73999786376953,65.91000366210938,66.91000366210938,21720000
2015-12-17,50.08879852294922,66.27999877929688,68.0,66.08000183105469,67.9000015258789,18122100
2015-12-18,48.66805648803711,64.4000015258789,65.97000122070312,64.4000015258789,65.97000122070312,23819600
2015-12-21,49.52959060668945,65.54000091552734,65.55999755859375,64.83000183105469,65.0199966430664,18869300
2015-12-22,49.635379791259766,65.68000030517578,66.0,64.9800033569336,65.91999816894531,12149500
2015-12-23,50.42889404296875,66.7300033569336,66.8499984741211,66.05000305175781,66.12000274658203,12524500
2015-12-24,50.33063507080078,66.5999984741211,66.88999938964844,66.31999969482422,66.62000274658203,4468200
2015-12-28,50.164390563964844,66.37999725341797,66.44999694824219,65.70999908447266,66.29000091552734,6610600
2015-12-29,50.68582534790039,67.06999969482422,67.30000305175781,66.73999786376953,66.83999633789062,9820800
2015-12-30,50.32308578491211,66.58999633789062,67.05000305175781,66.44999694824219,67.04000091552734,7190700
2015-12-31,49.8998908996582,66.02999877929688,66.77999877929688,66.0,66.19000244140625,14654300
2016-01-04,48.4011344909668,63.619998931884766,64.05999755859375,63.0099983215332,63.95000076293945,25393200
2016-01-05,48.48481750488281,63.72999954223633,64.12999725341797,63.040000915527344,63.70000076293945,16566700
2016-01-06,47.784889221191406,62.810001373291016,63.130001068115234,62.34000015258789,62.720001220703125,22961500
2016-01-07,45.85250473022461,60.27000045776367,62.0,60.08000183105469,61.459999084472656,27630900
2016-01-08,44.8254508972168,58.91999816894531,61.27000045776367,58.849998474121094,61.130001068115234,22373300
2016-01-11,44.7569694519043,58.83000183105469,59.220001220703125,58.040000915527344,58.83000183105469,20925500
2016-01-12,44.85588455200195,58.959999084472656,59.560001373291016,58.099998474121094,59.45000076293945,22971600
2016-01-13,43.623409271240234,57.34000015258789,59.68000030517578,56.90999984741211,59.459999084472656,28808100
2016-01-14,44.277687072753906,58.20000076293945,59.380001068115234,57.290000915527344,58.15999984741211,31296300
2016-01-15,43.395164489746094,57.040000915527344,57.56999969482422,56.220001220703125,56.45000076293945,38131700
2016-01-19,43.372352600097656,57.0099983215332,57.970001220703125,56.5099983215332,57.72999954223633,22818900
2016-01-20,42.231170654296875,55.5099983215332,56.18000030517578,54.65999984741211,55.630001068115234,34646100
2016-01-21,42.033363342285156,55.25,56.52000045776367,55.060001373291016,55.7400016784668,31301100
2016-01-22,43.32670974731445,56.95000076293945,57.15999984741211,56.29999923706055,56.439998626708984,22732200
2016-01-25,42.345298767089844,55.65999984741211,56.849998474121094,55.599998474121094,56.47999954223633,21114400
2016-01-26,43.425601959228516,57.08000183105469,57.150001525878906,55.810001373291016,55.849998474121094,17535700
2016-01-27,43.395164489746094,57.040000915527344,58.27000045776367,56.560001373291016,57.08000183105469,20560000
2016-01-28,43.5777587890625,57.279998779296875,57.970001220703125,56.630001068115234,57.52000045776367,15497900
2016-01-29,45.266700744628906,59.5,59.540000915527344,57.5099983215332,57.83000183105469,26992200
2016-02-01,44.779788970947266,58.86000061035156,59.650001525878906,58.439998626708984,59.15999984741211,16807900
2016-02-02,43.3875617980957,57.029998779296875,57.97999954223633,56.75,57.880001068115234,22448200
2016-02-03,43.676666259765625,57.40999984741211,57.79999923706055,55.02000045776367,57.369998931884766,31543200
2016-02-04,44.429840087890625,58.400001525878906,58.52000045776367,57.060001373291016,57.060001373291016,21651300
2016-02-05,43.935325622558594,57.75,59.13999938964844,57.41999816894531,58.58000183105469,22001300
2016-02-08,43.0147819519043,56.540000915527344,56.91999816894531,55.540000915527344,56.689998626708984,28267600
2016-02-09,42.756103515625,56.20000076293945,56.689998626708984,55.130001068115234,55.290000915527344,26300000
2016-02-10,42.238773345947266,55.52000045776367,57.40999984741211,55.470001220703125,56.56999969482422,22389600
2016-02-11,40.374855041503906,53.06999969482422,53.90999984741211,52.5,53.900001525878906,44334700
2016-02-12,43.73752975463867,57.4900016784668,57.56999969482422,55.16999816894531,55.650001525878906,37011400
2016-02-16,44.391788482666016,58.349998474121094,58.599998474121094,57.63999938964844,58.22999954223633,23730700
2016-02-17,44.71133041381836,58.77000045776367,59.25,58.38999938964844,58.849998474121094,21580100
2016-02-18,43.980979919433594,57.810001373291016,58.86000061035156,57.25,58.84000015258789,17037800
2016-02-19,43.98858642578125,57.81999969482422,58.16999816894531,57.08000183105469,57.5,15658200
2016-02-22,44.55916976928711,58.56999969482422,58.880001068115234,58.41999816894531,58.5099983215332,14882800
2016-02-23,42.69523620605469,56.119998931884766,58.09000015258789,55.959999084472656,57.900001525878906,31772500
2016-02-24,42.7104606628418,56.13999938964844,56.209999084472656,54.33000183105469,55.20000076293945,25560100
2016-02-25,43.372352600097656,57.0099983215332,57.029998779296875,56.040000915527344,56.130001068115234,14473300
2016-02-26,43.77555465698242,57.540000915527344,58.11000061035156,57.13999938964844,57.63999938964844,20947500
2016-02-29,42.832191467285156,56.29999923706055,57.61000061035156,56.290000915527344,57.40999984741211,19554100
2016-03-01,45.0384521484375,59.20000076293945,59.20000076293945,56.66999816894531,56.7599983215332,23958100
2016-03-02,45.46449661254883,59.7599983215332,59.900001525878906,58.959999084472656,59.20000076293945,20943100
2016-03-03,45.61664962768555,59.959999084472656,59.959999084472656,59.099998474121094,59.58000183105469,15790600
2016-03-04,45.68513107299805,60.04999923706055,60.54999923706055,59.529998779296875,60.099998474121094,18459000
2016-03-07,45.601444244384766,59.939998626708984,60.04999923706055,59.31999969482422,59.540000915527344,12832400
2016-03-08,44.718936920166016,58.779998779296875,59.5,58.68000030517578,59.209999084472656,14132900
2016-03-09,44.97760009765625,59.119998931884766,59.540000915527344,58.68000030517578,59.150001525878906,13238800
2016-03-10,44.589595794677734,58.61000061035156,59.66999816894531,57.810001373291016,59.59000015258789,21139200
2016-03-11,45.144981384277344,59.34000015258789,59.5099983215332,58.650001525878906,59.38999938964844,21055000
2016-03-14,44.97760009765625,59.119998931884766,59.310001373291016,58.599998474121094,59.150001525878906,13436100
2016-03-15,45.0384521484375,59.20000076293945,59.209999084472656,58.43000030517578,58.540000915527344,10910500
2016-03-16,44.8254508972168,58.91999816894531,59.75,58.470001220703125,58.97999954223633,17423900
2016-03-17,44.696102142333984,58.75,59.130001068115234,57.9900016784668,58.77000045776367,19405700
2016-03-18,46.01227569580078,60.47999954223633,60.970001220703125,59.65999984741211,60.04999923706055,29570200
2016-03-21,45.9970588684082,60.459999084472656,60.81999969482422,59.959999084472656,60.220001220703125,12684400
2016-03-22,45.82967758178711,60.2400016784668,60.58000183105469,59.619998931884766,59.9900016784668,12042700
2016-03-23,45.601444244384766,59.939998626708984,60.5099983215332,59.86000061035156,60.34000015258789,11658700
2016-03-24,45.25149917602539,59.47999954223633,59.5099983215332,58.869998931884766,59.29999923706055,12921200
2016-03-28,45.19062423706055,59.400001525878906,59.75,59.18000030517578,59.529998779296875,11159700
2016-03-29,44.90913391113281,59.029998779296875,59.33000183105469,58.529998779296875,59.33000183105469,15933400
2016-03-30,45.42646408081055,59.709999084472656,60.22999954223633,59.380001068115234,59.459999084472656,13307100
2016-03-31,45.053672790527344,59.220001220703125,59.93000030517578,59.11000061035156,59.45000076293945,14904700
2016-04-01,45.548187255859375,59.869998931884766,60.060001373291016,58.560001373291016,59.02000045776367,15417500
2016-04-04,45.37191390991211,59.20000076293945,59.56999969482422,58.959999084472656,59.439998626708984,12305000
2016-04-05,44.728126525878906,58.36000061035156,58.83000183105469,58.209999084472656,58.59000015258789,12886600
2016-04-06,45.07301330566406,58.810001373291016,58.880001068115234,57.95000076293945,58.18000030517578,12167900
2016-04-07,43.93104934692383,57.31999969482422,58.43000030517578,57.06999969482422,58.2599983215332,19226800
2016-04-08,44.25294494628906,57.7400016784668,58.58000183105469,57.689998626708984,57.709999084472656,13547700
2016-04-11,44.60551452636719,58.20000076293945,58.880001068115234,57.90999984741211,57.90999984741211,17627800
2016-04-12,45.433231353759766,59.279998779296875,59.38999938964844,58.20000076293945,58.34000015258789,17779200
2016-04-13,47.356929779052734,61.790000915527344,62.15999984741211,60.380001068115234,60.47999954223633,37516800
2016-04-14,47.970069885253906,62.59000015258789,62.90999984741211,61.61000061035156,61.689998626708984,24249900
2016-04-15,47.418243408203125,61.869998931884766,62.900001525878906,61.45000076293945,62.880001068115234,19290700
2016-04-18,47.72481918334961,62.27000045776367,62.58000183105469,61.529998779296875,61.63999938964844,13813100
2016-04-19,48.52955627441406,63.31999969482422,63.47999954223633,62.54999923706055,62.54999923706055,19255600
2016-04-20,49.23466110229492,64.23999786376953,64.30999755859375,63.150001525878906,63.47999954223633,14594400
2016-04-21,48.744144439697266,63.599998474121094,64.66000366210938,63.34000015258789,64.26000213623047,15395800
2016-04-22,49.02772903442383,63.970001220703125,64.37999725341797,63.63999938964844,63.63999938964844,12444700
2016-04-25,48.744144439697266,63.599998474121094,63.95000076293945,63.150001525878906,63.599998474121094,10687200
2016-04-26,48.9970703125,63.93000030517578,64.06999969482422,63.33000183105469,63.810001373291016,12048000
2016-04-27,49.13502883911133,64.11000061035156,64.63999938964844,63.599998474121094,63.86000061035156,15284100
2016-04-28,48.744144439697266,63.599998474121094,64.41999816894531,63.349998474121094,63.63999938964844,12852500
2016-04-29,48.437583923339844,63.20000076293945,63.61000061035156,62.70000076293945,63.09000015258789,16376400
2016-05-02,48.88976287841797,63.790000915527344,64.0,63.13999938964844,63.689998626708984,10247300
2016-05-03,47.94707489013672,62.560001373291016,62.90999984741211,61.79999923706055,62.900001525878906,19120300
2016-05-04,47.18832778930664,61.56999969482422,62.2599983215332,61.27000045776367,61.75,17030200
2016-05-05,46.93541717529297,61.2400016784668,62.0,61.060001373291016,61.599998474121094,14033900
2016-05-06,47.2113151550293,61.599998474121094,61.68000030517578,60.59000015258789,60.70000076293945,11057900
2016-05-09,46.91239929199219,61.209999084472656,61.88999938964844,61.04999923706055,61.369998931884766,11197100
2016-05-10,47.54853057861328,62.040000915527344,62.2599983215332,61.349998474121094,61.54999923706055,11897200
2016-05-11,47.37226867675781,61.810001373291016,62.599998474121094,61.810001373291016,61.970001220703125,11254000
2016-05-12,47.34160614013672,61.77000045776367,62.560001373291016,61.369998931884766,62.27000045776367,11071700
2016-05-13,46.90475082397461,61.20000076293945,62.400001525878906,61.02000045776367,61.70000076293945,15122300
2016-05-16,47.257286071777344,61.65999984741211,61.9900016784668,61.0,61.209999084472656,10951300
2016-05-17,47.257286071777344,61.65999984741211,62.15999984741211,61.150001525878906,61.43000030517578,12180900
2016-05-18,49.08137512207031,64.04000091552734,64.16999816894531,61.689998626708984,61.70000076293945,24007100
2016-05-19,48.58319854736328,63.38999938964844,64.22000122070312,62.900001525878906,63.529998779296875,16076200
2016-05-20,48.6751823425293,63.5099983215332,64.19000244140625,63.369998931884766,63.86000061035156,11862000
2016-05-23,48.63685607910156,63.459999084472656,63.869998931884766,63.15999984741211,63.45000076293945,9347500
2016-05-24,49.464595794677734,64.54000091552734,64.7699966430664,63.810001373291016,63.939998626708984,13839400
2016-05-25,50.21567153930664,65.5199966430664,66.19999694824219,64.91999816894531,64.94000244140625,18935200
2016-05-26,49.840126037597656,65.02999877929688,65.58000183105469,64.91000366210938,65.56999969482422,9428400
2016-05-27,50.14669418334961,65.43000030517578,65.45999908447266,65.05000305175781,65.20999908447266,10116000
2016-05-31,50.02406692504883,65.2699966430664,65.81999969482422,64.95999908447266,65.7300033569336,15139400
2016-06-01,50.345970153808594,65.69000244140625,65.91999816894531,64.26000213623047,64.76000213623047,14031000
2016-06-02,50.43793487548828,65.80999755859375,65.80999755859375,65.16000366210938,65.5199966430664,10637600
2016-06-03,49.54121780395508,64.63999938964844,64.86000061035156,63.54999923706055,64.25,20261700
2016-06-06,50.03173828125,65.27999877929688,65.76000213623047,64.5999984741211,64.63999938964844,13193500
2016-06-07,49.86312484741211,65.05999755859375,65.73999786376953,65.04000091552734,65.44999694824219,9924100
2016-06-08,50.00873947143555,65.25,65.4800033569336,64.91999816894531,64.93000030517578,9428000
2016-06-09,49.62553405761719,64.75,64.9000015258789,64.2699966430664,64.79000091552734,10817800
2016-06-10,48.92808151245117,63.84000015258789,64.06999969482422,63.58000183105469,63.93000030517578,16678400
2016-06-13,48.49123764038086,63.27000045776367,64.33999633789062,63.2599983215332,63.47999954223633,14314900
2016-06-14,47.579200744628906,62.08000183105469,63.470001220703125,61.68000030517578,62.68000030517578,19509300
2016-06-15,47.49488830566406,61.970001220703125,62.97999954223633,61.90999984741211,62.40999984741211,16982100
2016-06-16,47.686500549316406,62.220001220703125,62.29999923706055,60.900001525878906,61.45000076293945,16791200
2016-06-17,47.732479095458984,62.279998779296875,62.709999084472656,61.93000030517578,62.29999923706055,15751500
2016-06-20,47.80146408081055,62.369998931884766,63.849998474121094,62.34000015258789,63.45000076293945,12213200
2016-06-21,48.2459716796875,62.95000076293945,63.0,62.13999938964844,62.72999954223633,11611600
2016-06-22,48.062042236328125,62.709999084472656,63.709999084472656,62.68000030517578,62.95000076293945,12643500
2016-06-23,49.089054107666016,64.05000305175781,64.1500015258789,63.529998779296875,63.70000076293945,16583600
2016-06-24,45.678470611572266,59.599998474121094,61.70000076293945,59.34000015258789,60.47999954223633,44108700
2016-06-27,44.1533088684082,57.61000061035156,58.75,57.04999923706055,58.709999084472656,37300700
2016-06-28,45.617164611816406,59.52000045776367,59.54999923706055,58.2599983215332,59.189998626708984,29088700
2016-06-29,46.90475082397461,61.20000076293945,61.209999084472656,60.0,60.36000061035156,21483000
2016-06-30,47.625186920166016,62.13999938964844,62.189998626708984,61.02000045776367,61.630001068115234,21343600
2016-07-01,47.31623077392578,61.2599983215332,62.0099983215332,61.15999984741211,61.65999984741211,14217800
2016-07-05,45.995452880859375,59.54999923706055,60.599998474121094,59.099998474121094,60.45000076293945,23357700
2016-07-06,46.489784240722656,60.189998626708984,60.290000915527344,58.7599983215332,59.0099983215332,20429800
2016-07-07,46.79100799560547,60.58000183105469,61.13999938964844,60.15999984741211,60.52000045776367,13771400
2016-07-08,47.756492614746094,61.83000183105469,62.16999816894531,61.33000183105469,61.33000183105469,16998800
2016-07-11,48.09634017944336,62.27000045776367,62.95000076293945,62.13999938964844,62.41999816894531,13151400
2016-07-12,48.81465148925781,63.20000076293945,63.560001373291016,62.88999938964844,63.029998779296875,16588100
2016-07-13,48.783756256103516,63.15999984741211,63.43000030517578,62.63999938964844,63.08000183105469,18526900
2016-07-14,49.525245666503906,64.12000274658203,64.9800033569336,64.05000305175781,64.73999786376953,28985900
2016-07-15,49.571590423583984,64.18000030517578,64.80000305175781,63.61000061035156,64.75,17607100
2016-07-18,49.40166091918945,63.959999084472656,64.4000015258789,63.900001525878906,64.12999725341797,10824400
2016-07-19,49.32441711425781,63.86000061035156,64.0999984741211,63.459999084472656,63.61000061035156,9737400
2016-07-20,49.37849807739258,63.93000030517578,64.2300033569336,63.709999084472656,64.11000061035156,10411100
2016-07-21,49.19312286376953,63.689998626708984,64.18000030517578,63.630001068115234,64.0,9808700
2016-07-22,49.46345901489258,64.04000091552734,64.08999633789062,63.599998474121094,63.900001525878906,8195700
2016-07-25,49.33214569091797,63.869998931884766,64.16999816894531,63.68000030517578,63.97999954223633,8168300
2016-07-26,49.53297424316406,64.12999725341797,64.26000213623047,63.709999084472656,63.97999954223633,8067800
2016-07-27,49.68744659423828,64.33000183105469,64.69000244140625,64.05999755859375,64.08000183105469,11806800
2016-07-28,49.509796142578125,64.0999984741211,64.19000244140625,63.720001220703125,64.0,10013400
2016-07-29,49.409393310546875,63.970001220703125,64.29000091552734,63.75,63.79999923706055,13210400
2016-08-01,49.278079986572266,63.79999923706055,64.30999755859375,63.61000061035156,64.1500015258789,11422600
2016-08-02,49.16222381591797,63.650001525878906,64.01000213623047,63.380001068115234,63.59000015258789,13550000
2016-08-03,49.94232940673828,64.66000366210938,64.66999816894531,63.650001525878906,63.689998626708984,13122300
2016-08-04,49.86509323120117,64.55999755859375,64.81999969482422,64.2699966430664,64.48999786376953,9873000
2016-08-05,51.20904541015625,66.30000305175781,66.37000274658203,65.06999969482422,65.13999938964844,20752700
2016-08-08,51.0545539855957,66.0999984741211,66.48999786376953,65.83999633789062,66.06999969482422,11359200
2016-08-09,50.876922607421875,65.87000274658203,66.27999877929688,65.69000244140625,66.18000030517578,10097000
2016-08-10,50.42121505737305,65.27999877929688,66.06999969482422,65.16000366210938,65.91999816894531,11556100
2016-08-11,50.56024932861328,65.45999908447266,65.69000244140625,65.0199966430664,65.2699966430664,9604500
2016-08-12,50.45210647583008,65.31999969482422,65.3499984741211,64.86000061035156,64.97000122070312,7685400
2016-08-15,50.761051177978516,65.72000122070312,65.83000183105469,65.45999908447266,65.55999755859375,8371600
2016-08-16,50.75333023071289,65.70999908447266,65.95999908447266,65.23999786376953,65.36000061035156,10128900
2016-08-17,50.89234924316406,65.88999938964844,65.9800033569336,65.54000091552734,65.80000305175781,11868100
2016-08-18,50.93870544433594,65.94999694824219,65.98999786376953,65.52999877929688,65.62000274658203,9313600
2016-08-19,50.86918258666992,65.86000061035156,65.91000366210938,65.22000122070312,65.72000122070312,9084900
2016-08-22,50.82286071777344,65.80000305175781,65.87999725341797,65.41000366210938,65.75,9055600
2016-08-23,50.79966735839844,65.7699966430664,66.33999633789062,65.76000213623047,66.06999969482422,8949600
2016-08-24,50.93870544433594,65.94999694824219,66.2300033569336,65.7699966430664,65.98999786376953,10167200
2016-08-25,51.03138732910156,66.06999969482422,66.13999938964844,65.79000091552734,65.91000366210938,9978700
2016-08-26,51.14726257324219,66.22000122070312,66.87999725341797,65.8499984741211,66.33000183105469,14038600
2016-08-29,51.711090087890625,66.94999694824219,67.0999984741211,66.45999908447266,66.48999786376953,14583100
2016-08-30,52.135894775390625,67.5,67.5999984741211,66.94999694824219,66.94999694824219,13791200
2016-08-31,52.135894775390625,67.5,67.7699966430664,66.86000061035156,67.45999908447266,14952300
2016-09-01,51.911922454833984,67.20999908447266,67.72000122070312,66.6500015258789,67.63999938964844,12226500
2016-09-02,52.128177642822266,67.48999786376953,67.58000183105469,66.9800033569336,67.4000015258789,13720700
2016-09-06,52.089561462402344,67.44000244140625,67.55000305175781,66.70999908447266,67.5,16649400
2016-09-07,51.8733024597168,67.16000366210938,67.58999633789062,66.95999908447266,67.16000366210938,10070400
2016-09-08,51.94279861450195,67.25,67.68000030517578,67.0,67.22000122070312,12253000
2016-09-09,51.4793701171875,66.6500015258789,67.43000030517578,66.63999938964844,67.02999877929688,19686900
2016-09-12,51.796043395996094,67.05999755859375,67.30000305175781,65.76000213623047,66.13999938964844,16453000
2016-09-13,51.38669967651367,66.52999877929688,66.86000061035156,65.81999969482422,66.11000061035156,18876100
2016-09-14,51.286285400390625,66.4000015258789,67.25,66.20999908447266,66.2699966430664,12648600
2016-09-15,51.471656799316406,66.63999938964844,66.93000030517578,66.08999633789062,66.29000091552734,12531300
2016-09-16,50.838294982910156,65.81999969482422,66.26000213623047,65.44000244140625,66.08999633789062,25161500
2016-09-19,51.124080657958984,66.19000244140625,66.63999938964844,65.8499984741211,66.1500015258789,13466900
2016-09-20,51.33263397216797,66.45999908447266,66.8499984741211,66.23999786376953,66.75,10092200
2016-09-21,51.62613296508789,66.83999633789062,67.12999725341797,66.30999755859375,66.83999633789062,14116800
2016-09-22,52.050926208496094,67.38999938964844,67.41999816894531,66.83999633789062,66.98999786376953,12781700
2016-09-23,51.94279861450195,67.25,67.9000015258789,67.18000030517578,67.38999938964844,13967400
2016-09-26,50.807395935058594,65.77999877929688,66.80000305175781,65.54000091552734,66.5999984741211,16408100
2016-09-27,51.25537872314453,66.36000061035156,66.41000366210938,65.11000061035156,65.41000366210938,13711400
2016-09-28,51.52571105957031,66.70999908447266,66.7699966430664,65.98999786376953,66.58000183105469,11278000
2016-09-29,50.70698165893555,65.6500015258789,67.20999908447266,65.3499984741211,66.69999694824219,18727200
2016-09-30,51.43303298950195,66.58999633789062,67.05999755859375,66.08000183105469,66.08000183105469,21680100
2016-10-03,51.371246337890625,66.51000213623047,66.91999816894531,66.26000213623047,66.3499984741211,14901700
2016-10-04,51.81470489501953,66.5999984741211,67.18000030517578,66.0999984741211,66.20999908447266,17226900
2016-10-05,52.66272735595703,67.69000244140625,68.06999969482422,66.80000305175781,66.88999938964844,16280000
2016-10-06,52.802757263183594,67.87000274658203,67.97000122070312,67.05000305175781,67.7300033569336,17485000
2016-10-07,52.98946762084961,68.11000061035156,68.18000030517578,67.4000015258789,67.79000091552734,18497000
2016-10-10,53.40182113647461,68.63999938964844,69.05999755859375,68.2300033569336,68.33999633789062,13027500
2016-10-11,53.14506912231445,68.30999755859375,68.81999969482422,67.93000030517578,68.5,15657100
2016-10-12,53.00505447387695,68.12999725341797,68.58999633789062,68.05000305175781,68.26000213623047,11899800
2016-10-13,52.70160675048828,67.73999786376953,67.87000274658203,66.81999969482422,67.45999908447266,17890000
2016-10-14,52.53045654296875,67.5199966430664,69.02999877929688,67.30000305175781,68.80000305175781,24163800
2016-10-17,52.2581672668457,67.16999816894531,67.79000091552734,66.73999786376953,67.41999816894531,14963400
2016-10-18,52.67049026489258,67.69999694824219,68.20999908447266,67.54000091552734,67.8499984741211,11870300
2016-10-19,53.17618942260742,68.3499984741211,68.5,67.80999755859375,67.80999755859375,12705800
2016-10-20,53.10617446899414,68.26000213623047,68.68000030517578,67.94000244140625,68.08000183105469,14122000
2016-10-21,53.28513717651367,68.48999786376953,68.52999877929688,67.69999694824219,67.80999755859375,12175700
2016-10-24,53.580753326416016,68.87000274658203,69.05000305175781,68.5,68.97000122070312,10197100
2016-10-25,53.52629852294922,68.80000305175781,68.93000030517578,68.37999725341797,68.87999725341797,9945100
2016-10-26,53.78303527832031,69.12999725341797,69.25,68.37000274658203,68.37000274658203,9801300
2016-10-27,53.8608283996582,69.2300033569336,69.7699966430664,69.0999984741211,69.48999786376953,14210700
2016-10-28,53.76747512817383,69.11000061035156,69.55000305175781,68.47000122070312,69.52999877929688,12766500
2016-10-31,53.88417053222656,69.26000213623047,69.58000183105469,69.2300033569336,69.43000030517578,14336300
2016-11-01,53.65854263305664,68.97000122070312,69.77999877929688,68.33000183105469,69.4800033569336,15564500
2016-11-02,53.43292999267578,68.68000030517578,68.8499984741211,68.01000213623047,68.6500015258789,12449800
2016-11-03,53.19953918457031,68.37999725341797,69.19000244140625,68.22000122070312,68.86000061035156,10369700
2016-11-04,52.71718215942383,67.76000213623047,68.55999755859375,67.63999938964844,68.48999786376953,13571300
2016-11-07,54.36653137207031,69.87999725341797,69.97000122070312,69.0,69.08000183105469,16515100
2016-11-08,54.48323440551758,70.02999877929688,70.55000305175781,69.23999786376953,69.69999694824219,17531700
2016-11-09,56.988399505615234,73.25,74.1500015258789,71.31999969482422,71.45999908447266,50948400
2016-11-10,59.63358688354492,76.6500015258789,77.25,74.22000122070312,74.22000122070312,56192300
2016-11-11,59.664703369140625,76.69000244140625,76.72000122070312,75.7699966430664,76.30000305175781,27574300
2016-11-14,61.858646392822266,79.51000213623047,80.44000244140625,77.25,77.25,46130700
2016-11-15,61.74195861816406,79.36000061035156,79.41000366210938,77.77999877929688,78.37000274658203,28126300
2016-11-16,60.21709060668945,77.4000015258789,78.3499984741211,76.87999725341797,78.22000122070312,26054900
2016-11-17,60.699432373046875,78.0199966430664,78.45999908447266,77.5999984741211,77.93000030517578,19306700
2016-11-18,60.458251953125,77.70999908447266,78.41999816894531,77.55000305175781,77.95999908447266,19770000
2016-11-21,60.7227783203125,78.05000305175781,78.16999816894531,77.29000091552734,78.0,11983500
2016-11-22,61.096195220947266,78.52999877929688,78.55999755859375,77.76000213623047,78.3499984741211,14410100
2016-11-23,61.352970123291016,78.86000061035156,79.23999786376953,77.88999938964844,78.87000274658203,13373700
2016-11-25,61.32963180541992,78.83000183105469,79.44999694824219,78.47000122070312,79.0999984741211,6185700
2016-11-28,60.93283462524414,78.31999969482422,78.87000274658203,78.0199966430664,78.18000030517578,13007200
2016-11-29,61.39962387084961,78.91999816894531,79.16000366210938,78.38999938964844,78.38999938964844,14144100
2016-11-30,62.372135162353516,80.16999816894531,80.52999877929688,79.69999694824219,79.91999816894531,25351900
2016-12-01,63.632503509521484,81.79000091552734,82.27999877929688,80.6500015258789,80.6500015258789,23823600
2016-12-02,63.48466873168945,81.5999984741211,81.83000183105469,80.9000015258789,81.80000305175781,16931500
2016-12-05,64.7761459350586,83.26000213623047,83.29000091552734,82.29000091552734,82.30000305175781,18529800
2016-12-06,65.11068725585938,83.69000244140625,83.80999755859375,82.43000030517578,83.5999984741211,16130000
2016-12-07,65.40634155273438,84.06999969482422,84.08999633789062,82.8499984741211,83.55000305175781,18996900
2016-12-08,66.22323608398438,85.12000274658203,85.5,83.94000244140625,84.2300033569336,20844900
2016-12-09,66.51109313964844,85.48999786376953,85.5,84.13999938964844,85.0199966430664,14567200
2016-12-12,65.9197998046875,84.7300033569336,85.79000091552734,84.29000091552734,85.36000061035156,14511300
2016-12-13,65.94315338134766,84.76000213623047,85.66999816894531,83.81999969482422,84.9800033569336,16669000
2016-12-14,65.9197998046875,84.7300033569336,86.12000274658203,83.76000213623047,83.87999725341797,22622600
2016-12-15,66.90788269042969,86.0,86.48999786376953,84.9000015258789,85.4000015258789,19438900
2016-12-16,66.08319854736328,84.94000244140625,86.29000091552734,84.88999938964844,86.29000091552734,23008500
2016-12-19,66.46439361572266,85.43000030517578,85.44000244140625,84.19000244140625,84.80000305175781,21685100
2016-12-20,67.3202133178711,86.52999877929688,86.54000091552734,85.55000305175781,85.79000091552734,14587300
2016-12-21,67.49136352539062,86.75,86.80999755859375,86.02999877929688,86.43000030517578,11400500
2016-12-22,67.60028076171875,86.88999938964844,87.16999816894531,86.20999908447266,86.44000244140625,13924200
2016-12-23,67.72476959228516,87.05000305175781,87.1500015258789,86.4000015258789,87.0,10759400
2016-12-27,67.78701782226562,87.12999725341797,87.16000366210938,86.75,87.05000305175781,6946400
2016-12-28,67.296875,86.5,87.38999938964844,86.3499984741211,87.16000366210938,9455600
2016-12-29,66.82228088378906,85.88999938964844,86.66999816894531,85.04000091552734,86.58000183105469,14689000
2016-12-30,67.13349914550781,86.29000091552734,86.41999816894531,85.66000366210938,86.0999984741211,13617800
2017-01-03,67.86482238769531,87.2300033569336,87.76000213623047,85.9800033569336,87.33999633789062,20550700
2017-01-04,67.98997497558594,86.91000366210938,87.18000030517578,86.4000015258789,86.95999908447266,15266600
2017-01-05,67.36415100097656,86.11000061035156,87.11000061035156,85.26000213623047,86.80999755859375,14300800
2017-01-06,67.37194061279297,86.12000274658203,86.62000274658203,85.94000244140625,86.38999938964844,12893300
2017-01-09,67.41890716552734,86.18000030517578,86.7699966430664,85.5199966430664,85.7300033569336,12806600
2017-01-10,67.61447143554688,86.43000030517578,86.9000015258789,85.72000122070312,86.06999969482422,13989000
2017-01-11,68.12297058105469,87.08000183105469,87.08000183105469,85.91000366210938,86.43000030517578,14713100
2017-01-12,67.46585845947266,86.23999786376953,87.2699966430664,86.0199966430664,86.76000213623047,21337400
2017-01-13,67.82569122314453,86.69999694824219,88.16999816894531,86.0999984741211,87.11000061035156,28296000
2017-01-17,65.36143493652344,83.55000305175781,85.22000122070312,83.27999877929688,84.93000030517578,30024600
2017-01-18,65.66654205322266,83.94000244140625,84.2300033569336,83.02999877929688,83.62999725341797,21270100
2017-01-19,65.16586303710938,83.30000305175781,84.66999816894531,83.12000274658203,84.05999755859375,16555600
2017-01-20,65.455322265625,83.66999816894531,83.83000183105469,83.29000091552734,83.43000030517578,18436800
2017-01-23,65.48662567138672,83.70999908447266,84.0,83.20999908447266,83.30000305175781,12179200
2017-01-24,66.27672576904297,84.72000122070312,85.0,83.55999755859375,83.91999816894531,15175300
2017-01-25,67.30154418945312,86.02999877929688,86.16999816894531,85.16999816894531,85.83999633789062,17551000
2017-01-26,67.86481475830078,86.75,86.94999694824219,85.94999694824219,85.94999694824219,15962800
2017-01-27,68.0056381225586,86.93000030517578,86.9800033569336,86.2699966430664,86.66000366210938,12535400
2017-01-30,67.30154418945312,86.02999877929688,86.5,85.31999969482422,86.19000244140625,13661900
2017-01-31,66.20630645751953,84.62999725341797,86.1500015258789,84.08999633789062,85.5999984741211,15655100
2017-02-01,66.4566650390625,84.94999694824219,86.0999984741211,84.68000030517578,85.54000091552734,15430900
2017-02-02,66.1750259399414,84.58999633789062,84.91000366210938,84.16000366210938,84.33999633789062,11081400
2017-02-03,68.20118713378906,87.18000030517578,87.30999755859375,85.87000274658203,86.19000244140625,17885200
2017-02-06,67.88043212890625,86.7699966430664,87.44999694824219,86.61000061035156,86.79000091552734,11828400
2017-02-07,67.84133911132812,86.72000122070312,87.4000015258789,86.4800033569336,87.13999938964844,9392800
2017-02-08,67.24678039550781,85.95999908447266,86.30999755859375,85.37000274658203,86.18000030517578,13970900
2017-02-09,68.21685028076172,87.19999694824219,87.33000183105469,85.95999908447266,85.95999908447266,13749100
2017-02-10,68.06038665771484,87.0,87.4800033569336,86.88999938964844,87.4800033569336,10992500
2017-02-13,68.96002960205078,88.1500015258789,88.73999786376953,87.43000030517578,87.44000244140625,18739100
2017-02-14,70.06306457519531,89.55999755859375,89.69999694824219,88.11000061035156,88.30000305175781,17932100
2017-02-15,70.86883544921875,90.58999633789062,90.87000274658203,89.3499984741211,90.08000183105469,17381800
2017-02-16,70.8219223022461,90.52999877929688,91.04000091552734,89.7699966430664,90.4000015258789,17672700
2017-02-17,70.58721923828125,90.2300033569336,90.47000122070312,89.69000244140625,89.81999969482422,15776600
2017-02-21,71.19742584228516,91.01000213623047,91.1500015258789,90.45999908447266,90.51000213623047,14068300
2017-02-22,71.23654174804688,91.05999755859375,91.30000305175781,90.41999816894531,90.5199966430664,11839000
2017-02-23,71.2912826538086,91.12999725341797,91.33999633789062,90.5199966430664,91.18000030517578,11067000
2017-02-24,70.66545867919922,90.33000183105469,90.54000091552734,89.7300033569336,90.18000030517578,15062300
2017-02-27,70.74368286132812,90.43000030517578,90.7300033569336,90.0199966430664,90.31999969482422,12361000
2017-02-28,70.89232635498047,90.62000274658203,90.81999969482422,89.58999633789062,89.8499984741211,15183500
2017-03-01,73.22357177734375,93.5999984741211,93.9800033569336,92.61000061035156,92.79000091552734,24451400
2017-03-02,72.08142852783203,92.13999938964844,93.91999816894531,92.02999877929688,93.87000274658203,16862500
2017-03-03,72.59774017333984,92.80000305175781,93.11000061035156,92.13999938964844,92.13999938964844,12817500
2017-03-06,71.9093246459961,91.91999816894531,92.31999969482422,91.0999984741211,92.25,15059200
2017-03-07,71.51030731201172,91.41000366210938,92.08999633789062,91.20999908447266,91.63999938964844,11156800
2017-03-08,71.35388946533203,91.20999908447266,92.8499984741211,91.0999984741211,92.68000030517578,17378400
2017-03-09,71.63551330566406,91.56999969482422,92.13999938964844,91.1500015258789,91.5999984741211,13726200
2017-03-10,71.40863800048828,91.27999877929688,92.0,90.52999877929688,91.94999694824219,13729900
2017-03-13,71.47125244140625,91.36000061035156,91.77999877929688,90.93000030517578,91.30999755859375,10004300
2017-03-14,71.58856964111328,91.51000213623047,91.6500015258789,90.7699966430664,91.0199966430664,10237700
2017-03-15,71.76068115234375,91.7300033569336,92.55000305175781,91.12999725341797,91.80000305175781,16601400
2017-03-16,71.69026184082031,91.63999938964844,92.80999755859375,91.56999969482422,92.02999877929688,14492000
2017-03-17,70.93924713134766,90.68000030517578,92.04000091552734,90.6500015258789,91.83000183105469,21734700
2017-03-20,70.4307632446289,90.02999877929688,91.16999816894531,89.79000091552734,90.2699966430664,14623600
2017-03-21,68.365478515625,87.38999938964844,90.63999938964844,87.05999755859375,90.36000061035156,33089200
2017-03-22,68.47502899169922,87.52999877929688,88.06999969482422,86.01000213623047,86.88999938964844,21741000
2017-03-23,68.365478515625,87.38999938964844,88.5,87.08999633789062,87.20999908447266,16090100
2017-03-24,68.2872543334961,87.29000091552734,88.08999633789062,86.7699966430664,87.79000091552734,16093200
2017-03-27,68.24816131591797,87.23999786376953,87.4000015258789,85.2300033569336,85.52999877929688,16689300
2017-03-28,69.31205749511719,88.5999984741211,89.0199966430664,86.9800033569336,87.0199966430664,16264400
2017-03-29,69.05391693115234,88.2699966430664,88.81999969482422,88.08000183105469,88.5999984741211,10207600
2017-03-30,69.64847564697266,89.02999877929688,89.45999908447266,88.12000274658203,88.19999694824219,11631000
2017-03-31,68.71753692626953,87.83999633789062,88.73999786376953,87.75,88.70999908447266,16987600
2017-04-03,68.46717834472656,87.5199966430664,88.16999816894531,86.5999984741211,87.98999786376953,19831800
2017-04-04,68.69535827636719,87.30999755859375,87.66999816894531,86.72000122070312,86.88999938964844,14280800
2017-04-05,67.81413269042969,86.19000244140625,88.54000091552734,86.12999725341797,88.41999816894531,17635500
2017-04-06,68.04231262207031,86.4800033569336,86.91000366210938,85.25,85.9800033569336,14379600
2017-04-07,67.8062744140625,86.18000030517578,86.80999755859375,85.70999908447266,85.93000030517578,13097100
2017-04-10,67.57023620605469,85.87999725341797,86.69000244140625,85.4000015258789,86.08000183105469,15081600
2017-04-11,67.45222473144531,85.7300033569336,85.79000091552734,84.80000305175781,85.54000091552734,14690500
2017-04-12,67.19256591796875,85.4000015258789,85.94999694824219,85.02999877929688,85.93000030517578,14730600
2017-04-13,66.40574645996094,84.4000015258789,86.98999786376953,84.4000015258789,85.5,30529800
2017-04-17,67.55450439453125,85.86000061035156,86.08000183105469,84.37000274658203,84.44000244140625,19071700
2017-04-18,67.00375366210938,85.16000366210938,85.62999725341797,84.73999786376953,85.36000061035156,14127000
2017-04-19,66.45296478271484,84.45999908447266,85.91999816894531,84.36000061035156,85.5,17588500
2017-04-20,67.31058502197266,85.55000305175781,85.77999877929688,84.55000305175781,84.9800033569336,15635800
2017-04-21,66.50018310546875,84.5199966430664,85.68000030517578,84.51000213623047,85.5,19820600
2017-04-24,68.84485626220703,87.5,88.05000305175781,86.41999816894531,86.55000305175781,25468300
2017-04-25,69.44280242919922,88.26000213623047,89.12999725341797,88.26000213623047,88.55000305175781,18253800
2017-04-26,69.57657623291016,88.43000030517578,89.05000305175781,88.13999938964844,88.3499984741211,12832200
2017-04-27,68.93141174316406,87.61000061035156,88.37000274658203,87.01000213623047,88.37000274658203,13329000
2017-04-28,68.45145416259766,87.0,87.8499984741211,86.94999694824219,87.5999984741211,10755600
2017-05-01,68.4986572265625,87.05999755859375,87.73999786376953,86.55999755859375,87.36000061035156,15712300
2017-05-02,68.05804443359375,86.5,86.87999725341797,86.0199966430664,86.70999908447266,14414200
2017-05-03,68.45145416259766,87.0,87.0999984741211,86.0199966430664,86.05999755859375,11540500
2017-05-04,68.53012084960938,87.0999984741211,87.7300033569336,86.56999969482422,87.69000244140625,11540100
2017-05-05,68.45145416259766,87.0,87.33999633789062,86.41999816894531,87.25,9436000
2017-05-08,68.53012084960938,87.0999984741211,87.31999969482422,86.6500015258789,87.04000091552734,8162200
2017-05-09,68.25475311279297,86.75,87.83999633789062,86.5,87.26000213623047,10273900
2017-05-10,68.78976440429688,87.43000030517578,87.4800033569336,86.47000122070312,86.52999877929688,8334900
2017-05-11,68.57732391357422,87.16000366210938,87.4800033569336,86.3499984741211,87.08999633789062,10907400
2017-05-12,68.38848876953125,86.91999816894531,87.05000305175781,86.33999633789062,86.68000030517578,8738800
2017-05-15,68.71894073486328,87.33999633789062,87.48999786376953,86.86000061035156,87.0999984741211,8835600
2017-05-16,68.93141174316406,87.61000061035156,88.08999633789062,87.33999633789062,87.36000061035156,9795000
2017-05-17,66.30349731445312,84.2699966430664,87.61000061035156,83.97000122070312,87.61000061035156,24679700
2017-05-18,66.0595932006836,83.95999908447266,84.80000305175781,83.36000061035156,84.06999969482422,23350100
2017-05-19,66.70475769042969,84.77999877929688,85.33999633789062,84.1500015258789,84.20999908447266,13412900
2017-05-22,66.6418228149414,84.69999694824219,85.29000091552734,84.20999908447266,85.18000030517578,11636000
2017-05-23,67.47583770751953,85.76000213623047,86.06999969482422,84.51000213623047,84.75,11753000
2017-05-24,67.43649291992188,85.70999908447266,85.97000122070312,85.23999786376953,85.87999725341797,9833800
2017-05-25,67.15321350097656,85.3499984741211,86.08000183105469,85.08000183105469,85.98999786376953,12238500
2017-05-26,67.16109466552734,85.36000061035156,85.55999755859375,85.0199966430664,85.11000061035156,8113500
2017-05-30,66.01238250732422,83.9000015258789,85.1500015258789,83.77999877929688,85.12999725341797,12603200
2017-05-31,64.6354751586914,82.1500015258789,83.81999969482422,81.63999938964844,83.7300033569336,28327900
2017-06-01,65.3514633178711,83.05999755859375,83.08000183105469,81.6500015258789,82.45999908447266,17123500
2017-06-02,65.02100372314453,82.63999938964844,82.98999786376953,81.9800033569336,82.29000091552734,14998500
2017-06-05,65.13902282714844,82.79000091552734,83.51000213623047,82.58000183105469,82.63999938964844,9080200
2017-06-06,65.27278900146484,82.95999908447266,83.22000122070312,82.12999725341797,82.29000091552734,12196800
2017-06-07,66.0202407836914,83.91000366210938,84.11000061035156,83.0999984741211,83.30999755859375,13711100
2017-06-08,66.83850860595703,84.94999694824219,85.7300033569336,83.88999938964844,83.91000366210938,17951000
2017-06-09,68.41995239257812,86.95999908447266,87.05000305175781,85.38999938964844,85.51000213623047,19120200
2017-06-12,68.43571472167969,86.9800033569336,87.73999786376953,86.88999938964844,86.95999908447266,16053400
2017-06-13,68.66387939453125,87.2699966430664,87.8499984741211,86.9800033569336,87.55000305175781,12557200
2017-06-14,68.52227783203125,87.08999633789062,87.30999755859375,85.81999969482422,86.7699966430664,16175700
2017-06-15,68.11312103271484,86.56999969482422,87.08000183105469,86.23999786376953,86.25,12509700
2017-06-16,67.8062744140625,86.18000030517578,86.95999908447266,86.0199966430664,86.8499984741211,16936600
2017-06-19,69.29334259033203,88.06999969482422,88.2300033569336,86.8499984741211,86.97000122070312,15972300
2017-06-20,68.86058044433594,87.5199966430664,87.91999816894531,87.37000274658203,87.75,11197800
2017-06-21,68.54586791992188,87.12000274658203,87.55000305175781,86.76000213623047,87.4800033569336,10005900
2017-06-22,68.46717071533203,87.0199966430664,87.36000061035156,86.6500015258789,86.93000030517578,12180600
2017-06-23,68.34130096435547,86.86000061035156,88.0,86.61000061035156,87.66000366210938,18812000
2017-06-26,68.64030456542969,87.23999786376953,87.66999816894531,86.62000274658203,87.01000213623047,10082400
2017-06-27,69.27758026123047,88.05000305175781,88.94000244140625,87.5,87.70999908447266,15415200
2017-06-28,70.67021179199219,89.81999969482422,90.06999969482422,88.5999984741211,88.5999984741211,17466200
2017-06-29,71.71666717529297,91.1500015258789,92.6500015258789,90.30999755859375,92.33999633789062,27697800
2017-06-30,71.91336059570312,91.4000015258789,92.0,91.16000366210938,91.95999908447266,16892700
2017-07-03,73.37694549560547,92.75,93.4800033569336,91.41000366210938,91.55999755859375,13208100
2017-07-05,74.1126708984375,93.68000030517578,93.79000091552734,92.61000061035156,93.12000274658203,17535400
2017-07-06,73.87533569335938,93.37999725341797,94.51000213623047,92.87999725341797,93.54000091552734,16596100
2017-07-07,74.24718475341797,93.8499984741211,94.16999816894531,93.2300033569336,93.95999908447266,12817800
2017-07-10,73.72503662109375,93.19000244140625,93.68000030517578,93.08999633789062,93.5,13987200
2017-07-11,73.44023895263672,92.83000183105469,93.33000183105469,92.27999877929688,93.33000183105469,13262300
2017-07-12,73.18707275390625,92.51000213623047,92.83000183105469,92.06999969482422,92.61000061035156,13540100
2017-07-13,73.65382385253906,93.0999984741211,93.37999725341797,92.33999633789062,92.69000244140625,12820100
2017-07-14,72.98137664794922,92.25,92.61000061035156,90.58000183105469,90.80999755859375,22235200
2017-07-17,72.30101776123047,91.38999938964844,91.98999786376953,91.25,91.81999969482422,14374200
2017-07-18,72.04785919189453,91.06999969482422,91.58000183105469,90.31999969482422,90.44999694824219,14719400
2017-07-19,72.15068054199219,91.19999694824219,91.62000274658203,91.0,91.33999633789062,11651200
2017-07-20,72.15068054199219,91.19999694824219,91.72000122070312,90.9000015258789,91.1500015258789,11561700
2017-07-21,71.90544128417969,90.88999938964844,91.36000061035156,90.5199966430664,91.05999755859375,10971300
2017-07-24,72.21398162841797,91.27999877929688,91.54000091552734,90.91000366210938,90.95999908447266,10725100
2017-07-25,73.41649627685547,92.80000305175781,93.5199966430664,92.2699966430664,92.37000274658203,16447700
2017-07-26,72.72822570800781,91.93000030517578,93.19000244140625,91.68000030517578,93.0999984741211,11815500
2017-07-27,72.42760467529297,91.55000305175781,92.05999755859375,91.16000366210938,91.83000183105469,12332400
2017-07-28,72.21398162841797,91.27999877929688,91.75,90.91000366210938,91.44999694824219,9351900
2017-07-31,72.62537384033203,91.80000305175781,92.36000061035156,91.5,91.51000213623047,11520300
2017-08-01,73.59844970703125,93.02999877929688,93.13999938964844,92.27999877929688,92.48999786376953,12523700
2017-08-02,73.66175079345703,93.11000061035156,93.20999908447266,92.51000213623047,92.87000274658203,10165600
2017-08-03,73.17916870117188,92.5,93.12999725341797,92.23999786376953,92.69999694824219,11078800
2017-08-04,74.09686279296875,93.66000366210938,94.4000015258789,93.47000122070312,93.5,14324000
2017-08-07,74.38166046142578,94.0199966430664,94.19000244140625,93.70999908447266,93.88999938964844,7978300
2017-08-08,74.1126708984375,93.68000030517578,95.22000122070312,93.5999984741211,93.94999694824219,13745400
2017-08-09,73.9940185546875,93.52999877929688,93.68000030517578,92.83000183105469,92.9800033569336,11214400
2017-08-10,72.93392181396484,92.19000244140625,93.06999969482422,92.06999969482422,92.9000015258789,13252300
2017-08-11,72.32473754882812,91.41999816894531,92.66999816894531,91.23999786376953,92.12999725341797,10679500
2017-08-14,73.17123413085938,92.48999786376953,92.9000015258789,92.33000183105469,92.37000274658203,10994800
2017-08-15,73.36111450195312,92.7300033569336,93.55999755859375,92.6500015258789,93.30999755859375,8812700
2017-08-16,72.85479736328125,92.08999633789062,93.2300033569336,91.87999725341797,93.04000091552734,11085400
2017-08-17,71.71556854248047,90.6500015258789,91.95999908447266,90.5,91.76000213623047,13837500
2017-08-18,71.78678131103516,90.73999786376953,91.54000091552734,90.19000244140625,90.30999755859375,13040700
2017-08-21,71.69974517822266,90.62999725341797,90.94000244140625,90.16000366210938,90.8499984741211,11502100
2017-08-22,72.43550109863281,91.55999755859375,91.70999908447266,91.0,91.06999969482422,9211800
2017-08-23,72.52249908447266,91.66999816894531,92.33999633789062,90.83999633789062,90.87000274658203,8811300
2017-08-24,72.40384674072266,91.5199966430664,92.12000274658203,91.41000366210938,91.93000030517578,8623200
2017-08-25,72.69657135009766,91.88999938964844,92.4800033569336,91.80000305175781,91.87999725341797,11794600
2017-08-28,72.4671401977539,91.5999984741211,92.19000244140625,91.12999725341797,92.16000366210938,7292900
2017-08-29,72.07157135009766,91.0999984741211,91.30999755859375,90.30999755859375,90.44999694824219,10886100
2017-08-30,72.23771667480469,91.30999755859375,91.87999725341797,91.19000244140625,91.25,9165300
2017-08-31,71.90544128417969,90.88999938964844,91.8499984741211,90.80000305175781,91.80999755859375,13217400
2017-09-01,72.5462646484375,91.69999694824219,92.36000061035156,90.94999694824219,91.25,9815800
2017-09-05,70.81368255615234,89.51000213623047,91.11000061035156,89.0199966430664,91.0199966430664,16897300
2017-09-06,71.28837585449219,90.11000061035156,90.5199966430664,89.63999938964844,90.0,11845700
2017-09-07,70.03836822509766,88.52999877929688,90.12999725341797,88.08000183105469,90.11000061035156,14592300
2017-09-08,69.95136260986328,88.41999816894531,89.41999816894531,88.23999786376953,88.30999755859375,14242200
2017-09-11,71.03520202636719,89.79000091552734,90.25,88.94999694824219,89.38999938964844,13219000
2017-09-12,71.90544128417969,90.88999938964844,91.25,90.0999984741211,90.16999816894531,14003800
2017-09-13,72.11114501953125,91.1500015258789,91.5,90.31999969482422,90.61000061035156,12485400
2017-09-14,71.96871948242188,90.97000122070312,91.52999877929688,90.73999786376953,91.19999694824219,10562800
2017-09-15,72.48297119140625,91.62000274658203,91.70999908447266,90.76000213623047,91.08000183105469,18171800
2017-09-18,73.51142883300781,92.91999816894531,93.13999938964844,91.8499984741211,91.93000030517578,11318700
2017-09-19,74.31837463378906,93.94000244140625,94.36000061035156,92.5199966430664,92.70999908447266,12626100
2017-09-20,74.84053039550781,94.5999984741211,95.29000091552734,93.70999908447266,94.0999984741211,15311600
2017-09-21,75.18070220947266,95.02999877929688,95.37000274658203,94.19000244140625,94.45999908447266,10851500
2017-09-22,75.0224838256836,94.83000183105469,94.9800033569336,94.43000030517578,94.69999694824219,8358300
2017-09-25,74.46080017089844,94.12000274658203,94.87999725341797,93.44999694824219,94.51000213623047,10463400
2017-09-26,74.1285171508789,93.69999694824219,94.02999877929688,93.33999633789062,93.77999877929688,9358100
2017-09-27,75.29938507080078,95.18000030517578,95.72000122070312,94.58000183105469,94.97000122070312,15090200
2017-09-28,75.45759582519531,95.37999725341797,95.87999725341797,94.91000366210938,95.58999633789062,10270400
2017-09-29,75.56047058105469,95.51000213623047,95.5199966430664,95.0199966430664,95.30000305175781,11438400
2017-10-02,76.61266326904297,96.83999633789062,96.87999725341797,95.45999908447266,95.7699966430664,13797200
2017-10-03,77.01612854003906,97.3499984741211,97.43000030517578,96.7699966430664,96.83000183105469,9633500
2017-10-04,76.23291015625,96.36000061035156,97.44000244140625,96.27999877929688,97.30000305175781,12166600
2017-10-05,77.25941467285156,97.08999633789062,97.4000015258789,95.55000305175781,96.0,14236200
2017-10-06,77.12415313720703,96.91999816894531,97.63999938964844,96.47000122070312,97.55000305175781,10231900
2017-10-09,76.71831512451172,96.41000366210938,97.06999969482422,96.13999938964844,96.95999908447266,7765100
2017-10-10,77.29124450683594,97.12999725341797,97.18000030517578,96.23999786376953,96.45999908447266,10631500
2017-10-11,77.06047821044922,96.83999633789062,97.01000213623047,96.13999938964844,96.83000183105469,14283600
2017-10-12,76.38409423828125,95.98999786376953,97.5,95.62000274658203,97.30000305175781,18251600
2017-10-13,76.28067779541016,95.86000061035156,96.70999908447266,94.95999908447266,95.4800033569336,13190600
2017-10-16,77.85623168945312,97.83999633789062,97.94999694824219,96.33999633789062,96.33999633789062,12434000
2017-10-17,77.68119812011719,97.62000274658203,98.18000030517578,97.31999969482422,98.06999969482422,10335700
2017-10-18,77.9755859375,97.98999786376953,98.55000305175781,97.62999725341797,98.1500015258789,10158600
2017-10-19,78.07109832763672,98.11000061035156,98.19999694824219,97.08999633789062,97.19000244140625,9133900
2017-10-20,79.18514251708984,99.51000213623047,99.88999938964844,98.7300033569336,99.27999877929688,15326600
2017-10-23,79.04985809326172,99.33999633789062,99.98999786376953,99.23999786376953,99.51000213623047,9238600
2017-10-24,80.30714416503906,100.91999816894531,101.19000244140625,99.76000213623047,99.87999725341797,13000800
2017-10-25,80.38671875,101.0199966430664,101.44999694824219,100.19000244140625,101.25,14632700
2017-10-26,80.95966339111328,101.73999786376953,102.41999816894531,101.31999969482422,101.3499984741211,13054400
2017-10-27,80.98353576660156,101.7699966430664,102.2300033569336,101.05000305175781,101.43000030517578,10400400
2017-10-30,80.69705963134766,101.41000366210938,101.93000030517578,100.87000274658203,101.12999725341797,8839500
2017-10-31,80.0604476928711,100.61000061035156,101.69999694824219,100.56999969482422,101.37000274658203,8690200
2017-11-01,80.30714416503906,100.91999816894531,101.69999694824219,100.7300033569336,101.0999984741211,8418200
2017-11-02,80.84027862548828,101.58999633789062,101.7699966430664,100.16000366210938,100.87000274658203,8731800
2017-11-03,80.69705963134766,101.41000366210938,101.52999877929688,100.7300033569336,101.0999984741211,7103500
2017-11-06,80.19573211669922,100.77999877929688,101.69000244140625,100.66000366210938,101.33999633789062,8121500
2017-11-07,78.58037567138672,98.75,100.75,98.25,100.55999755859375,18822600
2017-11-08,77.69707489013672,97.63999938964844,98.37000274658203,97.1500015258789,98.2699966430664,18524700
2017-11-09,77.68911743164062,97.62999725341797,98.22000122070312,96.80999755859375,97.12000274658203,13697800
2017-11-10,77.59364318847656,97.51000213623047,98.33999633789062,97.5,97.80999755859375,9314000
2017-11-13,77.87212371826172,97.86000061035156,98.05000305175781,96.62000274658203,96.69000244140625,9303100
2017-11-14,77.4026870727539,97.2699966430664,97.77999877929688,96.8499984741211,97.33999633789062,11043800
2017-11-15,78.13475799560547,98.19000244140625,98.73999786376953,95.94999694824219,96.38999938964844,15384100
2017-11-16,78.35757446289062,98.47000122070312,99.05999755859375,98.30999755859375,98.52999877929688,9808000
2017-11-17,78.09495544433594,98.13999938964844,98.41000366210938,97.56999969482422,97.81999969482422,9017900
2017-11-20,78.78727722167969,99.01000213623047,99.1500015258789,97.76000213623047,98.44999694824219,9483200
2017-11-21,78.72360229492188,98.93000030517578,99.55000305175781,98.91000366210938,99.5,13389400
2017-11-22,78.4928207397461,98.63999938964844,99.5199966430664,98.58999633789062,99.02999877929688,7342200
2017-11-24,78.23821258544922,98.31999969482422,98.9000015258789,98.26000213623047,98.83000183105469,3680000
2017-11-27,77.92786407470703,97.93000030517578,99.12999725341797,97.93000030517578,98.30999755859375,13076200
2017-11-28,80.65729522705078,101.36000061035156,101.69999694824219,97.97000122070312,98.20999908447266,16773000
2017-11-29,82.54318237304688,103.7300033569336,104.22000122070312,101.95999908447266,102.41000366210938,21105500
2017-11-30,83.17183685302734,104.5199966430664,106.66000366210938,104.04000091552734,104.73999786376953,23945900
2017-12-01,83.38670349121094,104.79000091552734,105.31999969482422,102.19999694824219,104.9000015258789,19683500
2017-12-04,85.10552215576172,106.94999694824219,108.4000015258789,106.7699966430664,107.7300033569336,23576600
2017-12-05,84.12672424316406,105.72000122070312,107.41000366210938,104.12000274658203,105.58000183105469,17193900
2017-12-06,83.49810791015625,104.93000030517578,105.76000213623047,104.52999877929688,105.55000305175781,15476200
2017-12-07,83.25143432617188,104.62000274658203,105.19000244140625,103.7300033569336,103.94999694824219,13371800
2017-12-08,84.29386138916016,105.93000030517578,105.94000244140625,104.33999633789062,104.75,13506900
2017-12-11,84.04718780517578,105.62000274658203,106.05999755859375,105.30999755859375,105.72000122070312,10591200
2017-12-12,85.02596282958984,106.8499984741211,107.37000274658203,105.54000091552734,106.91000366210938,15508800
2017-12-13,83.95964813232422,105.51000213623047,107.11000061035156,105.4800033569336,106.69999694824219,15020300
2017-12-14,83.28326416015625,104.66000366210938,106.44999694824219,104.63999938964844,106.12000274658203,13034200
2017-12-15,84.46096801757812,106.13999938964844,106.5199966430664,105.19999694824219,105.79000091552734,29350600
2017-12-18,85.11347198486328,106.95999908447266,107.62999725341797,106.4800033569336,107.19000244140625,12713100
2017-12-19,84.75540161132812,106.51000213623047,107.48999786376953,106.44000244140625,107.3499984741211,12149900
2017-12-20,84.46096801757812,106.13999938964844,107.7300033569336,106.08999633789062,107.5999984741211,13091500
2017-12-21,85.80577850341797,107.83000183105469,108.06999969482422,106.55999755859375,106.58999633789062,12323700
2017-12-22,85.50340270996094,107.44999694824219,108.45999908447266,106.80999755859375,108.19999694824219,14573400
2017-12-26,85.16121673583984,107.0199966430664,107.98999786376953,106.4000015258789,107.19999694824219,7403700
2017-12-27,85.32038879394531,107.22000122070312,107.29000091552734,106.66999816894531,106.66999816894531,9496500
2017-12-28,85.77395629882812,107.79000091552734,107.83999633789062,107.16000366210938,107.4000015258789,7440600
2017-12-29,85.09757232666016,106.94000244140625,108.27999877929688,106.94000244140625,108.08999633789062,8925700
2018-01-02,85.90125274658203,107.94999694824219,108.0199966430664,106.80999755859375,107.62999725341797,13578800
2018-01-03,85.98880004882812,108.05999755859375,108.48999786376953,107.4800033569336,107.86000061035156,11901000
2018-01-04,87.22064971923828,109.04000091552734,110.02999877929688,108.19999694824219,108.36000061035156,12953700
2018-01-05,86.66071319580078,108.33999633789062,109.55000305175781,107.77999877929688,109.26000213623047,14155000
2018-01-08,86.7886962890625,108.5,108.68000030517578,107.69999694824219,108.1500015258789,12466500
2018-01-09,87.22865295410156,109.05000305175781,109.62999725341797,108.48999786376953,108.72000122070312,13292300
2018-01-10,88.18852996826172,110.25,110.69999694824219,109.38999938964844,109.47000122070312,15834500
2018-01-11,88.66043853759766,110.83999633789062,110.93000030517578,110.05000305175781,110.66999816894531,13676800
2018-01-12,90.12423706054688,112.66999816894531,112.8499984741211,110.83999633789062,111.6500015258789,18884200
2018-01-16,89.8042984008789,112.2699966430664,113.43000030517578,111.06999969482422,111.51000213623047,22703300
2018-01-17,90.38024139404297,112.98999786376953,113.30000305175781,111.30999755859375,111.88999938964844,14940300
2018-01-18,90.59622192382812,113.26000213623047,113.72000122070312,112.2699966430664,112.76000213623047,14572900
2018-01-19,90.396240234375,113.01000213623047,114.33999633789062,112.80000305175781,113.94000244140625,18785500
2018-01-22,91.45208740234375,114.33000183105469,114.38999938964844,112.5,112.66000366210938,12475700
2018-01-23,91.3561019897461,114.20999908447266,114.63999938964844,113.3499984741211,113.66999816894531,12320800
2018-01-24,92.52397155761719,115.66999816894531,116.0,114.66000366210938,114.86000061035156,15904500
2018-01-25,92.54793548583984,115.69999694824219,116.16999816894531,115.08000183105469,116.04000091552734,13510000
2018-01-26,93.04391479492188,116.31999969482422,116.31999969482422,114.95999908447266,115.69999694824219,13883900
2018-01-29,92.9478988647461,116.19999694824219,117.3499984741211,116.0199966430664,116.0199966430664,11679900
2018-01-30,92.07601165771484,115.11000061035156,116.5999984741211,114.9800033569336,115.52999877929688,14279100
2018-01-31,92.52397155761719,115.66999816894531,116.66000366210938,115.16000366210938,115.6500015258789,13141400
2018-02-01,93.48383331298828,116.87000274658203,116.98999786376953,115.4800033569336,115.7699966430664,13800600
2018-02-02,91.41210174560547,114.27999877929688,116.91999816894531,114.08999633789062,116.48999786376953,16477300
2018-02-05,87.02869415283203,108.80000305175781,114.58999633789062,103.9800033569336,113.0,30097600
2018-02-06,89.67633056640625,112.11000061035156,112.4800033569336,106.61000061035156,106.8499984741211,33114800
2018-02-07,90.28424072265625,112.87000274658203,114.44999694824219,111.1500015258789,111.55000305175781,21878300
2018-02-08,86.29277801513672,107.87999725341797,113.11000061035156,107.83999633789062,113.11000061035156,27425800
2018-02-09,88.02054595947266,110.04000091552734,111.05000305175781,106.2300033569336,109.0999984741211,28188000
2018-02-12,89.38035583496094,111.73999786376953,112.7300033569336,110.06999969482422,111.16999816894531,18043300
2018-02-13,89.93231201171875,112.43000030517578,113.05000305175781,110.80000305175781,111.31999969482422,16358200
2018-02-14,92.01203155517578,115.02999877929688,115.2699966430664,112.52999877929688,112.62999725341797,15186900
2018-02-15,92.3959732055664,115.51000213623047,115.98999786376953,114.22000122070312,115.73999786376953,12130200
2018-02-16,91.73207092285156,114.68000030517578,116.06999969482422,114.5,114.55000305175781,13214300
2018-02-20,91.75605010986328,114.70999908447266,115.38999938964844,113.97000122070312,114.6500015258789,13461500
2018-02-21,92.14000701904297,115.19000244140625,117.44999694824219,114.66999816894531,115.0,14212500
2018-02-22,91.97203826904297,114.9800033569336,116.43000030517578,114.76000213623047,115.5,17070400
2018-02-23,93.83580017089844,117.30999755859375,117.38999938964844,115.30999755859375,115.30999755859375,12162500
2018-02-26,95.00364685058594,118.7699966430664,118.9000015258789,117.31999969482422,118.13999938964844,16511200
2018-02-27,93.87580108642578,117.36000061035156,119.33000183105469,117.3499984741211,118.91000366210938,17563300
2018-02-28,92.38796997070312,115.5,118.48999786376953,115.33999633789062,117.81999969482422,17735600
2018-03-01,90.732177734375,113.43000030517578,116.63999938964844,112.6500015258789,115.4800033569336,18690000
2018-03-02,90.64421081542969,113.31999969482422,113.55999755859375,111.12000274658203,112.38999938964844,18353700
2018-03-05,92.03600311279297,115.05999755859375,115.93000030517578,111.88999938964844,112.05000305175781,13933000
2018-03-06,92.11602020263672,115.16000366210938,115.81999969482422,114.31999969482422,115.63999938964844,10674400
2018-03-07,91.77204895019531,114.7300033569336,115.0999984741211,113.11000061035156,113.75,13006500
2018-03-08,91.7800521850586,114.73999786376953,115.2300033569336,113.20999908447266,115.11000061035156,11173700
2018-03-09,94.41971588134766,118.04000091552734,118.08000183105469,115.66999816894531,116.55000305175781,15366600
2018-03-12,94.11576080322266,117.66000366210938,118.75,117.25,118.0,12339300
2018-03-13,92.98790740966797,116.25,118.47000122070312,115.83000183105469,118.19999694824219,13312300
2018-03-14,91.94802856445312,114.94999694824219,116.58999633789062,114.5999984741211,116.55999755859375,12905100
2018-03-15,92.18002319335938,115.23999786376953,116.0,114.83000183105469,115.87000274658203,8748000
2018-03-16,92.33998107910156,115.44000244140625,116.5999984741211,115.33999633789062,115.33999633789062,19888900
2018-03-19,91.61207580566406,114.52999877929688,115.44999694824219,113.30000305175781,115.0999984741211,13214900
2018-03-20,91.70006561279297,114.63999938964844,115.44999694824219,114.44999694824219,114.87000274658203,9921200
2018-03-21,91.7800521850586,114.73999786376953,116.62999725341797,114.20999908447266,114.80999755859375,13633000
2018-03-22,87.94854736328125,109.94999694824219,113.5999984741211,109.54000091552734,113.19999694824219,22550400
2018-03-23,85.59686279296875,107.01000213623047,110.91999816894531,106.76000213623047,110.2699966430664,23081500
2018-03-26,88.23650360107422,110.30999755859375,111.16000366210938,108.6500015258789,109.19000244140625,20217500
2018-03-27,86.52473449707031,108.16999816894531,111.69000244140625,107.30000305175781,111.06999969482422,18039900
2018-03-28,86.38874053955078,108.0,109.16999816894531,106.6500015258789,108.27999877929688,19189300
2018-03-29,87.96454620361328,109.97000122070312,110.77999877929688,107.77999877929688,108.5,13274600
2018-04-02,86.26875305175781,107.8499984741211,110.7300033569336,106.08000183105469,109.95999908447266,18822500
2018-04-03,87.45262145996094,109.33000183105469,109.5,107.26000213623047,108.36000061035156,14050700
2018-04-04,88.78044128417969,110.98999786376953,111.20999908447266,107.0199966430664,107.0999984741211,15302600
2018-04-05,89.94615936279297,111.87999725341797,112.83000183105469,111.38999938964844,111.62999725341797,16627000
2018-04-06,87.70316314697266,109.08999633789062,111.55000305175781,107.81999969482422,110.55000305175781,18906000
2018-04-09,88.7563247680664,110.4000015258789,112.9800033569336,109.88999938964844,110.01000213623047,15974300
2018-04-10,90.45265197753906,112.51000213623047,112.87000274658203,111.41999816894531,112.12999725341797,13951400
2018-04-11,88.9332046508789,110.62000274658203,111.80999755859375,110.5199966430664,111.66000366210938,14503300
2018-04-12,91.1440658569336,113.37000274658203,114.38999938964844,111.5,111.55999755859375,16435500
2018-04-13,88.67591857910156,110.30000305175781,115.1500015258789,109.05000305175781,115.0199966430664,39152800
2018-04-16,88.60355377197266,110.20999908447266,111.47000122070312,109.79000091552734,110.94000244140625,16580500
2018-04-17,88.60355377197266,110.20999908447266,111.91999816894531,109.98999786376953,111.37000274658203,15501400
2018-04-18,87.88804626464844,109.31999969482422,111.06999969482422,108.88999938964844,110.52999877929688,16081400
2018-04-19,89.81751251220703,111.72000122070312,111.87000274658203,109.5,109.52999877929688,17911000
2018-04-20,89.61656188964844,111.47000122070312,112.73999786376953,110.87999725341797,112.30000305175781,15584400
2018-04-23,89.18242645263672,110.93000030517578,111.94999694824219,110.62999725341797,111.56999969482422,11285800
2018-04-24,88.76435852050781,110.41000366210938,112.9000015258789,109.58999633789062,111.75,16453100
2018-04-25,88.42671203613281,109.98999786376953,110.52999877929688,108.5999984741211,110.2699966430664,13548200
2018-04-26,88.51513671875,110.0999984741211,110.81999969482422,109.33999633789062,109.97000122070312,10299500
2018-04-27,87.95236206054688,109.4000015258789,110.16000366210938,109.12999725341797,109.55000305175781,9384000
2018-04-30,87.45391082763672,108.77999877929688,110.30000305175781,108.75,109.75,13744900
2018-05-01,87.45391082763672,108.77999877929688,108.97000122070312,107.54000091552734,108.44999694824219,10503400
2018-05-02,86.76252746582031,107.91999816894531,109.48999786376953,107.7300033569336,108.11000061035156,12162100
2018-05-03,86.21582794189453,107.23999786376953,107.7699966430664,105.18000030517578,107.58999633789062,15379100
2018-05-04,87.17253875732422,108.43000030517578,108.73999786376953,105.9800033569336,106.43000030517578,11967900
2018-05-07,87.9282455444336,109.37000274658203,109.68000030517578,108.36000061035156,108.76000213623047,9356700
2018-05-08,89.23065185546875,110.98999786376953,111.33999633789062,109.27999877929688,109.52999877929688,12543200
2018-05-09,91.17622375488281,113.41000366210938,113.63999938964844,111.02999877929688,111.44000244140625,11368100
2018-05-10,91.88369750976562,114.29000091552734,114.44000244140625,112.75,113.19000244140625,9159700
2018-05-11,91.53799438476562,113.86000061035156,114.7300033569336,113.66999816894531,114.48999786376953,10253000
2018-05-14,91.57015991210938,113.9000015258789,114.69999694824219,113.73999786376953,114.11000061035156,8710700
2018-05-15,90.87071228027344,113.02999877929688,113.91000366210938,112.56999969482422,113.91000366210938,11536200
2018-05-16,91.11992645263672,113.33999633789062,113.69000244140625,112.62999725341797,112.88999938964844,7571100
2018-05-17,90.81442260742188,112.95999908447266,113.41000366210938,112.19999694824219,113.19999694824219,8617200
2018-05-18,89.34320831298828,111.12999725341797,112.80000305175781,110.83999633789062,112.75,11806300
2018-05-21,90.16323852539062,112.1500015258789,112.54000091552734,111.91999816894531,112.05000305175781,9441900
2018-05-22,90.85464477539062,113.01000213623047,114.29000091552734,112.29000091552734,112.3499984741211,11507600
2018-05-23,90.43659973144531,112.48999786376953,112.7699966430664,111.12000274658203,112.51000213623047,11453900
2018-05-24,89.42359161376953,111.2300033569336,112.1500015258789,110.12000274658203,112.13999938964844,14084800
2018-05-25,88.96533966064453,110.66000366210938,111.08000183105469,110.19999694824219,110.45999908447266,8283500
2018-05-29,85.16265106201172,105.93000030517578,109.19999694824219,104.95999908447266,109.18000030517578,30643800
2018-05-30,87.10822296142578,108.3499984741211,108.5999984741211,106.6500015258789,107.63999938964844,17490800
2018-05-31,86.03092956542969,107.01000213623047,108.19000244140625,106.41999816894531,107.94999694824219,19808200
2018-06-01,87.1484146118164,108.4000015258789,108.94000244140625,107.80000305175781,108.33999633789062,13594200
2018-06-04,87.1886215209961,108.44999694824219,109.26000213623047,108.2699966430664,108.98999786376953,9415400
2018-06-05,86.69819641113281,107.83999633789062,108.30999755859375,107.06999969482422,108.23999786376953,10415200
2018-06-06,88.72417449951172,110.36000061035156,110.73999786376953,108.4800033569336,108.66000366210938,15453600
2018-06-07,89.07791137695312,110.80000305175781,111.5,110.02999877929688,111.18000030517578,13444400
2018-06-08,89.3271255493164,111.11000061035156,111.13999938964844,110.05999755859375,110.62000274658203,10383200
2018-06-11,89.10201263427734,110.83000183105469,111.91000366210938,110.7699966430664,111.12000274658203,12642900
2018-06-12,88.58750915527344,110.19000244140625,111.52999877929688,109.5199966430664,111.13999938964844,15294100
2018-06-13,88.4106216430664,109.97000122070312,111.44999694824219,109.58000183105469,110.45999908447266,14979700
2018-06-14,86.85095977783203,108.02999877929688,110.36000061035156,107.77999877929688,110.27999877929688,20487300
2018-06-15,86.7464370727539,107.9000015258789,108.37999725341797,106.2699966430664,107.80000305175781,26028600
2018-06-18,86.97156524658203,108.18000030517578,108.4000015258789,106.69000244140625,107.26000213623047,9786800
2018-06-19,86.46505737304688,107.55000305175781,107.87999725341797,106.5999984741211,106.9000015258789,12707200
2018-06-20,86.45703125,107.54000091552734,108.63999938964844,107.44000244140625,108.18000030517578,8876900
2018-06-21,86.43289947509766,107.51000213623047,108.20999908447266,106.52999877929688,107.0999984741211,11048700
2018-06-22,85.01795196533203,105.75,108.37000274658203,105.51000213623047,108.16000366210938,19478900
2018-06-25,84.24613952636719,104.79000091552734,105.69999694824219,103.95999908447266,105.66000366210938,16907600
2018-06-26,84.30242919921875,104.86000061035156,105.20999908447266,103.11000061035156,104.70999908447266,17086800
2018-06-27,83.0,103.23999786376953,105.91999816894531,103.2300033569336,104.68000030517578,16276800
2018-06-28,84.35870361328125,104.93000030517578,105.45999908447266,103.51000213623047,103.68000030517578,14491300
2018-06-29,83.77180480957031,104.19999694824219,106.9000015258789,104.1500015258789,106.68000030517578,18972400
2018-07-02,84.47928619384766,105.08000183105469,105.08999633789062,103.37999725341797,103.72000122070312,11130000
2018-07-03,83.29750061035156,103.61000061035156,105.77999877929688,103.5199966430664,105.41000366210938,8311700
2018-07-05,83.83907318115234,103.72000122070312,104.37999725341797,103.52999877929688,104.12999725341797,10723400
2018-07-06,84.1138916015625,104.05999755859375,104.5,102.19999694824219,103.12000274658203,12173700
2018-07-09,86.71669006347656,107.27999877929688,107.45999908447266,104.70999908447266,104.70999908447266,13900800
2018-07-10,86.18319702148438,106.62000274658203,108.4000015258789,106.52999877929688,108.0199966430664,14575900
2018-07-11,85.99726867675781,106.38999938964844,107.05999755859375,106.20999908447266,106.30999755859375,10186500
2018-07-12,86.3691177368164,106.8499984741211,107.55999755859375,105.97000122070312,107.41999816894531,12456800
2018-07-13,85.97303771972656,106.36000061035156,107.80000305175781,105.13999938964844,107.30000305175781,21289100
2018-07-16,89.38414764404297,110.58000183105469,110.7699966430664,106.9800033569336,107.05000305175781,24662600
2018-07-17,89.3194808959961,110.5,110.93000030517578,109.75,110.69000244140625,14821900
2018-07-18,90.15206909179688,111.52999877929688,112.12000274658203,110.19999694824219,110.41999816894531,14244900
2018-07-19,88.82642364501953,109.88999938964844,111.08999633789062,109.7300033569336,111.05999755859375,16775300
2018-07-20,89.94995880126953,111.27999877929688,111.73999786376953,109.77999877929688,110.0,13578100
2018-07-23,91.62318420410156,113.3499984741211,114.23999786376953,110.93000030517578,111.05999755859375,18140000
2018-07-24,92.26985168457031,114.1500015258789,114.77999877929688,113.41999816894531,113.55000305175781,14000400
2018-07-25,93.1024169921875,115.18000030517578,115.5199966430664,113.37999725341797,113.87999725341797,13329100
2018-07-26,92.8356704711914,114.8499984741211,115.58999633789062,114.58000183105469,115.41999816894531,11897800
2018-07-27,93.78949737548828,116.02999877929688,116.30000305175781,114.80999755859375,115.18000030517578,12802700
2018-07-30,94.35533142089844,116.7300033569336,117.61000061035156,116.05999755859375,116.27999877929688,13411600
2018-07-31,92.91649627685547,114.94999694824219,117.08000183105469,114.81999969482422,117.08000183105469,15843800
2018-08-01,93.49041748046875,115.66000366210938,116.69000244140625,115.27999877929688,115.75,13531600
2018-08-02,93.8864974975586,116.1500015258789,116.25,114.33000183105469,114.56999969482422,11058100
2018-08-03,94.64629364013672,117.08999633789062,117.12999725341797,115.94000244140625,116.0,11016100
2018-08-06,94.67057037353516,117.12000274658203,117.52999877929688,116.18000030517578,116.79000091552734,9857400
2018-08-07,95.01814270019531,117.55000305175781,118.29000091552734,117.33000183105469,117.73999786376953,10562100
2018-08-08,95.2121353149414,117.79000091552734,118.2699966430664,117.27999877929688,117.33000183105469,8997100
2018-08-09,94.47657012939453,116.87999725341797,117.72000122070312,116.69999694824219,117.51000213623047,9694200
2018-08-10,93.54700469970703,115.7300033569336,115.94999694824219,114.68000030517578,115.5,12630600
2018-08-13,92.0596923828125,113.88999938964844,115.87999725341797,113.81999969482422,115.55999755859375,10336300
2018-08-14,92.67399597167969,114.6500015258789,115.04000091552734,113.6500015258789,114.2699966430664,10597600
2018-08-15,91.9061050415039,113.69999694824219,114.33000183105469,112.97000122070312,113.81999969482422,10152100
2018-08-16,92.77100372314453,114.7699966430664,115.30999755859375,114.30000305175781,114.3499984741211,10118600
2018-08-17,92.77100372314453,114.7699966430664,115.06999969482422,114.30000305175781,114.63999938964844,8505100
2018-08-20,92.64978790283203,114.62000274658203,115.05000305175781,114.11000061035156,114.58999633789062,8618700
2018-08-21,93.215576171875,115.31999969482422,116.38999938964844,114.87999725341797,115.37000274658203,10976700
2018-08-22,92.93267822265625,114.97000122070312,115.41000366210938,114.77999877929688,115.30999755859375,8314700
2018-08-23,92.73867797851562,114.7300033569336,115.1500015258789,114.43000030517578,114.95999908447266,9265400
2018-08-24,92.69827270507812,114.68000030517578,115.22000122070312,114.44999694824219,114.9800033569336,8845700
2018-08-27,94.33914184570312,116.70999908447266,117.27999877929688,115.16999816894531,115.22000122070312,13768000
2018-08-28,93.87842559814453,116.13999938964844,117.02999877929688,115.97000122070312,117.0,8302600
2018-08-29,93.57124328613281,115.76000213623047,116.37000274658203,115.36000061035156,116.3499984741211,7221700
2018-08-30,93.11050415039062,115.19000244140625,116.04000091552734,114.9800033569336,115.58999633789062,8991800
2018-08-31,92.61741638183594,114.58000183105469,114.83999633789062,113.81999969482422,114.83000183105469,13065700
2018-09-04,93.07817077636719,115.1500015258789,115.23999786376953,113.62999725341797,114.33999633789062,10174200
2018-09-05,92.62550354003906,114.58999633789062,115.69999694824219,114.25,115.0,11462400
2018-09-06,92.22943878173828,114.0999984741211,114.69999694824219,113.5,114.5,9877600
2018-09-07,92.40727233886719,114.31999969482422,114.7699966430664,113.62999725341797,114.5,10955600
2018-09-10,91.91419219970703,113.70999908447266,114.97000122070312,113.66000366210938,114.8499984741211,8276900
2018-09-11,92.49617767333984,114.43000030517578,114.58000183105469,113.18000030517578,113.54000091552734,9333800
2018-09-12,91.40496826171875,113.08000183105469,114.87999725341797,112.8499984741211,114.25,10800800
2018-09-13,91.7605972290039,113.5199966430664,114.12999725341797,112.66999816894531,113.37000274658203,12470800
2018-09-14,91.74443817138672,113.5,114.48999786376953,113.2300033569336,113.80999755859375,10337900
2018-09-17,92.01927947998047,113.83999633789062,114.43000030517578,113.30000305175781,113.79000091552734,9561300
2018-09-18,92.39110565185547,114.30000305175781,114.66000366210938,113.55999755859375,114.33000183105469,7944200
2018-09-19,95.07473754882812,117.62000274658203,118.05999755859375,114.44000244140625,114.44000244140625,16052800
2018-09-20,95.89112091064453,118.62999725341797,119.23999786376953,118.08000183105469,118.5,15590000
2018-09-21,95.26062774658203,117.8499984741211,119.2300033569336,117.73999786376953,119.12999725341797,24788200
2018-09-24,94.34724426269531,116.72000122070312,118.45999908447266,116.43000030517578,117.76000213623047,12492500
2018-09-25,94.08049774169922,116.38999938964844,117.97000122070312,116.31999969482422,117.04000091552734,9308300
2018-09-26,92.97309875488281,115.0199966430664,116.87000274658203,114.66000366210938,116.75,14023600
2018-09-27,92.56891632080078,114.5199966430664,115.76000213623047,114.16000366210938,115.41999816894531,13283000
2018-09-28,91.21095275878906,112.83999633789062,114.23999786376953,112.5199966430664,113.6500015258789,15815100
2018-10-01,91.74443817138672,113.5,114.61000061035156,113.04000091552734,113.37000274658203,10146300
2018-10-02,92.1243667602539,113.97000122070312,114.12000274658203,112.80999755859375,113.36000061035156,13753100
2018-10-03,92.98926544189453,115.04000091552734,115.66000366210938,114.4800033569336,114.94000244140625,17142000
2018-10-04,93.82767486572266,115.2699966430664,116.80999755859375,114.20999908447266,114.55000305175781,16357400
2018-10-05,93.29859161376953,114.62000274658203,116.0999984741211,114.0199966430664,115.83000183105469,13777600
2018-10-08,93.86834716796875,115.31999969482422,115.77999877929688,113.3499984741211,114.25,14370900
2018-10-09,93.21714782714844,114.5199966430664,115.02999877929688,113.66999816894531,114.66999816894531,14069500
2018-10-10,90.73454284667969,111.47000122070312,114.94999694824219,111.47000122070312,114.69999694824219,23086400
2018-10-11,88.01582336425781,108.12999725341797,111.47000122070312,107.37999725341797,110.97000122070312,33705600
2018-10-12,87.05532836914062,106.94999694824219,110.83000183105469,105.5999984741211,110.37000274658203,32075700
2018-10-15,86.55879211425781,106.33999633789062,108.8499984741211,106.31999969482422,107.19999694824219,18903200
2018-10-16,88.41468811035156,108.62000274658203,108.77999877929688,106.7300033569336,107.16000366210938,19302800
2018-10-17,89.39961242675781,109.83000183105469,110.80000305175781,108.2300033569336,108.37999725341797,18794500
2018-10-18,87.98326873779297,108.08999633789062,109.83999633789062,107.80999755859375,109.0199966430664,17582500
2018-10-19,87.83675384521484,107.91000366210938,109.22000122070312,107.2699966430664,107.6500015258789,15234500
2018-10-22,86.5750961303711,106.36000061035156,108.33999633789062,106.11000061035156,108.1500015258789,16199100
2018-10-23,85.67156219482422,105.25,106.16000366210938,103.69999694824219,104.19999694824219,21407500
2018-10-24,84.07616424560547,103.29000091552734,105.02999877929688,102.91000366210938,104.76000213623047,23168900
2018-10-25,85.35411071777344,104.86000061035156,105.9000015258789,103.72000122070312,104.18000030517578,17464700
2018-10-26,84.1819839477539,103.41999816894531,104.55999755859375,102.7300033569336,104.0,19174900
2018-10-29,85.3459701538086,104.8499984741211,106.62999725341797,103.69999694824219,104.45999908447266,18445200
2018-10-30,86.85184478759766,106.69999694824219,106.9800033569336,104.86000061035156,105.70999908447266,18019700
2018-10-31,88.74027252197266,109.0199966430664,110.4800033569336,107.79000091552734,108.08000183105469,20860000
2018-11-01,88.70771026611328,108.9800033569336,110.22000122070312,108.31999969482422,109.62000274658203,13065000
2018-11-02,88.21931457519531,108.37999725341797,110.80999755859375,107.48999786376953,109.9000015258789,19009200
2018-11-05,88.79724884033203,109.08999633789062,109.29000091552734,108.41999816894531,108.61000061035156,10276400
2018-11-06,89.21236419677734,109.5999984741211,109.66999816894531,107.76000213623047,108.66999816894531,10825000
2018-11-07,90.74267578125,111.4800033569336,111.7300033569336,109.3499984741211,110.37000274658203,12679600
2018-11-08,91.47525024414062,112.37999725341797,112.93000030517578,111.0,111.01000213623047,11662500
2018-11-09,90.58802032470703,111.29000091552734,112.36000061035156,110.83000183105469,112.2300033569336,10432200
2018-11-12,88.68328857421875,108.94999694824219,111.94000244140625,108.5999984741211,111.41999816894531,13279700
2018-11-13,89.20423126220703,109.58999633789062,111.12000274658203,109.0999984741211,109.0999984741211,13746100
2018-11-14,87.36463928222656,107.33000183105469,110.70999908447266,105.9800033569336,110.2300033569336,18361400
2018-11-15,89.59495544433594,110.06999969482422,110.08000183105469,106.80999755859375,108.23999786376953,19100000
2018-11-16,89.52983093261719,109.98999786376953,110.76000213623047,108.55000305175781,109.44999694824219,13798600
2018-11-19,90.21357727050781,110.83000183105469,111.19999694824219,109.52999877929688,109.95999908447266,13987000
2018-11-20,88.27629089355469,108.44999694824219,110.48999786376953,107.9800033569336,109.77999877929688,18936200
2018-11-21,87.61697387695312,107.63999938964844,109.61000061035156,107.63999938964844,109.02999877929688,10619600
2018-11-23,86.81114959716797,106.6500015258789,107.38999938964844,106.05999755859375,106.73999786376953,6488400
2018-11-26,88.9356460571289,109.26000213623047,109.9800033569336,107.44999694824219,107.72000122070312,13948300
2018-11-27,89.31005859375,109.72000122070312,110.02999877929688,108.62999725341797,108.76000213623047,9238200
2018-11-28,90.30313110351562,110.94000244140625,111.4000015258789,108.87000274658203,109.80000305175781,13977300
2018-11-29,89.58679962158203,110.05999755859375,110.80000305175781,109.63999938964844,110.2699966430664,11144300
2018-11-30,90.50662231445312,111.19000244140625,111.31999969482422,109.58000183105469,109.8499984741211,18652700
2018-12-03,91.36127471923828,112.23999786376953,112.88999938964844,111.73999786376953,112.37999725341797,16034500
2018-12-04,87.28326416015625,107.2300033569336,111.5999984741211,106.7300033569336,111.5999984741211,23555900
2018-12-06,85.62273406982422,105.19000244140625,105.36000061035156,102.87999725341797,105.01000213623047,27213900
2018-12-07,84.07616424560547,103.29000091552734,106.9800033569336,102.91000366210938,105.16000366210938,19248600
2018-12-10,82.50517272949219,101.36000061035156,103.48999786376953,99.27999877929688,102.87000274658203,23636400
2018-12-11,81.69933319091797,100.37000274658203,103.66000366210938,100.20999908447266,103.12999725341797,16860700
2018-12-12,82.2284164428711,101.0199966430664,102.9000015258789,100.05999755859375,101.66000366210938,22621500
2018-12-13,82.309814453125,101.12000274658203,101.97000122070312,100.66999816894531,101.55000305175781,17250900
2018-12-14,81.63420867919922,100.29000091552734,101.94000244140625,99.86000061035156,99.98999786376953,19879500
2018-12-17,80.59231567382812,99.01000213623047,100.55999755859375,98.44000244140625,99.7699966430664,25113500
2018-12-18,80.2097396850586,98.54000091552734,100.88999938964844,98.12000274658203,99.41999816894531,20837200
2018-12-19,79.1922607421875,97.29000091552734,100.58000183105469,96.5999984741211,98.41000366210938,28767900
2018-12-20,78.50853729248047,96.44999694824219,98.27999877929688,95.69000244140625,96.61000061035156,31825200
2018-12-21,76.65263366699219,94.16999816894531,98.43000030517578,93.69000244140625,96.68000030517578,41313900
2018-12-24,75.00028228759766,92.13999938964844,94.22000122070312,92.13999938964844,92.88999938964844,17009300
2018-12-26,78.10968017578125,95.95999908447266,95.95999908447266,91.11000061035156,92.69000244140625,22542900
2018-12-27,78.98876190185547,97.04000091552734,97.1500015258789,93.55000305175781,94.81999969482422,20304700
2018-12-28,78.81782531738281,96.83000183105469,98.31999969482422,96.44000244140625,97.94999694824219,17963300
2018-12-31,79.46089935302734,97.62000274658203,98.80999755859375,96.7699966430664,97.58999633789062,13237200
2019-01-02,80.83650970458984,99.30999755859375,99.77999877929688,95.94000244140625,95.94999694824219,15670900
2019-01-03,79.68765258789062,97.11000061035156,98.88999938964844,96.69000244140625,98.63999938964844,16286400
2019-01-04,82.6253890991211,100.69000244140625,100.93000030517578,98.27999877929688,99.11000061035156,16935200
2019-01-07,82.682861328125,100.76000213623047,101.47000122070312,99.70999908447266,100.43000030517578,15430700
2019-01-08,82.52691650390625,100.56999969482422,101.81999969482422,99.55000305175781,101.62999725341797,13578800
2019-01-09,82.38741302490234,100.4000015258789,101.48999786376953,99.93000030517578,100.80999755859375,14230300
2019-01-10,82.37921142578125,100.38999938964844,100.7300033569336,99.2699966430664,100.0199966430664,14376100
2019-01-11,81.98533630371094,99.91000366210938,100.16999816894531,98.94999694824219,99.88999938964844,15439900
2019-01-14,82.83052825927734,100.94000244140625,101.36000061035156,98.66000366210938,98.87000274658203,21258500
2019-01-15,83.43777465820312,101.68000030517578,102.47000122070312,98.5999984741211,98.88999938964844,26504900
2019-01-16,84.11067199707031,102.5,103.44999694824219,101.80000305175781,102.25,18533000
2019-01-17,84.45531463623047,102.91999816894531,103.5,101.91999816894531,102.11000061035156,14247600
2019-01-18,85.82573699951172,104.58999633789062,104.9000015258789,102.83000183105469,103.7699966430664,16428700
2019-01-22,84.47173309326172,102.94000244140625,103.58999633789062,102.12999725341797,103.08000183105469,17083700
2019-01-23,84.25836944580078,102.68000030517578,103.69999694824219,101.97000122070312,103.44000244140625,12146700
2019-01-24,84.30760192871094,102.73999786376953,103.08999633789062,101.94000244140625,102.12999725341797,11296800
2019-01-25,84.84099578857422,103.38999938964844,104.30999755859375,102.73999786376953,103.51000213623047,14369400
2019-01-28,85.24308776855469,103.87999725341797,104.23999786376953,102.58999633789062,102.88999938964844,12283100
2019-01-29,85.48106384277344,104.16999816894531,105.11000061035156,103.7300033569336,103.87999725341797,9743300
2019-01-30,85.67798614501953,104.41000366210938,105.23999786376953,103.77999877929688,104.13999938964844,12526300
2019-01-31,84.93125915527344,103.5,103.80000305175781,102.7300033569336,103.41000366210938,17520600
2019-02-01,85.24308776855469,103.87999725341797,104.8499984741211,103.5199966430664,104.0,13000800
2019-02-04,85.54669952392578,104.25,104.25,103.01000213623047,103.79000091552734,9871500
2019-02-05,85.16923522949219,103.79000091552734,104.55000305175781,103.29000091552734,104.5199966430664,12763000
2019-02-06,85.12820434570312,103.73999786376953,104.62000274658203,103.47000122070312,103.70999908447266,8745000
2019-02-07,84.01220703125,102.37999725341797,103.5,101.44000244140625,103.25,13177500
2019-02-08,83.17520904541016,101.36000061035156,102.33999633789062,100.05999755859375,102.08000183105469,12892600
2019-02-11,82.78131103515625,100.87999725341797,102.01000213623047,100.7699966430664,101.76000213623047,10978500
2019-02-12,84.19271087646484,102.5999984741211,102.91999816894531,101.88999938964844,101.94999694824219,12852300
2019-02-13,84.59481048583984,103.08999633789062,103.8499984741211,102.9000015258789,102.9000015258789,10754100
2019-02-14,84.04502868652344,102.41999816894531,103.0999984741211,101.3499984741211,102.47000122070312,11518500
2019-02-15,86.61349487304688,105.55000305175781,105.69999694824219,103.66000366210938,103.9000015258789,14716900
2019-02-19,86.30987548828125,105.18000030517578,105.37000274658203,103.80999755859375,104.91000366210938,12764900
2019-02-20,86.72836303710938,105.69000244140625,105.80000305175781,104.87999725341797,105.20999908447266,10030300
2019-02-21,86.54783630371094,105.47000122070312,105.98999786376953,104.95999908447266,105.44999694824219,8400100
2019-02-22,86.1621322631836,105.0,106.08999633789062,104.77999877929688,105.69999694824219,10647300
2019-02-25,87.06478118896484,106.0999984741211,107.2699966430664,105.69000244140625,105.75,11230700
2019-02-26,86.4001235961914,105.29000091552734,105.47000122070312,103.94000244140625,104.5,15465400
2019-02-27,86.29345703125,105.16000366210938,105.37999725341797,104.51000213623047,105.18000030517578,9968800
2019-02-28,85.63697814941406,104.36000061035156,105.20999908447266,104.18000030517578,105.01000213623047,15156900
2019-03-01,85.69441986083984,104.43000030517578,105.91000366210938,104.19999694824219,105.0999984741211,13813300
2019-03-04,85.49747467041016,104.19000244140625,105.91999816894531,103.2699966430664,104.91999816894531,12466300
2019-03-05,85.43180084228516,104.11000061035156,104.55000305175781,103.26000213623047,104.12999725341797,10856600
2019-03-06,85.11178588867188,103.72000122070312,104.56999969482422,103.55000305175781,103.86000061035156,9070800
2019-03-07,84.49634552001953,102.97000122070312,103.47000122070312,102.16000366210938,103.25,12705700
2019-03-08,84.52918243408203,103.01000213623047,103.2300033569336,101.98999786376953,101.98999786376953,10582400
2019-03-11,85.62877655029297,104.3499984741211,104.55000305175781,103.66000366210938,103.9800033569336,9763200
2019-03-12,85.37437438964844,104.04000091552734,104.79000091552734,103.75,104.58999633789062,10219100
2019-03-13,85.66158294677734,104.38999938964844,104.9800033569336,103.94999694824219,104.19000244140625,13022200
2019-03-14,86.44114685058594,105.33999633789062,105.87000274658203,104.45999908447266,104.5,10926500
2019-03-15,87.43407440185547,106.55000305175781,106.80000305175781,105.2300033569336,105.41000366210938,24811700
2019-03-18,87.95927429199219,107.19000244140625,107.79000091552734,106.5,106.55000305175781,12935500
2019-03-19,87.63922119140625,106.80000305175781,108.4000015258789,106.55000305175781,108.19999694824219,12889300
2019-03-20,85.76825714111328,104.5199966430664,106.6500015258789,104.41000366210938,106.43000030517578,14920700
2019-03-21,84.4142837524414,102.87000274658203,103.48999786376953,102.27999877929688,103.48999786376953,19751000
2019-03-22,81.86225891113281,99.76000213623047,102.31999969482422,99.5199966430664,101.81999969482422,31115200
2019-03-25,81.18115997314453,98.93000030517578,100.56999969482422,98.08999633789062,99.58999633789062,21032300
2019-03-26,81.99354553222656,99.91999816894531,100.4000015258789,98.81999969482422,99.81999969482422,15987100
2019-03-27,81.71452331542969,99.58000183105469,100.44999694824219,99.08000183105469,99.87999725341797,12753200
2019-03-28,82.6418228149414,100.70999908447266,100.80000305175781,99.73999786376953,100.0,12454100
2019-03-29,83.06851959228516,101.2300033569336,101.98999786376953,100.58999633789062,101.54000091552734,14523400
2019-04-01,85.86674499511719,104.63999938964844,104.68000030517578,102.12000274658203,102.1500015258789,17499300
2019-04-02,86.27703857421875,105.13999938964844,105.44000244140625,104.33000183105469,104.5999984741211,10295400
2019-04-03,86.44933319091797,105.3499984741211,106.36000061035156,104.79000091552734,105.80999755859375,11499200
2019-04-04,87.28450012207031,105.55999755859375,105.7300033569336,104.44999694824219,104.55000305175781,11952100
2019-04-05,87.07779693603516,105.30999755859375,106.11000061035156,104.98999786376953,105.80000305175781,9933700
2019-04-08,87.35891723632812,105.6500015258789,105.6500015258789,104.91000366210938,105.11000061035156,8056300
2019-04-09,86.7139663696289,104.87000274658203,105.19999694824219,104.25,105.08000183105469,9092200
2019-04-10,87.10257720947266,105.33999633789062,105.72000122070312,104.47000122070312,105.12999725341797,10882300
2019-04-11,87.8385009765625,106.2300033569336,106.7300033569336,105.55999755859375,105.70999908447266,11183800
2019-04-12,91.95632934570312,111.20999908447266,111.8499984741211,108.87999725341797,109.44000244140625,25834100
2019-04-15,90.90618896484375,109.94000244140625,111.0,109.12000274658203,110.91999816894531,15163800
2019-04-16,91.8653564453125,111.0999984741211,111.38999938964844,109.86000061035156,109.9000015258789,11583200
2019-04-17,94.5113754272461,114.30000305175781,114.66000366210938,111.01000213623047,111.69999694824219,17791900
2019-04-18,93.8167953491211,113.45999908447266,114.94999694824219,113.33000183105469,114.52999877929688,12501900
2019-04-22,93.93253326416016,113.5999984741211,113.93000030517578,112.66000366210938,112.83000183105469,7975900
2019-04-23,94.04829406738281,113.73999786376953,114.37000274658203,112.8499984741211,113.0,9193100
2019-04-24,93.89118957519531,113.55000305175781,114.1500015258789,112.80999755859375,113.26000213623047,9245700
2019-04-25,93.94080352783203,113.61000061035156,114.1500015258789,112.5,113.01000213623047,9311800
2019-04-26,94.65191650390625,114.47000122070312,114.58000183105469,113.5999984741211,113.94999694824219,7889300
2019-04-29,96.01625061035156,116.12000274658203,117.16000366210938,114.44999694824219,114.5999984741211,14242200
2019-04-30,95.95838165283203,116.05000305175781,116.72000122070312,115.26000213623047,116.43000030517578,11389100
2019-05-01,95.22245788574219,115.16000366210938,117.0,115.11000061035156,115.72000122070312,10412900
2019-05-02,95.4291763305664,115.41000366210938,115.77999877929688,114.58000183105469,115.16999816894531,8613300
2019-05-03,96.01625061035156,116.12000274658203,116.68000030517578,115.66999816894531,116.0,8185400
2019-05-06,95.16456604003906,115.08999633789062,115.47000122070312,113.72000122070312,114.18000030517578,9387000
2019-05-07,93.61006927490234,113.20999908447266,114.02999877929688,112.29000091552734,114.02999877929688,15017700
2019-05-08,93.11393737792969,112.61000061035156,113.66999816894531,112.45999908447266,112.66000366210938,9575800
2019-05-09,93.0395278930664,112.5199966430664,112.73999786376953,110.58000183105469,111.13999938964844,12205900
2019-05-10,93.03125762939453,112.51000213623047,112.83999633789062,110.54000091552734,111.75,13189000
2019-05-13,90.50102996826172,109.44999694824219,110.44999694824219,108.9800033569336,110.08000183105469,13783700
2019-05-14,91.22041320800781,110.31999969482422,111.72000122070312,109.5,109.55000305175781,10503600
2019-05-15,90.87313079833984,109.9000015258789,110.9000015258789,108.61000061035156,109.20999908447266,10142000
2019-05-16,92.03901672363281,111.30999755859375,112.16999816894531,110.58999633789062,110.62000274658203,9672700
2019-05-17,91.59248352050781,110.7699966430664,111.75,109.83000183105469,110.0,9570100
2019-05-20,92.07205963134766,111.3499984741211,111.80999755859375,110.37000274658203,110.58000183105469,8518200
2019-05-21,92.38629913330078,111.7300033569336,111.91999816894531,111.22000122070312,111.44000244140625,7967900
2019-05-22,91.6338119506836,110.81999969482422,111.79000091552734,110.75,111.4000015258789,7918900
2019-05-23,89.83125305175781,108.63999938964844,109.79000091552734,107.5,109.63999938964844,14558000
2019-05-24,90.71600341796875,109.70999908447266,109.95999908447266,109.19000244140625,109.5199966430664,8537300
2019-05-28,89.7320327758789,108.5199966430664,109.83000183105469,108.44000244140625,109.19999694824219,11665500
2019-05-29,89.48397827148438,108.22000122070312,108.4000015258789,107.05999755859375,107.44999694824219,9966400
2019-05-30,88.5248031616211,107.05999755859375,109.18000030517578,106.54000091552734,108.6500015258789,10367800
2019-05-31,87.61524200439453,105.95999908447266,106.58999633789062,104.83999633789062,105.55999755859375,10952800
2019-06-03,88.0286865234375,106.45999908447266,106.86000061035156,105.30000305175781,105.80000305175781,11680700
2019-06-04,90.74081420898438,109.73999786376953,109.9000015258789,107.12999725341797,107.8499984741211,12858600
2019-06-05,91.06331634521484,110.12999725341797,110.37999725341797,108.63999938964844,109.86000061035156,8340500
2019-06-06,91.26174926757812,110.37000274658203,110.87000274658203,108.93000030517578,110.1500015258789,8726700
2019-06-07,90.2612533569336,109.16000366210938,110.0199966430664,108.95999908447266,109.69999694824219,10618900
2019-06-10,91.23693084716797,110.33999633789062,111.20999908447266,110.22000122070312,110.75,11380600
2019-06-11,91.51809692382812,110.68000030517578,111.56999969482422,110.37000274658203,110.81999969482422,9847700
2019-06-12,90.35218048095703,109.2699966430664,110.9000015258789,108.88999938964844,110.69999694824219,9670500
2019-06-13,90.57543182373047,109.54000091552734,110.16000366210938,109.05000305175781,109.45999908447266,8406900
2019-06-14,90.80697631835938,109.81999969482422,110.30000305175781,108.62999725341797,109.56999969482422,9077400
2019-06-17,90.31084442138672,109.22000122070312,110.37000274658203,109.05999755859375,109.69999694824219,8128600
2019-06-18,91.54288482666016,110.70999908447266,111.41000366210938,108.9800033569336,109.01000213623047,11057300
2019-06-19,90.88138580322266,109.91000366210938,111.58999633789062,109.69999694824219,110.81999969482422,13126500
2019-06-20,91.1129150390625,110.19000244140625,111.08999633789062,109.02999877929688,110.87999725341797,13638000
2019-06-21,90.49276733398438,109.44000244140625,111.66999816894531,109.08999633789062,110.19000244140625,27089500
2019-06-24,89.8478012084961,108.66000366210938,109.7699966430664,108.54000091552734,109.27999877929688,13039600
2019-06-25,89.1036376953125,107.76000213623047,108.9800033569336,107.66999816894531,108.68000030517578,18660100
2019-06-26,89.69895935058594,108.4800033569336,109.30999755859375,108.16000366210938,108.30000305175781,10324600
2019-06-27,89.9966049194336,108.83999633789062,109.55000305175781,108.44000244140625,108.83999633789062,10906600
2019-06-28,92.44416046142578,111.80000305175781,112.43000030517578,110.9000015258789,111.04000091552734,21634700
2019-07-01,93.99870300292969,113.68000030517578,114.5199966430664,113.08000183105469,113.2300033569336,12724500
2019-07-02,94.09791564941406,113.80000305175781,114.19999694824219,113.22000122070312,113.51000213623047,10174900
2019-07-03,93.94800567626953,112.81999969482422,113.87000274658203,112.26000213623047,113.33999633789062,6849400
2019-07-05,94.50593566894531,113.48999786376953,114.2699966430664,112.91999816894531,113.51000213623047,7929400
2019-07-08,93.98965454101562,112.87000274658203,113.4800033569336,112.5,112.95999908447266,6917200
2019-07-09,94.3893814086914,113.3499984741211,113.48999786376953,112.1500015258789,112.27999877929688,8947300
2019-07-10,94.11458587646484,113.0199966430664,113.83000183105469,112.73999786376953,113.37000274658203,9242300
2019-07-11,95.0138931274414,114.0999984741211,114.36000061035156,113.12000274658203,113.37000274658203,11595200
2019-07-12,96.01319885253906,115.30000305175781,115.3499984741211,113.93000030517578,114.12999725341797,10783400
2019-07-15,94.8473892211914,113.9000015258789,115.56999969482422,113.52999877929688,115.54000091552734,12946600
2019-07-16,95.86328125,115.12000274658203,115.5,112.91999816894531,113.4800033569336,16945000
2019-07-17,94.92230987548828,113.98999786376953,114.94000244140625,113.7300033569336,114.43000030517578,13120900
2019-07-18,95.48857879638672,114.66999816894531,115.06999969482422,113.55000305175781,113.93000030517578,9397200
2019-07-19,94.54759216308594,113.54000091552734,115.12000274658203,113.4000015258789,114.88999938964844,10402800
2019-07-22,95.15546417236328,114.2699966430664,114.44999694824219,112.7699966430664,112.91000366210938,9061100
2019-07-23,96.8958740234375,116.36000061035156,116.44999694824219,114.81999969482422,114.87999725341797,12752200
2019-07-24,97.2872543334961,116.83000183105469,116.87999725341797,115.5199966430664,115.58000183105469,10011000
2019-07-25,96.35460662841797,115.70999908447266,117.23999786376953,115.31999969482422,116.88999938964844,10138400
2019-07-26,96.7792739868164,116.22000122070312,116.51000213623047,115.52999877929688,115.7699966430664,12800400
2019-07-29,96.47120666503906,115.8499984741211,117.18000030517578,115.79000091552734,116.45999908447266,8500400
2019-07-30,96.25465393066406,115.58999633789062,116.08000183105469,114.76000213623047,115.19000244140625,7121100
2019-07-31,96.5960922241211,116.0,116.18000030517578,114.86000061035156,116.0999984741211,13648000
2019-08-01,94.04795837402344,112.94000244140625,116.80000305175781,112.5999984741211,115.33000183105469,15664500
2019-08-02,94.03962707519531,112.93000030517578,113.43000030517578,111.4000015258789,112.4000015258789,11025500
2019-08-05,91.24166870117188,109.56999969482422,110.9800033569336,108.2699966430664,110.79000091552734,15855300
2019-08-06,91.95781707763672,110.43000030517578,110.5,108.33999633789062,110.05000305175781,10203500
2019-08-07,89.95928192138672,108.02999877929688,108.27999877929688,105.94000244140625,108.0,17320900
2019-08-08,91.48314666748047,109.86000061035156,110.08000183105469,108.72000122070312,109.05000305175781,10903300
2019-08-09,91.38323211669922,109.73999786376953,110.44999694824219,108.29000091552734,109.3499984741211,9980800
2019-08-12,89.6678237915039,107.68000030517578,108.51000213623047,107.20999908447266,108.44000244140625,9393700
2019-08-13,91.05014038085938,109.33999633789062,110.33000183105469,107.02999877929688,107.94999694824219,12124700
2019-08-14,87.26956939697266,104.80000305175781,106.91000366210938,104.44999694824219,106.30000305175781,19491800
2019-08-15,87.6026611328125,105.19999694824219,106.37999725341797,104.33999633789062,104.81999969482422,13365600
2019-08-16,89.70114135742188,107.72000122070312,107.9800033569336,105.87000274658203,106.37000274658203,11830600
2019-08-19,90.50886535644531,108.69000244140625,109.75,108.41999816894531,109.62999725341797,8265400
2019-08-20,89.35971069335938,107.30999755859375,108.44000244140625,107.23999786376953,107.8499984741211,8374000
2019-08-21,89.6095199584961,107.61000061035156,108.43000030517578,107.44999694824219,108.20999908447266,8189300
2019-08-22,90.53385162353516,108.72000122070312,109.2699966430664,107.93000030517578,108.37000274658203,9343400
2019-08-23,88.2855224609375,106.0199966430664,108.77999877929688,105.11000061035156,108.0,14762300
2019-08-26,88.99331665039062,106.87000274658203,106.98999786376953,106.01000213623047,106.62000274658203,8209500
2019-08-27,88.05233764648438,105.73999786376953,107.55999755859375,104.83999633789062,107.3499984741211,14331800
2019-08-28,88.93501281738281,106.80000305175781,107.20999908447266,105.04000091552734,105.08000183105469,10585500
2019-08-29,90.95022583007812,109.22000122070312,109.88999938964844,108.0199966430664,108.13999938964844,10002200
2019-08-30,91.48314666748047,109.86000061035156,110.55999755859375,109.47000122070312,109.83999633789062,10170300
2019-09-03,90.40060424804688,108.55999755859375,108.98999786376953,107.31999969482422,108.9800033569336,9868800
2019-09-04,91.49150085449219,109.87000274658203,110.22000122070312,108.55999755859375,109.44999694824219,6929200
2019-09-05,93.57330322265625,112.37000274658203,113.72000122070312,111.19999694824219,111.25,13224700
2019-09-06,93.77313995361328,112.61000061035156,112.9800033569336,111.95999908447266,112.66000366210938,7836600
2019-09-09,96.0964584350586,115.4000015258789,116.05999755859375,113.5999984741211,113.70999908447266,13985100
2019-09-10,97.3205795288086,116.87000274658203,117.2699966430664,115.7300033569336,116.30000305175781,14333100
2019-09-11,97.58704376220703,117.19000244140625,117.19999694824219,115.37999725341797,116.88999938964844,9919200
2019-09-12,98.18660736083984,117.91000366210938,118.47000122070312,115.91999816894531,116.55000305175781,12283500
2019-09-13,100.11851501464844,120.2300033569336,120.4000015258789,118.75,119.0,16257200
2019-09-16,99.22749328613281,119.16000366210938,119.87000274658203,118.37999725341797,118.9000015258789,11993900
2019-09-17,98.73621368408203,118.56999969482422,118.61000061035156,117.23999786376953,118.41999816894531,10735400
2019-09-18,99.7271499633789,119.76000213623047,120.08000183105469,117.75,118.31999969482422,10665600
2019-09-19,99.41069793701172,119.37999725341797,120.33999633789062,119.08999633789062,119.69999694824219,9382600
2019-09-20,99.01100158691406,118.9000015258789,120.33999633789062,118.87000274658203,119.73999786376953,21862800
2019-09-23,98.99433898925781,118.87999725341797,119.12000274658203,117.68000030517578,117.77999877929688,9135100
2019-09-24,97.7036361694336,117.33000183105469,119.26000213623047,117.04000091552734,118.75,11696500
2019-09-25,98.26155090332031,118.0,118.36000061035156,117.12000274658203,117.2699966430664,9389400
2019-09-26,97.45380401611328,117.02999877929688,118.05000305175781,116.94999694824219,117.87999725341797,9899200
2019-09-27,98.02840423583984,117.72000122070312,118.63999938964844,117.27999877929688,117.95999908447266,10207800
2019-09-30,98.00340270996094,117.69000244140625,118.7699966430664,117.22000122070312,118.36000061035156,9755000
2019-10-01,96.22136688232422,115.55000305175781,119.0,115.41000366210938,118.4000015258789,11250300
2019-10-02,94.30611419677734,113.25,114.9000015258789,112.93000030517578,114.80999755859375,12548700
2019-10-03,94.17180633544922,112.19000244140625,112.91000366210938,110.5199966430664,112.2699966430664,12735200
2019-10-04,96.21153259277344,114.62000274658203,114.94000244140625,112.2699966430664,112.33999633789062,9453100
2019-10-07,96.00167083740234,114.37000274658203,115.5,114.06999969482422,114.19000244140625,6771600
2019-10-08,93.8612060546875,111.81999969482422,113.05999755859375,111.66000366210938,113.05999755859375,10806300
2019-10-09,94.5411376953125,112.62999725341797,113.16000366210938,112.06999969482422,112.66999816894531,7273700
2019-10-10,95.86737823486328,114.20999908447266,115.4000015258789,113.0,113.13999938964844,10994100
2019-10-11,97.48741149902344,116.13999938964844,117.98999786376953,115.87000274658203,116.02999877929688,15076500
2019-10-14,97.74761962890625,116.44999694824219,116.87000274658203,115.66000366210938,115.8499984741211,8779000
2019-10-15,100.69390869140625,119.95999908447266,121.58999633789062,117.87000274658203,118.8499984741211,23379000
2019-10-16,100.45887756347656,119.68000030517578,120.62000274658203,119.37999725341797,119.95999908447266,11087700
2019-10-17,101.02125549316406,120.3499984741211,121.56999969482422,119.87999725341797,120.75,10818500
2019-10-18,101.1975326538086,120.55999755859375,121.0199966430664,119.86000061035156,120.0,10417400
2019-10-21,103.70732116699219,123.55000305175781,123.7699966430664,121.98999786376953,122.05000305175781,12714600
2019-10-22,104.74817657470703,124.79000091552734,125.0999984741211,123.12000274658203,123.44999694824219,12549100
2019-10-23,105.02519226074219,125.12000274658203,125.1500015258789,124.16999816894531,124.19999694824219,8828300
2019-10-24,104.94963836669922,125.02999877929688,125.66000366210938,124.06999969482422,125.29000091552734,8020500
2019-10-25,105.78903198242188,126.02999877929688,126.6500015258789,124.75,125.0,9055700
2019-10-28,106.19195556640625,126.51000213623047,127.20999908447266,126.4000015258789,126.56999969482422,9522200
2019-10-29,106.12481689453125,126.43000030517578,127.41999816894531,125.94000244140625,126.05999755859375,9797300
2019-10-30,105.53722381591797,125.7300033569336,126.26000213623047,124.91999816894531,126.05000305175781,8513700
2019-10-31,104.85728454589844,124.91999816894531,125.7300033569336,123.86000061035156,125.48999786376953,11589100
2019-11-01,107.27476501464844,127.80000305175781,127.98999786376953,126.0199966430664,126.19999694824219,11682600
2019-11-04,108.1309585571289,128.82000732421875,129.4199981689453,128.55999755859375,129.0800018310547,9159900
2019-11-05,108.3659896850586,129.10000610351562,130.3000030517578,128.83999633789062,129.38999938964844,13747600
2019-11-06,108.53387451171875,129.3000030517578,129.83999633789062,128.5800018310547,128.69000244140625,11231100
2019-11-07,109.12144470214844,130.0,131.2899932861328,129.9199981689453,130.42999267578125,13528900
2019-11-08,109.44041442871094,130.3800048828125,130.39999389648438,129.25,129.8800048828125,9293400
2019-11-11,109.05426788330078,129.9199981689453,130.10000610351562,129.35000610351562,129.60000610351562,8679000
2019-11-12,108.41633605957031,129.16000366210938,130.6199951171875,129.00999450683594,129.6300048828125,9099000
2019-11-13,107.84555053710938,128.47999572753906,128.82000732421875,127.41999816894531,128.1300048828125,8023300
2019-11-14,107.94628143310547,128.60000610351562,128.83999633789062,127.58999633789062,127.72000122070312,8483400
2019-11-15,108.7269287109375,129.52999877929688,129.52999877929688,128.39999389648438,129.22999572753906,10163600
2019-11-18,109.64183807373047,130.6199951171875,130.64999389648438,128.99000549316406,129.55999755859375,8749300
2019-11-19,109.6082763671875,130.5800018310547,131.25,130.17999267578125,130.99000549316406,8824500
2019-11-20,108.81085205078125,129.6300048828125,130.6199951171875,128.94000244140625,130.3000030517578,11782800
2019-11-21,109.06265258789062,129.92999267578125,130.72000122070312,129.38999938964844,130.0,7705500
2019-11-22,109.78453826904297,130.7899932861328,131.22000122070312,130.10000610351562,130.14999389648438,8167900
2019-11-25,110.37215423583984,131.49000549316406,132.07000732421875,130.8699951171875,131.25,10068500
2019-11-26,110.52322387695312,131.6699981689453,131.82000732421875,130.36000061035156,131.82000732421875,10490700
2019-11-27,110.8505859375,132.05999755859375,132.42999267578125,131.64999389648438,132.2899932861328,6607900
2019-11-29,110.59876251220703,131.75999450683594,132.41000366210938,131.4499969482422,131.8699951171875,5712000
2019-12-02,110.3553237915039,131.47000122070312,132.74000549316406,131.35000610351562,132.30999755859375,8615600
2019-12-03,108.93675231933594,129.77999877929688,129.9600067138672,128.58999633789062,129.77000427246094,10361300
2019-12-04,111.08562469482422,132.33999633789062,132.47000122070312,129.99000549316406,130.3800048828125,10318200
2019-12-05,111.68999481201172,133.05999755859375,133.30999755859375,132.17999267578125,132.67999267578125,9587400
2019-12-06,113.35198974609375,135.0399932861328,135.77999877929688,134.64999389648438,134.69000244140625,10170600
2019-12-09,112.82316589355469,134.41000366210938,135.4600067138672,134.41000366210938,134.6300048828125,8498200
2019-12-10,112.8987045288086,134.5,134.77000427246094,132.8800048828125,133.25,7532900
2019-12-11,112.63008880615234,134.17999267578125,135.02000427246094,134.00999450683594,134.2899932861328,9011900
2019-12-12,115.85340118408203,138.02000427246094,138.47000122070312,134.2100067138672,134.49000549316406,13717400
2019-12-13,114.83773803710938,136.80999755859375,138.8300018310547,136.22000122070312,137.9499969482422,10592100
2019-12-16,115.2825927734375,137.33999633789062,138.83999633789062,137.32000732421875,138.3800048828125,11372000
2019-12-17,115.9876708984375,138.17999267578125,138.6699981689453,137.22999572753906,137.72999572753906,11546800
2019-12-18,115.87015533447266,138.0399932861328,139.02000427246094,137.72000122070312,138.14999389648438,10381500
2019-12-19,115.2909927368164,137.35000610351562,138.22000122070312,137.10000610351562,137.75999450683594,9350400
2019-12-20,115.19866180419922,137.24000549316406,138.8800048828125,136.89999389648438,138.02000427246094,29992600
2019-12-23,115.16510772705078,137.1999969482422,137.91000366210938,136.8800048828125,137.60000610351562,9738400
2019-12-24,115.48405456542969,137.5800018310547,137.6300048828125,137.05999755859375,137.3300018310547,3324300
2019-12-26,116.70954895019531,139.0399932861328,139.10000610351562,137.77999877929688,137.88999938964844,6770900
2019-12-27,116.79351043701172,139.13999938964844,139.77000427246094,138.6699981689453,139.3000030517578,7868200
2019-12-30,116.36541748046875,138.6300048828125,140.0800018310547,138.47000122070312,139.89999389648438,6963000
2019-12-31,117.01176452636719,139.39999389648438,139.47999572753906,138.2899932861328,138.50999450683594,7201600
2020-01-02,118.43034362792969,141.08999633789062,141.10000610351562,139.25999450683594,139.7899932861328,10803700
2020-01-03,116.86746978759766,138.33999633789062,139.22999572753906,137.0800018310547,137.5,10386800
2020-01-06,116.77456665039062,138.22999572753906,138.27000427246094,136.5,136.55999755859375,10259000
2020-01-07,114.78931427001953,135.8800048828125,137.86000061035156,135.82000732421875,137.27999877929688,10531300
2020-01-08,115.68478393554688,136.94000244140625,137.5800018310547,135.60000610351562,135.6999969482422,9695300
2020-01-09,116.10717010498047,137.44000244140625,138.22999572753906,137.0399932861328,138.0500030517578,9469000
2020-01-10,114.94982147216797,136.07000732421875,137.25,135.80999755859375,137.2100067138672,10190900
2020-01-13,115.90444946289062,137.1999969482422,137.1999969482422,135.75999450683594,136.19000244140625,12355200
2020-01-14,117.25605010986328,138.8000030517578,140.75999450683594,137.69000244140625,137.94000244140625,24906000
2020-01-15,115.49893951416016,136.72000122070312,138.60000610351562,136.14999389648438,137.85000610351562,16293400
2020-01-16,115.94666290283203,137.25,137.89999389648438,136.83999633789062,137.4499969482422,10783800
2020-01-17,116.74919128417969,138.1999969482422,138.2899932861328,137.32000732421875,137.5399932861328,14697700
2020-01-21,115.60028839111328,136.83999633789062,138.07000732421875,136.69000244140625,137.19000244140625,8474200
2020-01-22,115.46513366699219,136.67999267578125,137.39999389648438,136.3800048828125,137.24000549316406,7549100
2020-01-23,115.34685516357422,136.5399932861328,136.74000549316406,134.72000122070312,135.7100067138672,9345700
2020-01-24,112.48304748535156,133.14999389648438,136.42999267578125,132.32000732421875,136.3699951171875,15166400
2020-01-27,111.53688049316406,132.02999877929688,132.94000244140625,129.7100067138672,130.27000427246094,12860500
2020-01-28,113.56438446044922,134.42999267578125,134.97000122070312,132.47999572753906,132.83999633789062,13062800
2020-01-29,113.39539337158203,134.22999572753906,135.5399932861328,133.69000244140625,134.80999755859375,9326000
2020-01-30,114.79774475097656,135.88999938964844,136.1300048828125,132.69000244140625,132.69000244140625,9048900
2020-01-31,111.81566619873047,132.36000061035156,134.8300018310547,131.47000122070312,134.49000549316406,12785200
2020-02-03,112.66887664794922,133.3699951171875,134.24000549316406,132.66000366210938,132.66000366210938,10021100
2020-02-04,114.29087829589844,135.2899932861328,136.60000610351562,135.0800018310547,135.5500030517578,9157100
2020-02-05,116.23391723632812,137.58999633789062,137.72999572753906,136.00999450683594,136.57000732421875,10150700
2020-02-06,116.25078582763672,137.61000061035156,138.2899932861328,137.11000061035156,138.24000549316406,8992300
2020-02-07,115.87909698486328,137.1699981689453,137.6699981689453,136.3000030517578,136.72999572753906,6379800
2020-02-10,116.360595703125,137.74000549316406,137.85000610351562,136.75,136.9499969482422,5960700
2020-02-11,116.58023071289062,138.0,138.82000732421875,137.77999877929688,138.25999450683594,6578600
2020-02-12,116.58023071289062,138.0,139.2899932861328,137.8000030517578,138.60000610351562,7958000
2020-02-13,116.4789047241211,137.8800048828125,138.33999633789062,136.39999389648438,137.75,7447500
2020-02-14,116.12409210205078,137.4600067138672,138.19000244140625,136.94000244140625,137.83999633789062,6627600
2020-02-18,114.5865478515625,135.63999938964844,137.7100067138672,135.0500030517578,137.33999633789062,8996400
2020-02-19,116.1494369506836,137.49000549316406,138.38999938964844,136.33999633789062,136.91000366210938,7071200
2020-02-20,116.1494369506836,137.49000549316406,138.36000061035156,136.52999877929688,137.1699981689453,7422800
2020-02-21,114.73017120361328,135.80999755859375,136.9199981689453,134.9199981689453,136.5500030517578,9772800
2020-02-24,111.64672088623047,132.16000366210938,133.1999969482422,130.8000030517578,131.44000244140625,13618400
2020-02-25,106.66248321533203,126.26000213623047,132.22999572753906,125.58999633789062,131.0,20797200
2020-02-26,106.98350524902344,126.63999938964844,128.9499969482422,126.33999633789062,126.93000030517578,24825600
2020-02-27,102.53147888183594,121.37000274658203,125.62000274658203,121.30000305175781,122.91000366210938,23005500
2020-02-28,98.0879135131836,116.11000061035156,118.48999786376953,112.66000366210938,117.5199966430664,45931400
2020-03-02,102.65821075439453,121.5199966430664,121.58000183105469,114.45999908447266,116.62999725341797,27355400
2020-03-03,98.80598449707031,116.95999908447266,122.94999694824219,116.23999786376953,120.97000122070312,32547700
2020-03-04,101.2474136352539,119.8499984741211,120.19000244140625,114.69999694824219,118.33000183105469,25795900
2020-03-05,96.28008270263672,113.97000122070312,116.43000030517578,112.58000183105469,115.66999816894531,25025600
2020-03-06,91.30430603027344,108.08000183105469,110.31999969482422,105.0199966430664,106.26000213623047,38159400
2020-03-09,78.93665313720703,93.44000244140625,99.2300033569336,93.0,96.56999969482422,40352000
2020-03-10,85.06978607177734,100.69999694824219,101.27999877929688,94.58000183105469,99.0,31102700
2020-03-11,81.06552124023438,95.95999908447266,100.05000305175781,94.55000305175781,97.69999694824219,38127000
2020-03-12,74.38326263427734,88.05000305175781,96.95999908447266,86.31999969482422,89.58999633789062,49725200
2020-03-13,87.78153991699219,103.91000366210938,103.98999786376953,92.0,95.98999786376953,38543300
2020-03-16,74.64512634277344,88.36000061035156,93.9800033569336,84.55000305175781,85.19999694824219,38589700
2020-03-17,79.20699310302734,93.76000213623047,97.44000244140625,87.5,90.88999938964844,35239800
2020-03-18,70.86895751953125,83.88999938964844,90.79000091552734,80.36000061035156,87.66999816894531,41525600
2020-03-19,72.06011962890625,85.30000305175781,88.11000061035156,76.91000366210938,81.55999755859375,32175100
2020-03-20,70.53950500488281,83.5,89.45999908447266,82.4800033569336,86.30000305175781,30150800
2020-03-23,66.76332092285156,79.02999877929688,83.75,78.08999633789062,82.68000030517578,32536600
2020-03-24,74.70428466796875,88.43000030517578,90.0999984741211,82.9000015258789,84.9000015258789,34363200
2020-03-25,77.49209594726562,91.7300033569336,95.1500015258789,84.54000091552734,89.23999786376953,38111700
2020-03-26,82.89024353027344,98.12000274658203,98.56999969482422,93.54000091552734,94.08000183105469,29826300
2020-03-27,76.98522186279297,91.12999725341797,94.83999633789062,90.55000305175781,93.19000244140625,30041500
2020-03-30,78.98734283447266,93.5,94.08999633789062,89.30000305175781,90.6500015258789,21656900
2020-03-31,76.05594635009766,90.02999877929688,94.16999816894531,89.33999633789062,92.05000305175781,23379300
2020-04-01,71.2660140991211,84.36000061035156,86.55999755859375,83.25,85.0999984741211,28029600
2020-04-02,73.9271011352539,87.51000213623047,87.91000366210938,82.95999908447266,83.51000213623047,24018000
2020-04-03,71.74197387695312,84.05000305175781,87.4800033569336,82.7699966430664,86.0,21199400
2020-04-06,76.35973358154297,89.45999908447266,90.98999786376953,87.69999694824219,88.98999786376953,26820800
2020-04-07,77.36693572998047,90.63999938964844,94.5,90.37999725341797,94.44999694824219,22563800
2020-04-08,80.4909896850586,94.30000305175781,94.86000061035156,90.55000305175781,92.0999984741211,22903300
2020-04-09,87.7121353149414,102.76000213623047,104.38999938964844,96.88999938964844,96.91999816894531,42055900
2020-04-13,83.81133270263672,98.19000244140625,103.11000061035156,97.30000305175781,103.11000061035156,26911900
2020-04-14,81.5152587890625,95.5,102.0,93.63999938964844,101.0199966430664,46151300
2020-04-15,77.49498748779297,90.79000091552734,92.02999877929688,90.12999725341797,91.1500015258789,30118600
2020-04-16,74.5416488647461,87.33000183105469,90.56999969482422,87.05000305175781,90.2300033569336,32449600
2020-04-17,81.24211883544922,95.18000030517578,95.69999694824219,90.95999908447266,92.0,30191900
2020-04-20,78.2802505493164,91.70999908447266,94.70999908447266,90.45999908447266,92.47000122070312,23679400
2020-04-21,76.0097885131836,89.05000305175781,91.37999725341797,88.33000183105469,88.62000274658203,23035000
2020-04-22,76.2573013305664,89.33999633789062,91.87000274658203,89.18000030517578,90.69000244140625,16662400
2020-04-23,76.30000305175781,89.38999938964844,91.27999877929688,89.26000213623047,89.73999786376953,16638800
2020-04-24,77.42669677734375,90.70999908447266,91.0999984741211,88.48999786376953,90.63999938964844,15809200
2020-04-27,80.76414489746094,94.62000274658203,95.62999725341797,91.54000091552734,91.94000244140625,22870200
2020-04-28,81.33598327636719,95.29000091552734,98.36000061035156,95.02999877929688,97.80999755859375,20238900
2020-04-29,83.52965545654297,97.86000061035156,99.44999694824219,97.2699966430664,99.08000183105469,20462600
2020-04-30,81.73719787597656,95.76000213623047,96.83999633789062,94.55000305175781,95.5999984741211,19127600
2020-05-01,79.5947494506836,93.25,93.73999786376953,91.83999633789062,93.5,18547700
2020-05-04,78.64730072021484,92.13999938964844,92.66999816894531,90.80000305175781,92.0199966430664,15725900
2020-05-05,78.52779388427734,92.0,94.20999908447266,91.9000015258789,93.6500015258789,18064100
2020-05-06,77.05113220214844,90.2699966430664,92.76000213623047,89.93000030517578,92.16000366210938,20978000
2020-05-07,77.85346984863281,91.20999908447266,92.91000366210938,90.58000183105469,91.33999633789062,16771900
2020-05-08,79.12528991699219,92.69999694824219,94.08000183105469,92.11000061035156,92.80000305175781,20487800
2020-05-11,76.79505920410156,89.97000122070312,91.11000061035156,89.33000183105469,91.11000061035156,31907600
2020-05-12,74.28557586669922,87.02999877929688,90.79000091552734,86.9000015258789,90.1500015258789,27962900
2020-05-13,71.72488403320312,84.02999877929688,86.86000061035156,83.4000015258789,86.37999725341797,35451600
2020-05-14,74.70384216308594,87.5199966430664,88.11000061035156,82.4000015258789,82.72000122070312,35152500
2020-05-15,73.3210678100586,85.9000015258789,87.27999877929688,85.30000305175781,86.8499984741211,26099000
2020-05-18,77.20476531982422,90.44999694824219,91.1500015258789,87.87999725341797,88.69000244140625,30504400
2020-05-19,75.6854248046875,88.66999816894531,91.19999694824219,88.58999633789062,90.05000305175781,19597300
2020-05-20,77.95591735839844,91.33000183105469,92.38999938964844,90.37000274658203,90.70999908447266,20552400
2020-05-21,76.96577453613281,90.16999816894531,91.76000213623047,89.66999816894531,90.2699966430664,14621400
2020-05-22,76.3682861328125,89.47000122070312,90.36000061035156,88.72000122070312,90.01000213623047,13557900
2020-05-26,81.78839874267578,95.81999969482422,97.5,92.61000061035156,92.88999938964844,41233900
2020-05-27,86.52568817138672,101.37000274658203,102.58000183105469,98.80000305175781,102.06999969482422,39402000
2020-05-28,85.23680877685547,99.86000061035156,102.94999694824219,99.4000015258789,102.94000244140625,24713900
2020-05-29,83.06019592285156,97.30999755859375,99.18000030517578,96.77999877929688,98.66000366210938,26526400
2020-06-01,84.16129302978516,98.5999984741211,99.51000213623047,97.37999725341797,97.75,15176800
2020-06-02,84.4429702758789,98.93000030517578,100.41999816894531,97.93000030517578,100.27999877929688,21195000
2020-06-03,89.00100708007812,104.2699966430664,104.91999816894531,101.05999755859375,101.58000183105469,25941100
2020-06-04,90.85324096679688,106.44000244140625,106.61000061035156,102.79000091552734,103.81999969482422,26784700
2020-06-05,94.94181823730469,111.2300033569336,115.7699966430664,109.52999877929688,114.93000030517578,42231000
2020-06-08,96.83671569824219,113.44999694824219,114.19000244140625,111.94000244140625,113.41000366210938,24881800
2020-06-09,94.35285949707031,110.54000091552734,111.62999725341797,109.01000213623047,110.6500015258789,17031100
2020-06-10,90.52886962890625,106.05999755859375,110.51000213623047,105.8499984741211,110.45999908447266,24913300
2020-06-11,82.9748306274414,97.20999908447266,101.58000183105469,96.54000091552734,100.02999877929688,36259200
2020-06-12,85.24534606933594,99.87000274658203,101.12999725341797,97.33000183105469,100.70999908447266,24856800
2020-06-15,86.42327880859375,101.25,101.43000030517578,95.87000274658203,96.41999816894531,22153600
2020-06-16,87.11463928222656,102.05999755859375,105.68000030517578,99.30999755859375,105.37000274658203,22193600
2020-06-17,84.91243743896484,99.4800033569336,102.54000091552734,99.20999908447266,102.52999877929688,15639800
2020-06-18,84.45150756835938,98.94000244140625,100.5199966430664,98.12999725341797,98.66999816894531,16591900
2020-06-19,83.48698425292969,97.80999755859375,100.5999984741211,96.7300033569336,100.52999877929688,40371200
2020-06-22,82.58220672607422,96.75,97.94999694824219,96.54000091552734,97.25,16216900
2020-06-23,83.58942413330078,97.93000030517578,99.97000122070312,97.8499984741211,98.97000122070312,15381400
2020-06-24,80.79826354980469,94.66000366210938,96.83999633789062,94.30999755859375,96.75,22919800
2020-06-25,83.61502838134766,97.95999908447266,98.20999908447266,94.26000213623047,94.3499984741211,25743600
2020-06-26,79.03137969970703,92.58999633789062,95.37000274658203,92.0,95.11000061035156,41896300
2020-06-29,79.38134002685547,93.0,94.48999786376953,92.18000030517578,93.4000015258789,18499700
2020-06-30,80.28611755371094,94.05999755859375,94.66000366210938,92.56999969482422,92.83000183105469,19137000
2020-07-01,79.603271484375,93.26000213623047,95.70999908447266,93.02999877929688,94.88999938964844,18755700
2020-07-02,79.8618392944336,92.66000366210938,94.95999908447266,91.93000030517578,94.73999786376953,27845600
2020-07-06,81.87864685058594,95.0,95.19999694824219,93.4800033569336,94.43000030517578,18625300
2020-07-07,79.56880187988281,92.31999969482422,94.0999984741211,92.0,93.81999969482422,25757200
2020-07-08,80.41344451904297,93.30000305175781,93.33999633789062,91.80000305175781,92.29000091552734,18762200
2020-07-09,78.67243957519531,91.27999877929688,94.12000274658203,90.77999877929688,93.5199966430664,25600800
2020-07-10,82.97322082519531,96.2699966430664,96.83999633789062,91.87000274658203,92.0,28954200
2020-07-13,84.16262817382812,97.6500015258789,99.2699966430664,96.2300033569336,98.7300033569336,32079200
2020-07-14,84.64529418945312,98.20999908447266,99.94999694824219,96.63999938964844,98.37000274658203,42731700
2020-07-15,85.95532989501953,99.7300033569336,101.29000091552734,98.6500015258789,100.88999938964844,22508400
2020-07-16,86.19664764404297,100.01000213623047,101.22000122070312,98.55000305175781,98.77999877929688,16886900
2020-07-17,84.6021957397461,98.16000366210938,100.08000183105469,98.13999938964844,100.0,16137700
2020-07-20,83.86097717285156,97.30000305175781,98.38999938964844,97.26000213623047,97.43000030517578,14458100
2020-07-21,85.67953491210938,99.41000366210938,100.05000305175781,97.63999938964844,97.70999908447266,17798100
2020-07-22,85.0589828491211,98.69000244140625,100.12999725341797,97.52999877929688,99.6500015258789,14271200
2020-07-23,85.30892181396484,98.9800033569336,99.3499984741211,97.97000122070312,98.5,12870200
2020-07-24,84.70562744140625,98.27999877929688,99.80000305175781,97.94000244140625,99.5999984741211,12744200
2020-07-27,83.5162124633789,96.9000015258789,97.62999725341797,96.16999816894531,97.51000213623047,11959100
2020-07-28,83.87822723388672,97.31999969482422,97.88999938964844,96.5,96.5,11754300
2020-07-29,85.91224670410156,99.68000030517578,99.70999908447266,97.0,97.06999969482422,12743500
2020-07-30,83.61963653564453,97.0199966430664,97.73999786376953,96.05000305175781,97.54000091552734,14834800
2020-07-31,83.29212951660156,96.63999938964844,96.93000030517578,95.25,96.4800033569336,14535000
2020-08-03,82.82670593261719,96.0999984741211,97.56999969482422,95.8499984741211,97.0199966430664,12962800
2020-08-04,82.3526840209961,95.55000305175781,95.94999694824219,95.02999877929688,95.91000366210938,13366200
2020-08-05,83.78340148925781,97.20999908447266,98.47000122070312,95.72000122070312,95.87000274658203,15260900
2020-08-06,83.80925750732422,97.23999786376953,98.0999984741211,96.54000091552734,97.58000183105469,10482100
2020-08-07,85.6536865234375,99.37999725341797,99.48999786376953,96.55999755859375,96.93000030517578,14743700
2020-08-10,86.73966217041016,100.63999938964844,102.04000091552734,100.02999877929688,100.11000061035156,14989900
2020-08-11,89.48043060302734,103.81999969482422,106.16000366210938,103.51000213623047,103.86000061035156,31518600
2020-08-12,88.72199249267578,102.94000244140625,106.43000030517578,101.70999908447266,106.16000366210938,19240800
2020-08-13,88.23069763183594,102.37000274658203,103.36000061035156,101.63999938964844,102.0,13598600
2020-08-14,88.26519012451172,102.41000366210938,103.30999755859375,101.41999816894531,101.5,12134400
2020-08-17,85.93810272216797,99.70999908447266,102.0,99.52999877929688,101.5,14988000
2020-08-18,84.74008178710938,98.31999969482422,99.91000366210938,98.12000274658203,99.91000366210938,13246500
2020-08-19,84.9383316040039,98.55000305175781,100.58999633789062,98.33999633789062,98.91999816894531,13533000
2020-08-20,83.92130279541016,97.37000274658203,98.02999877929688,96.80000305175781,97.26000213623047,13672600
2020-08-21,83.87822723388672,97.31999969482422,98.56999969482422,96.94000244140625,97.2699966430664,12228300
2020-08-24,86.23976135253906,100.05999755859375,100.20999908447266,97.41999816894531,98.44999694824219,17898300
2020-08-25,86.61898803710938,100.5,101.9800033569336,99.80000305175781,101.2699966430664,13648900
2020-08-26,85.40374755859375,99.08999633789062,100.2699966430664,99.05000305175781,99.94000244140625,12052400
2020-08-27,88.21346282958984,102.3499984741211,102.6500015258789,99.0,99.0,22163900
2020-08-28,88.5754623413086,102.7699966430664,103.25,101.80999755859375,103.13999938964844,13756700
2020-08-31,86.35182189941406,100.19000244140625,102.18000030517578,100.0199966430664,102.12000274658203,14219400
2020-09-01,86.30868530273438,100.13999938964844,100.87000274658203,99.04000091552734,99.55000305175781,11595600
2020-09-02,87.61015319824219,101.6500015258789,101.94000244140625,99.55999755859375,99.94999694824219,14475700
2020-09-03,87.33434295654297,101.33000183105469,104.98999786376953,100.63999938964844,103.31999969482422,23281200
2020-09-04,89.22186279296875,103.5199966430664,105.20999908447266,101.37000274658203,104.05000305175781,26325500
2020-09-08,86.11909484863281,99.91999816894531,103.56999969482422,99.4800033569336,102.9800033569336,22108600
2020-09-09,86.9378890991211,100.87000274658203,101.69000244140625,99.55999755859375,100.80000305175781,13434000
2020-09-10,86.04151916503906,99.83000183105469,102.41999816894531,99.63999938964844,101.4000015258789,15922800
2020-09-11,87.11027526855469,101.06999969482422,101.36000061035156,99.58999633789062,99.97000122070312,13784300
2020-09-14,88.31690216064453,102.47000122070312,103.45999908447266,101.37000274658203,101.51000213623047,19017400
2020-09-15,85.5674819946289,99.27999877929688,102.8499984741211,99.13999938964844,102.7300033569336,23683000
2020-09-16,85.92948150634766,99.69999694824219,101.12999725341797,98.76000213623047,99.43000030517578,19270600
2020-09-17,84.94693756103516,98.55999755859375,99.33999633789062,97.70999908447266,98.69999694824219,18290100
2020-09-18,84.76594543457031,98.3499984741211,99.48999786376953,97.44000244140625,97.88999938964844,20121600
2020-09-21,82.14582824707031,95.30999755859375,96.05000305175781,93.81999969482422,95.19999694824219,28378800
2020-09-22,81.24946594238281,94.2699966430664,95.66000366210938,93.66999816894531,94.95999908447266,19257000
2020-09-23,79.93080139160156,92.73999786376953,95.3499984741211,92.66000366210938,94.77999877929688,19952700
2020-09-24,79.8618392944336,92.66000366210938,94.30000305175781,91.37999725341797,92.31999969482422,18366500
2020-09-25,80.55996704101562,93.47000122070312,93.72000122070312,91.87000274658203,92.05000305175781,13293100
2020-09-28,82.8784408569336,96.16000366210938,96.93000030517578,94.3499984741211,95.05999755859375,20894100
2020-09-29,82.18030548095703,95.3499984741211,96.02999877929688,94.33000183105469,96.02999877929688,12848200
2020-09-30,82.97322082519531,96.2699966430664,97.19999694824219,95.26000213623047,95.3499984741211,16400600
2020-10-01,83.5765609741211,96.97000122070312,97.7699966430664,96.02999877929688,97.12000274658203,15778700
2020-10-02,84.36945343017578,97.88999938964844,98.58999633789062,95.08999633789062,95.25,15149600
2020-10-05,86.15274047851562,99.04000091552734,99.25,97.52999877929688,98.31999969482422,13871900
2020-10-06,85.26544189453125,98.0199966430664,100.86000061035156,97.51000213623047,100.06999969482422,19220400
2020-10-07,86.75296783447266,99.7300033569336,100.3499984741211,98.66999816894531,98.95999908447266,16358500
2020-10-08,88.53618621826172,101.77999877929688,101.91999816894531,99.9000015258789,100.51000213623047,15659000
2020-10-09,88.03166961669922,101.19999694824219,102.11000061035156,100.11000061035156,102.0,13689100
2020-10-12,89.11030578613281,102.44000244140625,103.0,100.8499984741211,101.0999984741211,16058000
2020-10-13,87.66632843017578,100.77999877929688,103.22000122070312,100.26000213623047,103.0,21697300
2020-10-14,87.17919158935547,100.22000122070312,101.93000030517578,100.0999984741211,101.02999877929688,15204100
2020-10-15,88.48401641845703,101.72000122070312,101.77999877929688,99.04000091552734,99.0999984741211,17171200
2020-10-16,88.30131530761719,101.51000213623047,102.33000183105469,100.72000122070312,101.41000366210938,13275000
2020-10-19,86.8138427734375,99.80000305175781,101.87000274658203,99.55999755859375,101.5999984741211,11725700
2020-10-20,87.3096694946289,100.37000274658203,101.7699966430664,100.12000274658203,100.30999755859375,11257100
2020-10-21,86.4397964477539,99.37000274658203,100.98999786376953,99.33000183105469,100.36000061035156,10730500
2020-10-22,89.49305725097656,102.87999725341797,103.23999786376953,99.30999755859375,99.31999969482422,14837200
2020-10-23,90.30204772949219,103.80999755859375,104.44999694824219,102.93000030517578,103.5,15087600
2020-10-26,88.06647491455078,101.23999786376953,102.69999694824219,100.25,102.6500015258789,12410700
2020-10-27,86.40501403808594,99.33000183105469,100.91999816894531,99.16000366210938,100.51000213623047,10391700
2020-10-28,83.97804260253906,96.54000091552734,98.30000305175781,96.06999969482422,97.5,16389500
2020-10-29,84.52606201171875,97.16999816894531,97.9800033569336,95.23999786376953,96.12000274658203,14208800
2020-10-30,85.28285217285156,98.04000091552734,98.41999816894531,96.2300033569336,97.91000366210938,15194500
2020-11-02,87.20529174804688,100.25,100.87999725341797,97.86000061035156,99.38999938964844,15011600
2020-11-03,89.9541015625,103.41000366210938,104.73999786376953,102.69000244140625,103.0199966430664,17482600
2020-11-04,87.20529174804688,100.25,102.06999969482422,98.93000030517578,101.0,18886500
2020-11-05,90.77176666259766,104.3499984741211,105.0999984741211,101.0,101.05999755859375,17837400
2020-11-06,89.56265258789062,102.95999908447266,105.0999984741211,102.38999938964844,105.02999877929688,12552800
2020-11-09,101.68877410888672,116.9000015258789,118.9000015258789,110.3499984741211,113.16000366210938,47792400
2020-11-10,101.35819244384766,116.5199966430664,117.44999694824219,114.69000244140625,117.3499984741211,20539300
2020-11-11,99.8446273803711,114.77999877929688,116.95999908447266,113.95999908447266,116.88999938964844,14443400
2020-11-12,98.61808776855469,113.37000274658203,113.95999908447266,112.05999755859375,112.52999877929688,22063000
2020-11-13,99.23568725585938,114.08000183105469,114.86000061035156,113.56999969482422,114.69999694824219,11847900
2020-11-16,102.03668975830078,117.30000305175781,118.61000061035156,115.7300033569336,117.79000091552734,19858600
2020-11-17,101.00154113769531,116.11000061035156,116.44000244140625,114.58000183105469,115.38999938964844,14553200
2020-11-18,100.25345611572266,115.25,118.61000061035156,115.19999694824219,117.33999633789062,12571200
2020-11-19,100.52313232421875,115.55999755859375,115.81999969482422,113.55999755859375,114.18000030517578,10202500
2020-11-20,99.66195678710938,114.56999969482422,115.6500015258789,114.08999633789062,114.43000030517578,12718900
2020-11-23,102.53253173828125,117.87000274658203,118.16999816894531,115.56999969482422,116.05000305175781,13209200
2020-11-24,107.27336883544922,123.31999969482422,123.5,119.70999908447266,120.06999969482422,20121600
2020-11-25,106.1512222290039,122.02999877929688,122.37999725341797,120.47000122070312,121.37000274658203,11715600
2020-11-27,105.4466323852539,121.22000122070312,122.3499984741211,121.08000183105469,122.0,5983600
2020-11-30,102.54122924804688,117.87999725341797,120.72000122070312,117.7699966430664,120.0,14411800
2020-12-01,104.1592025756836,119.73999786376953,121.58000183105469,119.62999725341797,120.33999633789062,12668900
2020-12-02,106.15991973876953,122.04000091552734,122.30999755859375,119.2699966430664,119.69999694824219,10811300
2020-12-03,105.46401977539062,121.23999786376953,121.88999938964844,120.36000061035156,121.8499984741211,12904400
2020-12-04,106.42089080810547,122.33999633789062,123.29000091552734,121.69000244140625,122.4800033569336,13583700
2020-12-07,106.020751953125,121.87999725341797,122.16999816894531,120.20999908447266,121.1500015258789,9724300
2020-12-08,106.12512969970703,122.0,122.33000183105469,120.76000213623047,121.04000091552734,9592100
2020-12-09,105.29873657226562,121.05000305175781,123.30000305175781,120.44000244140625,123.16999816894531,13073900
2020-12-10,104.62024688720703,120.2699966430664,120.77999877929688,119.55999755859375,119.98999786376953,13668400
2020-12-11,104.00261688232422,119.55999755859375,120.0199966430664,118.37000274658203,118.94000244140625,9981600
2020-12-14,102.90657043457031,118.30000305175781,121.41999816894531,118.11000061035156,121.33999633789062,12112400
2020-12-15,104.66373443603516,120.31999969482422,120.9000015258789,118.62000274658203,119.29000091552734,12590200
2020-12-16,104.96820068359375,120.66999816894531,121.08000183105469,119.86000061035156,120.30000305175781,11169400
2020-12-17,104.09831237792969,119.66999816894531,121.44999694824219,119.58000183105469,121.26000213623047,11618000
2020-12-18,103.58509826660156,119.08000183105469,119.87999725341797,118.2699966430664,119.13999938964844,28954800
2020-12-21,107.47343444824219,123.55000305175781,125.0,121.08999633789062,123.16999816894531,28323600
2020-12-22,105.83806610107422,121.66999816894531,123.5199966430664,121.61000061035156,123.38999938964844,11788200
2020-12-23,108.79563903808594,125.06999969482422,126.5199966430664,122.3499984741211,122.77999877929688,14973200
2020-12-24,108.31722259521484,124.5199966430664,125.55000305175781,123.56999969482422,125.08999633789062,4164900
2020-12-28,109.03052520751953,125.33999633789062,126.6500015258789,124.79000091552734,125.81999969482422,8072600
2020-12-29,108.74348449707031,125.01000213623047,126.27999877929688,124.88999938964844,126.19999694824219,8389200
2020-12-30,109.04792022705078,125.36000061035156,125.8499984741211,124.9000015258789,125.48999786376953,7398000
2020-12-31,110.5354232788086,127.06999969482422,127.33000183105469,124.81999969482422,125.08999633789062,8580200
2021-01-04,109.49156951904297,125.87000274658203,127.86000061035156,124.77999877929688,127.5,16819900
2021-01-05,110.08734130859375,125.6500015258789,126.30000305175781,123.7699966430664,124.98999786376953,13731200
2021-01-06,115.2565689086914,131.5500030517578,132.77000427246094,127.87999725341797,129.8800048828125,24909100
2021-01-07,119.04150390625,135.8699951171875,138.19000244140625,134.9199981689453,135.69000244140625,21940400
2021-01-08,119.17296600341797,136.02000427246094,136.35000610351562,134.1199951171875,135.97000122070312,12035100
2021-01-11,120.95150756835938,138.0500030517578,138.1999969482422,134.11000061035156,134.5800018310547,15937900
2021-01-12,122.85273742675781,140.22000122070312,141.66000366210938,138.8300018310547,139.44000244140625,18033500
2021-01-13,122.96662139892578,140.35000610351562,140.7899932861328,138.10000610351562,138.58999633789062,14816800
2021-01-14,123.68508911132812,141.1699981689453,142.75,140.0,140.49000549316406,18565600
2021-01-15,121.46844482421875,138.63999938964844,141.64999389648438,137.00999450683594,137.42999267578125,27881000
2021-01-19,120.94274139404297,138.0399932861328,140.6999969482422,137.82000732421875,139.86000061035156,19843800
2021-01-20,119.129150390625,135.97000122070312,138.1699981689453,135.44000244140625,137.82000732421875,16028800
2021-01-21,118.13032531738281,134.8300018310547,136.16000366210938,134.32000732421875,135.69000244140625,13411700
2021-01-22,117.21913146972656,133.7899932861328,134.39999389648438,132.1999969482422,132.69000244140625,12933200
2021-01-25,115.75598907470703,132.1199951171875,133.1699981689453,130.05999755859375,132.13999938964844,14212800
2021-01-26,115.28289031982422,131.5800018310547,133.1699981689453,131.33999633789062,132.75,11307800
2021-01-27,112.02361297607422,127.86000061035156,129.85000610351562,127.3499984741211,129.58999633789062,17603900
2021-01-28,113.99493408203125,130.11000061035156,132.1699981689453,128.99000549316406,129.89999389648438,13761800
2021-01-29,112.7332763671875,128.6699981689453,131.72000122070312,128.19000244140625,131.19000244140625,14808100
2021-02-01,113.56562042236328,129.6199951171875,130.07000732421875,128.47999572753906,129.39999389648438,11080700
2021-02-02,117.06144714355469,133.61000061035156,134.38999938964844,131.22000122070312,131.94000244140625,12253600
2021-02-03,118.40192413330078,135.13999938964844,135.75999450683594,133.50999450683594,133.64999389648438,10600800
2021-02-04,121.12673950195312,138.25,138.66000366210938,135.47000122070312,135.47000122070312,12419500
2021-02-05,120.89017486572266,137.97999572753906,139.49000549316406,137.3800048828125,139.38999938964844,10051300
2021-02-08,122.78262329101562,140.13999938964844,140.3000030517578,138.17999267578125,138.1999969482422,10136400
2021-02-09,122.29199981689453,139.5800018310547,139.97999572753906,138.5399932861328,139.42999267578125,8614800
2021-02-10,122.36212158203125,139.66000366210938,140.8699951171875,139.0399932861328,140.0,10323200
2021-02-11,122.02041625976562,139.27000427246094,140.5500030517578,138.22000122070312,139.66000366210938,9201000
2021-02-12,123.7551498413086,141.25,141.61000061035156,139.0,139.0500030517578,8324600
2021-02-16,126.73406219482422,144.64999389648438,145.32000732421875,142.39999389648438,143.5500030517578,12130600
2021-02-17,127.1283187866211,145.10000610351562,145.3800048828125,143.1199951171875,143.9499969482422,10810100
2021-02-18,127.5576400756836,145.58999633789062,145.7899932861328,143.39999389648438,144.0,10587800
2021-02-19,129.68666076660156,148.02000427246094,148.83999633789062,145.86000061035156,145.86000061035156,11969800
2021-02-22,130.9044647216797,149.41000366210938,150.19000244140625,146.7899932861328,146.8699951171875,11488400
2021-02-23,131.9558563232422,150.61000061035156,152.30999755859375,149.58999633789062,151.50999450683594,16234400
2021-02-24,134.27764892578125,153.25999450683594,153.75999450683594,150.11000061035156,150.11000061035156,15061400
2021-02-25,132.4552459716797,151.17999267578125,154.89999389648438,150.58999633789062,154.27000427246094,18127700
2021-02-26,128.94192504882812,147.1699981689453,150.8699951171875,146.50999450683594,150.3000030517578,19829200
2021-03-01,131.85946655273438,150.5,151.3800048828125,148.47999572753906,149.52000427246094,14845500
2021-03-02,131.43016052246094,150.00999450683594,151.77999877929688,149.83999633789062,150.0800018310547,14221700
2021-03-03,133.9709930419922,152.91000366210938,154.97999572753906,150.82000732421875,151.22999572753906,14324100
2021-03-04,131.9120635986328,150.55999755859375,154.3800048828125,148.6199951171875,152.61000061035156,20093900
2021-03-05,132.2186737060547,150.91000366210938,153.49000549316406,147.97000122070312,153.22000122070312,18465100
2021-03-08,133.9709930419922,152.91000366210938,155.4600067138672,150.75,152.47000122070312,17133300
2021-03-09,133.02474975585938,151.8300018310547,154.25,149.82000732421875,151.5,16238800
2021-03-10,135.916015625,155.1300048828125,156.16000366210938,151.50999450683594,151.91000366210938,14342200
2021-03-11,135.2063446044922,154.32000732421875,156.14999389648438,153.36000061035156,154.11000061035156,11771500
2021-03-12,136.80967712402344,156.14999389648438,157.6300048828125,155.07000732421875,156.86000061035156,12849500
2021-03-15,136.12632751464844,155.3699951171875,156.9199981689453,153.9600067138672,156.35000610351562,12101100
2021-03-16,134.49667358398438,153.50999450683594,154.60000610351562,152.19000244140625,154.08999633789062,12805600
2021-03-17,135.8809814453125,155.08999633789062,156.8800048828125,153.0500030517578,155.33999633789062,13952400
2021-03-18,138.12388610839844,157.64999389648438,161.69000244140625,157.11000061035156,157.60000610351562,21898500
2021-03-19,135.9248046875,155.13999938964844,155.94000244140625,151.19000244140625,155.50999450683594,54418800
2021-03-22,132.2712860107422,150.97000122070312,153.97000122070312,150.61000061035156,152.8000030517578,19944800
2021-03-23,130.94830322265625,149.4600067138672,152.1199951171875,148.9600067138672,150.3300018310547,17076300
2021-03-24,131.964599609375,150.6199951171875,153.17999267578125,149.86000061035156,150.0,13079800
2021-03-25,133.6555938720703,152.5500030517578,152.97000122070312,149.3300018310547,150.0,15608300
2021-03-26,135.8809814453125,155.08999633789062,155.4499969482422,152.5500030517578,154.3000030517578,16754400
2021-03-29,133.76943969726562,152.67999267578125,153.72999572753906,151.0399932861328,152.1199951171875,17570300
2021-03-30,135.34652709960938,154.47999572753906,155.8699951171875,153.8800048828125,154.4600067138672,13184300
2021-03-31,133.37521362304688,152.22999572753906,154.49000549316406,152.1199951171875,153.27999877929688,16736700
2021-04-01,134.67190551757812,153.7100067138672,153.7899932861328,151.5500030517578,151.89999389648438,16561500
2021-04-05,135.38572692871094,153.6199951171875,154.94000244140625,152.60000610351562,154.39999389648438,13508000
2021-04-06,134.43392944335938,152.5399932861328,154.27999877929688,151.86000061035156,152.7899932861328,13071600
2021-04-07,136.5402374267578,154.92999267578125,155.22999572753906,152.64999389648438,153.10000610351562,16903500
2021-04-08,136.7077178955078,155.1199951171875,155.50999450683594,152.30999755859375,154.0,12335500
2021-04-09,137.7300567626953,156.27999877929688,157.0399932861328,154.97000122070312,155.80999755859375,12122400
2021-04-12,137.43917846679688,155.9499969482422,157.25,155.57000732421875,155.5800018310547,12273400
2021-04-13,135.80003356933594,154.08999633789062,155.1999969482422,152.42999267578125,154.75,16113600
2021-04-14,133.2618408203125,151.2100067138672,153.8300018310547,150.92999267578125,151.47000122070312,19939600
2021-04-15,134.10787963867188,152.1699981689453,152.1999969482422,149.32000732421875,151.25,17694100
2021-04-16,135.10374450683594,153.3000030517578,154.50999450683594,152.69000244140625,153.8699951171875,13773400
2021-04-19,134.53089904785156,152.64999389648438,153.8800048828125,152.22000122070312,153.4199981689453,11900200
2021-04-20,131.55213928222656,149.27000427246094,151.75,148.64999389648438,151.74000549316406,13716700
2021-04-21,132.67135620117188,150.5399932861328,150.61000061035156,146.7899932861328,147.7899932861328,12236700
2021-04-22,129.8776092529297,147.3699951171875,150.3000030517578,147.25999450683594,150.22999572753906,15256100
2021-04-23,132.36288452148438,150.19000244140625,151.1300048828125,146.69000244140625,147.17999267578125,14041900
2021-04-26,132.68898010253906,150.55999755859375,152.4600067138672,150.3800048828125,150.77999877929688,10799100
2021-04-27,133.2970733642578,151.25,151.57000732421875,150.11000061035156,150.5,12821200
2021-04-28,134.16075134277344,152.22999572753906,152.88999938964844,151.39999389648438,152.42999267578125,8943700
2021-04-29,136.76943969726562,155.19000244140625,155.27999877929688,153.1999969482422,153.5399932861328,12976900
2021-04-30,135.55323791503906,153.80999755859375,154.49000549316406,153.00999450683594,154.10000610351562,11705100
2021-05-03,135.15664672851562,153.36000061035156,155.47999572753906,153.1300048828125,154.85000610351562,11801100
2021-05-04,137.02499389648438,155.47999572753906,155.63999938964844,152.13999938964844,152.8699951171875,12977700
2021-05-05,138.82286071777344,157.52000427246094,158.27999877929688,154.6300048828125,156.0,10506700
2021-05-06,141.61656188964844,160.69000244140625,160.82000732421875,157.16000366210938,158.07000732421875,13542400
2021-05-07,142.10128784179688,161.24000549316406,161.5,157.02000427246094,157.22000122070312,14257800
2021-05-10,142.08364868164062,161.22000122070312,163.72999572753906,161.1199951171875,161.5,14014300
2021-05-11,139.72177124023438,158.5399932861328,162.38999938964844,158.0399932861328,161.0800018310547,15451700
2021-05-12,138.76119995117188,157.4499969482422,160.77999877929688,157.02999877929688,159.61000061035156,14381700
2021-05-13,142.3303985595703,161.5,162.4499969482422,157.67999267578125,158.17999267578125,15395000
2021-05-14,144.54249572753906,164.00999450683594,164.4499969482422,161.99000549316406,162.38999938964844,10584000
2021-05-17,145.12416076660156,164.6699981689453,164.85000610351562,163.02999877929688,163.3699951171875,9886800
2021-05-18,143.07952880859375,162.35000610351562,165.5,162.24000549316406,164.67999267578125,11098100
2021-05-19,141.9867401123047,161.11000061035156,161.17999267578125,158.63999938964844,161.0,13278900
2021-05-20,141.73992919921875,160.8300018310547,161.86000061035156,159.52000427246094,160.8300018310547,10426000
2021-05-21,143.3527374267578,162.66000366210938,163.22000122070312,160.94000244140625,161.33999633789062,10249000
2021-05-24,144.12828063964844,163.5399932861328,164.22999572753906,162.1199951171875,163.36000061035156,9440300
2021-05-25,142.63893127441406,161.85000610351562,165.6999969482422,161.55999755859375,163.85000610351562,12609100
2021-05-26,142.62124633789062,161.8300018310547,163.74000549316406,161.30999755859375,163.57000732421875,13058300
2021-05-27,144.84214782714844,164.35000610351562,164.75,162.57000732421875,163.9499969482422,15707500
2021-05-28,144.74520874023438,164.24000549316406,164.94000244140625,163.25999450683594,164.67999267578125,10291300
2021-06-01,146.3403778076172,166.0500030517578,166.91000366210938,165.47999572753906,165.8699951171875,9445400
2021-06-02,146.3491668701172,166.05999755859375,167.44000244140625,165.52999877929688,167.25999450683594,10498600
2021-06-03,146.4461212158203,166.1699981689453,167.25,164.66000366210938,165.41000366210938,13354400
2021-06-04,146.6840362548828,166.44000244140625,166.6699981689453,165.02999877929688,166.2100067138672,8510800
2021-06-07,145.99668884277344,165.66000366210938,167.10000610351562,165.13999938964844,167.0,7267200
2021-06-08,145.41500854492188,165.0,165.75999450683594,163.16000366210938,164.49000549316406,10370700
2021-06-09,143.59950256347656,162.94000244140625,164.22000122070312,162.27999877929688,164.13999938964844,12377400
2021-06-10,141.3610076904297,160.39999389648438,165.24000549316406,160.30999755859375,164.36000061035156,12119400
2021-06-11,141.26405334472656,160.2899932861328,161.1999969482422,159.05999755859375,160.42999267578125,13683800
2021-06-14,138.86688232421875,157.57000732421875,160.3300018310547,156.66000366210938,160.14999389648438,19917900
2021-06-15,136.76055908203125,155.17999267578125,156.9199981689453,154.1300048828125,156.6999969482422,24485500
2021-06-16,137.72122192382812,156.27000427246094,157.6199951171875,153.11000061035156,154.72999572753906,25321200
2021-06-17,133.74652099609375,151.75999450683594,157.4600067138672,151.25,157.10000610351562,29722400
2021-06-18,130.3623504638672,147.9199981689453,149.6999969482422,147.55999755859375,149.3000030517578,43595700
2021-06-21,132.57440185546875,150.42999267578125,151.1999969482422,149.02000427246094,149.0800018310547,18664800
2021-06-22,132.3805389404297,150.2100067138672,150.97000122070312,148.66000366210938,150.60000610351562,14251200
2021-06-23,133.18247985839844,151.1199951171875,152.0399932861328,150.08999633789062,150.1999969482422,12733300
2021-06-24,134.4075164794922,152.50999450683594,153.1199951171875,151.22000122070312,151.9199981689453,13733200
2021-06-25,135.7647247314453,154.0500030517578,154.5,151.6699981689453,152.58999633789062,15484900
2021-06-28,136.01145935058594,154.3300018310547,154.47999572753906,152.1199951171875,153.6999969482422,14125800
2021-06-29,135.84405517578125,154.13999938964844,156.30999755859375,153.61000061035156,155.0,14528700
2021-06-30,137.07785034179688,155.5399932861328,156.0800018310547,153.7100067138672,153.75,12531000
2021-07-01,138.43507385253906,157.0800018310547,157.13999938964844,155.4199981689453,156.25999450683594,10479400
2021-07-02,138.3021240234375,156.02999877929688,156.32000732421875,155.1199951171875,155.9499969482422,11424000
2021-07-06,135.97979736328125,153.41000366210938,155.77999877929688,152.35000610351562,155.77999877929688,15083400
2021-07-07,136.13931274414062,153.58999633789062,154.27999877929688,151.5500030517578,152.00999450683594,12271800
2021-07-08,133.79042053222656,150.94000244140625,152.52999877929688,150.0399932861328,151.61000061035156,17834600
2021-07-09,138.07167053222656,155.77000427246094,156.14999389648438,152.5800018310547,153.0500030517578,13694500
2021-07-12,140.04827880859375,158.0,159.16000366210938,153.94000244140625,154.35000610351562,19940400
2021-07-13,137.9652557373047,155.64999389648438,157.38999938964844,153.5,156.0500030517578,22671700
2021-07-14,137.49549865722656,155.1199951171875,157.27999877929688,152.9499969482422,155.9499969482422,14622800
2021-07-15,137.796875,155.4600067138672,156.52999877929688,153.6999969482422,153.89999389648438,11539300
2021-07-16,134.65023803710938,151.91000366210938,156.27999877929688,151.02000427246094,155.9600067138672,14002700
2021-07-19,130.27151489257812,146.97000122070312,149.82000732421875,145.7100067138672,148.5500030517578,22172900
2021-07-20,132.7001953125,149.7100067138672,151.1199951171875,146.3300018310547,146.52000427246094,15385200
2021-07-21,135.49227905273438,152.86000061035156,153.64999389648438,151.36000061035156,152.0500030517578,12356700
2021-07-22,133.78155517578125,150.92999267578125,153.44000244140625,149.97000122070312,152.8800048828125,9913300
2021-07-23,133.52452087402344,150.63999938964844,152.83999633789062,150.25,151.47999572753906,9666100
2021-07-26,134.4197540283203,151.64999389648438,151.9600067138672,150.1699981689453,150.19000244140625,8208000
2021-07-27,134.2425079345703,151.4499969482422,152.49000549316406,149.8000030517578,150.39999389648438,11218700
2021-07-28,134.46409606933594,151.6999969482422,152.77000427246094,150.8800048828125,152.2899932861328,9217300
2021-07-29,135.6164093017578,153.0,153.8699951171875,151.91000366210938,153.13999938964844,9063500
2021-07-30,134.53497314453125,151.77999877929688,153.6699981689453,151.1999969482422,152.5800018310547,9805200
2021-08-02,133.9943084716797,151.1699981689453,154.4499969482422,151.07000732421875,152.02999877929688,10203200
2021-08-03,135.51889038085938,152.88999938964844,153.32000732421875,149.52000427246094,151.9499969482422,10394800
2021-08-04,134.05633544921875,151.24000549316406,153.3699951171875,150.91000366210938,151.25,10155000
2021-08-05,135.7493438720703,153.14999389648438,153.69000244140625,152.00999450683594,152.27999877929688,9151500
2021-08-06,139.60508728027344,157.5,157.82000732421875,155.11000061035156,155.19000244140625,13328800
2021-08-09,139.4543914794922,157.3300018310547,158.5500030517578,155.89999389648438,157.52000427246094,9516900
2021-08-10,141.16514587402344,159.25999450683594,159.97999572753906,156.30999755859375,156.74000549316406,8667000
2021-08-11,142.8492431640625,161.16000366210938,161.5,159.0800018310547,160.0,9156500
2021-08-12,143.4076690673828,161.7899932861328,162.3699951171875,160.5500030517578,161.8800048828125,8844200
2021-08-13,141.80331420898438,159.97999572753906,162.16000366210938,159.57000732421875,161.7899932861328,8980900
2021-08-16,140.8726043701172,158.92999267578125,159.02999877929688,156.77999877929688,158.94000244140625,8755800
2021-08-17,139.17074584960938,157.00999450683594,158.86000061035156,155.27000427246094,157.57000732421875,9347200
2021-08-18,137.9032745361328,155.5800018310547,158.00999450683594,155.33999633789062,156.30999755859375,8065500
2021-08-19,136.7509307861328,154.27999877929688,155.55999755859375,153.00999450683594,153.16000366210938,9517700
2021-08-20,137.14093017578125,154.72000122070312,154.89999389648438,153.16000366210938,154.35000610351562,6974100
2021-08-23,138.89599609375,156.6999969482422,157.08999633789062,155.24000549316406,155.3300018310547,7934600
2021-08-24,139.75575256347656,157.6699981689453,158.5500030517578,156.8699951171875,157.0,7670900
2021-08-25,142.63653564453125,160.9199981689453,161.77999877929688,157.8000030517578,158.50999450683594,11335000
2021-08-26,143.37222290039062,161.75,163.8300018310547,161.14999389648438,162.25999450683594,11027500
2021-08-27,144.52452087402344,163.0500030517578,163.16000366210938,161.25999450683594,161.75,8780200
2021-08-30,142.21107482910156,160.44000244140625,163.49000549316406,159.8800048828125,163.2100067138672,7937600
2021-08-31,141.7767333984375,159.9499969482422,161.3699951171875,159.35000610351562,160.44000244140625,12340800
2021-09-01,141.5728759765625,159.72000122070312,160.75999450683594,158.97000122070312,160.22000122070312,8729900
2021-09-02,142.22879028320312,160.4600067138672,161.61000061035156,159.42999267578125,160.02000427246094,8813300
2021-09-03,141.3689727783203,159.49000549316406,160.88999938964844,159.14999389648438,160.38999938964844,7959700
2021-09-07,141.12083435058594,159.2100067138672,161.3800048828125,158.9600067138672,159.99000549316406,9285600
2021-09-08,140.4915008544922,158.5,159.5800018310547,158.0399932861328,158.88999938964844,7852700
2021-09-09,141.1031036376953,159.19000244140625,160.8300018310547,158.0800018310547,158.27000427246094,7904300
2021-09-10,139.4810028076172,157.36000061035156,160.72000122070312,157.22000122070312,160.55999755859375,8311600
2021-09-13,141.6969451904297,159.86000061035156,160.0500030517578,158.07000732421875,158.52999877929688,10052800
2021-09-14,139.2239532470703,157.07000732421875,161.33999633789062,156.25999450683594,160.4499969482422,11685600
2021-09-15,140.19009399414062,158.16000366210938,158.69000244140625,156.47000122070312,156.72000122070312,11691500
2021-09-16,140.12806701660156,158.08999633789062,160.85000610351562,157.22000122070312,159.41000366210938,10880900
2021-09-17,139.7646484375,157.67999267578125,159.00999450683594,157.0,157.3800048828125,25581600
2021-09-20,135.5809326171875,152.9600067138672,154.55999755859375,150.49000549316406,153.88999938964844,15819900
2021-09-21,135.59866333007812,152.97999572753906,154.5500030517578,152.5800018310547,153.52999877929688,8999900
2021-09-22,138.19577026367188,155.91000366210938,157.25,155.10000610351562,155.1999969482422,11236200
2021-09-23,142.86697387695312,161.17999267578125,161.7100067138672,157.6699981689453,158.0,12336100
2021-09-24,144.515625,163.0399932861328,163.58999633789062,160.82000732421875,161.44000244140625,10102400
2021-09-27,148.00794982910156,166.97999572753906,167.39999389648438,164.61000061035156,165.0,13220900
2021-09-28,147.2102508544922,166.0800018310547,169.3000030517578,165.66000366210938,167.6999969482422,13387900
2021-09-29,147.09500122070312,165.9499969482422,166.89999389648438,165.0399932861328,166.2100067138672,7777100
2021-09-30,145.091796875,163.69000244140625,166.99000549316406,162.7899932861328,166.9199981689453,13161200
2021-10-01,148.1409454345703,167.1300048828125,168.3000030517578,163.60000610351562,164.0,11285000
2021-10-04,147.9813995361328,166.9499969482422,170.44000244140625,165.72999572753906,166.97000122070312,14120000
2021-10-05,150.39794921875,168.66000366210938,170.13999938964844,166.6699981689453,167.2100067138672,12292900
2021-10-06,150.71896362304688,169.02000427246094,169.10000610351562,166.0,167.99000549316406,8692600
2021-10-07,151.673095703125,170.08999633789062,171.50999450683594,169.5399932861328,171.1999969482422,10195400
2021-10-08,151.78903198242188,170.22000122070312,171.33999633789062,169.3000030517578,170.02000427246094,8190100
2021-10-11,148.59669494628906,166.63999938964844,171.2899932861328,166.4600067138672,170.8000030517578,12154700
2021-10-12,147.45529174804688,165.36000061035156,166.69000244140625,164.77000427246094,165.75,13032600
2021-10-13,143.56739807128906,161.0,165.41000366210938,160.60000610351562,164.07000732421875,22753500
2021-10-14,145.76995849609375,163.47000122070312,164.00999450683594,160.05999755859375,161.75,15176800
2021-10-15,148.5699462890625,166.61000061035156,167.1699981689453,164.13999938964844,165.35000610351562,14267400
2021-10-18,148.51646423339844,166.5500030517578,168.61000061035156,165.91000366210938,166.47999572753906,12672900
2021-10-19,150.3177032470703,168.57000732421875,168.64999389648438,166.5800018310547,167.39999389648438,8053900
2021-10-20,152.34190368652344,170.83999633789062,170.8699951171875,167.4600067138672,168.3000030517578,8185600
2021-10-21,151.14700317382812,169.5,171.3300018310547,168.67999267578125,170.75999450683594,8415200
2021-10-22,153.18011474609375,171.77999877929688,172.08999633789062,169.6999969482422,170.02999877929688,8817900
2021-10-25,152.4310760498047,170.94000244140625,172.9600067138672,170.47999572753906,172.7100067138672,10159200
2021-10-26,152.84129333496094,171.39999389648438,172.49000549316406,170.5399932861328,171.0,8015100
2021-10-27,149.65786743164062,167.8300018310547,170.6999969482422,167.33999633789062,170.32000732421875,9847000
2021-10-28,151.91390991210938,170.36000061035156,170.50999450683594,167.9600067138672,168.3000030517578,7212900
2021-10-29,151.49478149414062,169.88999938964844,172.24000549316406,169.38999938964844,171.17999267578125,8140100
2021-11-01,151.41452026367188,169.8000030517578,172.3300018310547,169.00999450683594,172.0399932861328,7435500
2021-11-02,152.0120086669922,170.47000122070312,171.69000244140625,168.9199981689453,169.8000030517578,7173800
2021-11-03,152.06549072265625,170.52999877929688,171.1300048828125,169.14999389648438,170.1300048828125,8402700
2021-11-04,150.06805419921875,168.2899932861328,170.1999969482422,166.49000549316406,170.0,9574200
2021-11-05,149.85401916503906,168.0500030517578,170.08999633789062,167.41000366210938,168.89999389648438,7975600
2021-11-08,150.75466918945312,169.05999755859375,170.9199981689453,168.74000549316406,169.0500030517578,6413700
2021-11-09,149.61322021484375,167.77999877929688,168.47000122070312,166.60000610351562,167.35000610351562,7990300
2021-11-10,149.4705810546875,167.6199951171875,168.9499969482422,167.08999633789062,167.4499969482422,6999200
2021-11-11,149.461669921875,167.61000061035156,168.67999267578125,166.89999389648438,167.52000427246094,5815300
2021-11-12,148.79283142089844,166.86000061035156,167.74000549316406,165.72000122070312,167.64999389648438,8113400
2021-11-15,148.52532958984375,166.55999755859375,167.7899932861328,166.0,167.2100067138672,6492500
2021-11-16,147.45529174804688,165.36000061035156,167.07000732421875,165.1199951171875,167.05999755859375,9706100
2021-11-17,146.6616668701172,164.47000122070312,165.55999755859375,163.38999938964844,165.2100067138672,9909600
2021-11-18,145.3953857421875,163.0500030517578,164.85000610351562,162.55999755859375,164.38999938964844,8122500
2021-11-19,143.49603271484375,160.9199981689453,162.11000061035156,159.4499969482422,161.3000030517578,12193600
2021-11-22,146.55467224121094,164.35000610351562,165.97999572753906,162.99000549316406,164.16000366210938,14549900
2021-11-23,150.05914306640625,168.27999877929688,168.55999755859375,165.3699951171875,165.5,12354400
2021-11-24,148.88206481933594,166.9600067138672,169.44000244140625,166.44000244140625,168.4600067138672,9629800
2021-11-26,144.3966522216797,161.92999267578125,162.64999389648438,158.82000732421875,162.13999938964844,13619300
2021-11-29,143.77247619628906,161.22999572753906,164.77999877929688,159.82000732421875,163.30999755859375,12104400
2021-11-30,141.63232421875,158.8300018310547,160.6300048828125,158.2899932861328,159.16000366210938,18922600
2021-12-01,140.79409790039062,157.88999938964844,163.27000427246094,157.8000030517578,161.0,12253400
2021-12-02,143.75465393066406,161.2100067138672,163.25,158.8000030517578,159.8300018310547,12969900
2021-12-03,141.1508026123047,158.2899932861328,161.8300018310547,157.19000244140625,161.5,12681800
2021-12-06,142.81832885742188,160.16000366210938,162.61000061035156,159.4600067138672,161.00999450683594,11186500
2021-12-07,144.9673614501953,162.57000732421875,163.38999938964844,161.16000366210938,161.8800048828125,9851600
2021-12-08,143.3087615966797,160.7100067138672,163.27000427246094,160.1699981689453,162.66000366210938,11705700
2021-12-09,143.0858612060547,160.4600067138672,160.92999267578125,158.64999389648438,159.64999389648438,11189600
2021-12-10,142.51513671875,159.82000732421875,161.6999969482422,159.1300048828125,161.32000732421875,10405400
2021-12-13,140.82086181640625,157.9199981689453,159.7899932861328,157.27999877929688,159.5,12069000
2021-12-14,141.8998565673828,159.1300048828125,160.88999938964844,157.3000030517578,157.4499969482422,12563600
2021-12-15,140.83871459960938,157.94000244140625,159.85000610351562,157.35000610351562,159.85000610351562,14014200
2021-12-16,143.04124450683594,160.41000366210938,161.82000732421875,158.6999969482422,160.38999938964844,19542800
2021-12-17,139.7864532470703,156.75999450683594,159.3800048828125,155.17999267578125,159.32000732421875,28082000
2021-12-20,137.2718048095703,153.94000244140625,154.6999969482422,151.83999633789062,154.50999450683594,15148000
2021-12-21,139.1890106201172,156.08999633789062,157.17999267578125,155.08999633789062,155.41000366210938,11291300
2021-12-22,139.73297119140625,156.6999969482422,157.05999755859375,155.24000549316406,155.75,7273000
2021-12-23,140.23233032226562,157.25999450683594,159.1199951171875,157.2100067138672,157.61000061035156,8055200
2021-12-27,141.0348663330078,158.16000366210938,158.1999969482422,156.33999633789062,157.60000610351562,6188100
2021-12-28,141.46290588378906,158.63999938964844,160.14999389648438,158.0800018310547,158.1999969482422,6342300
2021-12-29,141.39154052734375,158.55999755859375,159.6300048828125,158.14999389648438,158.85000610351562,6398900
2021-12-30,141.32022094726562,158.47999572753906,160.24000549316406,158.3699951171875,159.11000061035156,6948200
2021-12-31,141.2042999267578,158.35000610351562,159.2899932861328,157.9600067138672,158.4499969482422,5805900
2022-01-03,144.1915740966797,161.6999969482422,162.63999938964844,159.50999450683594,159.86000061035156,13120900
2022-01-04,149.65786743164062,167.8300018310547,168.5800018310547,164.22999572753906,164.30999755859375,20195800
2022-01-05,146.92176818847656,163.77999877929688,168.36000061035156,163.72999572753906,167.82000732421875,17539400
2022-01-06,148.48268127441406,165.52000427246094,167.3699951171875,163.8699951171875,166.91000366210938,14047500
2022-01-07,149.95388793945312,167.16000366210938,167.52999877929688,165.05999755859375,165.6699981689453,13913300
2022-01-10,150.09739685058594,167.32000732421875,169.30999755859375,165.52999877929688,169.07000732421875,12922500
2022-01-11,150.2499237060547,167.49000549316406,168.52000427246094,166.30999755859375,168.25999450683594,11854100
2022-01-12,151.10211181640625,168.44000244140625,169.58999633789062,167.17999267578125,168.4600067138672,12568000
2022-01-13,150.9136962890625,168.22999572753906,169.80999755859375,167.88999938964844,168.33999633789062,13623400
2022-01-14,141.63804626464844,157.88999938964844,161.02999877929688,156.89999389648438,160.75999450683594,40158400
2022-01-18,135.69944763183594,151.27000427246094,155.77999877929688,150.5399932861328,155.77999877929688,32324800
2022-01-19,133.60032653808594,148.92999267578125,152.22999572753906,148.5500030517578,151.57000732421875,22380000
2022-01-20,132.4610595703125,147.66000366210938,150.61000061035156,147.36000061035156,148.99000549316406,14860800
2022-01-21,130.14662170410156,145.0800018310547,147.50999450683594,144.27000427246094,147.5,20705400
2022-01-24,130.03001403808594,144.9499969482422,145.47999572753906,139.57000732421875,142.27999877929688,28471400
2022-01-25,131.44732666015625,146.52999877929688,146.85000610351562,140.7899932861328,143.64999389648438,18915900
2022-01-26,132.6942901611328,147.9199981689453,150.57000732421875,145.9600067138672,148.72000122070312,20709100
2022-01-27,130.35293579101562,145.30999755859375,150.3800048828125,144.1300048828125,149.4199981689453,17536800
2022-01-28,131.51913452148438,146.61000061035156,146.75999450683594,142.1699981689453,144.19000244140625,14117000
2022-01-31,133.30433654785156,148.60000610351562,148.7899932861328,144.6699981689453,145.63999938964844,13985700
2022-02-01,135.59182739257812,151.14999389648438,151.47000122070312,148.3000030517578,148.69000244140625,14584900
2022-02-02,134.50636291503906,149.94000244140625,150.94000244140625,148.07000732421875,150.5,12441100
2022-02-03,133.3939971923828,148.6999969482422,151.64999389648438,148.2899932861328,150.0,12474900
2022-02-04,136.8566436767578,152.55999755859375,153.5,148.77000427246094,149.10000610351562,16654400
2022-02-07,137.3141632080078,153.07000732421875,153.6199951171875,150.85000610351562,153.27000427246094,12572300
2022-02-08,139.89773559570312,155.9499969482422,158.47999572753906,154.8000030517578,155.0,20411400
2022-02-09,140.4808349609375,156.60000610351562,157.42999267578125,155.82000732421875,156.58999633789062,9131100
2022-02-10,139.89773559570312,155.9499969482422,159.02999877929688,155.22000122070312,156.66000366210938,16455600
2022-02-11,138.0767059326172,153.9199981689453,158.19000244140625,152.97000122070312,155.61000061035156,16830000
2022-02-14,136.79388427734375,152.49000549316406,153.67999267578125,150.32000732421875,152.72999572753906,17026500
2022-02-15,138.79434204101562,154.72000122070312,155.94000244140625,153.85000610351562,154.50999450683594,9500000
2022-02-16,139.0455322265625,155.0,156.10000610351562,153.74000549316406,153.74000549316406,9076500
2022-02-17,135.84300231933594,151.42999267578125,153.72999572753906,150.6699981689453,153.0,11367500
2022-02-18,136.4799041748047,152.13999938964844,154.13999938964844,151.1300048828125,152.1300048828125,11733300
2022-02-22,136.23773193359375,151.8699951171875,153.24000549316406,150.41000366210938,150.60000610351562,11333500
2022-02-23,133.385009765625,148.69000244140625,153.3000030517578,147.97000122070312,153.1199951171875,11799000
2022-02-24,129.67115783691406,144.5500030517578,144.99000549316406,139.77999877929688,142.94000244140625,25655100
2022-02-25,132.73912048339844,147.97000122070312,150.1300048828125,144.91000366210938,145.25,18367700
2022-02-28,127.20423126220703,141.8000030517578,145.05999755859375,140.8800048828125,143.5500030517578,31315300
2022-03-01,122.4049072265625,136.4499969482422,140.47999572753906,133.5800018310547,140.0399932861328,36840400
2022-03-02,124.94364929199219,139.27999877929688,140.0399932861328,136.61000061035156,137.2899932861328,19405600
2022-03-03,124.05550384521484,138.2899932861328,140.97999572753906,137.05999755859375,139.83999633789062,16640800
2022-03-04,120.56590270996094,134.39999389648438,135.4199981689453,132.39999389648438,134.94000244140625,21016000
2022-03-07,115.91016387939453,129.2100067138672,132.69000244140625,128.9499969482422,132.1699981689453,27560100
2022-03-08,115.09382629394531,128.3000030517578,131.7899932861328,127.2699966430664,129.63999938964844,19207800
2022-03-09,119.7047348022461,133.44000244140625,135.24000549316406,132.44000244140625,132.89999389648438,17536200
2022-03-10,118.28736877441406,131.86000061035156,133.4499969482422,130.32000732421875,131.86000061035156,15604200
2022-03-11,115.62309265136719,128.88999938964844,134.0800018310547,128.4199981689453,132.49000549316406,20061800
2022-03-14,116.77133178710938,130.1699981689453,132.9199981689453,129.22999572753906,129.4600067138672,15786900
2022-03-15,118.84355163574219,132.47999572753906,133.5500030517578,131.1300048828125,131.8000030517578,15096600
2022-03-16,124.15418243408203,138.39999389648438,138.49000549316406,134.42999267578125,134.8699951171875,20354900
2022-03-17,125.72408294677734,140.14999389648438,140.19000244140625,135.9199981689453,136.86000061035156,17050500
2022-03-18,125.67918395996094,140.10000610351562,140.85000610351562,138.4600067138672,140.19000244140625,23656500
2022-03-21,125.2755126953125,139.64999389648438,140.75999450683594,138.72999572753906,140.35000610351562,12676100
2022-03-22,127.9397964477539,142.6199951171875,143.92999267578125,141.72000122070312,142.27000427246094,13548600
2022-03-23,125.3921127319336,139.77999877929688,141.58999633789062,139.1999969482422,140.97999572753906,12093200
2022-03-24,126.20848846435547,140.69000244140625,140.7100067138672,139.11000061035156,140.3000030517578,10017600
2022-03-25,127.31188201904297,141.9199981689453,143.17999267578125,140.8000030517578,141.08999633789062,8383500
2022-03-28,126.36994934082031,140.8699951171875,140.97000122070312,137.89999389648438,140.0,10818100
2022-03-29,126.64801788330078,141.17999267578125,143.60000610351562,140.24000549316406,143.35000610351562,11316500
2022-03-30,126.07392883300781,140.5399932861328,142.1199951171875,139.91000366210938,141.89999389648438,8771000
2022-03-31,122.28829956054688,136.32000732421875,140.35000610351562,136.25999450683594,139.8300018310547,17353900
2022-04-01,121.38227081298828,135.30999755859375,137.41000366210938,133.8000030517578,137.39999389648438,15721300
2022-04-04,121.92050170898438,135.91000366210938,136.94000244140625,132.88999938964844,134.1199951171875,17416400
2022-04-05,120.50167083740234,133.33999633789062,135.39999389648438,133.00999450683594,134.07000732421875,12110300
2022-04-06,118.82979583740234,131.49000549316406,132.55999755859375,130.9600067138672,131.5800018310547,12914700
2022-04-07,118.46831512451172,131.08999633789062,131.9199981689453,128.72999572753906,130.9499969482422,12994200
2022-04-08,120.63723754882812,133.49000549316406,133.89999389648438,131.49000549316406,131.6699981689453,13126900
2022-04-11,120.19439697265625,133.0,134.89999389648438,132.57000732421875,133.0,10466400
2022-04-12,118.8749771118164,131.5399932861328,134.5800018310547,130.6999969482422,132.13999938964844,12989900
2022-04-13,115.04324340820312,127.30000305175781,129.25,126.01000213623047,126.94000244140625,30838000
2022-04-14,113.97685241699219,126.12000274658203,128.3000030517578,125.0199966430664,126.5,18835200
2022-04-18,116.0915298461914,128.4600067138672,129.24000549316406,125.54000091552734,125.66999816894531,11834400
2022-04-19,118.49540710449219,131.1199951171875,131.32000732421875,128.22999572753906,128.4499969482422,15015400
2022-04-20,118.91111755371094,131.5800018310547,133.50999450683594,131.33999633789062,132.52000427246094,13430200
2022-04-21,117.98934173583984,130.55999755859375,132.80999755859375,129.9600067138672,132.22000122070312,12174200
2022-04-22,114.60038757324219,126.80999755859375,130.52000427246094,126.69000244140625,130.27999877929688,14318800
2022-04-25,114.56423950195312,126.7699966430664,127.12000274658203,123.11000061035156,126.01000213623047,17149000
2022-04-26,111.17528533935547,123.0199966430664,126.41000366210938,122.87000274658203,124.63999938964844,17209500
2022-04-27,109.72936248779297,121.41999816894531,123.55999755859375,121.22000122070312,122.33000183105469,17215200
2022-04-28,111.46449279785156,123.33999633789062,123.6500015258789,121.13999938964844,122.80999755859375,13015600
2022-04-29,107.8676986694336,119.36000061035156,123.61000061035156,118.9000015258789,123.05000305175781,14874800
2022-05-02,108.85275268554688,120.44999694824219,120.70999908447266,118.22000122070312,119.87999725341797,18545000
2022-05-03,111.18431854248047,123.02999877929688,124.16999816894531,120.77999877929688,121.52999877929688,15720900
2022-05-04,114.86248779296875,127.0999984741211,127.4000015258789,122.73999786376953,122.80000305175781,17128500
2022-05-05,111.98865509033203,123.91999816894531,126.0999984741211,122.16000366210938,125.25,15055400
2022-05-06,111.80789947509766,123.72000122070312,124.29000091552734,121.18000030517578,123.80000305175781,14417900
2022-05-09,110.12699127197266,121.86000061035156,123.33000183105469,120.5,122.11000061035156,14312300
2022-05-10,107.44295501708984,118.88999938964844,123.77999877929688,117.55999755859375,123.11000061035156,16382400
2022-05-11,106.76516723632812,118.13999938964844,122.88999938964844,117.94000244140625,119.30000305175781,14630300
2022-05-12,106.6748046875,118.04000091552734,118.31999969482422,115.37000274658203,117.0,16318800
2022-05-13,107.6236801147461,119.08999633789062,120.25,117.95999908447266,119.41000366210938,10443200
2022-05-16,106.87360382080078,118.26000213623047,119.45999908447266,117.2300033569336,118.54000091552734,10269000
2022-05-17,110.41617584228516,122.18000030517578,122.97000122070312,120.80999755859375,121.04000091552734,11160200
2022-05-18,108.52742767333984,120.08999633789062,121.97000122070312,119.52999877929688,121.30000305175781,12664900
2022-05-19,106.91879272460938,118.30999755859375,119.6500015258789,117.62999725341797,118.19000244140625,12765800
2022-05-20,106.04217529296875,117.33999633789062,119.66999816894531,115.0199966430664,119.45999908447266,13150100
2022-05-23,112.60317993164062,124.5999984741211,126.56999969482422,120.44999694824219,120.45999908447266,24376700
2022-05-24,114.19374084472656,126.36000061035156,127.48999786376953,123.11000061035156,124.36000061035156,19324900
2022-05-25,114.98896789550781,127.23999786376953,127.86000061035156,125.16999816894531,126.27999877929688,12780400
2022-05-26,116.9771728515625,129.44000244140625,130.19000244140625,128.2100067138672,128.3699951171875,15990900
2022-05-27,118.63098907470703,131.27000427246094,131.27000427246094,129.13999938964844,130.16000366210938,11177800
2022-05-31,119.4985580444336,132.22999572753906,133.14999389648438,129.7100067138672,130.17999267578125,17015000
2022-06-01,117.40190887451172,129.91000366210938,132.8699951171875,128.6699981689453,132.8699951171875,10768000
2022-06-02,119.29067993164062,132.0,132.00999450683594,128.6699981689453,129.89999389648438,8374800
2022-06-03,117.62784576416016,130.16000366210938,131.77000427246094,129.99000549316406,131.2100067138672,8596000
2022-06-06,117.23925018310547,129.72999572753906,132.38999938964844,129.4600067138672,131.08999633789062,11323500
2022-06-07,117.54651641845703,130.07000732421875,130.32000732421875,128.6199951171875,128.8300018310547,6722200
2022-06-08,115.67583465576172,128.0,129.4499969482422,126.9000015258789,129.0,8422100
2022-06-09,113.24480438232422,125.30999755859375,128.10000610351562,125.2699966430664,127.37000274658203,13560100
2022-06-10,108.0394058227539,119.55000305175781,123.4000015258789,119.31999969482422,122.58999633789062,12945200
2022-06-13,104.8221664428711,115.98999786376953,117.94999694824219,115.05999755859375,116.86000061035156,16805600
2022-06-14,103.07798767089844,114.05999755859375,117.31999969482422,113.22000122070312,115.55000305175781,13357900
2022-06-15,104.29802703857422,115.41000366210938,116.94999694824219,113.16999816894531,115.62000274658203,14083500
2022-06-16,102.5086669921875,113.43000030517578,114.26000213623047,111.87000274658203,113.86000061035156,16724900
2022-06-17,102.14715576171875,113.02999877929688,114.62999725341797,112.16000366210938,113.54000091552734,30919900
2022-06-21,104.67757415771484,115.83000183105469,117.02999877929688,115.04000091552734,115.87000274658203,11680500
2022-06-22,104.09014892578125,115.18000030517578,116.19999694824219,114.38999938964844,114.87999725341797,9842700
2022-06-23,102.95149230957031,113.91999816894531,115.18000030517578,111.4800033569336,115.01000213623047,11851500
2022-06-24,106.02410888671875,117.31999969482422,117.81999969482422,112.83000183105469,113.2300033569336,14841100
2022-06-27,105.17460632324219,116.37999725341797,118.5,115.63999938964844,118.05999755859375,11280500
2022-06-28,104.66854095458984,115.81999969482422,119.29000091552734,115.5999984741211,117.66999816894531,11590900
2022-06-29,104.1986083984375,115.30000305175781,116.81999969482422,114.7300033569336,116.0,9338400
2022-06-30,101.76762390136719,112.61000061035156,114.08000183105469,110.93000030517578,113.16999816894531,15172600
2022-07-01,103.0689697265625,114.05000305175781,114.41999816894531,111.16000366210938,112.6500015258789,10573600
2022-07-05,102.67691802978516,112.62000274658203,112.70999908447266,109.30000305175781,110.7699966430664,12514200
2022-07-06,102.0113754272461,111.88999938964844,112.98999786376953,110.79000091552734,111.7300033569336,10656200
2022-07-07,104.5915298461914,114.72000122070312,114.9000015258789,113.4000015258789,113.5,10347400
2022-07-08,104.26329803466797,114.36000061035156,115.6500015258789,113.61000061035156,115.16000366210938,8807800
2022-07-11,102.8957290649414,112.86000061035156,114.2300033569336,112.22000122070312,113.55000305175781,7939500
2022-07-12,102.99602508544922,112.97000122070312,115.18000030517578,112.26000213623047,112.58000183105469,11250900
2022-07-13,102.02960968017578,111.91000366210938,112.4800033569336,110.37999725341797,111.75,12979900
2022-07-14,98.4648208618164,108.0,108.2300033569336,106.05999755859375,107.98999786376953,26204800
2022-07-15,102.977783203125,112.94999694824219,113.87999725341797,107.66999816894531,109.16000366210938,18863900
2022-07-18,101.92019653320312,111.79000091552734,115.83999633789062,111.29000091552734,114.7699966430664,13977900
2022-07-19,104.44563293457031,114.55999755859375,114.94000244140625,112.66999816894531,113.12999725341797,11862300
2022-07-20,104.42739868164062,114.54000091552734,114.73999786376953,113.4800033569336,114.0999984741211,11667500
2022-07-21,105.1385498046875,115.31999969482422,115.52999877929688,113.37000274658203,114.44000244140625,11595900
2022-07-22,104.62799835205078,114.76000213623047,116.25,113.66999816894531,115.23999786376953,7645500
2022-07-25,105.04736328125,115.22000122070312,116.45999908447266,114.7699966430664,115.83999633789062,9394000
2022-07-26,103.40630340576172,113.41999816894531,115.58000183105469,113.02999877929688,114.58000183105469,10675100
2022-07-27,105.06560516357422,115.23999786376953,115.73999786376953,113.30000305175781,114.01000213623047,9337400
2022-07-28,104.67356872558594,114.80999755859375,115.9800033569336,113.52999877929688,115.25,10384800
2022-07-29,105.17501068115234,115.36000061035156,116.5,114.79000091552734,115.58999633789062,12944500
2022-08-01,104.12654113769531,114.20999908447266,115.11000061035156,113.06999969482422,114.5,14740400
2022-08-02,102.50370025634766,112.43000030517578,114.4000015258789,112.2699966430664,113.91999816894531,14942900
2022-08-03,103.57951354980469,113.61000061035156,114.0999984741211,111.70999908447266,113.44999694824219,14394500
2022-08-04,102.43987274169922,112.36000061035156,113.31999969482422,111.0199966430664,112.8499984741211,18033900
2022-08-05,105.53968811035156,115.76000213623047,116.19000244140625,112.05000305175781,112.52999877929688,14174600
2022-08-08,104.25418853759766,114.3499984741211,116.69999694824219,114.18000030517578,116.25,10332500
2022-08-09,105.19324493408203,115.37999725341797,115.98999786376953,114.37000274658203,114.75,10233800
2022-08-10,107.93749237060547,118.38999938964844,119.37000274658203,117.5,117.95999908447266,12847300
2022-08-11,109.53298950195312,120.13999938964844,121.19999694824219,119.30999755859375,119.9000015258789,11684900
2022-08-12,111.34729766845703,122.12999725341797,122.25,119.44000244140625,120.66999816894531,9906700
2022-08-15,111.64816284179688,122.45999908447266,122.72000122070312,120.5999984741211,121.13999938964844,8456200
2022-08-16,112.7148666381836,123.62999725341797,124.23999786376953,121.87000274658203,122.29000091552734,9555000
2022-08-17,111.76669311523438,122.58999633789062,123.16000366210938,121.69000244140625,122.30000305175781,8149300
2022-08-18,110.90055084228516,121.63999938964844,122.47000122070312,120.55000305175781,122.23999786376953,9531800
2022-08-19,108.15629577636719,118.62999725341797,120.98999786376953,118.11000061035156,120.62000274658203,13464500
2022-08-22,106.36934661865234,116.66999816894531,117.16000366210938,115.5,116.75,8967600
2022-08-23,105.32086944580078,115.5199966430664,117.29000091552734,115.37999725341797,116.69000244140625,7607000
2022-08-24,105.576171875,115.80000305175781,116.41000366210938,114.44999694824219,115.29000091552734,9771300
2022-08-25,108.0833740234375,118.55000305175781,118.73999786376953,115.68000030517578,116.16000366210938,10758900
2022-08-26,104.5459213256836,114.66999816894531,119.98999786376953,114.5999984741211,119.45999908447266,11276200
2022-08-29,104.29065704345703,114.38999938964844,114.86000061035156,113.45999908447266,114.0,8117300
2022-08-30,104.30888366699219,114.41000366210938,115.58000183105469,113.36000061035156,115.0,10745400
2022-08-31,103.68893432617188,113.7300033569336,115.02999877929688,113.33999633789062,114.4800033569336,10738300
2022-09-01,104.40005493164062,114.51000213623047,114.62999725341797,111.91000366210938,113.29000091552734,9979800
2022-09-02,103.67068481445312,113.70999908447266,117.44999694824219,113.19000244140625,115.87000274658203,10666600
2022-09-06,103.69803619384766,113.73999786376953,114.75,112.06999969482422,114.33000183105469,9751900
2022-09-07,105.66735076904297,115.9000015258789,116.11000061035156,112.76000213623047,113.12999725341797,10647900
2022-09-08,108.12895202636719,118.5999984741211,118.79000091552734,114.62999725341797,115.27999877929688,11435000
2022-09-09,108.64862060546875,119.16999816894531,120.05000305175781,118.66999816894531,119.13999938964844,9299700
2022-09-12,109.93415069580078,120.58000183105469,121.55000305175781,119.79000091552734,120.62000274658203,8614600
2022-09-13,106.11407470703125,116.38999938964844,118.91999816894531,115.77999877929688,118.06999969482422,12904600
2022-09-14,105.86793518066406,116.12000274658203,117.83999633789062,114.87999725341797,116.69999694824219,9345700
2022-09-15,107.46342468261719,117.87000274658203,119.37999725341797,115.76000213623047,116.12000274658203,10821400
2022-09-16,106.74315643310547,117.08000183105469,117.4000015258789,115.37000274658203,117.38999938964844,14844100
2022-09-19,107.72779846191406,118.16000366210938,118.7300033569336,115.51000213623047,116.0,8201300
2022-09-20,105.603515625,115.83000183105469,117.69000244140625,114.63999938964844,117.41000366210938,9619000
2022-09-21,102.55839538574219,112.48999786376953,116.5999984741211,112.41999816894531,116.54000091552734,12606300
2022-09-22,101.39141845703125,111.20999908447266,113.5999984741211,111.06999969482422,113.37999725341797,11684500
2022-09-23,99.50416564941406,109.13999938964844,110.33999633789062,107.16000366210938,110.05000305175781,18138600
2022-09-26,97.36164855957031,106.79000091552734,109.61000061035156,106.05999755859375,108.0,15753600
2022-09-27,96.50462341308594,105.8499984741211,108.16999816894531,104.6500015258789,107.75,12793600
2022-09-28,98.45568084716797,107.98999786376953,108.7300033569336,105.63999938964844,105.94999694824219,12762600
2022-09-29,96.78726959228516,106.16000366210938,107.27999877929688,104.4000015258789,106.94999694824219,12713900
2022-09-30,95.27381896972656,104.5,107.62000274658203,104.4000015258789,106.05999755859375,15973400
2022-10-03,98.21866607666016,107.7300033569336,108.36000061035156,104.45999908447266,105.62000274658203,12248100
2022-10-04,102.81366729736328,112.7699966430664,112.98999786376953,109.86000061035156,110.61000061035156,16013600
2022-10-05,101.54426574707031,110.38999938964844,110.94999694824219,108.83000183105469,109.75,10943500
2022-10-06,99.47456359863281,108.13999938964844,110.19000244140625,107.94000244140625,109.45999908447266,11521400
2022-10-07,97.48766326904297,105.9800033569336,107.70999908447266,105.2699966430664,107.5199966430664,11681100
2022-10-10,96.57696533203125,104.98999786376953,107.30999755859375,104.5199966430664,106.7300033569336,8931700
2022-10-11,93.78976440429688,101.95999908447266,104.54000091552734,101.8499984741211,104.37000274658203,12739700
2022-10-12,95.30755615234375,103.61000061035156,104.7300033569336,101.27999877929688,101.80000305175781,13181000
2022-10-13,100.60600280761719,109.37000274658203,109.9000015258789,101.76000213623047,101.9800033569336,22398700
2022-10-14,102.28015899658203,111.19000244140625,115.23999786376953,110.72000122070312,111.95999908447266,33387100
2022-10-17,106.5759506225586,115.86000061035156,117.01000213623047,114.31999969482422,115.41000366210938,22276300
2022-10-18,109.31714630126953,118.83999633789062,120.13999938964844,116.95999908447266,119.66000366210938,21539700
2022-10-19,107.17387390136719,116.51000213623047,118.83000183105469,115.66999816894531,117.98999786376953,17072000
2022-10-20,106.82430267333984,116.12999725341797,118.70999908447266,115.6500015258789,117.16000366210938,12207400
2022-10-21,112.43550109863281,122.2300033569336,122.38999938964844,116.33000183105469,116.45999908447266,20593300
2022-10-24,112.573486328125,122.37999725341797,123.0999984741211,121.33000183105469,122.06999969482422,12624200
2022-10-25,112.86783599853516,122.69999694824219,123.2699966430664,120.88999938964844,121.8499984741211,11289100
2022-10-26,114.16487121582031,124.11000061035156,125.19999694824219,122.87999725341797,123.0,11667000
2022-10-27,114.61558532714844,124.5999984741211,126.19999694824219,124.20999908447266,125.19999694824219,10727600
2022-10-28,115.97700500488281,126.08000183105469,126.27999877929688,124.05000305175781,125.29000091552734,11859500
2022-10-31,115.79301452636719,125.87999725341797,127.43000030517578,125.58999633789062,125.69999694824219,13295200
2022-11-01,117.8811264038086,128.14999389648438,128.27999877929688,126.33000183105469,126.87000274658203,13386900
2022-11-02,116.79568481445312,126.97000122070312,130.36000061035156,126.63999938964844,127.6500015258789,16546100
2022-11-03,117.00724792480469,127.19999694824219,128.17999267578125,125.91000366210938,126.30999755859375,12474400
2022-11-04,120.20838165283203,130.67999267578125,130.8300018310547,128.4600067138672,129.49000549316406,14953200
2022-11-07,120.84310913085938,131.3699951171875,132.2899932861328,130.47999572753906,131.0,12011200
2022-11-08,120.91668701171875,131.4499969482422,132.05999755859375,130.13999938964844,131.24000549316406,9884100
2022-11-09,119.3437271118164,129.74000549316406,131.42999267578125,129.22000122070312,131.32000732421875,9494000
2022-11-10,124.25582122802734,135.0800018310547,135.25,132.52999877929688,132.6300048828125,16351600
2022-11-11,124.45819854736328,135.3000030517578,136.1699981689453,133.77999877929688,135.19000244140625,10704700
2022-11-14,123.17957305908203,133.91000366210938,135.72999572753906,133.91000366210938,134.8000030517578,11085600
2022-11-15,122.28729248046875,132.94000244140625,135.7100067138672,131.60000610351562,134.67999267578125,14038300
2022-11-16,122.4528579711914,133.1199951171875,133.55999755859375,132.02999877929688,133.0,7893400
2022-11-17,121.9193344116211,132.5399932861328,132.88999938964844,131.27999877929688,132.0,8820200
2022-11-18,123.11515808105469,133.83999633789062,134.6699981689453,132.27999877929688,134.57000732421875,9468500
2022-11-21,122.38849639892578,133.0500030517578,134.55999755859375,132.75,133.74000549316406,7800500
2022-11-22,124.21900177001953,135.0399932861328,135.27000427246094,133.69000244140625,134.0,9185700
2022-11-23,125.54361724853516,136.47999572753906,136.5,134.86000061035156,134.94000244140625,7316200
2022-11-25,125.78277587890625,136.74000549316406,137.13999938964844,136.05999755859375,136.47999572753906,3220500
2022-11-28,123.58431243896484,134.35000610351562,136.7100067138672,134.19000244140625,136.07000732421875,9906900
2022-11-29,125.61722564697266,136.55999755859375,136.63999938964844,134.41000366210938,134.66000366210938,7925300
2022-11-30,127.1073989868164,138.17999267578125,138.17999267578125,133.19000244140625,136.08999633789062,14761200
2022-12-01,125.3228759765625,136.24000549316406,138.66000366210938,135.42999267578125,138.17999267578125,8858500
2022-12-02,124.32939910888672,135.16000366210938,135.35000610351562,133.33999633789062,134.49000549316406,8931900
2022-12-05,120.84310913085938,131.3699951171875,134.57000732421875,130.60000610351562,134.24000549316406,10154500
2022-12-06,121.04546356201172,131.58999633789062,135.11000061035156,129.8699951171875,133.38999938964844,13966700
2022-12-07,120.96269226074219,131.5,133.0800018310547,130.3300018310547,131.30999755859375,11739400
2022-12-08,122.23213195800781,132.8800048828125,132.97999572753906,131.42999267578125,132.3300018310547,8907300
2022-12-09,121.56978607177734,132.16000366210938,133.75999450683594,132.0,132.1999969482422,7957800
2022-12-12,123.4555435180664,134.2100067138672,134.64999389648438,131.60000610351562,132.39999389648438,8841600
2022-12-13,123.33592987060547,134.0800018310547,137.08999633789062,133.0800018310547,136.88999938964844,10025400
2022-12-14,122.7196044921875,133.41000366210938,135.7100067138672,132.75999450683594,133.77999877929688,9966100
2022-12-15,119.67488098144531,130.10000610351562,132.0800018310547,129.0500030517578,131.14999389648438,12087800
2022-12-16,118.92975616455078,129.2899932861328,129.89999389648438,128.42999267578125,129.14999389648438,21133700
2022-12-19,119.63807678222656,130.05999755859375,131.3300018310547,129.08999633789062,129.64999389648438,9017200
2022-12-20,120.21761322021484,130.69000244140625,132.0500030517578,130.1999969482422,130.97000122070312,8549900
2022-12-21,121.56978607177734,132.16000366210938,132.97999572753906,131.77000427246094,132.17999267578125,8051700
2022-12-22,120.18999481201172,130.66000366210938,131.3000030517578,128.41000366210938,131.10000610351562,8648200
2022-12-23,120.76031494140625,131.27999877929688,131.44000244140625,129.63999938964844,130.5800018310547,5091900
2022-12-27,121.1834487915039,131.74000549316406,132.22000122070312,130.5500030517578,131.57000732421875,5411000
2022-12-28,121.84577941894531,132.4600067138672,133.41000366210938,131.00999450683594,131.85000610351562,8827700
2022-12-29,122.54488372802734,133.22000122070312,133.27000427246094,132.30999755859375,132.92999267578125,6585200
2022-12-30,123.35435485839844,134.10000610351562,134.3300018310547,132.44000244140625,132.80999755859375,9292500
2023-01-03,124.2926025390625,135.1199951171875,136.74000549316406,133.88999938964844,135.24000549316406,11054800
2023-01-04,125.45164489746094,136.3800048828125,137.67999267578125,135.57000732421875,135.99000549316406,11687600
2023-01-05,125.423828125,135.35000610351562,135.7100067138672,133.6999969482422,135.66000366210938,8381300
2023-01-06,127.82393646240234,137.94000244140625,138.3800048828125,134.49000549316406,136.1300048828125,10029100
2023-01-09,127.29573059082031,137.3699951171875,138.8800048828125,136.8800048828125,138.60000610351562,8482300
2023-01-10,128.4355010986328,138.60000610351562,138.72000122070312,137.30999755859375,137.7899932861328,9048700
2023-01-11,129.38995361328125,139.6300048828125,139.75,138.10000610351562,138.89999389648438,8703700
2023-01-12,129.26023864746094,139.49000549316406,140.86000061035156,139.22000122070312,140.0,11001700
2023-01-13,132.52206420898438,143.00999450683594,143.49000549316406,134.8000030517578,135.60000610351562,20200000
2023-01-17,130.47415161132812,140.8000030517578,141.5399932861328,139.22999572753906,141.1699981689453,14292900
2023-01-18,126.55438232421875,136.57000732421875,140.72999572753906,136.41000366210938,138.9199981689453,13392600
2023-01-19,124.86785888671875,134.75,135.89999389648438,133.58999633789062,135.32000732421875,13303400
2023-01-20,125.17364501953125,135.0800018310547,135.49000549316406,133.5500030517578,135.16000366210938,13092500
2023-01-23,127.20304107666016,137.27000427246094,137.9600067138672,134.82000732421875,135.1199951171875,10487100
2023-01-24,128.29649353027344,138.4499969482422,140.2899932861328,135.0,136.4199981689453,6945000
2023-01-25,128.91734313964844,139.1199951171875,139.1199951171875,137.25,138.0500030517578,8967000
2023-01-26,129.7142791748047,139.97999572753906,140.05999755859375,138.36000061035156,139.4199981689453,7487600
2023-01-27,130.0293731689453,140.32000732421875,141.25999450683594,139.75,140.61000061035156,7489900
2023-01-30,128.9266357421875,139.1300048828125,140.08999633789062,138.91000366210938,139.22999572753906,6729300
2023-01-31,129.6957550048828,139.9600067138672,140.07000732421875,138.25,139.8800048828125,9188700
2023-02-01,129.35287475585938,139.58999633789062,140.8800048828125,138.1199951171875,138.2100067138672,8841800
2023-02-02,128.75059509277344,138.94000244140625,140.4600067138672,138.0,140.0,11822100
2023-02-03,130.74288940429688,141.08999633789062,142.3300018310547,138.1300048828125,138.17999267578125,11501200
2023-02-06,131.51199340820312,141.9199981689453,142.24000549316406,140.02999877929688,140.22999572753906,8406200
2023-02-07,133.11514282226562,143.64999389648438,144.33999633789062,141.17999267578125,141.3800048828125,10447900
2023-02-08,132.17919921875,142.63999938964844,144.0399932861328,142.27999877929688,142.64999389648438,6958000
2023-02-09,130.12200927734375,140.4199981689453,143.33999633789062,139.8699951171875,143.1199951171875,6443100
2023-02-10,130.696533203125,141.0399932861328,141.27999877929688,138.58999633789062,139.77999877929688,6582900
2023-02-13,132.1143341064453,142.57000732421875,142.72999572753906,140.74000549316406,141.3000030517578,7134600
2023-02-14,132.69813537597656,143.1999969482422,143.80999755859375,141.60000610351562,142.5,9249400
2023-02-15,133.254150390625,143.8000030517578,143.88999938964844,141.3000030517578,141.61000061035156,6728300
2023-02-16,131.41937255859375,141.82000732421875,143.38999938964844,141.67999267578125,142.91000366210938,8165300
2023-02-17,131.8085479736328,142.24000549316406,142.8300018310547,140.07000732421875,140.97999572753906,7948800
2023-02-21,129.38995361328125,139.6300048828125,141.33999633789062,138.75,140.69000244140625,9996300
2023-02-22,128.3984375,138.55999755859375,139.42999267578125,137.44000244140625,138.9199981689453,11107500
2023-02-23,129.4270477294922,139.6699981689453,140.1699981689453,137.94000244140625,138.72999572753906,8068000
2023-02-24,130.59461975097656,140.92999267578125,141.36000061035156,138.92999267578125,139.11000061035156,9126900
2023-02-27,131.7344207763672,142.16000366210938,143.30999755859375,141.72000122070312,142.11000061035156,10014700
2023-02-28,132.83714294433594,143.35000610351562,143.75999450683594,141.89999389648438,142.94000244140625,11019800
2023-03-01,132.09580993652344,142.5500030517578,143.4600067138672,141.8000030517578,142.10000610351562,7139200
2023-03-02,130.724365234375,141.07000732421875,142.42999267578125,139.5399932861328,142.24000549316406,11106800
2023-03-03,133.1243896484375,143.66000366210938,143.74000549316406,141.0800018310547,141.50999450683594,9513100
2023-03-06,132.34600830078125,142.82000732421875,144.0399932861328,142.66000366210938,143.44000244140625,9261300
2023-03-07,128.45404052734375,138.6199951171875,142.30999755859375,137.80999755859375,142.00999450683594,11747600
2023-03-08,127.69414520263672,137.8000030517578,138.58999633789062,136.88999938964844,138.0,10002500
2023-03-09,120.78125,130.33999633789062,137.35000610351562,129.22000122070312,136.75999450683594,25888100
2023-03-10,123.84852600097656,133.64999389648438,135.25999450683594,127.81999969482422,128.9600067138672,37599700
2023-03-13,121.62452697753906,131.25,133.8800048828125,129.41000366210938,131.2100067138672,42901100
2023-03-14,124.74736785888672,134.6199951171875,135.52999877929688,131.2899932861328,135.27999877929688,29648100
2023-03-15,118.85379791259766,128.25999450683594,130.99000549316406,126.7300033569336,130.97999572753906,34280600
2023-03-16,121.16120147705078,130.75,131.9499969482422,126.0199966430664,128.00999450683594,24558500
2023-03-17,116.5834732055664,125.80999755859375,128.47999572753906,125.44999694824219,128.3800048828125,38396000
2023-03-20,117.81593322753906,127.13999938964844,129.47000122070312,126.01000213623047,126.98999786376953,22875500
2023-03-21,120.9758529663086,130.5500030517578,131.72999572753906,130.19000244140625,130.58999633789062,17807800
2023-03-22,117.8530044555664,127.18000030517578,130.66000366210938,127.08000183105469,130.55999755859375,17250200
2023-03-23,117.53793334960938,126.83999633789062,129.52999877929688,126.0199966430664,127.9000015258789,16677600
2023-03-24,115.74948120117188,124.91000366210938,125.68000030517578,123.11000061035156,125.62999725341797,22311100
2023-03-27,119.06693267822266,128.49000549316406,129.3800048828125,126.29000091552734,126.79000091552734,18853900
2023-03-28,119.42833709716797,128.8800048828125,129.33999633789062,127.73999786376953,128.7100067138672,10820500
2023-03-29,119.66926574707031,129.13999938964844,130.22000122070312,127.7699966430664,130.10000610351562,14595300
2023-03-30,119.30786895751953,128.75,130.1199951171875,127.6500015258789,129.9499969482422,12134700
2023-03-31,120.75344848632812,130.30999755859375,130.33999633789062,128.85000610351562,129.66000366210938,13105200
2023-04-03,120.61447143554688,130.16000366210938,131.44000244140625,129.41000366210938,129.91000366210938,11775400
2023-04-04,119.00205993652344,128.4199981689453,130.58999633789062,127.41000366210938,130.5,11579900
2023-04-05,119.17951965332031,127.61000061035156,128.14999389648438,126.45999908447266,126.80000305175781,9614700
2023-04-06,119.04876708984375,127.47000122070312,128.0800018310547,126.86000061035156,127.0,8760200
2023-04-10,119.44100952148438,127.88999938964844,128.22999572753906,126.22000122070312,126.54000091552734,9477300
2023-04-11,120.02938079833984,128.52000427246094,128.94000244140625,127.54000091552734,128.3000030517578,10516300
2023-04-12,120.01072692871094,128.5,130.42999267578125,128.05999755859375,129.17999267578125,11821000
2023-04-13,120.46834564208984,128.99000549316406,129.0399932861328,126.83000183105469,128.4600067138672,12450200
2023-04-14,129.5648651123047,138.72999572753906,139.1199951171875,134.89999389648438,135.14999389648438,43931300
2023-04-17,130.5922088623047,139.8300018310547,140.05999755859375,137.66000366210938,139.9499969482422,16050500
2023-04-18,132.05845642089844,141.39999389648438,141.77999877929688,139.02999877929688,140.27000427246094,13760100
2023-04-19,131.89039611816406,141.22000122070312,141.5,140.39999389648438,141.22999572753906,9158100
2023-04-20,131.50747680664062,140.80999755859375,141.42999267578125,139.83999633789062,139.91000366210938,10586200
2023-04-21,131.25531005859375,140.5399932861328,141.11000061035156,138.77999877929688,139.74000549316406,11842500
2023-04-24,131.4327392578125,140.72999572753906,141.10000610351562,140.0399932861328,140.4600067138672,7567500
2023-04-25,128.57489013671875,137.6699981689453,139.9600067138672,137.6300048828125,139.60000610351562,10629300
2023-04-26,126.29607391357422,135.22999572753906,137.80999755859375,134.0,137.6199951171875,14416100
2023-04-27,127.99588775634766,137.0500030517578,137.91000366210938,135.66000366210938,136.0,9041100
2023-04-28,129.10723876953125,138.24000549316406,138.32000732421875,135.6699981689453,136.55999755859375,9887300
2023-05-01,131.87167358398438,141.1999969482422,143.3699951171875,140.8300018310547,142.25999450683594,20415800
2023-05-02,129.74232482910156,138.9199981689453,142.41000366210938,138.42999267578125,141.39999389648438,14113400
2023-05-03,126.99655151367188,135.97999572753906,138.6699981689453,135.75999450683594,138.44000244140625,12930900
2023-05-04,125.25941467285156,134.1199951171875,135.72000122070312,131.80999755859375,134.9600067138672,17089200
2023-05-05,127.70633697509766,136.74000549316406,137.8800048828125,135.91000366210938,136.44000244140625,11261400
2023-05-08,128.01455688476562,137.07000732421875,137.97000122070312,136.47999572753906,137.49000549316406,7484900
2023-05-09,127.39813995361328,136.41000366210938,136.9499969482422,135.2100067138672,135.92999267578125,7343600
2023-05-10,127.46349334716797,136.47999572753906,138.05999755859375,134.8699951171875,137.9499969482422,8133400
2023-05-11,127.06193542480469,136.0500030517578,136.80999755859375,134.89999389648438,135.0,7057300
2023-05-12,125.24077606201172,134.10000610351562,136.99000549316406,133.1300048828125,136.82000732421875,9988600
2023-05-15,126.29607391357422,135.22999572753906,135.6699981689453,133.9600067138672,134.27000427246094,7639500
2023-05-16,125.44625854492188,134.32000732421875,135.94000244140625,133.9600067138672,135.4600067138672,6477200
2023-05-17,129.30335998535156,138.4499969482422,138.58999633789062,135.4600067138672,135.89999389648438,12711500
2023-05-18,130.2839813232422,139.5,139.72999572753906,137.75999450683594,138.27000427246094,10999600
2023-05-19,129.98513793945312,139.17999267578125,140.49000549316406,138.1300048828125,139.7899932861328,13492200
2023-05-22,128.91114807128906,138.02999877929688,141.63999938964844,137.66000366210938,141.0,11402500
2023-05-23,127.56624603271484,136.58999633789062,139.02999877929688,136.4600067138672,137.5399932861328,9514900
2023-05-24,126.3988265991211,135.33999633789062,136.35000610351562,135.0800018310547,135.39999389648438,8578000
2023-05-25,126.70700073242188,135.6699981689453,136.27000427246094,134.5800018310547,134.82000732421875,8472500
2023-05-26,127.89314270019531,136.94000244140625,137.60000610351562,135.6300048828125,136.11000061035156,8579900
2023-05-30,128.3787841796875,137.4600067138672,137.72000122070312,136.02000427246094,136.8000030517578,7399900
2023-05-31,126.7444076538086,135.7100067138672,136.83999633789062,134.39999389648438,136.72999572753906,14219900
2023-06-01,128.4908447265625,137.5800018310547,138.22999572753906,135.4499969482422,136.52000427246094,12248100
2023-06-02,131.18994140625,140.47000122070312,141.47999572753906,139.33999633789062,139.55999755859375,12922500
2023-06-05,129.9010772705078,139.08999633789062,140.11000061035156,138.1300048828125,140.11000061035156,8511900
2023-06-06,130.1345672607422,139.33999633789062,140.10000610351562,138.2100067138672,138.67999267578125,9329500
2023-06-07,131.3953857421875,140.69000244140625,141.27000427246094,138.8300018310547,139.5500030517578,9281400
2023-06-08,131.4327392578125,140.72999572753906,140.88999938964844,139.47999572753906,140.6699981689453,7368100
2023-06-09,131.6942596435547,141.00999450683594,141.8000030517578,140.2100067138672,140.35000610351562,7249100
2023-06-12,131.6849365234375,141.0,141.32000732421875,139.75999450683594,141.07000732421875,7596600
2023-06-13,132.63751220703125,142.02000427246094,142.8699951171875,140.13999938964844,140.47999572753906,7701600
2023-06-14,132.1425323486328,141.49000549316406,143.61000061035156,140.6999969482422,143.0,9068700
2023-06-15,133.6368408203125,143.08999633789062,143.39999389648438,140.02999877929688,140.58999633789062,9343100
2023-06-16,133.79559326171875,143.25999450683594,143.97000122070312,142.5,143.0500030517578,13813500
2023-06-20,133.1138458251953,142.52999877929688,143.0,141.0399932861328,142.61000061035156,8428600
2023-06-21,132.91770935058594,142.32000732421875,144.02000427246094,141.69000244140625,142.89999389648438,9926500
2023-06-22,130.35874938964844,139.5800018310547,142.60000610351562,138.9499969482422,142.30999755859375,10075200
2023-06-23,129.67694091796875,138.85000610351562,139.17999267578125,137.6199951171875,138.5399932861328,9919500
2023-06-26,129.99449157714844,139.19000244140625,140.00999450683594,137.69000244140625,138.8699951171875,8429700
2023-06-27,130.0038299560547,139.1999969482422,139.83999633789062,138.5399932861328,139.0,8154000
2023-06-28,129.43411254882812,138.58999633789062,139.2100067138672,137.9600067138672,139.16000366210938,7558600
2023-06-29,133.95436096191406,143.42999267578125,143.55999755859375,139.85000610351562,140.07000732421875,15423200
2023-06-30,135.83157348632812,145.44000244140625,146.0,143.66000366210938,144.60000610351562,14212800
2023-07-03,136.92430114746094,146.61000061035156,147.47999572753906,146.0,146.19000244140625,8021600
2023-07-05,136.0121307373047,144.63999938964844,145.42999267578125,144.36000061035156,144.94000244140625,8934900
2023-07-06,134.6674346923828,143.2100067138672,143.38999938964844,141.44000244140625,143.02000427246094,9709500
2023-07-07,135.73004150390625,144.33999633789062,145.83999633789062,143.0,143.91000366210938,8981500
2023-07-10,136.49171447753906,145.14999389648438,145.99000549316406,144.5,144.5,9100100
2023-07-11,138.6263427734375,147.4199981689453,147.82000732421875,145.7100067138672,146.33999633789062,11260900
2023-07-12,139.31277465820312,148.14999389648438,149.8699951171875,147.0,147.4499969482422,11323200
2023-07-13,139.98983764648438,148.8699951171875,149.3699951171875,147.75,148.6999969482422,11234900
2023-07-14,140.83612060546875,149.77000427246094,152.88999938964844,148.41000366210938,151.5500030517578,27028400
2023-07-17,144.23080444335938,153.3800048828125,153.75,150.35000610351562,150.35000610351562,17262400
2023-07-18,144.4940948486328,153.66000366210938,154.39999389648438,152.82000732421875,153.3800048828125,13491700
2023-07-19,145.04891967773438,154.25,155.2100067138672,152.22000122070312,152.75,12510000
2023-07-20,146.8355712890625,156.14999389648438,156.58999633789062,154.41000366210938,154.52999877929688,9935900
2023-07-21,145.70713806152344,154.9499969482422,156.13999938964844,154.69000244140625,155.8000030517578,10636400
2023-07-24,148.57521057128906,158.0,158.7899932861328,154.72999572753906,154.97000122070312,14381400
2023-07-25,147.46560668945312,156.82000732421875,157.72000122070312,155.9600067138672,157.3000030517578,9944700
2023-07-26,148.34954833984375,157.75999450683594,158.25,156.27999877929688,156.7100067138672,8728600
2023-07-27,146.7133026123047,156.02000427246094,158.77999877929688,155.5500030517578,157.77000427246094,10778400
2023-07-28,147.5502471923828,156.91000366210938,157.60000610351562,156.44000244140625,157.27999877929688,9103800
2023-07-31,148.53761291503906,157.9600067138672,159.3800048828125,157.14999389648438,157.17999267578125,8892700
2023-08-01,147.8041229248047,157.17999267578125,158.0,156.14999389648438,157.42999267578125,6853900
2023-08-02,146.1302947998047,155.39999389648438,155.69000244140625,153.94000244140625,155.55999755859375,8299400
2023-08-03,147.02366638183594,156.35000610351562,156.9199981689453,154.35000610351562,155.0,6084000
2023-08-04,146.7133026123047,156.02000427246094,157.8000030517578,155.6999969482422,156.39999389648438,6209400
2023-08-07,147.4091339111328,156.75999450683594,157.6999969482422,156.60000610351562,156.60000610351562,7251800
2023-08-08,146.5816650390625,155.8800048828125,155.97999572753906,152.58999633789062,154.32000732421875,8623400
2023-08-09,144.6163330078125,153.7899932861328,155.52000427246094,153.47000122070312,155.32000732421875,6277800
2023-08-10,144.40003967285156,153.55999755859375,155.44000244140625,153.08999633789062,154.3800048828125,5995100
2023-08-11,145.2369842529297,154.4499969482422,154.52000427246094,152.6300048828125,153.02999877929688,5180700
2023-08-14,145.53787231445312,154.77000427246094,154.9199981689453,152.9199981689453,153.61000061035156,5044300
2023-08-15,141.83291625976562,150.8300018310547,153.27000427246094,150.22999572753906,152.85000610351562,10300300
2023-08-16,141.23109436035156,150.19000244140625,150.9600067138672,149.67999267578125,150.60000610351562,6978200
2023-08-17,139.76412963867188,148.6300048828125,151.25999450683594,148.39999389648438,150.8800048828125,9953900
2023-08-18,140.08387756347656,148.97000122070312,149.5,147.44000244140625,147.64999389648438,8517500
2023-08-21,140.5634307861328,149.47999572753906,150.10000610351562,148.02000427246094,149.64999389648438,8327000
2023-08-22,137.64833068847656,146.3800048828125,149.63999938964844,145.85000610351562,149.25999450683594,9673300
2023-08-23,138.57928466796875,147.3699951171875,147.58999633789062,145.4600067138672,146.35000610351562,7858000
2023-08-24,138.44764709472656,147.22999572753906,149.41000366210938,146.99000549316406,147.5,6534000
2023-08-25,138.27841186523438,147.0500030517578,148.6199951171875,145.85000610351562,147.27999877929688,6695500
2023-08-28,138.7579803466797,147.55999755859375,148.61000061035156,147.1300048828125,147.57000732421875,5094100
2023-08-29,139.88638305664062,148.75999450683594,148.85000610351562,147.17999267578125,147.7100067138672,6337000
2023-08-30,139.3221893310547,148.16000366210938,149.14999389648438,147.19000244140625,148.6199951171875,6277300
2023-08-31,137.60134887695312,146.3300018310547,148.35000610351562,145.9600067138672,148.25999450683594,10933900
2023-09-01,138.06211853027344,146.82000732421875,148.0800018310547,145.6999969482422,146.08999633789062,7903500
2023-09-05,136.53872680664062,145.1999969482422,148.2100067138672,145.00999450683594,147.16000366210938,7854700
2023-09-06,136.3130645751953,144.9600067138672,145.5399932861328,144.11000061035156,144.6999969482422,8629200
2023-09-07,135.1470184326172,143.72000122070312,145.27000427246094,143.38999938964844,144.1300048828125,8373700
2023-09-08,135.25047302246094,143.8300018310547,144.1199951171875,142.64999389648438,143.3699951171875,7107900
2023-09-11,135.84288024902344,144.4600067138672,145.0500030517578,143.69000244140625,144.75,6854200
2023-09-12,137.61074829101562,146.33999633789062,147.32000732421875,144.0500030517578,144.5,8363200
2023-09-13,137.67657470703125,146.41000366210938,147.6999969482422,145.82000732421875,147.33999633789062,8325900
2023-09-14,140.34715270996094,149.25,149.89999389648438,147.52000427246094,147.83999633789062,10034900
2023-09-15,139.93341064453125,148.80999755859375,149.72999572753906,148.30999755859375,148.9199981689453,19863400
2023-09-18,140.2248992919922,149.1199951171875,149.13999938964844,147.75,148.16000366210938,6512400
2023-09-19,140.04624938964844,148.92999267578125,149.72000122070312,147.2100067138672,149.5,7943400
2023-09-20,139.45382690429688,148.3000030517578,150.25,148.13999938964844,149.64999389648438,7332000
2023-09-21,138.36300659179688,147.13999938964844,148.85000610351562,146.6300048828125,147.5800018310547,8052400
2023-09-22,137.03712463378906,145.72999572753906,147.50999450683594,145.19000244140625,147.2899932861328,7071700
2023-09-25,137.71417236328125,146.4499969482422,146.52000427246094,143.6999969482422,145.35000610351562,7044700
2023-09-26,136.2848358154297,144.92999267578125,145.83999633789062,144.22999572753906,144.60000610351562,7468400
2023-09-27,137.08413696289062,145.77999877929688,146.08999633789062,144.50999450683594,145.19000244140625,6717800
2023-09-28,138.78616333007812,147.58999633789062,148.8699951171875,146.00999450683594,146.27999877929688,8868100
2023-09-29,136.36949157714844,145.02000427246094,148.75999450683594,144.86000061035156,148.60000610351562,11917800
2023-10-02,135.1940460205078,143.77000427246094,145.6199951171875,142.6300048828125,144.8300018310547,9170600
2023-10-03,134.19728088378906,142.7100067138672,143.58999633789062,142.35000610351562,143.1999969482422,9431100
2023-10-04,134.7991180419922,143.35000610351562,143.47000122070312,141.92999267578125,143.19000244140625,8128700
2023-10-05,135.36746215820312,142.89999389648438,143.10000610351562,140.8300018310547,142.0399932861328,8576200
2023-10-06,137.4514923095703,145.10000610351562,145.8800048828125,142.13999938964844,142.91000366210938,10270600
2023-10-09,137.13890075683594,144.77000427246094,145.39999389648438,143.5,143.66000366210938,6964900
2023-10-10,137.97250366210938,145.64999389648438,146.77000427246094,145.27999877929688,145.4199981689453,11288800
2023-10-11,138.44615173339844,146.14999389648438,147.22999572753906,145.02000427246094,146.50999450683594,8698200
2023-10-12,138.12405395507812,145.80999755859375,146.9600067138672,145.1300048828125,146.3000030517578,10484400
2023-10-13,140.1986541748047,148.0,153.11000061035156,147.83999633789062,148.5,29427000
2023-10-16,140.05657958984375,147.85000610351562,149.52000427246094,146.72000122070312,149.4499969482422,12663500
2023-10-17,139.75340270996094,147.52999877929688,149.30999755859375,146.7899932861328,147.57000732421875,11482700
2023-10-18,138.21881103515625,145.91000366210938,147.47999572753906,145.3699951171875,146.58999633789062,9620300
2023-10-19,137.6314697265625,145.2899932861328,147.02000427246094,144.8800048828125,145.47999572753906,11143600
2023-10-20,135.41482543945312,142.9499969482422,145.13999938964844,142.1199951171875,144.57000732421875,13332900
2023-10-23,133.56759643554688,141.0,143.67999267578125,140.72999572753906,142.94000244140625,10133400
2023-10-24,133.72865295410156,141.1699981689453,141.72999572753906,140.36000061035156,141.19000244140625,8881400
2023-10-25,132.99925231933594,140.39999389648438,141.17999267578125,139.50999450683594,140.57000732421875,8242600
2023-10-26,133.3402557373047,140.75999450683594,141.6699981689453,139.42999267578125,139.75999450683594,9109400
2023-10-27,128.53753662109375,135.69000244140625,139.10000610351562,135.19000244140625,138.9499969482422,17434700
2023-10-30,130.1763153076172,137.4199981689453,138.0399932861328,136.0399932861328,136.44000244140625,9855500
2023-10-31,131.7298583984375,139.05999755859375,139.24000549316406,137.47000122070312,137.7100067138672,9672500
2023-11-01,131.61619567871094,138.94000244140625,140.52999877929688,138.47000122070312,139.25,9432000
2023-11-02,133.9654998779297,141.4199981689453,141.47999572753906,139.22999572753906,140.08999633789062,10186200
2023-11-03,135.46221923828125,143.0,143.77000427246094,141.85000610351562,142.19000244140625,9538700
2023-11-06,136.4852752685547,144.0800018310547,144.19000244140625,142.7899932861328,143.1699981689453,7625100
2023-11-07,136.41893005371094,144.00999450683594,144.25999450683594,142.82000732421875,143.50999450683594,6297900
2023-11-08,137.091552734375,144.72000122070312,144.83999633789062,143.6199951171875,144.11000061035156,7618200
2023-11-09,136.68418884277344,144.2899932861328,145.64999389648438,143.6999969482422,145.44000244140625,7992500
2023-11-10,138.7113800048828,146.42999267578125,146.47999572753906,144.0800018310547,144.94000244140625,7983300
2023-11-13,138.0956573486328,145.77999877929688,146.25,145.16000366210938,145.6999969482422,6676300
2023-11-14,140.61544799804688,148.44000244140625,149.25,146.52000427246094,146.67999267578125,9927700
2023-11-15,141.84693908691406,149.74000549316406,150.16000366210938,148.4600067138672,148.4600067138672,8365300
2023-11-16,143.46676635742188,151.4499969482422,151.52999877929688,150.08999633789062,150.08999633789062,8126200
2023-11-17,144.76455688476562,152.82000732421875,152.86000061035156,151.5399932861328,152.1999969482422,7812400
2023-11-20,145.2097930908203,153.2899932861328,153.75,151.9199981689453,152.0800018310547,7019000
2023-11-21,144.9066619873047,152.97000122070312,153.6300048828125,152.57000732421875,153.1999969482422,7083500
2023-11-22,145.24769592285156,153.3300018310547,153.8800048828125,152.89999389648438,153.41000366210938,5174500
2023-11-24,145.4466094970703,153.5399932861328,154.44000244140625,153.27999877929688,153.58999633789062,3496900
2023-11-27,145.1150665283203,153.19000244140625,153.52999877929688,152.7100067138672,153.42999267578125,6259100
2023-11-28,145.4466094970703,153.5399932861328,153.8699951171875,152.72000122070312,153.22000122070312,6582700
2023-11-29,146.18551635742188,154.32000732421875,155.6300048828125,154.0,154.1699981689453,9126100
2023-11-30,147.8527374267578,156.0800018310547,156.1300048828125,154.3800048828125,154.91000366210938,9869800
2023-12-01,148.57264709472656,156.83999633789062,157.86000061035156,155.82000732421875,155.82000732421875,8916000
2023-12-04,149.6620330810547,157.99000549316406,158.0500030517578,155.8800048828125,156.02000427246094,9607500
2023-12-05,149.64308166503906,157.97000122070312,158.5,156.97000122070312,157.25999450683594,9135600
2023-12-06,148.0706024169922,156.30999755859375,159.22000122070312,156.0,158.83999633789062,9366000
2023-12-07,148.52529907226562,156.7899932861328,157.30999755859375,156.14999389648438,156.69000244140625,8130900
2023-12-08,150.16412353515625,158.52000427246094,158.77999877929688,156.97999572753906,157.25999450683594,7369400
2023-12-11,150.7135467529297,159.10000610351562,159.3000030517578,158.14999389648438,158.52000427246094,8093900
2023-12-12,152.05868530273438,160.52000427246094,160.64999389648438,158.8800048828125,159.22999572753906,10223000
2023-12-13,152.57022094726562,161.05999755859375,162.02999877929688,159.77000427246094,160.52000427246094,12379100
2023-12-14,155.34579467773438,163.99000549316406,164.83999633789062,161.7100067138672,161.8300018310547,13643000
2023-12-15,156.52041625976562,165.22999572753906,165.27999877929688,162.38999938964844,163.0800018310547,20309300
2023-12-18,157.4676971435547,166.22999572753906,167.1300048828125,165.6300048828125,165.9199981689453,8469600
2023-12-19,159.57066345214844,168.4499969482422,168.47000122070312,165.5500030517578,166.0,10345700
2023-12-20,157.7708282470703,166.5500030517578,169.41000366210938,166.4499969482422,167.99000549316406,10734700
2023-12-21,158.67076110839844,167.5,168.08999633789062,165.67999267578125,166.83999633789062,7601700
2023-12-22,158.5760040283203,167.39999389648438,168.22999572753906,167.22999572753906,167.5,6576300
2023-12-26,159.5138397216797,168.38999938964844,168.77000427246094,167.17999267578125,167.4600067138672,4683600
2023-12-27,160.47059631347656,169.39999389648438,169.47000122070312,167.5800018310547,167.83999633789062,6428600
2023-12-28,161.3231658935547,170.3000030517578,170.66000366210938,169.0,169.35000610351562,6320100
2023-12-29,161.13372802734375,170.10000610351562,170.69000244140625,169.6300048828125,170.0,6435100
2024-01-02,163.0093231201172,172.0800018310547,172.1699981689453,168.91000366210938,169.08999633789062,9977400
2024-01-03,162.29885864257812,171.3300018310547,172.0399932861328,170.3699951171875,171.86000061035156,9852300
2024-01-04,163.3759002685547,171.41000366210938,173.35000610351562,170.5399932861328,170.63999938964844,11972500
2024-01-05,164.1956024169922,172.27000427246094,173.3800048828125,171.47000122070312,171.47000122070312,10066000
2024-01-08,163.9573211669922,172.02000427246094,172.36000061035156,169.49000549316406,172.02000427246094,11229900
2024-01-09,162.66104125976562,170.66000366210938,171.7899932861328,170.10000610351562,171.6199951171875,9923600
2024-01-10,163.00418090820312,171.02000427246094,171.0800018310547,168.9499969482422,170.0,9670200
2024-01-11,162.31793212890625,170.3000030517578,170.36000061035156,168.63999938964844,170.3300018310547,11919500
2024-01-12,161.1265106201172,169.0500030517578,176.30999755859375,168.89999389648438,173.8000030517578,19436500
2024-01-16,160.11624145507812,167.99000549316406,168.08999633789062,164.3000030517578,164.8699951171875,17206400
2024-01-17,159.25839233398438,167.08999633789062,169.07000732421875,166.49000549316406,167.33999633789062,11107500
2024-01-18,159.5729522705078,167.4199981689453,167.52999877929688,165.24000549316406,167.1199951171875,9382300
2024-01-19,162.32745361328125,170.30999755859375,170.57000732421875,167.0800018310547,167.5500030517578,13115700
2024-01-22,162.1368408203125,170.11000061035156,171.97999572753906,169.7100067138672,170.4600067138672,12837500
2024-01-23,161.06935119628906,168.99000549316406,169.75,168.44000244140625,169.6699981689453,8360800
2024-01-24,162.508544921875,170.5,171.00999450683594,168.86000061035156,169.36000061035156,9967100
2024-01-25,164.83421325683594,172.94000244140625,172.99000549316406,170.91000366210938,172.30999755859375,8873500
2024-01-26,164.2051544189453,172.27999877929688,173.05999755859375,171.77999877929688,172.61000061035156,7443000
2024-01-29,164.634033203125,172.72999572753906,172.83999633789062,171.3000030517578,172.24000549316406,6971200
2024-01-30,168.0081329345703,176.27000427246094,176.75999450683594,172.8300018310547,172.8300018310547,10822100
2024-01-31,166.1876678466797,174.36000061035156,178.3000030517578,174.33999633789062,176.1999969482422,11521800
2024-02-01,165.58717346191406,173.72999572753906,174.83999633789062,171.42999267578125,173.63999938964844,9354800
2024-02-02,166.54029846191406,174.72999572753906,175.82000732421875,173.25999450683594,173.3000030517578,8607600
2024-02-05,166.321044921875,174.5,175.08999633789062,172.9199981689453,173.86000061035156,7820200
2024-02-06,166.89297485351562,175.10000610351562,175.8699951171875,173.75999450683594,174.61000061035156,6764800
2024-02-07,167.20748901367188,175.42999267578125,175.8699951171875,173.9600067138672,175.69000244140625,7225500
2024-02-08,166.60704040527344,174.8000030517578,175.30999755859375,173.57000732421875,175.0,6060300
2024-02-09,166.80715942382812,175.00999450683594,175.10000610351562,173.6699981689453,175.0,6296700
2024-02-12,167.55059814453125,175.7899932861328,176.80999755859375,173.6999969482422,174.77999877929688,8539300
2024-02-13,166.09231567382812,174.25999450683594,176.22999572753906,172.6199951171875,175.32000732421875,8397600
2024-02-14,167.7793731689453,176.02999877929688,176.10000610351562,174.4199981689453,175.07000732421875,7056700
2024-02-15,171.4393768310547,179.8699951171875,180.2100067138672,176.14999389648438,176.14999389648438,8723400
2024-02-16,170.6387481689453,179.02999877929688,179.97999572753906,178.16000366210938,179.61000061035156,8152600
2024-02-20,171.30593872070312,179.72999572753906,180.4600067138672,178.41000366210938,179.19000244140625,9668000
2024-02-21,172.42112731933594,180.89999389648438,180.99000549316406,178.52000427246094,179.9499969482422,7024000
2024-02-22,174.48941040039062,183.07000732421875,183.4199981689453,181.24000549316406,181.82000732421875,9296500
2024-02-23,175.3662872314453,183.99000549316406,185.1999969482422,183.19000244140625,183.80999755859375,7105800
2024-02-26,174.76580810546875,183.36000061035156,184.4600067138672,182.47999572753906,183.75,7145400
2024-02-27,174.85157775878906,183.4499969482422,183.5399932861328,182.24000549316406,183.30999755859375,5717100
2024-02-28,175.73802185058594,184.3800048828125,185.1999969482422,182.9600067138672,183.42999267578125,6131600
2024-02-29,177.33926391601562,186.05999755859375,186.42999267578125,183.85000610351562,185.66000366210938,9643000
2024-03-01,176.60533142089844,185.2899932861328,186.44000244140625,185.10000610351562,185.6999969482422,6311800
2024-03-04,177.93019104003906,186.67999267578125,187.58999633789062,184.27000427246094,184.7100067138672,7063600
2024-03-05,179.71255493164062,188.5500030517578,189.3000030517578,186.36000061035156,186.36000061035156,6617800
2024-03-06,180.6466064453125,189.52999877929688,190.07000732421875,187.6300048828125,189.25,7572900
2024-03-07,179.06442260742188,187.8699951171875,190.5,186.6300048828125,189.91000366210938,7618300
2024-03-08,179.3980255126953,188.22000122070312,190.4600067138672,187.9199981689453,188.44000244140625,6172200
2024-03-11,179.4647216796875,188.2899932861328,188.44000244140625,186.22000122070312,187.27999877929688,5762600
2024-03-12,180.9420623779297,189.83999633789062,190.16000366210938,187.91000366210938,188.9499969482422,5708400
2024-03-13,182.40992736816406,191.3800048828125,191.72999572753906,189.83999633789062,190.36000061035156,7795500
2024-03-14,179.1597442626953,187.97000122070312,191.6300048828125,187.10000610351562,191.02999877929688,10310900
2024-03-15,181.38052368164062,190.3000030517578,190.94000244140625,186.47999572753906,186.47999572753906,17214200
2024-03-18,183.62989807128906,192.66000366210938,192.6999969482422,189.88999938964844,190.6300048828125,9013800
2024-03-19,184.70693969726562,193.7899932861328,193.92999267578125,192.3800048828125,192.7100067138672,8478700
2024-03-20,187.12789916992188,196.3300018310547,196.55999755859375,193.61000061035156,194.19000244140625,9367000
2024-03-21,189.72991943359375,199.05999755859375,199.42999267578125,196.3300018310547,196.52000427246094,11203800
2024-03-22,187.404296875,196.6199951171875,200.47999572753906,196.5399932861328,199.00999450683594,8108800
2024-03-25,185.6886749267578,194.82000732421875,196.94000244140625,194.36000061035156,196.60000610351562,8620000
2024-03-26,186.55599975585938,195.72999572753906,196.66000366210938,194.05999755859375,194.58999633789062,5961500
2024-03-27,190.16839599609375,199.52000427246094,199.60000610351562,196.3800048828125,196.5,8725800
2024-03-28,190.91180419921875,200.3000030517578,200.72000122070312,198.5399932861328,199.49000549316406,8628300
2024-04-01,189.6155548095703,198.94000244140625,200.94000244140625,198.57000732421875,199.99000549316406,7309000
2024-04-02,189.53933715820312,198.86000061035156,199.77999877929688,198.0800018310547,198.38999938964844,7014700
2024-04-03,189.0055389404297,198.3000030517578,199.55999755859375,197.6999969482422,199.0399932861328,9353400
2024-04-04,187.56752014160156,195.64999389648438,199.67999267578125,195.5500030517578,199.14999389648438,9243800
2024-04-05,189.29315185546875,197.4499969482422,198.1199951171875,195.11000061035156,196.16000366210938,6532300
2024-04-08,190.28062438964844,198.47999572753906,198.97999572753906,197.6199951171875,197.6199951171875,8001000
2024-04-09,189.00555419921875,197.14999389648438,198.8800048828125,194.91000366210938,198.07000732421875,7351500
2024-04-10,187.3949737548828,195.47000122070312,197.07000732421875,194.17999267578125,195.5500030517578,7681400
2024-04-11,187.35658264160156,195.42999267578125,196.57000732421875,193.24000549316406,196.0,10137700
2024-04-12,175.23875427246094,182.7899932861328,188.92999267578125,182.5399932861328,188.32000732421875,31532300
2024-04-15,175.3346710205078,182.88999938964844,187.4600067138672,182.1999969482422,184.5,14766600
2024-04-16,173.33099365234375,180.8000030517578,183.16000366210938,179.64999389648438,182.89999389648438,16451800
2024-04-17,172.6407470703125,180.0800018310547,182.4199981689453,179.1999969482422,181.3699951171875,9017100
2024-04-18,173.76239013671875,181.25,183.36000061035156,179.97000122070312,181.10000610351562,9557700
2024-04-19,178.12445068359375,185.8000030517578,185.8800048828125,181.41000366210938,182.39999389648438,13402300
2024-04-22,181.58531188964844,189.41000366210938,190.1300048828125,185.97999572753906,185.99000549316406,11529700
2024-04-23,184.20254516601562,192.13999938964844,192.22999572753906,190.52000427246094,191.1300048828125,9144400
2024-04-24,185.1037139892578,193.0800018310547,193.22999572753906,190.1699981689453,190.52999877929688,6964900
2024-04-25,185.3817138671875,193.3699951171875,193.94000244140625,191.17999267578125,192.25,9802300
2024-04-26,185.49676513671875,193.49000549316406,194.8699951171875,193.05999755859375,193.57000732421875,6413700
2024-04-29,185.29542541503906,193.27999877929688,194.25999450683594,192.42999267578125,193.47999572753906,5387800
2024-04-30,183.8190460205078,191.74000549316406,194.99000549316406,191.63999938964844,192.80999755859375,8153700
2024-05-01,183.93408203125,191.86000061035156,194.4600067138672,190.7899932861328,192.27000427246094,7445300
2024-05-02,183.7423553466797,191.66000366210938,193.5,189.52000427246094,193.07000732421875,6501700
2024-05-03,182.6398468017578,190.50999450683594,192.52999877929688,188.4600067138672,192.0,8922800
2024-05-06,184.06829833984375,192.0,192.1999969482422,189.82000732421875,191.72999572753906,7911100
2024-05-07,183.82862854003906,191.75,192.92999267578125,191.64999389648438,191.6999969482422,7688800
2024-05-08,187.56752014160156,195.64999389648438,196.64999389648438,191.0,191.0,9227600
2024-05-09,189.3411102294922,197.5,197.58999633789062,195.10000610351562,195.1699981689453,7977300
2024-05-10,190.55862426757812,198.77000427246094,199.33999633789062,198.27000427246094,198.5399932861328,7529800
2024-05-13,190.52027893066406,198.72999572753906,199.85000610351562,198.0399932861328,198.8000030517578,7049200
2024-05-14,193.18545532226562,201.50999450683594,201.5800018310547,198.16000366210938,199.0,8596200
2024-05-15,193.76065063476562,202.11000061035156,202.69000244140625,199.77000427246094,202.00999450683594,8370000
2024-05-16,194.1057891845703,202.47000122070312,204.47999572753906,201.99000549316406,202.22000122070312,8497900
2024-05-17,196.32992553710938,204.7899932861328,205.0500030517578,202.80999755859375,203.80999755859375,9260500
2024-05-20,187.5004119873047,195.5800018310547,205.8800048828125,195.39999389648438,204.38999938964844,17373300
2024-05-21,191.2776641845703,199.52000427246094,199.89999389648438,196.60000610351562,197.0,14420800
2024-05-22,190.1176300048828,198.30999755859375,200.94000244140625,197.69000244140625,199.0,9425300
2024-05-23,188.78504943847656,196.9199981689453,198.3000030517578,196.07000732421875,197.80999755859375,8069400
2024-05-24,192.41848754882812,200.7100067138672,200.75999450683594,197.55999755859375,197.75,7356200
2024-05-28,191.2584686279297,199.5,200.41000366210938,198.66000366210938,199.86000061035156,6910200
2024-05-29,189.92588806152344,198.11000061035156,198.99000549316406,196.88999938964844,198.0,6120000
2024-05-30,191.09548950195312,199.3300018310547,199.85000610351562,198.39999389648438,198.55999755859375,6829100
2024-05-31,194.25917053222656,202.6300048828125,203.3000030517578,198.35000610351562,199.3000030517578,14417900
2024-06-03,193.48263549804688,201.82000732421875,202.4199981689453,199.19000244140625,202.30999755859375,6444300
2024-06-04,190.9325408935547,199.16000366210938,201.97999572753906,198.27999877929688,200.16000366210938,6848300
2024-06-05,189.1110076904297,197.25999450683594,199.82000732421875,196.9199981689453,199.75999450683594,8351600
2024-06-06,188.7754669189453,196.91000366210938,198.02000427246094,195.3300018310547,197.25999450683594,7640300
2024-06-07,191.68988037109375,199.9499969482422,200.9199981689453,197.00999450683594,197.42999267578125,6964500
2024-06-10,191.3639373779297,199.61000061035156,200.83999633789062,198.44000244140625,199.24000549316406,6070800
2024-06-11,186.33082580566406,194.36000061035156,197.94000244140625,193.60000610351562,197.91000366210938,9235300
2024-06-12,183.6177215576172,191.52999877929688,196.72000122070312,191.30999755859375,196.0,12751300
2024-06-13,185.6597442626953,193.66000366210938,194.5800018310547,190.8800048828125,192.32000732421875,8587800
2024-06-14,185.77479553222656,193.77999877929688,194.86000061035156,191.4199981689453,191.4499969482422,6874000
2024-06-17,186.92520141601562,194.97999572753906,195.5800018310547,192.63999938964844,193.47999572753906,8725400
2024-06-18,188.86175537109375,197.0,197.9600067138672,194.1300048828125,194.60000610351562,9023000
2024-06-20,190.46275329589844,198.6699981689453,199.4499969482422,196.11000061035156,196.38999938964844,8731100
2024-06-21,188.19068908691406,196.3000030517578,197.1699981689453,194.22000122070312,196.7100067138672,20972100
2024-06-24,190.66409301757812,198.8800048828125,199.22999572753906,197.10000610351562,197.80999755859375,9785900
2024-06-25,189.88754272460938,198.07000732421875,200.07000732421875,197.74000549316406,198.08999633789062,6862500
2024-06-26,189.2740020751953,197.42999267578125,197.94000244140625,196.27999877929688,197.4499969482422,7758600
2024-06-27,190.94212341308594,199.1699981689453,199.86000061035156,196.89999389648438,197.44000244140625,7913500
2024-06-28,193.9044647216797,202.25999450683594,202.60000610351562,199.3000030517578,200.00999450683594,15307600
2024-07-01,196.96266174316406,205.4499969482422,207.08999633789062,202.66000366210938,202.83999633789062,10205800
2024-07-02,200.2030487060547,208.8300018310547,208.86000061035156,204.77000427246094,205.2899932861328,7802900
2024-07-03,200.06883239746094,208.69000244140625,210.3800048828125,207.64999389648438,209.5500030517578,5560900
2024-07-05,197.41783142089844,204.7899932861328,207.3699951171875,204.52000427246094,206.99000549316406,8093100
2024-07-08,197.78414916992188,205.1699981689453,206.89999389648438,203.97000122070312,205.0399932861328,8707000
2024-07-09,200.1555938720703,207.6300048828125,209.75999450683594,205.4499969482422,205.6300048828125,9058900
2024-07-10,200.31948852539062,207.8000030517578,207.97000122070312,205.5800018310547,206.13999938964844,8328500
2024-07-11,199.98207092285156,207.4499969482422,208.10000610351562,205.3800048828125,206.2100067138672,10658100
2024-07-12,197.56243896484375,204.94000244140625,207.4499969482422,202.10000610351562,204.0,15443400
2024-07-15,202.4884796142578,210.0500030517578,211.61000061035156,206.72000122070312,207.19000244140625,10719700
2024-07-16,205.92994689941406,213.6199951171875,213.74000549316406,208.0800018310547,210.0,11557000
2024-07-17,209.06295776367188,216.8699951171875,217.55999755859375,213.27000427246094,213.8000030517578,11572500
2024-07-18,202.42098999023438,209.97999572753906,216.63999938964844,209.24000549316406,215.6300048828125,12415100
2024-07-19,202.22821044921875,209.77999877929688,212.35000610351562,208.9199981689453,211.1999969482422,8095900
2024-07-22,202.71018981933594,210.27999877929688,212.1699981689453,209.7100067138672,210.4600067138672,7663200
2024-07-23,202.75840759277344,210.3300018310547,211.47999572753906,209.35000610351562,211.02000427246094,5557300
2024-07-24,201.08102416992188,208.58999633789062,212.02999877929688,208.07000732421875,209.5500030517578,7119000
2024-07-25,201.1581573486328,208.6699981689453,210.19000244140625,208.0500030517578,208.64999389648438,6403800
2024-07-26,204.59962463378906,212.24000549316406,213.16000366210938,208.6199951171875,209.24000549316406,8027800
2024-07-29,203.2596893310547,210.85000610351562,213.61000061035156,210.5500030517578,212.64999389648438,6533600
2024-07-30,207.4434356689453,215.19000244140625,215.7899932861328,212.9600067138672,213.22999572753906,8850700
2024-07-31,205.13949584960938,212.8000030517578,216.38999938964844,212.6699981689453,214.77999877929688,9071600
2024-08-01,200.47372436523438,207.9600067138672,213.8300018310547,206.3800048828125,213.1999969482422,10918600
2024-08-02,191.97122192382812,199.13999938964844,204.6699981689453,196.88999938964844,203.8800048828125,18041700
2024-08-05,187.88385009765625,194.89999389648438,196.1699981689453,190.89999389648438,194.0500030517578,13927000
2024-08-06,193.12802124023438,200.33999633789062,202.60000610351562,194.0,195.39999389648438,10605800
2024-08-07,193.18585205078125,200.39999389648438,205.75,200.1999969482422,203.50999450683594,9204400
2024-08-08,196.71409606933594,204.05999755859375,204.91000366210938,201.7899932861328,202.47000122070312,7761200
2024-08-09,198.3914794921875,205.8000030517578,206.47000122070312,202.89999389648438,203.47000122070312,5540200
2024-08-12,198.76742553710938,206.19000244140625,207.13999938964844,203.66000366210938,206.41000366210938,6936000
2024-08-13,200.45445251464844,207.94000244140625,208.08999633789062,205.39999389648438,207.72999572753906,6387800
2024-08-14,202.671630859375,210.24000549316406,210.75999450683594,207.1199951171875,207.74000549316406,6999800
2024-08-15,203.93447875976562,211.5500030517578,213.88999938964844,211.10000610351562,213.0,7001000
2024-08-16,206.26736450195312,213.97000122070312,214.08999633789062,211.58999633789062,211.69000244140625,7931200
2024-08-19,207.69407653808594,215.4499969482422,215.52999877929688,213.82000732421875,214.0,6090800
2024-08-20,206.79757690429688,214.52000427246094,216.0,213.67999267578125,215.0,5640000
2024-08-21,206.8746795654297,214.60000610351562,215.0,212.83999633789062,214.42999267578125,5202300
2024-08-22,208.83160400390625,216.6300048828125,216.8000030517578,214.33999633789062,214.5800018310547,5247100
2024-08-23,210.45114135742188,218.30999755859375,219.19000244140625,216.5,217.60000610351562,7214000
2024-08-26,211.28016662597656,219.1699981689453,219.67999267578125,218.0500030517578,219.00999450683594,5105200
2024-08-27,212.25379943847656,220.17999267578125,220.4199981689453,219.19000244140625,219.50999450683594,5185200
2024-08-28,213.3238525390625,221.2899932861328,222.2100067138672,219.19000244140625,219.25,6506400
2024-08-29,214.21072387695312,222.2100067138672,222.97999572753906,218.94000244140625,222.14999389648438,6416100
2024-08-30,216.70750427246094,224.8000030517578,225.47999572753906,221.92999267578125,222.5,8574100
2024-09-03,212.3695068359375,220.3000030517578,224.10000610351562,219.24000549316406,222.3000030517578,8956100
2024-09-04,211.4344024658203,219.3300018310547,222.07000732421875,217.2100067138672,221.0399932861328,7389500
2024-09-05,209.79559326171875,217.6300048828125,220.8000030517578,216.02999877929688,220.14999389648438,8067900
2024-09-06,204.8117218017578,212.4600067138672,218.74000549316406,211.08999633789062,217.60000610351562,7777000
2024-09-09,209.005126953125,216.80999755859375,218.14999389648438,214.17999267578125,215.19000244140625,8935100
2024-09-10,198.1601104736328,205.55999755859375,218.63999938964844,200.61000061035156,218.60000610351562,28406900
2024-09-11,199.77000427246094,207.22999572753906,207.6999969482422,201.8300018310547,205.25,13658700
2024-09-12,199.1626739501953,206.60000610351562,208.77999877929688,204.88999938964844,207.64999389648438,9054400
2024-09-13,196.96475219726562,204.32000732421875,207.85000610351562,203.02000427246094,206.86000061035156,10226700
2024-09-16,200.37728881835938,207.86000061035156,208.2100067138672,205.58999633789062,205.8300018310547,8634900
2024-09-17,201.71726989746094,209.25,209.92999267578125,207.66000366210938,207.72999572753906,7573300
2024-09-18,200.05918884277344,207.52999877929688,211.33999633789062,206.6999969482422,209.00999450683594,8259900
2024-09-19,202.90298461914062,210.47999572753906,211.91000366210938,207.33999633789062,209.77999877929688,11635200
2024-09-20,203.49102783203125,211.08999633789062,211.4199981689453,209.5,209.92999267578125,20885000
2024-09-23,203.8284454345703,211.44000244140625,211.8000030517578,209.99000549316406,211.0,7223500
2024-09-24,203.9730224609375,211.58999633789062,212.9499969482422,210.3699951171875,211.14999389648438,7323200
2024-09-25,202.62344360351562,210.19000244140625,212.24000549316406,208.61000061035156,211.67999267578125,8976500
2024-09-26,202.22821044921875,209.77999877929688,211.6999969482422,209.00999450683594,211.1300048828125,7807500
2024-09-27,202.92230224609375,210.5,212.44000244140625,209.3300018310547,210.64999389648438,7032500
2024-09-30,203.2693328857422,210.86000061035156,210.9600067138672,205.25999450683594,206.30999755859375,8663800
2024-10-01,199.58680725097656,207.0399932861328,209.08999633789062,206.19000244140625,208.89999389648438,8540100
2024-10-02,199.8278350830078,207.2899932861328,208.9499969482422,205.69000244140625,207.0800018310547,5810900
2024-10-03,197.8419952392578,205.22999572753906,206.49000549316406,204.33999633789062,206.1699981689453,7251300
2024-10-04,204.86412048339844,211.22000122070312,211.6699981689453,206.91000366210938,209.3000030517578,10211700
2024-10-07,204.58285522460938,210.92999267578125,213.3300018310547,209.69000244140625,211.02999877929688,6718900
2024-10-08,204.4082794189453,210.75,211.3300018310547,208.3800048828125,210.5800018310547,6021800
2024-10-09,206.9979248046875,213.4199981689453,214.24000549316406,209.3800048828125,209.6999969482422,7024000
2024-10-10,206.4353790283203,212.83999633789062,214.80999755859375,211.47000122070312,214.80999755859375,7927100
2024-10-11,215.60101318359375,222.2899932861328,224.6300048828125,215.16000366210938,215.6699981689453,18320700
2024-10-14,214.81539916992188,221.47999572753906,223.6999969482422,218.8800048828125,223.1999969482422,9048900
2024-10-15,215.69801330566406,222.38999938964844,225.4499969482422,221.82000732421875,223.66000366210938,9235800
2024-10-16,216.91038513183594,223.63999938964844,223.67999267578125,221.0399932861328,222.3300018310547,6382500
2024-10-17,217.66690063476562,224.4199981689453,225.85000610351562,223.30999755859375,224.27000427246094,6470200
2024-10-18,218.5883331298828,225.3699951171875,225.9199981689453,223.10000610351562,225.0,7000500
2024-10-21,216.28965759277344,223.0,225.6999969482422,222.89999389648438,225.22000122070312,5870000
2024-10-22,217.37594604492188,224.1199951171875,225.27999877929688,221.10000610351562,223.02000427246094,9586800
2024-10-23,216.68731689453125,223.41000366210938,224.8000030517578,222.52999877929688,223.66000366210938,6180500
2024-10-24,218.2100830078125,224.97999572753906,225.05999755859375,221.66000366210938,221.8300018310547,6002200
2024-10-25,215.62039184570312,222.30999755859375,225.6199951171875,220.8800048828125,225.0,6369700
2024-10-28,218.7144317626953,225.5,225.63999938964844,222.9499969482422,223.35000610351562,6843000
2024-10-29,216.192626953125,222.89999389648438,226.75,222.80999755859375,225.2100067138672,6580000
2024-10-30,217.65721130371094,224.41000366210938,226.30999755859375,221.5800018310547,222.5399932861328,7110900
2024-10-31,215.2421417236328,221.9199981689453,225.69000244140625,221.82000732421875,224.6999969482422,7829900
2024-11-01,216.23146057128906,222.94000244140625,226.14999389648438,222.6999969482422,223.55999755859375,6923500
2024-11-04,213.16656494140625,219.77999877929688,223.75999450683594,219.1699981689453,222.64999389648438,8229600
2024-11-05,214.8250732421875,221.49000549316406,221.9600067138672,220.0,220.02999877929688,5600700
2024-11-06,239.6256561279297,247.05999755859375,248.0,234.77000427246094,235.0,23987800
2024-11-07,229.2670440673828,236.3800048828125,244.57000732421875,235.22000122070312,244.5,16451100
2024-11-08,229.84896850585938,236.97999572753906,239.33999633789062,235.77999877929688,239.33999633789062,9502100
2024-11-11,232.08944702148438,239.2899932861328,242.10000610351562,239.0,240.0,9017100
2024-11-12,232.35133361816406,239.55999755859375,241.4600067138672,238.75999450683594,240.5500030517578,6861000
2024-11-13,233.9031982421875,241.16000366210938,244.08999633789062,240.30999755859375,240.5800018310547,11472600
2024-11-14,234.59182739257812,241.8699951171875,244.2899932861328,241.0500030517578,242.4199981689453,10172200
2024-11-15,237.92831420898438,245.30999755859375,246.4199981689453,241.4600067138672,241.4600067138672,11518800
2024-11-18,237.65672302246094,245.02999877929688,247.92999267578125,242.67999267578125,247.75999450683594,9051400
2024-11-19,235.7751007080078,243.08999633789062,245.14999389648438,241.5500030517578,242.25,6792700
2024-11-20,233.53463745117188,240.77999877929688,244.61000061035156,238.63999938964844,244.39999389648438,9015300
2024-11-21,237.39486694335938,244.75999450683594,245.49000549316406,242.11000061035156,243.22999572753906,8783500
2024-11-22,241.07081604003906,248.5500030517578,249.14999389648438,243.02999877929688,243.61000061035156,7997300
2024-11-25,242.7584686279297,250.2899932861328,254.30999755859375,249.05999755859375,249.58999633789062,10295400
2024-11-26,242.4480743408203,249.97000122070312,251.0,248.33999633789062,250.49000549316406,6212100
2024-11-27,242.27349853515625,249.7899932861328,251.19000244140625,248.77000427246094,249.35000610351562,5472300
2024-11-29,242.2056121826172,249.72000122070312,251.77000427246094,249.4499969482422,249.86000061035156,5494800
2024-12-02,238.8400421142578,246.25,250.25,245.02999877929688,249.5500030517578,8899700
2024-12-03,237.45306396484375,244.82000732421875,249.0399932861328,244.6300048828125,248.22999572753906,6657700
2024-12-04,236.07579040527344,243.39999389648438,245.35000610351562,242.22999572753906,244.6999969482422,7346300
2024-12-05,238.09320068359375,245.47999572753906,247.17999267578125,244.6199951171875,245.38999938964844,6572500
2024-12-06,239.91664123535156,247.36000061035156,247.74000549316406,244.83999633789062,245.6999969482422,5519700
2024-12-09,236.47344970703125,243.80999755859375,247.8699951171875,243.75999450683594,247.1300048828125,7076500
2024-12-10,235.55203247070312,242.86000061035156,247.9600067138672,242.22000122070312,243.88999938964844,9108300
2024-12-11,236.20187377929688,243.52999877929688,244.27000427246094,242.17999267578125,244.0,7884400
2024-12-12,234.26205444335938,241.52999877929688,244.10000610351562,241.0399932861328,243.0,6113800
2024-12-13,232.7198944091797,239.94000244140625,242.72000122070312,239.13999938964844,242.07000732421875,10392700
2024-12-16,232.3707275390625,239.5800018310547,240.6699981689453,237.52000427246094,240.61000061035156,9032000
2024-12-17,231.18746948242188,238.36000061035156,239.02000427246094,236.6300048828125,238.64999389648438,8083600
2024-12-18,223.43788146972656,230.3699951171875,239.07000732421875,229.52999877929688,239.0,11322400
2024-12-19,225.949951171875,232.9600067138672,236.36000061035156,232.27000427246094,232.27000427246094,11790800
2024-12-20,230.4503173828125,237.60000610351562,239.2100067138672,231.58999633789062,231.9199981689453,32348400
2024-12-23,231.216552734375,238.38999938964844,238.6199951171875,234.8800048828125,236.07000732421875,8611500
2024-12-24,235.0186004638672,242.30999755859375,242.49000549316406,239.07000732421875,239.42999267578125,3729100
2024-12-26,235.8236083984375,243.13999938964844,243.25999450683594,240.7899932861328,241.42999267578125,4451800
2024-12-27,233.91290283203125,241.1699981689453,243.38999938964844,240.0399932861328,242.72000122070312,5730200
2024-12-30,232.11856079101562,239.32000732421875,240.83999633789062,237.11000061035156,238.77000427246094,5723800
2024-12-31,232.496826171875,239.7100067138672,241.44000244140625,239.02999877929688,240.0500030517578,4871000
2025-01-02,232.77809143066406,240.0,243.27999877929688,239.4499969482422,240.9199981689453,9220900
2025-01-03,235.9593963623047,243.27999877929688,244.8800048828125,240.25999450683594,243.88999938964844,9491100
2025-01-06,234.80899047851562,240.85000610351562,245.69000244140625,240.5800018310547,243.6999969482422,9917800
2025-01-07,237.07078552246094,243.1699981689453,245.25999450683594,240.89999389648438,242.13999938964844,8753400
2025-01-08,237.0318145751953,243.1300048828125,244.25,240.5,242.75,8675300
2025-01-10,233.85354614257812,239.8699951171875,243.80999755859375,238.74000549316406,243.08999633789062,10256800
2025-01-13,238.084716796875,244.2100067138672,244.5399932861328,239.0,239.6699981689453,10005300
2025-01-14,241.26295471191406,247.47000122070312,247.72000122070312,242.19000244140625,242.66000366210938,12407400
2025-01-15,246.02053833007812,252.35000610351562,253.6699981689453,243.67999267578125,250.39999389648438,18448500
2025-01-16,247.89239501953125,254.27000427246094,257.0400085449219,252.3300018310547,254.0,15292300
2025-01-17,252.6597442626953,259.1600036621094,260.6199951171875,252.13999938964844,254.13999938964844,17678100
2025-01-21,256.43267822265625,263.0299987792969,264.25,259.5,260.07000732421875,13712100
2025-01-22,256.2474670410156,262.8399963378906,263.3800048828125,260.25,262.8999938964844,9021900
2025-01-23,259.2794494628906,265.95001220703125,266.8599853515625,263.80999755859375,264.69000244140625,10749700
2025-01-24,258.1972961425781,264.8399963378906,267.1000061035156,263.010009765625,263.69000244140625,7666300
2025-01-27,259.1819152832031,265.8500061035156,265.9700012207031,262.260009765625,264.1700134277344,7522300
2025-01-28,260.4396057128906,267.1400146484375,267.3299865722656,264.8299865722656,265.8500061035156,7375400
2025-01-29,259.8936462402344,266.5799865722656,270.67999267578125,265.6099853515625,267.2099914550781,7684900
2025-01-30,261.5022277832031,268.2300109863281,269.70001220703125,266.6199951171875,268.6300048828125,8753500
2025-01-31,260.5955810546875,267.29998779296875,270.82000732421875,266.9599914550781,269.2300109863281,7193800
2025-02-03,260.11785888671875,266.80999755859375,268.1700134277344,261.70001220703125,261.8299865722656,8381400
2025-02-04,261.21954345703125,267.94000244140625,269.8399963378906,266.8299865722656,269.8399963378906,5626000
2025-02-05,263.64703369140625,270.42999267578125,270.6400146484375,268.3299865722656,268.9100036621094,5704400
2025-02-06,269.9548034667969,276.8999938964844,276.9800109863281,271.19000244140625,272.45001220703125,7264400
2025-02-07,268.88238525390625,275.79998779296875,278.54998779296875,274.7099914550781,277.2699890136719,6857900
2025-02-10,264.2418212890625,271.0400085449219,276.17999267578125,269.5899963378906,276.1499938964844,8627400
2025-02-11,268.0926818847656,274.989990234375,276.2200012207031,269.6600036621094,270.260009765625,7196400
2025-02-12,268.5411682128906,275.45001220703125,276.45001220703125,273.25,274.0799865722656,6683900
2025-02-13,269.38934326171875,276.32000732421875,276.9700012207031,273.80999755859375,275.5,8398700
2025-02-14,269.65252685546875,276.5899963378906,279.2300109863281,276.45001220703125,277.3699951171875,5688600
2025-02-18,272.92828369140625,279.95001220703125,279.9700012207031,276.0199890136719,276.760009765625,7919800
2025-02-19,272.245849609375,279.25,280.25,277.2200012207031,278.3800048828125,7007200
2025-02-20,260.10809326171875,266.79998779296875,278.739990234375,265.739990234375,278.67999267578125,13846700
2025-02-21,257.6123352050781,264.239990234375,269.20001220703125,262.8399963378906,268.32000732421875,12835600
2025-02-24,254.78504943847656,261.3399963378906,267.0,258.6099853515625,265.489990234375,10372800
2025-02-25,250.94386291503906,257.3999938964844,263.0,253.35000610351562,262.2300109863281,9608400
2025-02-26,252.29905700683594,258.7900085449219,260.9100036621094,256.92999267578125,257.1600036621094,5943600
2025-02-27,252.552490234375,259.04998779296875,263.6400146484375,257.8599853515625,260.17999267578125,8204400
2025-02-28,258.0120544433594,264.6499938964844,264.80999755859375,257.8900146484375,260.7300109863281,10467100
2025-03-03,254.08314514160156,260.6199951171875,266.32000732421875,257.82000732421875,264.0,9058300
2025-03-04,243.9732208251953,250.25,257.2300109863281,245.9499969482422,255.27999877929688,13465600
2025-03-05,245.22113037109375,251.52999877929688,253.0500030517578,247.8300018310547,251.25,7861400
2025-03-06,240.3562774658203,246.5399932861328,249.36000061035156,243.85000610351562,248.11000061035156,9983200
2025-03-07,236.203125,242.27999877929688,246.72000122070312,239.4199981689453,245.22999572753906,20498700
2025-03-10,226.39544677734375,232.22000122070312,237.50999450683594,228.6999969482422,236.2100067138672,18887200
2025-03-11,223.39271545410156,229.13999938964844,233.32000732421875,226.69000244140625,231.75,18143000
2025-03-12,222.1837921142578,227.89999389648438,234.32000732421875,227.25999450683594,234.0,16054000
2025-03-13,219.54177856445312,225.19000244140625,229.5,224.22999572753906,229.3000030517578,16467900
2025-03-14,226.6099395751953,232.44000244140625,233.13999938964844,227.5800018310547,228.1199951171875,11962100
2025-03-17,228.0625457763672,233.92999267578125,235.6699981689453,230.4600067138672,231.17999267578125,9586000
2025-03-18,229.0764617919922,234.97000122070312,236.1699981689453,233.52000427246094,234.32000732421875,10344900
2025-03-19,233.11264038085938,239.11000061035156,242.3300018310547,234.88999938964844,235.74000549316406,10120600
2025-03-20,233.01513671875,239.00999450683594,241.75999450683594,236.1999969482422,236.55999755859375,8328500
2025-03-21,235.56942749023438,241.6300048828125,242.3000030517578,236.5,237.80999755859375,19326900
2025-03-24,241.83816528320312,248.05999755859375,248.69000244140625,244.41000366210938,245.47999572753906,9422700
2025-03-25,244.83116149902344,251.1300048828125,251.82000732421875,247.6199951171875,249.30999755859375,9287700
2025-03-26,244.73365783691406,251.02999877929688,254.6699981689453,249.77999877929688,252.60000610351562,12779300
2025-03-27,241.89663696289062,248.1199951171875,250.63999938964844,247.17999267578125,249.52999877929688,8022500
2025-03-28,236.7588348388672,242.85000610351562,249.50999450683594,241.11000061035156,246.94000244140625,11978400
2025-03-31,239.14736938476562,245.3000030517578,245.86000061035156,237.36000061035156,239.41000366210938,13603000
2025-04-01,237.5485076904297,243.66000366210938,245.69000244140625,240.8800048828125,242.6199951171875,8054700
2025-04-02,239.6543426513672,245.82000732421875,247.25,241.4600067138672,241.60000610351562,7758800
2025-04-03,222.9539794921875,228.69000244140625,235.13999938964844,227.3000030517578,234.27000427246094,17188500
2025-04-04,206.2684783935547,210.27999877929688,217.6999969482422,208.92999267578125,215.30999755859375,27170700
2025-04-07,210.34913635253906,214.44000244140625,222.0500030517578,202.16000366210938,205.77000427246094,22914400
2025-04-08,212.73275756835938,216.8699951171875,227.83999633789062,213.25,223.52000427246094,19485700
2025-04-09,229.86949157714844,234.33999633789062,237.47999572753906,211.0,212.5,24022400
2025-04-10,222.7774200439453,227.11000061035156,230.35000610351562,220.10000610351562,230.0,18896400
2025-04-11,231.6940155029297,236.1999969482422,238.5800018310547,225.0,226.30999755859375,20284500
2025-04-14,230.24224853515625,234.72000122070312,239.77999877929688,233.6300048828125,237.10000610351562,13017800
2025-04-15,228.6825714111328,233.1300048828125,238.64999389648438,232.82000732421875,236.10000610351562,10912900
2025-04-16,225.229736328125,229.61000061035156,233.5800018310547,227.92999267578125,232.0,9322300
2025-04-17,227.534912109375,231.9600067138672,234.33999633789062,230.5500030517578,230.8000030517578,9557900
2025-04-21,224.62156677246094,228.99000549316406,231.80999755859375,226.33999633789062,230.6300048828125,8716200
2025-04-22,231.09564208984375,235.58999633789062,235.99000549316406,231.3699951171875,231.97999572753906,10701400
2025-04-23,236.28472900390625,240.8800048828125,246.7899932861328,240.0,240.22000122070312,14126800
2025-04-24,239.97299194335938,244.63999938964844,245.47000122070312,237.5800018310547,239.74000549316406,9055200
2025-04-25,238.90380859375,243.5500030517578,245.6199951171875,241.75,244.64999389648438,8588600
2025-04-28,238.580078125,243.22000122070312,246.83999633789062,240.83999633789062,244.55999755859375,7394300
2025-04-29,239.953369140625,244.6199951171875,245.25,241.69000244140625,242.19000244140625,7216800
2025-04-30,239.953369140625,244.6199951171875,245.22000122070312,238.42999267578125,241.2100067138672,12991700
2025-05-01,242.1800994873047,246.88999938964844,248.4499969482422,242.1699981689453,242.83999633789062,8689600
2025-05-02,247.69287109375,252.50999450683594,253.6199951171875,249.4600067138672,251.25999450683594,7165000
2025-05-05,247.74191284179688,252.55999755859375,255.16000366210938,250.58999633789062,251.17999267578125,5450700
2025-05-06,244.4950408935547,249.25,252.64999389648438,249.0,250.0,6369900
2025-05-07,244.63238525390625,249.38999938964844,252.4499969482422,248.8300018310547,249.85000610351562,8724100
2025-05-08,248.63453674316406,253.47000122070312,255.8800048828125,251.5500030517578,251.57000732421875,8320100
2025-05-09,248.2519989013672,253.0800018310547,255.50999450683594,252.33999633789062,254.5,5087600
2025-05-12,255.08900451660156,260.04998779296875,263.6000061035156,258.70001220703125,262.8999938964844,9603900
2025-05-13,257.9925842285156,263.010009765625,263.6700134277344,260.3900146484375,261.0299987792969,8589000
2025-05-14,260.5724182128906,265.6400146484375,266.6400146484375,262.2900085449219,263.0,8643100
2025-05-15,262.3870544433594,267.489990234375,269.5199890136719,264.760009765625,266.9700012207031,9214600
2025-05-16,262.45574951171875,267.55999755859375,268.4599914550781,264.7099914550781,267.5,8932900
2025-05-19,259.826904296875,264.8800048828125,268.32000732421875,261.92999267578125,265.54998779296875,12145000
2025-05-20,260.61163330078125,265.67999267578125,266.6600036621094,262.29998779296875,262.5199890136719,8436300
2025-05-21,256.06011962890625,261.0400085449219,265.6499938964844,260.7300109863281,264.3500061035156,7464000
2025-05-22,255.6972198486328,260.6700134277344,262.29998779296875,258.8699951171875,259.44000244140625,6514100
2025-05-23,255.73643493652344,260.7099914550781,261.989990234375,256.0,256.80999755859375,6671800
2025-05-27,260.22906494140625,265.2900085449219,265.29998779296875,261.989990234375,262.0400085449219,7506600
2025-05-28,258.46337890625,263.489990234375,266.7200012207031,262.8999938964844,266.239990234375,5535400
2025-05-29,259.3266296386719,264.3699951171875,265.4100036621094,262.5299987792969,264.79998779296875,5081200
2025-05-30,258.96368408203125,264.0,265.3299865722656,262.7300109863281,263.45001220703125,10977700
2025-06-02,259.611083984375,264.6600036621094,265.0299987792969,261.8999938964844,263.0199890136719,6011200
2025-06-03,261.1903381347656,266.2699890136719,266.5799865722656,262.8800048828125,263.7300109863281,6998400
2025-06-04,259.17950439453125,264.2200012207031,267.1199951171875,264.17999267578125,265.9200134277344,5915700
2025-06-05,256.9527893066406,261.95001220703125,264.739990234375,260.30999755859375,264.739990234375,8173800
2025-06-06,260.66064453125,265.7300109863281,266.6499938964844,264.260009765625,264.3299865722656,7738100
2025-06-09,261.6513977050781,266.739990234375,267.8999938964844,263.3500061035156,266.0,8285000
2025-06-10,263.4759216308594,268.6000061035156,268.8999938964844,265.8500061035156,265.8800048828125,7538100
2025-06-11,263.03448486328125,268.1499938964844,269.6199951171875,265.7900085449219,268.67999267578125,7434100
2025-06-12,263.12274169921875,268.239990234375,268.2900085449219,265.1400146484375,266.8599853515625,6618000
2025-06-13,259.89556884765625,264.95001220703125,267.0199890136719,262.7099914550781,265.0799865722656,7098300
2025-06-16,265.2023010253906,270.3599853515625,271.7300109863281,266.8500061035156,267.0,8566000
2025-06-17,264.37835693359375,269.5199890136719,270.5899963378906,267.79998779296875,268.1700134277344,6739300
2025-06-18,268.7336730957031,273.9599914550781,277.7200012207031,269.7200012207031,270.0,9586400
2025-06-20,269.7538146972656,275.0,277.29998779296875,273.80999755859375,275.57000732421875,13969700
2025-06-23,272.9613952636719,278.2699890136719,278.54998779296875,272.1099853515625,275.05999755859375,8094600
2025-06-24,275.8943786621094,281.260009765625,282.7099914550781,279.510009765625,280.2099914550781,9267900
2025-06-25,278.6409606933594,284.05999755859375,284.2799987792969,280.9100036621094,281.5,6826900
2025-06-26,283.24151611328125,288.75,289.4100036621094,284.4700012207031,284.70001220703125,8942100
2025-06-27,281.6327819824219,287.1099853515625,288.70001220703125,285.0400085449219,285.80999755859375,17868600
2025-06-30,284.3794250488281,289.9100036621094,292.6499938964844,288.9200134277344,290.3999938964844,12689200
2025-07-01,284.869873046875,290.4100036621094,291.1300048828125,286.5899963378906,290.8900146484375,9338300
2025-07-02,286.4295349121094,292.0,292.82000732421875,289.70001220703125,292.0400085449219,8158700
2025-07-03,291.75201416015625,296.0,296.3999938964844,291.2099914550781,292.1499938964844,6541600
2025-07-07,287.77984619140625,291.9700012207031,296.0400085449219,290.0799865722656,295.25,8825700
2025-07-08,278.72174072265625,282.7799987792969,289.70001220703125,280.30999755859375,289.2699890136719,15440900
2025-07-09,279.0962829589844,283.1600036621094,287.20001220703125,282.4800109863281,287.17999267578125,11273800
2025-07-10,284.05413818359375,288.19000244140625,288.30999755859375,283.0,283.0,8410900
2025-07-11,282.7431640625,286.8599853515625,287.3800048828125,283.6499938964844,285.5199890136719,7384700
2025-07-14,284.55682373046875,288.70001220703125,289.29998779296875,285.260009765625,287.07000732421875,9079900
2025-07-15,282.4376525878906,286.54998779296875,291.95001220703125,285.4800109863281,288.0,12526100
2025-07-16,281.7181396484375,285.82000732421875,290.7300109863281,283.010009765625,288.3999938964844,9979800
2025-07-17,285.73956298828125,289.8999938964844,290.29998779296875,283.44000244140625,283.44000244140625,8509500
2025-07-18,287.08990478515625,291.2699890136719,292.5,288.2300109863281,289.5199890136719,12217000
2025-07-21,286.7942199707031,290.9700012207031,294.17999267578125,290.5799865722656,291.0,7898100
2025-07-22,287.2475891113281,291.42999267578125,293.6300048828125,289.17999267578125,291.5,6717500
2025-07-23,292.5011291503906,296.760009765625,296.989990234375,292.54998779296875,292.8399963378906,7083500
2025-07-24,292.2940979003906,296.54998779296875,299.5899963378906,296.20001220703125,297.4200134277344,7001200
2025-07-25,294.33441162109375,298.6199951171875,298.8999938964844,295.9599914550781,296.70001220703125,5918500
2025-07-28,293.9992980957031,298.2799987792969,299.42999267578125,296.82000732421875,297.6600036621094,5840400
2025-07-29,292.7771301269531,297.0400085449219,301.2900085449219,296.20001220703125,300.0,7635700
2025-07-30,295.3299255371094,299.6300048828125,300.6099853515625,297.3800048828125,297.4200134277344,8061700
2025-07-31,291.9885559082031,296.239990234375,300.9800109863281,295.5,299.1400146484375,14749700
2025-08-01,285.2171936035156,289.3699951171875,291.79998779296875,284.239990234375,290.3999938964844,12007100
2025-08-04,290.0369873046875,294.260009765625,294.32000732421875,290.260009765625,290.260009765625,6649500
2025-08-05,287.1884460449219,291.3699951171875,295.7900085449219,287.239990234375,294.69000244140625,7182300
2025-08-06,287.16876220703125,291.3500061035156,293.2900085449219,290.1600036621094,292.29998779296875,6330200
2025-08-07,282.8220520019531,286.94000244140625,293.4599914550781,286.4100036621094,292.94000244140625,8057100
2025-08-08,284.6159362792969,288.760009765625,291.2300109863281,284.7099914550781,288.9800109863281,6634100
2025-08-11,285.4044189453125,289.55999755859375,291.32000732421875,288.7799987792969,289.3999938964844,5510100
2025-08-12,288.6472473144531,292.8500061035156,294.75,290.3399963378906,291.5,8570900
2025-08-13,286.36053466796875,290.5299987792969,294.54998779296875,287.1600036621094,293.95001220703125,8420400
2025-08-14,289.93841552734375,294.1600036621094,294.20001220703125,289.6400146484375,290.5799865722656,6322400
2025-08-15,286.32110595703125,290.489990234375,295.5,289.82000732421875,294.8399963378906,7340500
2025-08-18,287.34619140625,291.5299987792969,291.8999938964844,288.4100036621094,290.0,5386900
2025-08-19,286.4886779785156,290.6600036621094,292.4800109863281,289.5299987792969,290.8299865722656,6031500
2025-08-20,288.0459899902344,292.239990234375,293.3299865722656,287.2699890136719,290.80999755859375,7374200
2025-08-21,287.28704833984375,291.4700012207031,292.7699890136719,289.4700012207031,291.94000244140625,6624000
2025-08-22,291.9885559082031,296.239990234375,297.1600036621094,290.1300048828125,293.20001220703125,8552800
2025-08-25,290.6678161621094,294.8999938964844,297.3500061035156,294.1400146484375,296.239990234375,5856300
2025-08-26,294.28515625,298.57000732421875,298.739990234375,293.5,294.1600036621094,6714700
2025-08-27,294.9849548339844,299.2799987792969,301.07000732421875,297.0400085449219,297.25,6056500
2025-08-28,296.7492980957031,301.07000732421875,301.239990234375,298.70001220703125,300.0199890136719,6410500
2025-08-29,297.09423828125,301.4200134277344,302.95001220703125,299.7300109863281,302.0400085449219,6796400
2025-09-02,295.39892578125,299.70001220703125,300.4599914550781,294.5,300.260009765625,7221900
2025-09-03,295.211669921875,299.510009765625,300.57000732421875,296.3800048828125,300.57000732421875,6316900
2025-09-04,299.4598083496094,303.82000732421875,304.42999267578125,298.2799987792969,300.0,6605800
2025-09-05,290.1552734375,294.3800048828125,305.1499938964844,294.30999755859375,303.6499938964844,9837700
2025-09-08,288.70635986328125,292.9100036621094,296.4599914550781,291.44000244140625,294.8900146484375,8188500
2025-09-09,293.5754699707031,297.8500061035156,299.0,292.30999755859375,292.6000061035156,7848200
2025-09-10,296.22686767578125,300.5400085449219,301.5400085449219,295.3999938964844,296.70001220703125,7787300
2025-09-11,301.1748352050781,305.55999755859375,305.7300109863281,300.7900085449219,301.239990234375,7942500
2025-09-12,302.5054626464844,306.9100036621094,307.54998779296875,303.70001220703125,305.0,6846700
2025-09-15,304.4668884277344,308.8999938964844,309.95001220703125,307.1700134277344,307.1700134277344,7122000
2025-09-16,304.75274658203125,309.19000244140625,310.8999938964844,307.1300048828125,310.0,10525600
2025-09-17,307.2760009765625,311.75,312.9100036621094,308.7699890136719,310.3900146484375,8657800
2025-09-18,308.7347717285156,313.2300109863281,313.44000244140625,309.6099853515625,311.7900085449219,8050700
2025-09-19,310.26251220703125,314.7799987792969,315.79998779296875,309.1199951171875,313.6000061035156,23568600
2025-09-22,307.9560852050781,312.44000244140625,313.70001220703125,309.55999755859375,309.79998779296875,7520200
2025-09-23,308.25177001953125,312.739990234375,316.30999755859375,310.5799865722656,311.82000732421875,8584400
2025-09-24,308.92205810546875,313.4200134277344,316.5799865722656,311.6700134277344,314.04998779296875,7310500
2025-09-25,308.9516296386719,313.45001220703125,315.6499938964844,311.79998779296875,314.1199951171875,7083200
2025-09-26,311.5241394042969,316.05999755859375,317.80999755859375,313.70001220703125,314.8999938964844,7258100
2025-09-29,311.1594543457031,315.69000244140625,318.010009765625,313.6600036621094,317.05999755859375,6462400
2025-09-30,310.9031677246094,315.42999267578125,317.4100036621094,310.1099853515625,316.25,11823300
2025-10-01,306.2508850097656,310.7099914550781,314.5899963378906,307.4100036621094,313.9700012207031,9235200
2025-10-02,303.1362609863281,307.54998779296875,310.55999755859375,306.1400146484375,310.0,7600000
2025-10-03,305.5806579589844,310.0299987792969,311.6600036621094,308.2099914550781,308.510009765625,6029900
2025-10-06,306.2244567871094,309.17999267578125,311.75,305.1300048828125,310.17999267578125,7214500
2025-10-07,304.7486877441406,307.69000244140625,310.010009765625,304.70001220703125,309.3500061035156,8454200
2025-10-08,301.1236877441406,304.0299987792969,308.7799987792969,303.54998779296875,308.2099914550781,6489900
2025-10-09,302.6093444824219,305.5299987792969,308.0400085449219,303.3900146484375,305.04998779296875,7060300
2025-10-10,298.01373291015625,300.8900146484375,310.4700012207031,300.80999755859375,305.6600036621094,8597400
2025-10-13,305.0260314941406,307.9700012207031,309.4599914550781,305.45001220703125,305.6000061035156,10788700
2025-10-14,299.19232177734375,302.0799865722656,307.0,294.2099914550781,305.8399963378906,16178800
2025-10-15,302.767822265625,305.69000244140625,312.1199951171875,305.44000244140625,306.3900146484375,11354800
2025-10-16,295.6861572265625,298.5400085449219,308.67999267578125,297.07000732421875,305.3500061035156,10549400
2025-10-17,294.7155456542969,297.55999755859375,299.54998779296875,294.20001220703125,299.1600036621094,10153500
2025-10-20,299.4696350097656,302.3599853515625,303.69000244140625,298.1600036621094,298.5,6894900
2025-10-21,294.2500305175781,297.0899963378906,304.04998779296875,297.0,301.6600036621094,7372700
2025-10-22,291.2984924316406,294.1099853515625,298.05999755859375,290.5400085449219,297.7699890136719,8054100
2025-10-23,291.72442626953125,294.5400085449219,296.3699951171875,292.510009765625,294.3800048828125,5438800
2025-10-24,297.5680236816406,300.44000244140625,302.6000061035156,295.45001220703125,296.0799865722656,7228300
2025-10-27,301.2425231933594,304.1499938964844,304.5299987792969,301.010009765625,302.1600036621094,5642200
2025-10-28,302.4409484863281,305.3599853515625,307.9700012207031,303.1600036621094,304.8599853515625,6336000
2025-10-29,302.58953857421875,305.510009765625,308.25,303.010009765625,303.510009765625,7520300
2025-10-30,306.48199462890625,309.44000244140625,312.6099853515625,305.1000061035156,305.7900085449219,7514600
2025-10-31,308.1459045410156,311.1199951171875,312.8699951171875,307.25,308.5400085449219,7721300
2025-11-03,306.3928527832031,309.3500061035156,312.32000732421875,306.2099914550781,311.0,7770000
2025-11-04,306.2937927246094,309.25,312.2200012207031,305.1000061035156,306.7099914550781,7085200
2025-11-05,308.7005615234375,311.67999267578125,313.1000061035156,305.6300048828125,309.6099853515625,6865200
2025-11-06,310.4239501953125,313.4200134277344,314.8399963378906,310.260009765625,310.989990234375,7206100
2025-11-07,311.20635986328125,314.2099914550781,314.42999267578125,307.6400146484375,311.8900146484375,7302300
2025-11-10,313.8607482910156,316.8900146484375,319.55999755859375,314.2099914550781,315.0,5794100
2025-11-11,312.6028747558594,315.6199951171875,319.04998779296875,315.2799987792969,317.5,5030200
2025-11-12,317.34710693359375,320.4100036621094,322.25,316.2099914550781,316.260009765625,10578300
2025-11-13,306.5216064453125,309.4800109863281,320.6300048828125,309.1000061035156,319.2300109863281,8973300
2025-11-14,300.7076721191406,303.6099853515625,307.6400146484375,301.2300109863281,307.510009765625,10327000
2025-11-17,297.4986572265625,300.3699951171875,305.5899963378906,297.6700134277344,304.0,8344000
2025-11-18,296.5478515625,299.4100036621094,302.95001220703125,297.0199890136719,299.5,8077300
2025-11-19,300.3709411621094,303.2699890136719,304.45001220703125,299.2699890136719,299.739990234375,5546600
2025-11-20,295.5277099609375,298.3800048828125,309.9200134277344,298.1600036621094,306.3399963378906,7501600
2025-11-21,295.171142578125,298.0199890136719,301.67999267578125,292.80999755859375,301.2900085449219,11766800
2025-11-24,295.1513366699219,298.0,299.82000732421875,294.510009765625,298.239990234375,10940200
2025-11-25,300.103515625,303.0,304.5,295.55999755859375,300.04998779296875,8877200
2025-11-26,304.6991882324219,307.6400146484375,308.5299987792969,303.20001220703125,305.0,7910900
2025-11-28,310.087158203125,313.0799865722656,313.7200012207031,308.239990234375,309.1000061035156,4322400
2025-12-01,305.9669494628906,308.9200134277344,314.0400085449219,308.5400085449219,312.95001220703125,7727300
2025-12-02,304.9368896484375,307.8800048828125,310.4800109863281,307.0899963378906,308.739990234375,7249000
2025-12-03,309.1462707519531,312.1300048828125,312.3599853515625,306.79998779296875,307.20001220703125,8535300
2025-12-04,313.0783386230469,316.1000061035156,318.489990234375,313.0,313.260009765625,9627800
2025-12-05,312.0284729003906,315.0400085449219,318.4800109863281,314.67999267578125,315.6400146484375,6518900
2025-12-08,312.1968078613281,315.2099914550781,316.4700012207031,313.3500061035156,315.05999755859375,7417200
2025-12-09,297.6373596191406,300.510009765625,318.79998779296875,300.0199890136719,314.95001220703125,18049200
2025-12-10,307.1455383300781,310.1099853515625,311.19000244140625,298.4599914550781,300.5,18874100
2025-12-11,314.3460693359375,317.3800048828125,318.0,309.239990234375,309.239990234375,9721900
2025-12-12,315.4751892089844,318.5199890136719,320.2699890136719,316.6000061035156,319.67999267578125,8982900
2025-12-15,316.9608154296875,320.0199890136719,322.8800048828125,318.3900146484375,319.5899963378906,10864100
2025-12-16,312.5335693359375,315.54998779296875,319.5199890136719,314.3999938964844,319.0899963378906,8331300
2025-12-17,311.9690246582031,314.9800109863281,319.3699951171875,314.6600036621094,318.42999267578125,8718700
2025-12-18,310.0079345703125,313.0,317.70001220703125,312.2200012207031,316.0,11444900
2025-12-19,314.17767333984375,317.2099914550781,318.55999755859375,313.19000244140625,313.7900085449219,24494400
2025-12-22,320.0014953613281,323.0899963378906,323.2300109863281,317.510009765625,317.510009765625,8354600
2025-12-23,322.8143310546875,325.92999267578125,327.7799987792969,323.0899963378906,323.6099853515625,6668300
2025-12-24,326.02337646484375,329.1700134277344,329.989990234375,325.5,326.239990234375,4289300
2025-12-26,324.7754211425781,327.9100036621094,330.8599853515625,326.5400085449219,329.1099853515625,4158300
2025-12-29,320.6551818847656,323.75,327.7699890136719,323.5299987792969,327.0,8635300
2025-12-30,320.328369140625,323.4200134277344,324.94000244140625,322.489990234375,324.80999755859375,7904300
2025-12-31,319.1398010253906,322.2200012207031,324.8800048828125,322.0400085449219,324.3399963378906,5048500
2026-01-02,322.36865234375,325.4800109863281,325.7300109863281,320.739990234375,322.5,8054000
2026-01-05,330.8468322753906,334.0400085449219,337.25,325.19000244140625,325.5,10752600
2026-01-06,332.90625,334.6099853515625,335.8699951171875,330.6499938964844,332.6199951171875,7660800
2026-01-07,325.3250732421875,326.989990234375,332.1499938964844,324.6000061035156,331.1400146484375,9815200
2026-01-08,328.11083984375,329.7900085449219,331.3999938964844,325.6499938964844,326.3900146484375,11737100
2026-01-09,327.5138854980469,329.19000244140625,331.8999938964844,328.1700134277344,329.3399963378906,6738100
2026-01-12,322.8377990722656,324.489990234375,326.0199890136719,321.2300109863281,321.8800048828125,12805100
2026-01-13,309.3169860839844,310.8999938964844,326.8599853515625,310.57000732421875,324.29998779296875,19371200
2026-01-14,306.30242919921875,307.8699951171875,311.760009765625,306.1199951171875,308.20001220703125,25951500
2026-01-15,307.68536376953125,309.260009765625,312.94000244140625,307.75,308.4700012207031,14751400
2026-01-16,310.8789978027344,312.4700012207031,317.2099914550781,310.0,310.3500061035156,14652500
2026-01-20,301.19854736328125,302.739990234375,311.1499938964844,301.8599853515625,306.2099914550781,12900600
2026-01-21,300.50213623046875,302.0400085449219,305.3999938964844,301.1499938964844,303.42999267578125,10270100
2026-01-22,302.0840148925781,303.6300048828125,308.20001220703125,302.8999938964844,304.8599853515625,10535800
2026-01-23,296.2041015625,297.7200012207031,302.3699951171875,296.510009765625,302.0,11107900
2026-01-26,299.5072021484375,301.0400085449219,301.7799987792969,297.45001220703125,297.80999755859375,11752700
2026-01-27,298.7809143066406,300.30999755859375,301.9700012207031,298.1499938964844,301.3299865722656,11527400
2026-01-28,299.2385559082031,300.7699890136719,301.9200134277344,298.04998779296875,300.2699890136719,9556700
2026-01-29,304.8598327636719,306.4200134277344,306.8299865722656,302.2200012207031,302.3999938964844,11580000
2026-01-30,304.33251953125,305.8900146484375,307.92999267578125,302.55999755859375,305.25,11953200
2026-02-02,306.5710754394531,308.1400146484375,309.29998779296875,301.3699951171875,304.4599914550781,9839400
2026-02-03,313.24688720703125,314.8500061035156,316.25,309.1000061035156,309.7300109863281,12688000
2026-02-04,315.654541015625,317.2699890136719,319.30999755859375,314.4100036621094,314.4100036621094,9848800
2026-02-05,308.5807800292969,310.1600036621094,316.010009765625,305.5400085449219,315.0,9388000
2026-02-06,320.7584533691406,322.3999938964844,324.25,314.7099914550781,314.7099914550781,17797400
2026-02-09,320.4599914550781,322.1000061035156,326.3999938964844,320.1099853515625,321.3399963378906,11477500
2026-02-10,316.659423828125,318.2799987792969,326.1300048828125,315.1199951171875,322.54998779296875,9902200
2026-02-11,309.2374267578125,310.82000732421875,325.2799987792969,308.7300109863281,323.239990234375,8703500
2026-02-12,301.09906005859375,302.6400146484375,313.6199951171875,300.0199890136719,312.2799987792969,13443400
2026-02-13,301.0094909667969,302.54998779296875,304.2900085449219,296.5199890136719,298.5199890136719,9114500
2026-02-17,305.5661926269531,307.1300048828125,308.239990234375,302.5,302.760009765625,8896800
2026-02-18,307.2077941894531,308.7799987792969,312.2799987792969,307.2200012207031,308.4599914550781,7209600
2026-02-19,306.48150634765625,308.04998779296875,309.17999267578125,305.1199951171875,307.1700134277344,6737700
2026-02-20,309.20758056640625,310.7900085449219,311.0,305.67999267578125,308.3999938964844,7792700
2026-02-23,296.1543884277344,297.6700134277344,311.0,295.1000061035156,308.79998779296875,12955400
2026-02-24,295.7862243652344,297.29998779296875,299.75,291.3800048828125,296.82000732421875,13554100
2026-02-25,301.75567626953125,303.29998779296875,303.6600036621094,297.010009765625,298.6400146484375,8095500
2026-02-26,304.5712890625,306.1300048828125,309.010009765625,303.6400146484375,304.5799865722656,7007800
2026-02-27,298.7709655761719,300.29998779296875,302.95001220703125,294.45001220703125,300.0,18620800
2026-03-02,296.044921875,297.55999755859375,299.9800109863281,293.2099914550781,294.80999755859375,8508900
2026-03-03,298.7311706542969,300.260009765625,302.3900146484375,289.5,292.2900085449219,10278200
2026-03-04,297.8656311035156,299.3900146484375,301.0,295.82000732421875,299.989990234375,8055700
2026-03-05,292.0553283691406,293.54998779296875,301.239990234375,292.42999267578125,297.9800109863281,12732500
2026-03-06,288.0060729980469,289.4800109863281,289.989990234375,283.7099914550781,286.3399963378906,13496500
2026-03-09,288.44384765625,289.9200134277344,291.1000061035156,280.45001220703125,285.5,12241100
2026-03-10,287.2598876953125,288.7300109863281,292.75,287.17999267578125,289.2900085449219,8344900
2026-03-11,286.0560302734375,287.5199890136719,290.4800109863281,284.8599853515625,288.80999755859375,10205000
2026-03-12,281.44964599609375,282.8900146484375,283.8800048828125,279.1000061035156,282.8299865722656,13760500
2026-03-13,281.996826171875,283.44000244140625,287.19000244140625,282.95001220703125,284.6700134277344,9091200
2026-03-16,284.7029724121094,286.1600036621094,289.2699890136719,284.6099853515625,286.3399963378906,8149000
2026-03-17,285.42926025390625,286.8900146484375,291.760009765625,285.95001220703125,289.0,8961200
2026-03-18,286.27490234375,287.739990234375,289.4100036621094,285.1199951171875,286.8299865722656,10057000
2026-03-19,286.5037536621094,287.9700012207031,289.510009765625,284.6199951171875,286.8800048828125,9846700
2026-03-20,285.1009216308594,286.55999755859375,290.7099914550781,285.2699890136719,288.0799865722656,22436500
2026-03-23,288.4338684082031,289.9100036621094,295.75,287.9700012207031,294.30999755859375,11470800
2026-03-24,290.91119384765625,292.3999938964844,295.4800109863281,285.3699951171875,286.1700134277344,11092300
2026-03-25,293.91583251953125,295.4200134277344,297.6400146484375,292.44000244140625,294.1499938964844,12188200
2026-03-26,290.1749572753906,291.6600036621094,294.989990234375,290.7300109863281,292.5799865722656,8669200
2026-03-27,281.3998718261719,282.8399963378906,290.1099853515625,281.75,289.1400146484375,9873300
2026-03-30,282.32513427734375,283.7699890136719,287.25,282.3299865722656,284.739990234375,11734400
2026-03-31,292.6622314453125,294.1600036621094,295.07000732421875,284.95001220703125,288.4700012207031,12956900
2026-04-01,293.87603759765625,295.3800048828125,298.7200012207031,292.9100036621094,295.3900146484375,11267200
2026-04-02,293.1000061035156,294.6000061035156,295.6199951171875,288.7200012207031,291.9100036621094,6669300
2026-04-06,295.45001220703125,295.45001220703125,296.8299865722656,293.20001220703125,294.05999755859375,7142600
2026-04-07,297.3999938964844,297.3999938964844,298.17999267578125,292.70001220703125,293.1400146484375,7849100
2026-04-08,307.9700012207031,307.9700012207031,311.260009765625,305.3299865722656,307.9700012207031,10590200
2026-04-09,310.3299865722656,310.3299865722656,311.260009765625,306.1099853515625,306.95001220703125,6586600
2026-04-10,309.8699951171875,309.8699951171875,310.3500061035156,306.7200012207031,310.0,6069700
2026-04-13,313.67999267578125,313.67999267578125,313.739990234375,305.4599914550781,307.4700012207031,8318200
2026-04-14,311.1199951171875,311.1199951171875,314.32000732421875,308.8699951171875,309.82000732421875,11455500
2026-04-15,305.92999267578125,305.92999267578125,314.239990234375,304.260009765625,313.95001220703125,9885800
2026-04-16,309.95001220703125,309.95001220703125,309.95001220703125,305.20001220703125,305.3500061035156,8208600
2026-04-17,310.2900085449219,310.2900085449219,314.8999938964844,310.0899963378906,312.4700012207031,11082400
2026-04-20,316.989990234375,316.989990234375,317.1300048828125,310.3699951171875,310.8500061035156,10772000
2026-04-21,313.0,313.0,320.239990234375,312.75,317.489990234375,7084300
2026-04-22,313.0199890136719,313.0199890136719,315.1499938964844,311.94000244140625,314.8500061035156,5545900
2026-04-23,311.69000244140625,311.69000244140625,314.989990234375,308.8900146484375,313.5199890136719,6969700
2026-04-24,308.2799987792969,308.2799987792969,311.1499938964844,307.8900146484375,311.1499938964844,5215300
2026-04-27,311.6300048828125,311.6300048828125,312.5799865722656,306.8800048828125,306.8800048828125,7925300
2026-04-28,311.45001220703125,311.45001220703125,315.45001220703125,311.1700134277344,315.20001220703125,7398600
2026-04-29,309.25,309.25,312.04998779296875,307.2900085449219,310.57000732421875,8031800
2026-04-30,313.2300109863281,313.2300109863281,314.1000061035156,306.57000732421875,307.07000732421875,8865400
2026-05-01,312.4700012207031,312.4700012207031,316.0799865722656,311.8299865722656,313.95001220703125,6135400
2026-05-04,307.6499938964844,307.6499938964844,310.6499938964844,306.510009765625,310.6199951171875,7338200
2026-05-05,309.3999938964844,309.3999938964844,310.9700012207031,306.79998779296875,307.7099914550781,6316800
2026-05-06,314.8999938964844,314.8999938964844,316.260009765625,311.3500061035156,311.45001220703125,8629500
2026-05-07,306.2699890136719,306.2699890136719,316.29998779296875,306.1400146484375,314.6499938964844,8359600
2026-05-08,302.1000061035156,302.1000061035156,308.989990234375,300.5,308.25,9464300
2026-05-11,300.0,300.0,303.19000244140625,298.8800048828125,302.1000061035156,9512000
2026-05-12,304.8800048828125,304.8800048828125,306.05999755859375,295.54998779296875,300.0199890136719,9498200
2026-05-13,300.25,300.25,303.0,300.07000732421875,302.2699890136719,7709500
2026-05-14,299.9100036621094,299.9100036621094,303.75,298.80999755859375,302.25,7364300
2026-05-15,297.80999755859375,297.80999755859375,300.7900085449219,296.45001220703125,300.2099914550781,8699300
2026-05-18,300.7300109863281,300.7300109863281,301.260009765625,297.2200012207031,298.0,7546300
2026-05-19,295.70001220703125,295.70001220703125,301.7900085449219,295.2699890136719,301.0899963378906,7913316
