Date,Adj Close,Close,High,Low,Open,Volume
2006-06-22,29.599733352661133,47.869998931884766,48.09000015258789,47.77000045776367,48.09000015258789,1364900
2006-06-23,29.216360092163086,47.25,47.45000076293945,47.0099983215332,47.43000030517578,702000
2006-06-26,29.531709671020508,47.7599983215332,47.83000183105469,47.45000076293945,47.5,144200
2006-06-27,29.340017318725586,47.45000076293945,48.0,47.43000030517578,48.0,432500
2006-06-28,29.29056739807129,47.369998931884766,47.52000045776367,47.040000915527344,47.380001068115234,739000
2006-06-29,29.939823150634766,48.41999816894531,48.41999816894531,47.689998626708984,47.849998474121094,61200
2006-06-30,29.797611236572266,48.189998626708984,48.5,48.09000015258789,48.459999084472656,279000
2006-07-03,30.007822036743164,48.529998779296875,48.529998779296875,48.220001220703125,48.220001220703125,56500
2006-07-05,29.649213790893555,47.95000076293945,48.25,47.88999938964844,48.25,141800
2006-07-06,29.711029052734375,48.04999923706055,48.25,48.04999923706055,48.099998474121094,66400
2006-07-07,29.50699234008789,47.720001220703125,48.2400016784668,47.650001525878906,48.150001525878906,246300
2006-07-10,29.59355926513672,47.86000061035156,47.93000030517578,47.79999923706055,47.93000030517578,44200
2006-07-11,29.667749404907227,47.97999954223633,47.97999954223633,47.400001525878906,47.709999084472656,172200
2006-07-12,29.284378051757812,47.36000061035156,47.880001068115234,47.36000061035156,47.880001068115234,228600
2006-07-13,28.950477600097656,46.81999969482422,47.16999816894531,46.75,47.11000061035156,992100
2006-07-14,28.9381160736084,46.79999923706055,46.900001525878906,46.5,46.83000183105469,59200
2006-07-17,29.061777114868164,47.0,47.0099983215332,46.70000076293945,46.709999084472656,68900
2006-07-18,29.27201271057129,47.34000015258789,47.34000015258789,46.869998931884766,47.31999969482422,579300
2006-07-19,30.014020919799805,48.540000915527344,48.560001373291016,47.33000183105469,47.349998474121094,936400
2006-07-20,29.80377960205078,48.20000076293945,48.72999954223633,48.20000076293945,48.72999954223633,146000
2006-07-21,29.544076919555664,47.779998779296875,47.810001373291016,47.5,47.54999923706055,315900
2006-07-24,29.884180068969727,48.33000183105469,48.34000015258789,47.97999954223633,47.97999954223633,87100
2006-07-25,30.032573699951172,48.56999969482422,48.56999969482422,48.22999954223633,48.310001373291016,88400
2006-07-26,30.038766860961914,48.58000183105469,48.779998779296875,48.09000015258789,48.29999923706055,64000
2006-07-27,29.73575782775879,48.09000015258789,48.83000183105469,48.08000183105469,48.650001525878906,562400
2006-07-28,30.34173011779785,49.06999969482422,49.119998931884766,48.369998931884766,48.369998931884766,167500
2006-07-31,30.063493728637695,48.619998931884766,48.72999954223633,48.31999969482422,48.650001525878906,174900
2006-08-01,29.816152572631836,48.220001220703125,48.40999984741211,47.97999954223633,48.16999816894531,121500
2006-08-02,29.952192306518555,48.439998626708984,48.63999938964844,48.220001220703125,48.45000076293945,223300
2006-08-03,30.34792709350586,49.08000183105469,49.11000061035156,48.47999954223633,48.5,124500
2006-08-04,30.34173011779785,49.06999969482422,49.52000045776367,48.849998474121094,49.52000045776367,75600
2006-08-07,30.199514389038086,48.84000015258789,49.04999923706055,48.72999954223633,49.0099983215332,335100
2006-08-08,30.032573699951172,48.56999969482422,49.22999954223633,48.5099983215332,49.02000045776367,98100
2006-08-09,29.698671340942383,48.029998779296875,49.0,47.959999084472656,49.0,119200
2006-08-10,29.877973556518555,48.31999969482422,48.45000076293945,47.83000183105469,47.83000183105469,51500
2006-08-11,29.791423797607422,48.18000030517578,48.22999954223633,47.97999954223633,48.06999969482422,115300
2006-08-14,29.7790584564209,48.15999984741211,48.61000061035156,48.099998474121094,48.400001525878906,473400
2006-08-15,30.2428035736084,48.90999984741211,48.959999084472656,48.70000076293945,48.70000076293945,127200
2006-08-16,30.415935516357422,49.189998626708984,49.2400016784668,48.900001525878906,49.16999816894531,308000
2006-08-17,30.422103881835938,49.20000076293945,49.29999923706055,49.13999938964844,49.13999938964844,55100
2006-08-18,30.422103881835938,49.20000076293945,49.20000076293945,49.02000045776367,49.02000045776367,47400
2006-08-21,30.199514389038086,48.84000015258789,48.9900016784668,48.84000015258789,48.95000076293945,56600
2006-08-22,30.26753807067871,48.95000076293945,49.040000915527344,48.810001373291016,48.810001373291016,46300
2006-08-23,29.915088653564453,48.380001068115234,49.029998779296875,48.349998474121094,49.029998779296875,311700
2006-08-24,29.964550018310547,48.459999084472656,48.4900016784668,48.290000915527344,48.400001525878906,44000
2006-08-25,29.834707260131836,48.25,48.540000915527344,48.18000030517578,48.540000915527344,167100
2006-08-28,30.05112075805664,48.599998474121094,48.599998474121094,48.31999969482422,48.34000015258789,63200
2006-08-29,29.952192306518555,48.439998626708984,48.470001220703125,48.099998474121094,48.470001220703125,250900
2006-08-30,30.21806526184082,48.869998931884766,48.90999984741211,48.61000061035156,48.61000061035156,83900
2006-08-31,30.279905319213867,48.970001220703125,49.029998779296875,48.83000183105469,48.90999984741211,50700
2006-09-01,30.261362075805664,48.939998626708984,49.029998779296875,48.84000015258789,48.84000015258789,97200
2006-09-05,30.329374313354492,49.04999923706055,49.150001525878906,48.970001220703125,48.970001220703125,28400
2006-09-06,30.143871307373047,48.75,48.90999984741211,48.75,48.79999923706055,1500
2006-09-07,29.84706687927246,48.27000045776367,48.650001525878906,48.27000045776367,48.58000183105469,53000
2006-09-08,29.896530151367188,48.349998474121094,48.380001068115234,48.09000015258789,48.20000076293945,503800
2006-09-11,29.927444458007812,48.400001525878906,48.439998626708984,48.13999938964844,48.29999923706055,153200
2006-09-12,30.323192596435547,49.040000915527344,49.060001373291016,48.630001068115234,48.630001068115234,15600
2006-09-13,30.55197525024414,49.40999984741211,49.41999816894531,49.099998474121094,49.20000076293945,156100
2006-09-14,30.539600372314453,49.38999938964844,49.38999938964844,49.369998931884766,49.380001068115234,70100
2006-09-15,30.615619659423828,49.130001068115234,49.220001220703125,49.04999923706055,49.130001068115234,84000
2006-09-18,30.45360565185547,48.869998931884766,49.0,48.81999969482422,48.869998931884766,43900
2006-09-19,30.360137939453125,48.720001220703125,48.900001525878906,48.16999816894531,48.900001525878906,331000
2006-09-20,30.839956283569336,49.4900016784668,49.52000045776367,49.22999954223633,49.22999954223633,406200
2006-09-21,30.47853660583496,48.90999984741211,49.47999954223633,48.77000045776367,49.47999954223633,626700
2006-09-22,30.272907257080078,48.58000183105469,48.70000076293945,48.29999923706055,48.63999938964844,511600
2006-09-25,30.677942276000977,49.22999954223633,49.22999954223633,48.470001220703125,48.5,136300
2006-09-26,30.65923309326172,49.20000076293945,49.29999923706055,49.0099983215332,49.18000030517578,123400
2006-09-27,30.82127571105957,49.459999084472656,49.5,49.25,49.2599983215332,184500
2006-09-28,30.790115356445312,49.40999984741211,49.5,49.209999084472656,49.34000015258789,347400
2006-09-29,30.434904098510742,48.84000015258789,49.43000030517578,48.84000015258789,49.41999816894531,41600
2006-10-02,30.104631423950195,48.310001373291016,48.720001220703125,48.16999816894531,48.70000076293945,402100
2006-10-03,30.142038345336914,48.369998931884766,48.630001068115234,48.09000015258789,48.209999084472656,446600
2006-10-04,30.422447204589844,48.81999969482422,48.88999938964844,48.119998931884766,48.20000076293945,734600
2006-10-05,30.62809181213379,49.150001525878906,49.150001525878906,48.77000045776367,48.88999938964844,705200
2006-10-06,30.428682327270508,48.83000183105469,49.0,48.72999954223633,49.0,609700
2006-10-09,30.790115356445312,49.40999984741211,49.439998626708984,48.95000076293945,49.11000061035156,149100
2006-10-10,30.76519203186035,49.369998931884766,49.5,49.22999954223633,49.5,316800
2006-10-11,30.65923309326172,49.20000076293945,49.29999923706055,49.0,49.16999816894531,632700
2006-10-12,30.933427810668945,49.63999938964844,49.63999938964844,49.45000076293945,49.459999084472656,222700
2006-10-13,31.08922576904297,49.88999938964844,49.900001525878906,49.72999954223633,49.779998779296875,264800
2006-10-16,31.014440536499023,49.77000045776367,49.869998931884766,49.650001525878906,49.869998931884766,282000
2006-10-17,30.877361297607422,49.54999923706055,49.63999938964844,49.36000061035156,49.63999938964844,388900
2006-10-18,30.908512115478516,49.599998474121094,49.66999816894531,49.59000015258789,49.63999938964844,534300
2006-10-19,30.78388214111328,49.400001525878906,49.56999969482422,49.290000915527344,49.56999969482422,367600
2006-10-20,30.360137939453125,48.720001220703125,49.2400016784668,48.66999816894531,49.2400016784668,1267100
2006-10-23,30.466068267822266,48.88999938964844,48.91999816894531,48.4900016784668,48.4900016784668,401900
2006-10-24,30.360137939453125,48.720001220703125,48.7400016784668,48.599998474121094,48.66999816894531,264700
2006-10-25,30.372604370117188,48.7400016784668,48.77000045776367,48.5,48.77000045776367,259500
2006-10-26,30.634334564208984,49.15999984741211,49.15999984741211,48.4900016784668,48.7599983215332,462700
2006-10-27,30.391292572021484,48.77000045776367,49.11000061035156,48.77000045776367,49.099998474121094,547700
2006-10-30,30.441146850585938,48.849998474121094,48.970001220703125,48.79999923706055,48.849998474121094,207700
2006-10-31,30.40998649597168,48.79999923706055,49.06999969482422,48.70000076293945,49.06999969482422,100900
2006-11-01,30.00493812561035,48.150001525878906,48.88999938964844,48.150001525878906,48.75,201500
2006-11-02,29.91147232055664,48.0,48.16999816894531,47.93000030517578,48.02000045776367,323000
2006-11-03,30.00493812561035,48.150001525878906,48.380001068115234,47.91999816894531,48.130001068115234,223200
2006-11-06,30.25418472290039,48.54999923706055,48.54999923706055,48.41999816894531,48.459999084472656,103500
2006-11-07,30.310277938842773,48.63999938964844,49.04999923706055,48.63999938964844,48.790000915527344,182100
2006-11-08,30.515928268432617,48.970001220703125,49.0,48.720001220703125,48.77000045776367,84700
2006-11-09,30.24172592163086,48.529998779296875,49.06999969482422,48.5,49.06999969482422,12000
2006-11-10,30.428682327270508,48.83000183105469,48.83000183105469,48.63999938964844,48.65999984741211,215200
2006-11-13,30.702865600585938,49.27000045776367,49.27000045776367,48.97999954223633,48.97999954223633,253600
2006-11-14,31.076766967773438,49.869998931884766,49.869998931884766,49.0,49.400001525878906,533600
2006-11-15,31.313570022583008,50.25,50.25,49.7599983215332,49.7599983215332,515500
2006-11-16,31.419504165649414,50.41999816894531,50.41999816894531,50.209999084472656,50.25,308800
2006-11-17,31.332252502441406,50.279998779296875,50.38999938964844,50.11000061035156,50.38999938964844,44600
2006-11-20,31.419504165649414,50.41999816894531,50.470001220703125,50.310001373291016,50.310001373291016,8200
2006-11-21,31.28862953186035,50.209999084472656,50.27000045776367,50.20000076293945,50.25,16300
2006-11-22,31.195165634155273,50.060001373291016,50.16999816894531,49.9900016784668,50.16999816894531,159000
2006-11-24,31.17647361755371,50.029998779296875,50.04999923706055,49.790000915527344,49.90999984741211,95300
2006-11-27,30.590700149536133,49.09000015258789,49.91999816894531,49.09000015258789,49.91999816894531,24300
2006-11-28,30.634334564208984,49.15999984741211,49.209999084472656,48.91999816894531,48.939998626708984,356000
2006-11-29,31.00197410583496,49.75,49.75,49.27000045776367,49.279998779296875,335000
2006-11-30,30.920991897583008,49.619998931884766,49.81999969482422,49.459999084472656,49.81999969482422,85700
2006-12-01,30.78388214111328,49.400001525878906,49.619998931884766,49.029998779296875,49.619998931884766,421800
2006-12-04,31.332252502441406,50.279998779296875,50.279998779296875,49.349998474121094,49.459999084472656,85800
2006-12-05,31.3447208404541,50.29999923706055,50.36000061035156,50.099998474121094,50.099998474121094,10800
2006-12-06,31.16400146484375,50.0099983215332,50.150001525878906,49.970001220703125,50.150001525878906,48600
2006-12-07,30.983291625976562,49.720001220703125,50.08000183105469,49.689998626708984,49.95000076293945,120600
2006-12-08,30.88982582092285,49.56999969482422,49.63999938964844,49.380001068115234,49.58000183105469,1690900
2006-12-11,31.00197410583496,49.75,49.75,49.54999923706055,49.54999923706055,242500
2006-12-12,31.03312873840332,49.79999923706055,49.79999923706055,49.58000183105469,49.75,77200
2006-12-13,31.08922576904297,49.88999938964844,49.95000076293945,49.849998474121094,49.95000076293945,20100
2006-12-14,31.332252502441406,50.279998779296875,50.279998779296875,50.20000076293945,50.220001220703125,11500
2006-12-15,31.347274780273438,50.06999969482422,50.27000045776367,50.06999969482422,50.2599983215332,49500
2006-12-18,31.134424209594727,49.72999954223633,50.189998626708984,49.68000030517578,50.06999969482422,191500
2006-12-19,31.027986526489258,49.560001373291016,49.619998931884766,49.29999923706055,49.439998626708984,67400
2006-12-20,31.109384536743164,49.689998626708984,49.779998779296875,49.54999923706055,49.560001373291016,225600
2006-12-21,31.197038650512695,49.83000183105469,50.099998474121094,49.66999816894531,49.79999923706055,507400
2006-12-22,31.09685516357422,49.66999816894531,49.81999969482422,49.619998931884766,49.650001525878906,186700
2006-12-26,31.472503662109375,50.27000045776367,50.310001373291016,49.72999954223633,49.72999954223633,119400
2006-12-27,31.92329216003418,50.9900016784668,50.9900016784668,50.400001525878906,50.400001525878906,787400
2006-12-28,31.83561897277832,50.849998474121094,51.119998931884766,50.84000015258789,51.099998474121094,558600
2006-12-29,31.378582000732422,50.119998931884766,50.779998779296875,50.119998931884766,50.72999954223633,265900
2007-01-03,31.666580200195312,50.58000183105469,50.959999084472656,50.189998626708984,50.31999969482422,423700
2007-01-04,31.773014068603516,50.75,50.7599983215332,50.25,50.47999954223633,189900
2007-01-05,31.115636825561523,49.70000076293945,50.65999984741211,49.65999984741211,50.65999984741211,1188300
2007-01-08,31.128170013427734,49.720001220703125,49.72999954223633,49.209999084472656,49.70000076293945,215900
2007-01-09,30.99040412902832,49.5,49.790000915527344,48.9900016784668,49.7400016784668,1099100
2007-01-10,31.002933502197266,49.52000045776367,49.599998474121094,49.29999923706055,49.470001220703125,724100
2007-01-11,31.247116088867188,49.90999984741211,50.060001373291016,49.65999984741211,49.709999084472656,329500
2007-01-12,31.265888214111328,49.939998626708984,50.0,49.849998474121094,49.900001525878906,29600
2007-01-16,30.977901458740234,49.47999954223633,50.099998474121094,49.470001220703125,50.06999969482422,1717000
2007-01-17,30.758766174316406,49.130001068115234,49.40999984741211,49.06999969482422,49.31999969482422,674000
2007-01-18,30.52712059020996,48.7599983215332,48.97999954223633,48.540000915527344,48.97999954223633,850500
2007-01-19,30.55217170715332,48.79999923706055,48.88999938964844,48.43000030517578,48.63999938964844,765400
2007-01-22,30.408184051513672,48.56999969482422,48.630001068115234,48.33000183105469,48.56999969482422,840200
2007-01-23,30.458267211914062,48.650001525878906,48.779998779296875,48.38999938964844,48.40999984741211,227300
2007-01-24,30.702438354492188,49.040000915527344,49.040000915527344,48.540000915527344,48.58000183105469,74000
2007-01-25,30.28923225402832,48.380001068115234,48.83000183105469,48.310001373291016,48.83000183105469,173700
2007-01-26,30.4770450592041,48.68000030517578,48.75,48.29999923706055,48.29999923706055,232900
2007-01-29,30.70868682861328,49.04999923706055,49.08000183105469,48.79999923706055,48.79999923706055,758200
2007-01-30,30.927812576293945,49.400001525878906,49.45000076293945,49.02000045776367,49.11000061035156,613600
2007-01-31,30.902793884277344,49.36000061035156,49.68000030517578,49.130001068115234,49.27000045776367,739800
2007-02-01,31.153194427490234,49.7599983215332,49.779998779296875,49.61000061035156,49.61000061035156,276500
2007-02-02,31.334760665893555,50.04999923706055,50.04999923706055,49.72999954223633,49.77000045776367,124600
2007-02-05,31.184511184692383,49.810001373291016,49.9900016784668,49.72999954223633,49.9900016784668,85200
2007-02-06,31.40362548828125,50.15999984741211,50.189998626708984,49.86000061035156,49.86000061035156,661000
2007-02-07,31.56640625,50.41999816894531,50.459999084472656,50.119998931884766,50.119998931884766,18600
2007-02-08,31.54136085510254,50.380001068115234,50.380001068115234,50.13999938964844,50.369998931884766,119200
2007-02-09,31.240869522094727,49.900001525878906,50.29999923706055,49.810001373291016,50.29999923706055,1074200
2007-02-12,31.32223892211914,50.029998779296875,50.09000015258789,49.79999923706055,49.869998931884766,405800
2007-02-13,31.54762077331543,50.38999938964844,50.38999938964844,50.119998931884766,50.18000030517578,241200
2007-02-14,31.57891845703125,50.439998626708984,50.68000030517578,50.279998779296875,50.279998779296875,555300
2007-02-15,31.622751235961914,50.5099983215332,50.54999923706055,50.310001373291016,50.52000045776367,488400
2007-02-16,31.760486602783203,50.72999954223633,50.7599983215332,50.5099983215332,50.52000045776367,389000
2007-02-20,31.92329216003418,50.9900016784668,51.04999923706055,50.41999816894531,50.619998931884766,384000
2007-02-21,31.8293514251709,50.84000015258789,50.959999084472656,50.7599983215332,50.88999938964844,417000
2007-02-22,31.898229598999023,50.95000076293945,50.95000076293945,50.66999816894531,50.900001525878906,389400
2007-02-23,31.722929000854492,50.66999816894531,50.86000061035156,50.439998626708984,50.86000061035156,340600
2007-02-26,31.49128532409668,50.29999923706055,50.61000061035156,50.04999923706055,50.61000061035156,428100
2007-02-27,30.414451599121094,48.58000183105469,49.7599983215332,48.5,49.75,960900
2007-02-28,30.627304077148438,48.91999816894531,49.279998779296875,48.61000061035156,48.970001220703125,692200
2007-03-01,30.608522415161133,48.88999938964844,49.20000076293945,47.83000183105469,48.290000915527344,708400
2007-03-02,30.458267211914062,48.650001525878906,48.97999954223633,48.61000061035156,48.869998931884766,88200
2007-03-05,29.694467544555664,47.43000030517578,48.47999954223633,47.400001525878906,48.22999954223633,1177300
2007-03-06,30.351831436157227,48.47999954223633,48.630001068115234,47.97999954223633,48.0,640100
2007-03-07,30.126455307006836,48.119998931884766,48.56999969482422,48.119998931884766,48.45000076293945,543700
2007-03-08,30.29548454284668,48.38999938964844,48.720001220703125,48.279998779296875,48.459999084472656,339500
2007-03-09,30.370622634887695,48.5099983215332,48.689998626708984,48.279998779296875,48.630001068115234,191400
2007-03-12,30.30800437927246,48.40999984741211,48.470001220703125,48.18000030517578,48.400001525878906,559600
2007-03-13,29.350130081176758,46.880001068115234,48.02000045776367,46.83000183105469,47.900001525878906,2208800
2007-03-14,29.456565856933594,47.04999923706055,47.34000015258789,46.380001068115234,46.97999954223633,838300
2007-03-15,30.007490158081055,47.93000030517578,47.93000030517578,47.29999923706055,47.29999923706055,1016400
2007-03-16,29.874656677246094,47.45000076293945,47.869998931884766,47.380001068115234,47.709999084472656,271400
2007-03-19,30.03203773498535,47.70000076293945,48.02000045776367,47.61000061035156,47.61000061035156,887300
2007-03-20,30.315380096435547,48.150001525878906,48.189998626708984,47.66999816894531,47.779998779296875,425500
2007-03-21,30.98904800415039,49.220001220703125,49.45000076293945,48.119998931884766,48.15999984741211,2120000
2007-03-22,30.85052490234375,49.0,49.33000183105469,48.880001068115234,49.25,1267400
2007-03-23,30.926076889038086,49.119998931884766,49.189998626708984,49.0,49.029998779296875,973100
2007-03-26,30.800174713134766,48.91999816894531,49.04999923706055,48.529998779296875,48.90999984741211,161100
2007-03-27,30.523136138916016,48.47999954223633,48.81999969482422,48.43000030517578,48.81999969482422,509200
2007-03-28,30.233539581298828,48.02000045776367,48.29999923706055,47.880001068115234,48.279998779296875,601600
2007-03-29,30.384618759155273,48.2599983215332,48.540000915527344,47.90999984741211,48.310001373291016,766400
2007-03-30,30.29648780822754,48.119998931884766,48.5,47.720001220703125,48.33000183105469,747700
2007-04-02,29.91243553161621,47.5099983215332,47.95000076293945,47.36000061035156,47.95000076293945,967900
2007-04-03,30.220935821533203,48.0,48.22999954223633,47.790000915527344,47.79999923706055,400500
2007-04-04,29.925020217895508,47.529998779296875,47.970001220703125,47.529998779296875,47.970001220703125,1180600
2007-04-05,29.91243553161621,47.5099983215332,47.5099983215332,47.33000183105469,47.5099983215332,1058700
2007-04-09,29.717248916625977,47.20000076293945,47.36000061035156,47.06999969482422,47.36000061035156,1069400
2007-04-10,29.66687774658203,47.119998931884766,47.33000183105469,47.04999923706055,47.04999923706055,649700
2007-04-11,29.377275466918945,46.65999984741211,47.150001525878906,46.56999969482422,47.150001525878906,306100
2007-04-12,29.320592880249023,46.56999969482422,46.70000076293945,46.22999954223633,46.65999984741211,2536300
2007-04-13,29.57244110107422,46.970001220703125,47.040000915527344,46.63999938964844,46.720001220703125,633600
2007-04-16,30.126493453979492,47.849998474121094,48.34000015258789,47.34000015258789,48.34000015258789,954200
2007-04-17,30.095014572143555,47.79999923706055,48.04999923706055,47.689998626708984,47.880001068115234,1254100
2007-04-18,30.15165901184082,47.88999938964844,48.189998626708984,47.810001373291016,47.810001373291016,1978300
2007-04-19,29.918720245361328,47.52000045776367,47.689998626708984,47.20000076293945,47.400001525878906,932200
2007-04-20,29.981674194335938,47.619998931884766,47.810001373291016,47.38999938964844,47.810001373291016,1541700
2007-04-23,29.742431640625,47.2400016784668,47.61000061035156,47.18000030517578,47.58000183105469,987700
2007-04-24,29.685771942138672,47.150001525878906,47.349998474121094,46.900001525878906,47.27000045776367,1299100
2007-04-25,29.84317398071289,47.400001525878906,47.4900016784668,47.18000030517578,47.31999969482422,2299400
2007-04-26,29.925020217895508,47.529998779296875,47.61000061035156,47.20000076293945,47.400001525878906,1355900
2007-04-27,29.79908561706543,47.33000183105469,47.47999954223633,47.25,47.45000076293945,255200
2007-04-30,29.685771942138672,47.150001525878906,47.38999938964844,46.68000030517578,47.310001373291016,652400
2007-05-01,29.59133529663086,47.0,47.040000915527344,46.5,46.79999923706055,1519000
2007-05-02,29.74872398376465,47.25,47.540000915527344,46.939998626708984,46.97999954223633,763000
2007-05-03,30.019460678100586,47.68000030517578,48.11000061035156,47.5,47.5,807400
2007-05-04,30.30277442932129,48.130001068115234,48.2599983215332,47.83000183105469,47.83000183105469,1257100
2007-05-07,30.27130889892578,48.08000183105469,48.310001373291016,48.060001373291016,48.209999084472656,147800
2007-05-08,30.214635848999023,47.9900016784668,48.119998931884766,47.66999816894531,47.93000030517578,2135800
2007-05-09,30.39091682434082,48.27000045776367,48.459999084472656,47.869998931884766,47.869998931884766,782200
2007-05-10,29.817995071411133,47.36000061035156,48.0,47.310001373291016,48.0,932700
2007-05-11,30.145381927490234,47.880001068115234,47.900001525878906,47.5,47.5,65100
2007-05-14,29.874656677246094,47.45000076293945,47.88999938964844,47.40999984741211,47.88999938964844,2392700
2007-05-15,29.685771942138672,47.150001525878906,47.720001220703125,47.119998931884766,47.5099983215332,196000
2007-05-16,29.88724136352539,47.470001220703125,47.470001220703125,47.06999969482422,47.25,230200
2007-05-17,29.780210494995117,47.29999923706055,47.40999984741211,47.189998626708984,47.38999938964844,496100
2007-05-18,29.79908561706543,47.33000183105469,47.47999954223633,47.13999938964844,47.310001373291016,329800
2007-05-21,29.931324005126953,47.540000915527344,47.7400016784668,47.189998626708984,47.279998779296875,716800
2007-05-22,30.126493453979492,47.849998474121094,48.04999923706055,47.5,47.599998474121094,784500
2007-05-23,30.13278579711914,47.86000061035156,48.560001373291016,47.7400016784668,47.7400016784668,1155800
2007-05-24,29.8305721282959,47.380001068115234,48.09000015258789,47.29999923706055,47.79999923706055,565200
2007-05-25,29.8305721282959,47.380001068115234,47.45000076293945,47.18000030517578,47.45000076293945,857300
2007-05-29,29.994274139404297,47.63999938964844,47.70000076293945,47.4900016784668,47.56999969482422,872300
2007-05-30,30.057233810424805,47.7400016784668,47.779998779296875,47.36000061035156,47.36000061035156,267700
2007-05-31,29.95648956298828,47.58000183105469,47.88999938964844,47.5,47.81999969482422,667200
2007-06-01,30.327959060668945,48.16999816894531,48.209999084472656,47.970001220703125,47.97999954223633,932100
2007-06-04,30.277589797973633,48.09000015258789,48.09000015258789,47.900001525878906,48.09000015258789,241700
2007-06-05,29.93760871887207,47.54999923706055,47.90999984741211,47.41999816894531,47.90999984741211,1195900
2007-06-06,29.717248916625977,47.20000076293945,47.34000015258789,47.11000061035156,47.34000015258789,496200
2007-06-07,29.345783233642578,46.61000061035156,47.11000061035156,46.540000915527344,47.11000061035156,913600
2007-06-08,29.685771942138672,47.150001525878906,47.20000076293945,46.540000915527344,46.630001068115234,906100
2007-06-11,29.685771942138672,47.150001525878906,47.310001373291016,46.880001068115234,47.060001373291016,127100
2007-06-12,29.251344680786133,46.459999084472656,47.040000915527344,46.459999084472656,47.040000915527344,621700
2007-06-13,29.74872398376465,47.25,47.4900016784668,46.380001068115234,46.59000015258789,962600
2007-06-14,29.51578712463379,46.880001068115234,47.2599983215332,46.869998931884766,46.959999084472656,1591500
2007-06-15,29.906965255737305,46.939998626708984,47.38999938964844,46.810001373291016,46.86000061035156,1296300
2007-06-18,29.868749618530273,46.880001068115234,47.0,46.63999938964844,46.95000076293945,228200
2007-06-19,29.900617599487305,46.93000030517578,46.959999084472656,46.599998474121094,46.75,1133700
2007-06-20,29.505582809448242,46.310001373291016,46.88999938964844,46.290000915527344,46.88999938964844,315200
2007-06-21,29.371797561645508,46.099998474121094,46.29999923706055,45.83000183105469,46.16999816894531,1035800
2007-06-22,29.059579849243164,45.61000061035156,46.02000045776367,45.540000915527344,46.02000045776367,750600
2007-06-25,29.034090042114258,45.56999969482422,46.099998474121094,45.5,45.650001525878906,448800
2007-06-26,29.142404556274414,45.7400016784668,45.93000030517578,45.5099983215332,45.689998626708984,1049700
2007-06-27,29.49283790588379,46.290000915527344,46.380001068115234,45.66999816894531,45.7599983215332,1659700
2007-06-28,29.505582809448242,46.310001373291016,46.77000045776367,46.04999923706055,46.290000915527344,636200
2007-06-29,29.231609344482422,45.880001068115234,46.540000915527344,45.77000045776367,46.29999923706055,507100
2007-07-02,29.448240280151367,46.220001220703125,47.310001373291016,46.119998931884766,46.20000076293945,247700
2007-07-03,29.59476089477539,46.45000076293945,46.5,46.279998779296875,46.29999923706055,516100
2007-07-05,29.49283790588379,46.290000915527344,46.470001220703125,46.130001068115234,46.470001220703125,22100
2007-07-06,29.55655288696289,46.38999938964844,46.400001525878906,46.099998474121094,46.2599983215332,354600
2007-07-09,29.30170249938965,45.9900016784668,46.34000015258789,45.900001525878906,46.34000015258789,714800
2007-07-10,28.632707595825195,44.939998626708984,45.88999938964844,44.93000030517578,45.88999938964844,681700
2007-07-11,28.613597869873047,44.90999984741211,45.0099983215332,44.650001525878906,44.939998626708984,769000
2007-07-12,29.046838760375977,45.59000015258789,45.900001525878906,45.18000030517578,45.18000030517578,830800
2007-07-13,29.16152572631836,45.77000045776367,45.869998931884766,45.619998931884766,45.65999984741211,270300
2007-07-16,28.951292037963867,45.439998626708984,45.7599983215332,45.369998931884766,45.619998931884766,276300
2007-07-17,28.944917678833008,45.43000030517578,45.720001220703125,45.43000030517578,45.58000183105469,202600
2007-07-18,28.358753204345703,44.5099983215332,45.2400016784668,44.13999938964844,45.2400016784668,2686800
2007-07-19,28.54350471496582,44.79999923706055,45.130001068115234,44.54999923706055,44.81999969482422,3302900
2007-07-20,28.084789276123047,44.08000183105469,44.68000030517578,43.84000015258789,44.65999984741211,1049300
2007-07-23,27.982830047607422,43.91999816894531,44.220001220703125,43.91999816894531,44.220001220703125,596200
2007-07-24,27.186439514160156,42.66999816894531,43.5,42.5,43.5,1074900
2007-07-25,27.39666175842285,43.0,43.349998474121094,42.47999954223633,43.08000183105469,1694200
2007-07-26,26.79776382446289,42.060001373291016,42.4900016784668,41.56999969482422,42.20000076293945,1455000
2007-07-27,26.568395614624023,41.70000076293945,42.5,41.630001068115234,41.86000061035156,1036800
2007-07-30,26.791404724121094,42.04999923706055,42.459999084472656,41.400001525878906,41.90999984741211,950200
2007-07-31,26.530166625976562,41.63999938964844,42.869998931884766,41.59000015258789,42.7599983215332,1763700
2007-08-01,26.65758514404297,41.84000015258789,42.029998779296875,40.900001525878906,41.61000061035156,1266200
2007-08-02,26.816896438598633,42.09000015258789,42.529998779296875,41.81999969482422,42.0,980200
2007-08-03,25.676420211791992,40.29999923706055,42.16999816894531,40.29999923706055,42.099998474121094,884600
2007-08-06,26.689451217651367,41.88999938964844,42.189998626708984,39.939998626708984,40.630001068115234,2283600
2007-08-07,27.237390518188477,42.75,43.310001373291016,41.880001068115234,41.880001068115234,3315700
2007-08-08,28.148494720458984,44.18000030517578,44.97999954223633,42.88999938964844,42.88999938964844,4299800
2007-08-09,27.683395385742188,43.45000076293945,44.310001373291016,42.90999984741211,43.220001220703125,1644800
2007-08-10,27.766204833984375,43.58000183105469,44.38999938964844,42.380001068115234,42.63999938964844,2019900
2007-08-13,27.32021713256836,42.880001068115234,44.43000030517578,42.45000076293945,44.099998474121094,1375000
2007-08-14,26.65758514404297,41.84000015258789,42.720001220703125,41.810001373291016,42.720001220703125,516600
2007-08-15,26.67034339904785,41.86000061035156,43.36000061035156,41.47999954223633,41.83000183105469,1281800
2007-08-16,28.537151336669922,44.790000915527344,44.81999969482422,41.81999969482422,41.81999969482422,6803200
2007-08-17,29.524696350097656,46.34000015258789,47.15999984741211,45.79999923706055,46.0,2345100
2007-08-20,29.09781837463379,45.66999816894531,46.560001373291016,44.9900016784668,46.38999938964844,1889300
2007-08-21,29.537429809570312,46.36000061035156,46.70000076293945,45.5,45.77000045776367,1969300
2007-08-22,29.68397331237793,46.59000015258789,47.099998474121094,45.79999923706055,46.7599983215332,2459900
2007-08-23,28.868450164794922,45.310001373291016,46.43000030517578,45.20000076293945,46.369998931884766,1189700
2007-08-24,29.18063735961914,45.79999923706055,45.79999923706055,44.380001068115234,45.33000183105469,3961400
2007-08-27,28.753767013549805,45.130001068115234,45.400001525878906,44.959999084472656,45.380001068115234,1824700
2007-08-28,27.963714599609375,43.88999938964844,44.529998779296875,43.810001373291016,44.529998779296875,896900
2007-08-29,28.49254608154297,44.720001220703125,44.900001525878906,43.779998779296875,44.15999984741211,1124800
2007-08-30,28.193105697631836,44.25,45.040000915527344,44.099998474121094,44.2599983215332,1330700
2007-08-31,28.416088104248047,44.599998474121094,45.02000045776367,44.2599983215332,44.790000915527344,1362800
2007-09-04,28.619972229003906,44.91999816894531,45.279998779296875,44.63999938964844,44.68000030517578,1701300
2007-09-05,28.212209701538086,44.279998779296875,44.880001068115234,44.0,44.880001068115234,818600
2007-09-06,28.4288272857666,44.619998931884766,44.849998474121094,44.11000061035156,44.29999923706055,1308300
2007-09-07,27.912736892700195,43.810001373291016,44.56999969482422,43.650001525878906,44.56999969482422,1405400
2007-09-10,27.70250129699707,43.47999954223633,44.13999938964844,42.88999938964844,43.97999954223633,563000
2007-09-11,27.982830047607422,43.91999816894531,44.209999084472656,43.52000045776367,43.540000915527344,1002800
2007-09-12,27.810808181762695,43.650001525878906,43.9900016784668,43.540000915527344,43.86000061035156,348900
2007-09-13,28.027423858642578,43.9900016784668,44.2400016784668,43.47999954223633,43.900001525878906,243500
2007-09-14,28.231321334838867,44.310001373291016,44.310001373291016,43.45000076293945,43.56999969482422,1853700
2007-09-17,28.154869079589844,44.189998626708984,44.34000015258789,43.869998931884766,43.91999816894531,156200
2007-09-18,29.42275619506836,46.18000030517578,49.0099983215332,43.95000076293945,44.349998474121094,1810900
2007-09-19,29.734956741333008,46.66999816894531,47.16999816894531,46.439998626708984,46.61000061035156,4041500
2007-09-20,29.244354248046875,45.900001525878906,46.650001525878906,45.59000015258789,46.650001525878906,493600
2007-09-21,29.133647918701172,45.2599983215332,45.66999816894531,45.15999984741211,45.65999984741211,381200
2007-09-24,28.560754776000977,44.369998931884766,45.33000183105469,44.34000015258789,45.2400016784668,1067900
2007-09-25,28.438457489013672,44.18000030517578,44.349998474121094,43.779998779296875,44.2599983215332,1518200
2007-09-26,28.599369049072266,44.43000030517578,44.869998931884766,44.09000015258789,44.220001220703125,1352600
2007-09-27,28.740983963012695,44.650001525878906,44.70000076293945,44.38999938964844,44.540000915527344,421700
2007-09-28,28.341896057128906,44.029998779296875,44.619998931884766,43.75,44.619998931884766,1284200
2007-10-01,28.966278076171875,45.0,45.09000015258789,43.9900016784668,43.9900016784668,940100
2007-10-02,29.320314407348633,45.54999923706055,45.59000015258789,45.08000183105469,45.08000183105469,371000
2007-10-03,29.056396484375,45.13999938964844,45.650001525878906,45.09000015258789,45.40999984741211,660400
2007-10-04,29.255949020385742,45.45000076293945,45.70000076293945,45.36000061035156,45.36000061035156,204800
2007-10-05,29.506975173950195,45.84000015258789,46.11000061035156,45.5099983215332,45.88999938964844,698600
2007-10-08,29.39112663269043,45.65999984741211,46.22999954223633,45.61000061035156,45.7599983215332,279500
2007-10-09,29.526296615600586,45.869998931884766,45.880001068115234,45.349998474121094,45.65999984741211,413000
2007-10-10,29.140077590942383,45.27000045776367,45.75,45.20000076293945,45.75,1187200
2007-10-11,29.10789680480957,45.220001220703125,45.77000045776367,44.93000030517578,45.400001525878906,717300
2007-10-12,28.992033004760742,45.040000915527344,45.369998931884766,44.560001373291016,45.15999984741211,1190700
2007-10-15,28.103727340698242,43.65999984741211,44.630001068115234,43.400001525878906,44.56999969482422,1640400
2007-10-16,27.4729061126709,42.68000030517578,43.65999984741211,42.529998779296875,43.65999984741211,2015600
2007-10-17,27.138187408447266,42.15999984741211,43.18000030517578,41.599998474121094,43.060001373291016,3076800
2007-10-18,26.758411407470703,41.56999969482422,41.779998779296875,40.959999084472656,41.779998779296875,2645100
2007-10-19,25.998842239379883,40.38999938964844,41.40999984741211,40.38999938964844,41.40999984741211,1668500
2007-10-22,26.37862777709961,40.97999954223633,41.349998474121094,39.95000076293945,40.209999084472656,5975300
2007-10-23,26.520244598388672,41.20000076293945,41.34000015258789,40.54999923706055,41.34000015258789,1024300
2007-10-24,26.10182762145996,40.54999923706055,40.959999084472656,39.58000183105469,40.959999084472656,2120100
2007-10-25,26.3721923828125,40.970001220703125,41.41999816894531,40.349998474121094,40.75,1521000
2007-10-26,27.202550888061523,42.2599983215332,42.38999938964844,40.38999938964844,40.38999938964844,2113600
2007-10-29,27.02877426147461,41.9900016784668,42.470001220703125,41.75,42.22999954223633,1712800
2007-10-30,26.938642501831055,41.849998474121094,41.880001068115234,41.279998779296875,41.86000061035156,2366600
2007-10-31,27.099559783935547,42.099998474121094,42.400001525878906,41.119998931884766,41.93000030517578,3178300
2007-11-01,25.528940200805664,39.65999984741211,42.11000061035156,39.52000045776367,42.11000061035156,1383000
2007-11-02,24.737205505371094,38.43000030517578,40.2400016784668,38.099998474121094,40.2400016784668,2836100
2007-11-05,24.621334075927734,38.25,38.59000015258789,36.13999938964844,36.13999938964844,1567600
2007-11-06,25.174915313720703,39.11000061035156,39.11000061035156,37.81999969482422,38.560001373291016,1255900
2007-11-07,23.881093978881836,37.099998474121094,39.08000183105469,37.060001373291016,39.08000183105469,1865700
2007-11-08,24.66639518737793,38.31999969482422,38.58000183105469,36.84000015258789,37.529998779296875,3284900
2007-11-09,25.22641372680664,39.189998626708984,39.7599983215332,37.36000061035156,38.0,3238500
2007-11-12,25.361591339111328,39.400001525878906,40.470001220703125,39.130001068115234,39.900001525878906,1997100
2007-11-13,26.442996978759766,41.08000183105469,41.290000915527344,39.869998931884766,40.119998931884766,2119100
2007-11-14,26.031034469604492,40.439998626708984,41.790000915527344,40.16999816894531,41.720001220703125,2124300
2007-11-15,25.174915313720703,39.11000061035156,40.369998931884766,38.81999969482422,40.369998931884766,3344100
2007-11-16,24.975366592407227,38.79999923706055,39.5,38.25,39.5,2969500
2007-11-19,24.2608699798584,37.689998626708984,38.54999923706055,37.27000045776367,38.54999923706055,3764200
2007-11-20,24.24155616760254,37.65999984741211,38.22999954223633,36.47999954223633,37.72999954223633,2176200
2007-11-21,24.248003005981445,37.66999816894531,38.41999816894531,37.040000915527344,37.560001373291016,3276100
2007-11-23,24.923885345458984,38.720001220703125,39.290000915527344,37.79999923706055,37.79999923706055,1081700
2007-11-26,23.720165252685547,36.849998474121094,39.11000061035156,36.779998779296875,39.11000061035156,1595100
2007-11-27,24.196496963500977,37.59000015258789,38.040000915527344,36.90999984741211,36.90999984741211,3763100
2007-11-28,25.61905860900879,39.79999923706055,39.79999923706055,38.0,38.189998626708984,2195600
2007-11-29,25.22641372680664,39.189998626708984,40.0,38.81999969482422,40.0,1414900
2007-11-30,25.78643035888672,40.060001373291016,40.939998626708984,39.709999084472656,40.279998779296875,3156400
2007-12-03,25.406644821166992,39.470001220703125,40.38999938964844,39.25,39.630001068115234,1838500
2007-12-04,25.110532760620117,39.0099983215332,39.560001373291016,38.59000015258789,39.560001373291016,696800
2007-12-05,25.62550163269043,39.810001373291016,39.88999938964844,39.150001525878906,39.68000030517578,1291400
2007-12-06,26.558856964111328,41.2599983215332,41.380001068115234,39.63999938964844,40.040000915527344,3609900
2007-12-07,26.282073974609375,40.83000183105469,41.5099983215332,40.65999984741211,41.5,834900
2007-12-10,26.78415870666504,41.61000061035156,41.83000183105469,40.77000045776367,40.810001373291016,1436800
2007-12-11,25.232851028442383,39.20000076293945,41.93000030517578,39.130001068115234,41.93000030517578,2047900
2007-12-12,24.891691207885742,38.66999816894531,40.54999923706055,38.13999938964844,40.5099983215332,1966300
2007-12-13,24.717893600463867,38.400001525878906,38.56999969482422,37.599998474121094,38.2599983215332,1485000
2007-12-14,24.08063507080078,37.40999984741211,38.41999816894531,37.380001068115234,38.04999923706055,1239600
2007-12-17,23.900405883789062,37.130001068115234,37.90999984741211,37.029998779296875,37.130001068115234,1430200
2007-12-18,24.51190757751465,38.08000183105469,38.33000183105469,36.900001525878906,37.470001220703125,2537900
2007-12-19,24.383176803588867,37.880001068115234,38.34000015258789,37.33000183105469,38.08000183105469,1335900
2007-12-20,24.267305374145508,37.70000076293945,38.209999084472656,37.119998931884766,37.97999954223633,1808100
2007-12-21,25.326194763183594,38.34000015258789,38.470001220703125,37.18000030517578,37.619998931884766,1447400
2007-12-24,25.590425491333008,38.7400016784668,38.88999938964844,38.470001220703125,38.4900016784668,2588600
2007-12-26,25.65648651123047,38.84000015258789,38.959999084472656,38.33000183105469,38.599998474121094,937000
2007-12-27,24.804349899291992,37.54999923706055,38.68000030517578,37.369998931884766,38.369998931884766,1705600
2007-12-28,24.34855842590332,36.86000061035156,37.86000061035156,36.810001373291016,37.86000061035156,860600
2007-12-31,24.493886947631836,37.08000183105469,37.54999923706055,36.5,36.75,1376400
2008-01-02,23.912582397460938,36.20000076293945,37.220001220703125,35.849998474121094,37.220001220703125,1442700
2008-01-03,23.549272537231445,35.650001525878906,36.58000183105469,35.099998474121094,36.13999938964844,3384200
2008-01-04,22.571630477905273,34.16999816894531,35.0,33.97999954223633,35.0,3213800
2008-01-07,22.901912689208984,34.66999816894531,35.459999084472656,34.0,34.33000183105469,2696200
2008-01-08,21.930875778198242,33.20000076293945,35.13999938964844,33.13999938964844,34.95000076293945,1507300
2008-01-09,22.09602165222168,33.45000076293945,33.470001220703125,32.04999923706055,33.0099983215332,3146900
2008-01-10,22.432905197143555,33.959999084472656,34.63999938964844,31.75,32.7599983215332,3891100
2008-01-11,22.155467987060547,33.540000915527344,34.43000030517578,33.209999084472656,33.79999923706055,4306700
2008-01-14,22.082815170288086,33.43000030517578,33.95000076293945,32.900001525878906,33.7599983215332,1797500
2008-01-15,21.607189178466797,32.709999084472656,33.04999923706055,32.16999816894531,33.0,1422000
2008-01-16,22.122438430786133,33.4900016784668,34.06999969482422,32.5099983215332,32.900001525878906,4127000
2008-01-17,21.32975196838379,32.290000915527344,33.599998474121094,32.20000076293945,33.599998474121094,1845200
2008-01-18,21.01929473876953,31.81999969482422,32.77000045776367,31.290000915527344,32.41999816894531,1711100
2008-01-22,21.759126663208008,32.939998626708984,33.88999938964844,30.25,30.5,3423300
2008-01-23,23.727615356445312,35.91999816894531,36.209999084472656,31.920000076293945,32.5099983215332,5010600
2008-01-24,24.11074447631836,36.5,36.86000061035156,35.619998931884766,36.27000045776367,6384900
2008-01-25,23.549272537231445,35.650001525878906,37.040000915527344,35.47999954223633,36.7599983215332,4161800
2008-01-28,24.467464447021484,37.040000915527344,37.08000183105469,34.88999938964844,35.709999084472656,5021900
2008-01-29,24.843984603881836,37.61000061035156,37.63999938964844,36.09000015258789,37.290000915527344,2784300
2008-01-30,24.592967987060547,37.22999954223633,40.5,37.11000061035156,37.68000030517578,4644800
2008-01-31,25.58382797241211,38.72999954223633,39.0,35.9900016784668,36.630001068115234,6786700
2008-02-01,26.171724319458008,39.619998931884766,39.709999084472656,38.68000030517578,38.83000183105469,4297600
2008-02-04,25.3724308013916,38.40999984741211,39.599998474121094,38.220001220703125,39.599998474121094,2884900
2008-02-05,24.41460609436035,36.959999084472656,38.439998626708984,36.91999816894531,37.63999938964844,5353500
2008-02-06,24.28910255432129,36.77000045776367,37.86000061035156,36.470001220703125,37.31999969482422,3095100
2008-02-07,24.863786697387695,37.63999938964844,38.08000183105469,36.40999984741211,36.43000030517578,2768800
2008-02-08,24.67223358154297,37.349998474121094,38.02000045776367,36.41999816894531,37.459999084472656,3614100
2008-02-11,24.084325790405273,36.459999084472656,37.13999938964844,36.36000061035156,37.119998931884766,1471000
2008-02-12,24.5004940032959,37.09000015258789,37.52000045776367,36.5099983215332,36.869998931884766,3026500
2008-02-13,24.57975959777832,37.209999084472656,37.45000076293945,36.34000015258789,37.290000915527344,1350400
2008-02-14,23.90597915649414,36.189998626708984,37.20000076293945,36.0099983215332,37.20000076293945,1576600
2008-02-15,23.879554748535156,36.150001525878906,36.25,35.5,36.0,2752600
2008-02-19,23.443578720092773,35.4900016784668,36.93000030517578,35.41999816894531,36.93000030517578,3579300
2008-02-20,24.170202255249023,36.59000015258789,36.70000076293945,34.91999816894531,35.0,2713500
2008-02-21,23.687990188598633,35.86000061035156,37.06999969482422,35.47999954223633,37.06999969482422,1210300
2008-02-22,23.747432708740234,35.95000076293945,35.970001220703125,34.72999954223633,35.599998474121094,2610900
2008-02-25,24.084325790405273,36.459999084472656,36.59000015258789,35.22999954223633,35.959999084472656,2999300
2008-02-26,24.24286460876465,36.70000076293945,37.189998626708984,36.2400016784668,36.349998474121094,2561900
2008-02-27,24.24286460876465,36.70000076293945,37.150001525878906,36.06999969482422,36.16999816894531,2794800
2008-02-28,23.26523208618164,35.220001220703125,36.43000030517578,35.220001220703125,36.43000030517578,1826000
2008-02-29,22.624469757080078,34.25,34.97999954223633,33.75,34.93000030517578,3674300
2008-03-03,22.135644912719727,33.5099983215332,34.15999984741211,33.22999954223633,34.15999984741211,3566400
2008-03-04,21.9440860748291,33.220001220703125,33.529998779296875,32.2599983215332,33.11000061035156,3065700
2008-03-05,21.818584442138672,33.029998779296875,33.900001525878906,32.790000915527344,33.560001373291016,3350400
2008-03-06,21.15800666809082,32.029998779296875,32.9900016784668,32.0099983215332,32.9900016784668,2563300
2008-03-07,21.56756019592285,32.650001525878906,33.18000030517578,31.579999923706055,31.940000534057617,2695200
2008-03-10,21.468477249145508,32.5,33.099998474121094,32.11000061035156,32.45000076293945,4032000
2008-03-11,23.119909286499023,35.0,35.22999954223633,33.08000183105469,33.08000183105469,6880500
2008-03-12,22.723562240600586,34.400001525878906,36.290000915527344,34.25,35.41999816894531,5469400
2008-03-13,23.146329879760742,35.040000915527344,35.34000015258789,33.20000076293945,33.9900016784668,3742800
2008-03-14,22.816041946411133,34.540000915527344,35.81999969482422,33.939998626708984,35.63999938964844,5785300
2008-03-17,22.650897979736328,34.290000915527344,34.709999084472656,33.099998474121094,33.349998474121094,5862200
2008-03-18,23.582298278808594,35.70000076293945,35.709999084472656,34.11000061035156,35.34000015258789,5648000
2008-03-19,23.232192993164062,35.16999816894531,36.41999816894531,35.16999816894531,36.060001373291016,7228400
2008-03-20,24.322128295898438,36.81999969482422,36.91999816894531,34.290000915527344,35.099998474121094,3469900
2008-03-24,24.764713287353516,37.4900016784668,38.40999984741211,37.09000015258789,37.45000076293945,6164900
2008-03-25,24.93647003173828,37.75,37.79999923706055,36.59000015258789,37.790000915527344,3558400
2008-03-26,24.308914184570312,36.79999923706055,37.689998626708984,36.16999816894531,37.459999084472656,2452400
2008-03-27,23.60871696472168,35.7400016784668,36.86000061035156,35.560001373291016,36.86000061035156,2773400
2008-03-28,22.895309448242188,34.65999984741211,35.970001220703125,34.58000183105469,35.459999084472656,3465400
2008-03-31,23.21238136291504,35.13999938964844,35.79999923706055,34.61000061035156,34.869998931884766,1711900
2008-04-01,24.29570960998535,36.779998779296875,36.79999923706055,35.650001525878906,35.75,4066200
2008-04-02,24.421218872070312,36.970001220703125,37.400001525878906,36.150001525878906,37.029998779296875,3054300
2008-04-03,24.16359519958496,36.58000183105469,36.779998779296875,36.040000915527344,36.77000045776367,2381500
2008-04-04,23.48320198059082,35.54999923706055,36.52000045776367,35.41999816894531,36.52000045776367,3781500
2008-04-07,23.450180053710938,35.5,36.040000915527344,35.13999938964844,35.52000045776367,3667500
2008-04-08,23.21238136291504,35.13999938964844,35.439998626708984,34.72999954223633,35.33000183105469,3134100
2008-04-09,22.459333419799805,34.0,35.400001525878906,33.5,35.189998626708984,6445600
2008-04-10,22.479148864746094,34.029998779296875,34.68000030517578,33.34000015258789,33.83000183105469,5242800
2008-04-11,22.09602165222168,33.45000076293945,34.2599983215332,33.41999816894531,33.88999938964844,4035900
2008-04-14,21.468477249145508,32.5,33.4900016784668,32.38999938964844,33.4900016784668,2556900
2008-04-15,22.04316520690918,33.369998931884766,33.459999084472656,32.58000183105469,32.650001525878906,3736700
2008-04-16,23.1132869720459,34.9900016784668,34.9900016784668,33.83000183105469,33.88999938964844,3553800
2008-04-17,23.258609771728516,35.209999084472656,35.31999969482422,34.150001525878906,34.59000015258789,3582200
2008-04-18,23.370922088623047,35.380001068115234,36.099998474121094,35.310001373291016,35.720001220703125,4362500
2008-04-21,22.565021514892578,34.15999984741211,35.380001068115234,34.150001525878906,35.380001068115234,4512000
2008-04-22,22.353641510009766,33.84000015258789,34.2599983215332,33.29999923706055,34.0,4185100
2008-04-23,21.8251895904541,33.040000915527344,34.06999969482422,32.93000030517578,33.88999938964844,3394300
2008-04-24,22.82924461364746,34.560001373291016,34.560001373291016,32.849998474121094,33.040000915527344,2516400
2008-04-25,22.98778533935547,34.79999923706055,34.95000076293945,33.77000045776367,34.91999816894531,1522800
2008-04-28,23.39073944091797,35.40999984741211,35.439998626708984,34.41999816894531,34.72999954223633,1603600
2008-04-29,23.2255916595459,35.15999984741211,35.27000045776367,34.91999816894531,35.20000076293945,1204700
2008-04-30,22.74337387084961,34.43000030517578,35.369998931884766,34.310001373291016,35.04999923706055,1505300
2008-05-01,23.747432708740234,35.95000076293945,36.18000030517578,34.36000061035156,34.459999084472656,2801300
2008-05-02,23.43037223815918,35.470001220703125,36.7400016784668,35.36000061035156,36.25,2544100
2008-05-05,23.218990325927734,35.150001525878906,35.54999923706055,34.84000015258789,35.54999923706055,1081300
2008-05-06,23.25200843811035,35.20000076293945,35.45000076293945,34.18000030517578,34.90999984741211,3286000
2008-05-07,22.498971939086914,34.060001373291016,35.36000061035156,34.02000045776367,35.29999923706055,2566000
2008-05-08,22.195098876953125,33.599998474121094,34.290000915527344,33.540000915527344,34.220001220703125,3425700
2008-05-09,22.04316520690918,33.369998931884766,33.959999084472656,33.16999816894531,33.27000045776367,5769300
2008-05-12,22.756591796875,34.45000076293945,34.560001373291016,33.400001525878906,33.400001525878906,2010300
2008-05-13,22.631084442138672,34.2599983215332,34.560001373291016,33.939998626708984,34.400001525878906,1372400
2008-05-14,22.545198440551758,34.130001068115234,34.540000915527344,34.0099983215332,34.220001220703125,972900
2008-05-15,22.730167388916016,34.40999984741211,34.40999984741211,33.56999969482422,34.130001068115234,1299800
2008-05-16,22.314001083374023,33.779998779296875,34.439998626708984,33.38999938964844,34.36000061035156,1924400
2008-05-19,22.082815170288086,33.43000030517578,34.02000045776367,33.369998931884766,33.790000915527344,2309200
2008-05-20,21.851608276367188,33.08000183105469,33.31999969482422,32.900001525878906,33.29999923706055,1466100
2008-05-21,21.633625030517578,32.75,33.5099983215332,32.59000015258789,33.08000183105469,4731200
2008-05-22,21.884634017944336,33.130001068115234,33.5,32.619998931884766,32.63999938964844,3170400
2008-05-23,21.613800048828125,32.720001220703125,33.040000915527344,32.560001373291016,32.90999984741211,1650700
2008-05-27,21.963899612426758,33.25,33.349998474121094,32.58000183105469,32.869998931884766,593800
2008-05-28,21.47507667541504,32.5099983215332,33.349998474121094,32.29999923706055,33.33000183105469,3834000
2008-05-29,22.076202392578125,33.41999816894531,33.47999954223633,32.5099983215332,32.5099983215332,1173800
2008-05-30,21.811969757080078,33.02000045776367,33.5099983215332,32.720001220703125,33.5099983215332,1411200
2008-06-02,21.455259323120117,32.47999954223633,33.040000915527344,32.11000061035156,33.029998779296875,929300
2008-06-03,21.32315444946289,32.279998779296875,32.709999084472656,31.940000534057617,32.70000076293945,1758200
2008-06-04,21.164623260498047,32.040000915527344,32.619998931884766,31.8799991607666,32.099998474121094,2347800
2008-06-05,21.4288387298584,32.439998626708984,32.77000045776367,32.119998931884766,32.310001373291016,1332900
2008-06-06,20.609737396240234,31.200000762939453,32.33000183105469,31.1200008392334,32.25,2792200
2008-06-09,20.186973571777344,30.559999465942383,31.549999237060547,30.149999618530273,31.09000015258789,3664700
2008-06-10,20.385149002075195,30.860000610351562,31.219999313354492,30.280000686645508,30.290000915527344,2893700
2008-06-11,19.61888885498047,29.700000762939453,30.860000610351562,29.700000762939453,30.700000762939453,2454500
2008-06-12,19.57925033569336,29.639999389648438,30.8700008392334,29.3799991607666,29.860000610351562,5278200
2008-06-13,19.202720642089844,29.06999969482422,30.049999237060547,28.270000457763672,29.739999771118164,13588700
2008-06-16,19.671733856201172,29.780000686645508,29.989999771118164,28.229999542236328,28.510000228881836,4420700
2008-06-17,19.169696807861328,29.020000457763672,30.239999771118164,28.850000381469727,29.8700008392334,8400700
2008-06-18,18.614824295043945,28.18000030517578,28.889999389648438,27.799999237060547,28.889999389648438,3614500
2008-06-19,18.905471801757812,28.6200008392334,28.889999389648438,27.68000030517578,28.18000030517578,8446500
2008-06-20,18.914775848388672,28.469999313354492,29.25,27.959999084472656,28.399999618530273,6136100
2008-06-23,18.1839599609375,27.3700008392334,28.729999542236328,27.3700008392334,28.06999969482422,3164800
2008-06-24,18.562654495239258,27.940000534057617,28.219999313354492,26.90999984741211,27.18000030517578,5822200
2008-06-25,18.735389709472656,28.200000762939453,29.450000762939453,27.770000457763672,27.93000030517578,8045200
2008-06-26,18.509504318237305,27.860000610351562,28.40999984741211,27.559999465942383,27.56999969482422,3900500
2008-06-27,18.43642234802246,27.75,28.31999969482422,27.40999984741211,27.709999084472656,6306100
2008-06-30,17.69232749938965,26.6299991607666,27.59000015258789,26.5,27.459999084472656,4740000
2008-07-01,17.951433181762695,27.020000457763672,27.25,26.0,26.239999771118164,6647000
2008-07-02,17.64581298828125,26.559999465942383,27.950000762939453,26.489999771118164,26.950000762939453,7077900
2008-07-03,16.875146865844727,25.399999618530273,27.0,25.399999618530273,26.600000381469727,3079700
2008-07-07,16.2174072265625,24.40999984741211,25.940000534057617,23.899999618530273,25.739999771118164,6326100
2008-07-08,17.459789276123047,26.280000686645508,26.540000915527344,24.31999969482422,24.979999542236328,4970400
2008-07-09,16.748903274536133,25.209999084472656,27.030000686645508,25.209999084472656,26.440000534057617,6011400
2008-07-10,16.94157600402832,25.5,26.40999984741211,24.850000381469727,25.09000015258789,7716300
2008-07-11,16.908363342285156,25.450000762939453,26.200000762939453,24.510000228881836,25.25,5011900
2008-07-14,15.513171195983887,23.350000381469727,26.0,23.170000076293945,25.809999465942383,6230700
2008-07-15,15.147756576538086,22.799999237060547,24.190000534057617,21.709999084472656,23.010000228881836,7739900
2008-07-16,17.04123306274414,25.649999618530273,26.170000076293945,23.149999618530273,23.229999542236328,8139500
2008-07-17,18.821760177612305,28.329999923706055,29.229999542236328,26.3799991607666,26.940000534057617,12488700
2008-07-18,19.067575454711914,28.700000762939453,29.149999618530273,27.780000686645508,29.030000686645508,5156200
2008-07-21,18.86826515197754,28.399999618530273,29.68000030517578,28.34000015258789,29.020000457763672,5991500
2008-07-22,19.96448516845703,30.049999237060547,30.190000534057617,26.809999465942383,28.139999389648438,10602600
2008-07-23,20.296676635742188,30.549999237060547,31.90999984741211,29.889999389648438,29.93000030517578,13697400
2008-07-24,19.53264617919922,29.399999618530273,31.18000030517578,28.469999313354492,30.479999542236328,10137500
2008-07-25,18.861623764038086,28.389999389648438,29.65999984741211,28.3799991607666,29.280000686645508,6009500
2008-07-28,18.536083221435547,27.899999618530273,29.18000030517578,27.719999313354492,28.610000610351562,6354600
2008-07-29,20.01763343811035,30.1299991607666,30.43000030517578,27.790000915527344,27.790000915527344,9423500
2008-07-30,20.396329879760742,30.700000762939453,31.399999618530273,29.760000228881836,30.950000762939453,6083600
2008-07-31,20.11065101623535,30.270000457763672,30.770000457763672,29.829999923706055,29.889999389648438,3195200
2008-08-01,20.542491912841797,30.920000076293945,31.209999084472656,29.780000686645508,30.639999389648438,3033800
2008-08-04,20.396329879760742,30.700000762939453,31.420000076293945,29.979999542236328,30.59000015258789,3458500
2008-08-05,21.319807052612305,32.09000015258789,32.439998626708984,30.799999237060547,30.799999237060547,5208500
2008-08-06,21.512475967407227,32.380001068115234,32.619998931884766,31.260000228881836,32.25,4296600
2008-08-07,20.927825927734375,31.5,32.939998626708984,31.209999084472656,32.099998474121094,5553500
2008-08-08,21.811460494995117,32.83000183105469,33.099998474121094,31.329999923706055,31.75,4467900
2008-08-11,23.126922607421875,34.810001373291016,35.08000183105469,32.66999816894531,33.130001068115234,5835600
2008-08-12,22.323013305664062,33.599998474121094,35.040000915527344,33.15999984741211,35.040000915527344,6357500
2008-08-13,21.446044921875,32.279998779296875,33.2400016784668,31.510000228881836,33.2400016784668,5923300
2008-08-14,21.731718063354492,32.709999084472656,32.810001373291016,31.6200008392334,31.6200008392334,5533700
2008-08-15,22.263219833374023,33.5099983215332,34.47999954223633,32.849998474121094,33.099998474121094,3369100
2008-08-18,21.698505401611328,32.65999984741211,33.81999969482422,32.029998779296875,33.81999969482422,5552300
2008-08-19,20.947755813598633,31.530000686645508,32.060001373291016,30.90999984741211,32.060001373291016,6827000
2008-08-20,20.56242561340332,30.950000762939453,31.479999542236328,30.1200008392334,31.479999542236328,7513500
2008-08-21,20.296676635742188,30.549999237060547,30.8799991607666,30.15999984741211,30.5,4445300
2008-08-22,20.934478759765625,31.510000228881836,31.639999389648438,30.549999237060547,30.959999084472656,3131100
2008-08-25,20.197021484375,30.399999618530273,31.280000686645508,30.31999969482422,31.09000015258789,1758900
2008-08-26,20.32990074157715,30.600000381469727,30.899999618530273,29.829999923706055,30.559999465942383,3457200
2008-08-27,20.549135208129883,30.93000030517578,31.459999084472656,30.34000015258789,30.489999771118164,2571000
2008-08-28,21.27330780029297,32.02000045776367,32.25,31.059999465942383,31.149999618530273,3030700
2008-08-29,21.326452255249023,32.099998474121094,32.58000183105469,31.600000381469727,31.600000381469727,2882600
2008-09-02,21.79816246032715,32.810001373291016,33.43000030517578,32.349998474121094,32.72999954223633,4465500
2008-09-03,22.68842124938965,34.150001525878906,34.150001525878906,32.38999938964844,32.720001220703125,4750300
2008-09-04,21.61213493347168,32.529998779296875,34.0,32.4900016784668,34.0,5071400
2008-09-05,22.489124298095703,33.849998474121094,34.04999923706055,31.940000534057617,32.18000030517578,8715800
2008-09-08,23.90422821044922,35.97999954223633,37.400001525878906,34.560001373291016,36.900001525878906,13506700
2008-09-09,23.213279724121094,34.939998626708984,36.36000061035156,34.81999969482422,35.900001525878906,8013200
2008-09-10,23.10698127746582,34.779998779296875,35.31999969482422,33.31999969482422,35.09000015258789,7768000
2008-09-11,23.49232292175293,35.36000061035156,35.369998931884766,33.47999954223633,33.84000015258789,10985800
2008-09-12,24.183269500732422,36.400001525878906,37.29999923706055,34.59000015258789,34.959999084472656,5913900
2008-09-15,23.259784698486328,35.0099983215332,36.13999938964844,33.779998779296875,33.81999969482422,9242800
2008-09-16,24.449018478393555,36.79999923706055,37.20000076293945,33.68000030517578,33.709999084472656,13078900
2008-09-17,23.45245933532715,35.29999923706055,36.970001220703125,34.630001068115234,35.619998931884766,12503300
2008-09-18,27.47858428955078,41.36000061035156,42.439998626708984,35.150001525878906,36.0099983215332,19210600
2008-09-19,27.679534912109375,41.31999969482422,54.09000015258789,39.099998474121094,52.93000030517578,15665800
2008-09-22,26.085222244262695,38.939998626708984,43.5,37.400001525878906,43.36000061035156,6427800
2008-09-23,25.227771759033203,37.65999984741211,39.310001373291016,37.22999954223633,39.310001373291016,4521600
2008-09-24,26.024932861328125,38.849998474121094,38.849998474121094,36.90999984741211,38.689998626708984,4716100
2008-09-25,24.91963768005371,37.20000076293945,39.09000015258789,37.20000076293945,39.0,4289500
2008-09-26,24.79233741760254,37.0099983215332,37.5,35.380001068115234,36.58000183105469,4861100
2008-09-29,23.445886611938477,35.0,37.0,32.97999954223633,37.0,4815300
2008-09-30,23.78081703186035,35.5,36.099998474121094,34.20000076293945,34.20000076293945,4710900
2008-10-01,24.966522216796875,37.27000045776367,37.5099983215332,34.81999969482422,35.939998626708984,3843200
2008-10-02,24.685157775878906,36.849998474121094,37.61000061035156,36.4900016784668,37.279998779296875,2782200
2008-10-03,23.546363830566406,35.150001525878906,38.5,35.150001525878906,37.75,2894700
2008-10-06,23.23822021484375,34.689998626708984,35.220001220703125,32.599998474121094,34.029998779296875,5570500
2008-10-07,21.483131408691406,32.06999969482422,36.75,31.860000610351562,34.470001220703125,4830100
2008-10-08,20.974016189575195,31.309999465942383,32.630001068115234,30.6200008392334,31.1200008392334,3415400
2008-10-09,18.12032127380371,27.049999237060547,33.0,26.850000381469727,31.139999389648438,8951600
2008-10-10,18.890682220458984,28.200000762939453,30.469999313354492,24.899999618530273,24.899999618530273,12135300
2008-10-13,21.811372756958008,32.560001373291016,32.560001373291016,29.3700008392334,30.200000762939453,3846200
2008-10-14,22.50803565979004,33.599998474121094,36.45000076293945,31.709999084472656,33.70000076293945,7550900
2008-10-15,20.773056030273438,31.010000228881836,33.95000076293945,31.010000228881836,33.0,6541200
2008-10-16,22.246793746948242,33.209999084472656,33.58000183105469,30.299999237060547,31.530000686645508,4459000
2008-10-17,21.322357177734375,31.829999923706055,34.119998931884766,31.829999923706055,32.869998931884766,4255000
2008-10-20,22.21999168395996,33.16999816894531,33.45000076293945,32.470001220703125,32.9900016784668,3015000
2008-10-21,21.4161376953125,31.969999313354492,33.029998779296875,31.8700008392334,32.689998626708984,2623600
2008-10-22,20.10986328125,30.020000457763672,31.43000030517578,29.610000610351562,31.31999969482422,4522500
2008-10-23,19.292613983154297,28.799999237060547,30.170000076293945,26.8799991607666,30.030000686645508,8550200
2008-10-24,18.42176628112793,27.5,28.700000762939453,26.489999771118164,26.5,4929600
2008-10-27,18.254295349121094,27.25,28.93000030517578,26.84000015258789,26.84000015258789,3442300
2008-10-28,20.129966735839844,30.049999237060547,30.700000762939453,26.700000762939453,28.329999923706055,3326500
2008-10-29,19.935697555541992,29.760000228881836,31.049999237060547,29.149999618530273,30.040000915527344,3628000
2008-10-30,20.933822631835938,31.25,31.270000457763672,29.920000076293945,31.270000457763672,1854000
2008-10-31,22.039127349853516,32.900001525878906,32.900001525878906,30.770000457763672,31.290000915527344,2213300
2008-11-03,22.07261848449707,32.95000076293945,33.16999816894531,31.690000534057617,32.77000045776367,2362800
2008-11-04,22.909975051879883,34.20000076293945,34.20000076293945,33.220001220703125,33.68000030517578,5341700
2008-11-05,20.853439331054688,31.1299991607666,34.040000915527344,30.0,34.040000915527344,2299000
2008-11-06,20.230445861816406,30.200000762939453,31.780000686645508,29.959999084472656,30.6200008392334,5068800
2008-11-07,20.384519577026367,30.43000030517578,30.579999923706055,29.450000762939453,30.139999389648438,3602200
2008-11-10,19.95580291748047,29.790000915527344,31.309999465942383,29.459999084472656,30.780000686645508,2624200
2008-11-11,19.935697555541992,29.760000228881836,30.440000534057617,29.299999237060547,29.299999237060547,2909000
2008-11-12,18.66292381286621,27.860000610351562,29.579999923706055,27.65999984741211,29.079999923706055,5410100
2008-11-13,20.257234573364258,30.239999771118164,30.3799991607666,26.3799991607666,27.709999084472656,3230800
2008-11-14,19.111745834350586,28.530000686645508,30.56999969482422,28.43000030517578,29.920000076293945,3699300
2008-11-17,18.817001342773438,28.09000015258789,28.850000381469727,27.809999465942383,28.469999313354492,1932000
2008-11-18,18.6495304107666,27.84000015258789,28.690000534057617,26.489999771118164,28.440000534057617,3553700
2008-11-19,17.215970993041992,25.700000762939453,28.219999313354492,25.600000381469727,27.520000457763672,4442700
2008-11-20,16.291536331176758,24.31999969482422,26.360000610351562,24.15999984741211,25.549999237060547,6057500
2008-11-21,17.081998825073242,25.5,25.610000610351562,22.899999618530273,25.3700008392334,6568000
2008-11-24,18.95097541809082,28.290000915527344,28.770000457763672,25.469999313354492,26.020000457763672,7350700
2008-11-25,19.27251625061035,28.770000457763672,29.0,27.030000686645508,28.65999984741211,3251300
2008-11-26,19.567258834838867,29.209999084472656,29.360000610351562,27.90999984741211,28.06999969482422,3296800
2008-11-28,19.86870765686035,29.65999984741211,29.65999984741211,28.649999618530273,28.940000534057617,825600
2008-12-01,16.613088607788086,24.799999237060547,29.3700008392334,24.709999084472656,29.3700008392334,4681500
2008-12-02,17.99973487854004,26.8700008392334,26.93000030517578,25.020000457763672,25.649999618530273,4836700
2008-12-03,18.63612937927246,27.81999969482422,28.0,26.049999237060547,26.399999618530273,3204900
2008-12-04,18.287782669067383,27.299999237060547,28.68000030517578,26.760000228881836,27.31999969482422,4160900
2008-12-05,19.225618362426758,28.700000762939453,28.790000915527344,25.850000381469727,26.709999084472656,5815100
2008-12-08,19.56056785583496,29.200000762939453,29.510000228881836,28.670000076293945,29.5,2105700
2008-12-09,18.542348861694336,27.68000030517578,29.469999313354492,27.489999771118164,29.1200008392334,3084100
2008-12-10,18.642826080322266,27.829999923706055,28.399999618530273,27.170000076293945,27.979999542236328,2843000
2008-12-11,17.396841049194336,25.969999313354492,27.729999542236328,25.84000015258789,27.510000228881836,2142500
2008-12-12,18.133718490600586,27.06999969482422,27.1299991607666,25.399999618530273,25.399999618530273,2749800
2008-12-15,17.61791229248047,26.299999237060547,27.06999969482422,25.540000915527344,27.06999969482422,3291000
2008-12-16,18.870582580566406,28.170000076293945,28.389999389648438,26.639999389648438,28.170000076293945,2985500
2008-12-17,18.877283096313477,28.18000030517578,28.6200008392334,27.780000686645508,28.350000381469727,4420400
2008-12-18,18.57583236694336,27.729999542236328,28.6299991607666,27.479999542236328,28.260000228881836,2802400
2008-12-19,18.752349853515625,27.40999984741211,28.25,27.09000015258789,27.690000534057617,1780600
2008-12-22,18.506053924560547,27.049999237060547,27.549999237060547,26.43000030517578,27.290000915527344,1527900
2008-12-23,18.2734375,26.709999084472656,27.420000076293945,26.6299991607666,27.350000381469727,1630000
2008-12-24,18.615520477294922,27.209999084472656,27.209999084472656,26.56999969482422,26.600000381469727,544200
2008-12-26,18.834440231323242,27.530000686645508,27.530000686645508,27.06999969482422,27.350000381469727,392600
2008-12-29,18.581308364868164,27.15999984741211,27.610000610351562,26.790000915527344,27.610000610351562,660000
2008-12-30,19.28598403930664,28.190000534057617,28.209999084472656,27.31999969482422,27.389999389648438,1194400
2008-12-31,19.94959831237793,29.15999984741211,29.360000610351562,28.010000228881836,28.489999771118164,1754500
2009-01-02,19.922225952148438,29.1200008392334,29.34000015258789,28.469999313354492,29.229999542236328,948200
2009-01-05,19.073902130126953,27.8799991607666,29.309999465942383,27.729999542236328,29.309999465942383,2710200
2009-01-06,19.114944458007812,27.940000534057617,28.149999618530273,27.600000381469727,28.010000228881836,1670700
2009-01-07,18.15714454650879,26.540000915527344,27.549999237060547,26.399999618530273,27.549999237060547,1395100
2009-01-08,18.075044631958008,26.420000076293945,26.959999084472656,26.170000076293945,26.56999969482422,1334300
2009-01-09,17.1856632232666,25.1200008392334,26.510000228881836,25.049999237060547,26.40999984741211,2910000
2009-01-12,16.5904598236084,24.25,25.110000610351562,24.059999465942383,24.989999771118164,3310800
2009-01-13,16.90516471862793,24.709999084472656,24.760000228881836,23.940000534057617,24.020000457763672,2414500
2009-01-14,15.899478912353516,23.239999771118164,24.540000915527344,23.229999542236328,24.350000381469727,3199300
2009-01-15,15.536874771118164,22.709999084472656,23.399999618530273,21.8700008392334,23.18000030517578,5479000
2009-01-16,15.482147216796875,22.6299991607666,23.260000228881836,21.709999084472656,22.959999084472656,3081500
2009-01-20,13.860729217529297,20.260000228881836,22.260000228881836,20.260000228881836,22.229999542236328,3446800
2009-01-21,14.8322172164917,21.68000030517578,21.700000762939453,19.979999542236328,20.84000015258789,5221600
2009-01-22,13.874414443969727,20.280000686645508,21.489999771118164,19.920000076293945,21.489999771118164,3683400
2009-01-23,14.216489791870117,20.780000686645508,20.860000610351562,19.459999084472656,19.690000534057617,4675400
2009-01-26,13.99755573272705,20.459999084472656,21.540000915527344,20.229999542236328,20.969999313354492,4432400
2009-01-27,14.360148429870605,20.989999771118164,21.049999237060547,20.3700008392334,20.549999237060547,3683900
2009-01-28,15.530041694641113,22.700000762939453,22.81999969482422,21.809999465942383,21.920000076293945,7175400
2009-01-29,14.668014526367188,21.440000534057617,22.459999084472656,21.420000076293945,22.280000686645508,3219100
2009-01-30,14.189118385314941,20.739999771118164,21.940000534057617,20.6200008392334,21.709999084472656,2994600
2009-02-02,14.230168342590332,20.799999237060547,20.809999465942383,20.270000457763672,20.450000762939453,2137700
2009-02-03,13.88809585571289,20.299999237060547,20.979999542236328,19.860000610351562,20.979999542236328,2091000
2009-02-04,13.915459632873535,20.34000015258789,21.059999465942383,20.270000457763672,20.309999465942383,2521400
2009-02-05,14.1549072265625,20.690000534057617,21.219999313354492,19.719999313354492,20.239999771118164,3929300
2009-02-06,15.2974271774292,22.360000610351562,22.489999771118164,20.729999542236328,20.8700008392334,5484500
2009-02-09,15.345314979553223,22.43000030517578,22.920000076293945,22.170000076293945,22.389999389648438,2883700
2009-02-10,13.983871459960938,20.440000534057617,22.579999923706055,20.43000030517578,22.309999465942383,5273200
2009-02-11,14.366985321044922,21.0,21.3700008392334,20.389999389648438,20.600000381469727,5494500
2009-02-12,14.161745071411133,20.700000762939453,20.780000686645508,19.649999618530273,20.510000228881836,4683700
2009-02-13,13.593912124633789,19.8700008392334,20.739999771118164,19.860000610351562,20.68000030517578,4299100
2009-02-17,12.779779434204102,18.68000030517578,19.3700008392334,18.68000030517578,19.25,5014700
2009-02-18,12.574539184570312,18.3799991607666,19.059999465942383,18.15999984741211,18.950000762939453,3132600
2009-02-19,11.863033294677734,17.34000015258789,18.719999313354492,17.34000015258789,18.5,3038800
2009-02-20,11.904080390930176,17.399999618530273,17.59000015258789,16.43000030517578,17.110000610351562,6086000
2009-02-23,11.603055000305176,16.959999084472656,18.0,16.940000534057617,17.440000534057617,3619300
2009-02-24,12.38298225402832,18.100000381469727,18.1200008392334,16.799999237060547,17.09000015258789,4062400
2009-02-25,12.485600471496582,18.25,18.860000610351562,17.18000030517578,18.0,6754000
2009-02-26,12.855040550231934,18.790000915527344,19.760000228881836,18.5,18.579999923706055,7477800
2009-02-27,12.451390266418457,18.200000762939453,18.989999771118164,18.010000228881836,18.34000015258789,3593800
2009-03-02,11.89039421081543,17.3799991607666,18.0,17.31999969482422,17.709999084472656,3926300
2009-03-03,11.336241722106934,16.56999969482422,17.829999923706055,16.459999084472656,17.790000915527344,3735200
2009-03-04,11.219937324523926,16.399999618530273,16.989999771118164,16.030000686645508,16.90999984741211,3904100
2009-03-05,10.262138366699219,15.0,16.200000762939453,14.890000343322754,16.030000686645508,3241700
2009-03-06,10.166357040405273,14.859999656677246,15.59000015258789,14.420000076293945,15.229999542236328,6352200
2009-03-09,10.043212890625,14.680000305175781,15.350000381469727,14.649999618530273,14.890000343322754,3569400
2009-03-10,11.432018280029297,16.709999084472656,16.729999542236328,15.0,15.039999961853027,7342700
2009-03-11,11.397812843322754,16.65999984741211,17.670000076293945,16.610000610351562,17.200000762939453,6518200
2009-03-12,12.62243366241455,18.450000762939453,18.520000457763672,16.389999389648438,16.6200008392334,6943800
2009-03-13,12.38298225402832,18.100000381469727,18.760000228881836,18.020000457763672,18.600000381469727,6920500
2009-03-16,12.396661758422852,18.1200008392334,19.170000076293945,18.1200008392334,18.459999084472656,6179500
2009-03-17,13.039758682250977,19.059999465942383,19.059999465942383,17.90999984741211,17.90999984741211,4614400
2009-03-18,13.881255149841309,20.290000915527344,20.450000762939453,18.709999084472656,18.829999923706055,5184900
2009-03-19,13.231311798095703,19.34000015258789,20.989999771118164,19.280000686645508,20.989999771118164,5098400
2009-03-20,12.814970016479492,18.559999465942383,19.670000076293945,18.549999237060547,19.670000076293945,2933900
2009-03-23,14.527313232421875,21.040000915527344,21.059999465942383,19.360000610351562,19.90999984741211,6367100
2009-03-24,13.3949556350708,19.399999618530273,20.950000762939453,19.399999618530273,20.799999237060547,4736400
2009-03-25,13.774712562561035,19.950000762939453,20.579999923706055,18.719999313354492,19.610000610351562,5507700
2009-03-26,14.119938850402832,20.450000762939453,20.5,19.690000534057617,20.09000015258789,2753600
2009-03-27,13.533051490783691,19.600000381469727,20.469999313354492,19.600000381469727,20.190000534057617,3670300
2009-03-30,12.787353515625,18.520000457763672,19.100000381469727,18.43000030517578,19.100000381469727,3261900
2009-03-31,13.270669937133789,19.219999313354492,19.729999542236328,18.6299991607666,18.690000534057617,3461300
2009-04-01,13.719473838806152,19.8700008392334,20.0,18.639999389648438,19.15999984741211,4220900
2009-04-02,14.182084083557129,20.540000915527344,20.780000686645508,20.229999542236328,20.520000457763672,3299500
2009-04-03,14.444448471069336,20.920000076293945,20.93000030517578,20.149999618530273,20.610000610351562,2052700
2009-04-06,13.98184585571289,20.25,20.6200008392334,19.940000534057617,20.6200008392334,1552900
2009-04-07,13.533051490783691,19.600000381469727,20.200000762939453,19.579999923706055,19.829999923706055,2678000
2009-04-08,13.450191497802734,19.479999542236328,19.829999923706055,19.0,19.690000534057617,2672400
2009-04-09,14.976116180419922,21.690000534057617,21.739999771118164,20.170000076293945,20.170000076293945,3873100
2009-04-13,15.749434471130371,22.809999465942383,22.8799991607666,21.1200008392334,21.329999923706055,6204000
2009-04-14,14.396127700805664,20.850000381469727,22.649999618530273,20.760000228881836,22.489999771118164,3559800
2009-04-15,14.734456062316895,21.34000015258789,21.450000762939453,19.940000534057617,20.59000015258789,4549900
2009-04-16,15.003728866577148,21.729999542236328,22.1299991607666,20.600000381469727,21.829999923706055,4280100
2009-04-17,15.473244667053223,22.40999984741211,22.889999389648438,21.360000610351562,21.989999771118164,5033900
2009-04-20,13.85065746307373,20.059999465942383,21.729999542236328,20.059999465942383,21.5,4930500
2009-04-21,14.637784957885742,21.200000762939453,21.309999465942383,18.889999389648438,19.3700008392334,6547800
2009-04-22,14.12684154510498,20.459999084472656,21.850000381469727,20.3799991607666,20.530000686645508,7281600
2009-04-23,13.995660781860352,20.270000457763672,20.84000015258789,19.709999084472656,20.43000030517578,5467500
2009-04-24,14.70683479309082,21.299999237060547,21.84000015258789,20.3799991607666,20.440000534057617,8448800
2009-04-27,14.099226951599121,20.420000076293945,21.280000686645508,20.229999542236328,21.049999237060547,5789500
2009-04-28,14.099226951599121,20.420000076293945,20.940000534057617,19.90999984741211,19.90999984741211,2803200
2009-04-29,14.879450798034668,21.549999237060547,21.559999465942383,20.43000030517578,20.43000030517578,3429800
2009-04-30,14.403029441833496,20.860000610351562,22.1200008392334,20.799999237060547,22.110000610351562,4094000
2009-05-01,14.064701080322266,20.3700008392334,21.239999771118164,20.219999313354492,20.920000076293945,4040600
2009-05-04,15.314435005187988,22.18000030517578,22.219999313354492,20.530000686645508,20.670000076293945,5562600
2009-05-05,14.989920616149902,21.709999084472656,22.15999984741211,21.350000381469727,22.09000015258789,2168700
2009-05-06,15.839184761047363,22.940000534057617,23.020000457763672,21.780000686645508,22.0,6480600
2009-05-07,15.335144996643066,22.209999084472656,23.56999969482422,21.93000030517578,23.479999542236328,7674500
2009-05-08,16.43989372253418,23.809999465942383,23.950000762939453,22.229999542236328,22.229999542236328,7464900
2009-05-11,15.928955078125,23.06999969482422,23.6200008392334,22.950000762939453,23.260000228881836,5875000
2009-05-12,15.3213472366333,22.190000534057617,23.540000915527344,21.600000381469727,22.780000686645508,6575700
2009-05-13,14.33398723602295,20.760000228881836,21.739999771118164,20.760000228881836,21.65999984741211,4699500
2009-05-14,14.561832427978516,21.09000015258789,21.309999465942383,20.489999771118164,20.56999969482422,3166000
2009-05-15,14.195893287658691,20.559999465942383,21.139999389648438,20.3799991607666,21.020000457763672,2402000
2009-05-18,15.045159339904785,21.790000915527344,21.90999984741211,20.860000610351562,20.860000610351562,1957900
2009-05-19,14.320172309875488,20.739999771118164,21.770000457763672,20.670000076293945,21.65999984741211,7084000
2009-05-20,13.671141624450684,19.799999237060547,21.280000686645508,19.690000534057617,21.010000228881836,12903100
2009-05-21,13.429478645324707,19.450000762939453,19.690000534057617,19.200000762939453,19.510000228881836,7784600
2009-05-22,13.312100410461426,19.280000686645508,19.979999542236328,19.280000686645508,19.690000534057617,3363200
2009-05-26,14.230419158935547,20.610000610351562,20.610000610351562,19.1200008392334,19.1200008392334,4121700
2009-05-27,13.436381340026855,19.459999084472656,20.56999969482422,19.389999389648438,20.450000762939453,6351400
2009-05-28,13.498517990112305,19.549999237060547,19.829999923706055,18.979999542236328,19.700000762939453,7382800
2009-05-29,13.802324295043945,19.989999771118164,20.299999237060547,19.459999084472656,19.719999313354492,2573300
2009-06-01,13.94041633605957,20.190000534057617,20.68000030517578,19.969999313354492,20.290000915527344,4855200
2009-06-02,13.70566177368164,19.850000381469727,20.229999542236328,19.729999542236328,20.110000610351562,5835000
2009-06-03,13.622809410095215,19.729999542236328,19.950000762939453,19.549999237060547,19.75,2948000
2009-06-04,14.13375473022461,20.469999313354492,20.729999542236328,19.700000762939453,19.790000915527344,5973300
2009-06-05,13.88518238067627,20.110000610351562,20.93000030517578,19.670000076293945,20.90999984741211,8991500
2009-06-08,13.781617164611816,19.959999084472656,20.219999313354492,19.760000228881836,19.770000457763672,1652100
2009-06-09,13.843759536743164,20.049999237060547,20.25,19.790000915527344,19.969999313354492,3447900
2009-06-10,13.719473838806152,19.8700008392334,20.209999084472656,19.549999237060547,20.18000030517578,2551000
2009-06-11,13.829946517944336,20.030000686645508,20.549999237060547,19.829999923706055,19.850000381469727,4018100
2009-06-12,13.823038101196289,20.020000457763672,20.309999465942383,19.799999237060547,19.959999084472656,1779900
2009-06-15,13.298284530639648,19.260000228881836,19.969999313354492,19.100000381469727,19.799999237060547,5133900
2009-06-16,13.187820434570312,19.100000381469727,19.530000686645508,19.059999465942383,19.299999237060547,3934500
2009-06-17,12.82187271118164,18.56999969482422,19.09000015258789,18.139999389648438,19.079999923706055,10343600
2009-06-18,12.980677604675293,18.799999237060547,19.06999969482422,18.40999984741211,18.610000610351562,4149700
2009-06-19,13.436678886413574,19.329999923706055,19.329999923706055,18.860000610351562,18.889999389648438,7969900
2009-06-22,12.685945510864258,18.25,19.049999237060547,18.229999542236328,18.959999084472656,4005400
2009-06-23,12.463506698608398,17.93000030517578,18.649999618530273,17.719999313354492,18.299999237060547,6381900
2009-06-24,12.40789794921875,17.850000381469727,18.229999542236328,17.780000686645508,18.100000381469727,3155000
2009-06-25,12.901432991027832,18.559999465942383,18.559999465942383,17.700000762939453,17.700000762939453,6744900
2009-06-26,12.957040786743164,18.639999389648438,18.75,18.260000228881836,18.459999084472656,4686700
2009-06-29,12.950091361999512,18.6299991607666,18.760000228881836,17.90999984741211,18.68000030517578,6929400
2009-06-30,12.678998947143555,18.239999771118164,18.75,18.079999923706055,18.75,5644000
2009-07-01,12.824971199035645,18.450000762939453,18.59000015258789,18.290000915527344,18.360000610351562,4273100
2009-07-02,12.248022079467773,17.6200008392334,18.200000762939453,17.559999465942383,18.170000076293945,6483200
2009-07-06,12.380094528198242,17.809999465942383,17.860000610351562,17.260000228881836,17.5,7467200
2009-07-07,12.261923789978027,17.639999389648438,18.079999923706055,17.559999465942383,17.75,4544300
2009-07-08,12.241069793701172,17.610000610351562,18.200000762939453,17.25,17.670000076293945,7978000
2009-07-09,12.324481964111328,17.729999542236328,18.010000228881836,17.65999984741211,17.81999969482422,5169700
2009-07-10,12.171557426452637,17.510000228881836,17.670000076293945,17.239999771118164,17.559999465942383,3886000
2009-07-13,12.81106948852539,18.43000030517578,18.459999084472656,17.649999618530273,17.649999618530273,5134600
2009-07-14,12.685945510864258,18.25,18.420000076293945,18.1299991607666,18.3700008392334,2795600
2009-07-15,13.103018760681152,18.850000381469727,19.0,18.459999084472656,18.530000686645508,4434300
2009-07-16,13.130824089050293,18.889999389648438,19.09000015258789,18.450000762939453,18.889999389648438,8653900
2009-07-17,12.588634490966797,18.110000610351562,19.18000030517578,18.079999923706055,18.989999771118164,9700100
2009-07-20,12.685945510864258,18.25,18.450000762939453,18.1299991607666,18.239999771118164,5418500
2009-07-21,12.261923789978027,17.639999389648438,18.3799991607666,17.520000457763672,18.290000915527344,6292300
2009-07-22,12.366192817687988,17.790000915527344,18.139999389648438,17.329999923706055,17.399999618530273,6989800
2009-07-23,13.012651443481445,18.719999313354492,18.790000915527344,17.770000457763672,17.81999969482422,4520200
2009-07-24,13.096075057983398,18.84000015258789,18.940000534057617,18.469999313354492,18.520000457763672,3352800
2009-07-27,13.74948501586914,19.780000686645508,19.93000030517578,18.809999465942383,18.850000381469727,6770800
2009-07-28,13.937167167663574,20.049999237060547,20.329999923706055,19.56999969482422,19.649999618530273,5670300
2009-07-29,14.117890357971191,20.309999465942383,20.459999084472656,20.0,20.06999969482422,2805600
2009-07-30,14.326428413391113,20.610000610351562,20.8700008392334,20.31999969482422,20.530000686645508,6447600
2009-07-31,14.472402572631836,20.81999969482422,20.940000534057617,20.469999313354492,20.670000076293945,2793200
2009-08-03,14.764355659484863,21.239999771118164,21.3700008392334,20.850000381469727,21.0,3142300
2009-08-04,15.181427955627441,21.84000015258789,21.969999313354492,20.920000076293945,21.100000381469727,5061600
2009-08-05,15.243999481201172,21.93000030517578,22.139999389648438,21.600000381469727,21.93000030517578,5139700
2009-08-06,15.167521476745605,21.81999969482422,22.389999389648438,21.34000015258789,22.260000228881836,6997500
2009-08-07,15.987770080566406,23.0,23.610000610351562,22.059999465942383,22.149999618530273,11159100
2009-08-10,16.18239974975586,23.280000686645508,23.790000915527344,22.799999237060547,23.110000610351562,7616700
2009-08-11,15.403865814208984,22.15999984741211,23.200000762939453,21.739999771118164,23.18000030517578,4927000
2009-08-12,15.515079498291016,22.31999969482422,22.579999923706055,21.940000534057617,22.059999465942383,3477000
2009-08-13,15.466431617736816,22.25,22.639999389648438,21.809999465942383,22.639999389648438,4966000
2009-08-14,15.174473762512207,21.829999923706055,22.229999542236328,21.40999984741211,22.190000534057617,4870400
2009-08-17,14.43764877319336,20.770000457763672,21.31999969482422,20.600000381469727,21.190000534057617,6415000
2009-08-18,14.472402572631836,20.81999969482422,21.079999923706055,20.81999969482422,20.850000381469727,3262000
2009-08-19,14.66703987121582,21.100000381469727,21.299999237060547,20.5,20.56999969482422,2636400
2009-08-20,14.743502616882324,21.209999084472656,21.399999618530273,21.0,21.059999465942383,2501800
2009-08-21,15.285699844360352,21.989999771118164,21.989999771118164,21.299999237060547,21.309999465942383,2772000
2009-08-24,14.917283058166504,21.459999084472656,22.200000762939453,21.260000228881836,22.040000915527344,3615000
2009-08-25,14.847772598266602,21.360000610351562,21.81999969482422,21.219999313354492,21.6200008392334,3387700
2009-08-26,15.077159881591797,21.690000534057617,22.020000457763672,21.260000228881836,21.260000228881836,5799100
2009-08-27,14.931188583374023,21.479999542236328,21.709999084472656,21.0,21.6200008392334,2884400
2009-08-28,14.813017845153809,21.309999465942383,21.790000915527344,21.190000534057617,21.75,2407800
2009-08-31,14.736551284790039,21.200000762939453,21.299999237060547,20.860000610351562,20.90999984741211,2740300
2009-09-01,14.131794929504395,20.329999923706055,21.389999389648438,20.239999771118164,20.979999542236328,5985600
2009-09-02,13.874597549438477,19.959999084472656,20.479999542236328,19.940000534057617,20.139999389648438,2823400
2009-09-03,14.069239616394043,20.239999771118164,20.290000915527344,19.920000076293945,20.06999969482422,1335100
2009-09-04,14.159603118896484,20.3700008392334,20.450000762939453,20.100000381469727,20.25,2331900
2009-09-08,14.243019104003906,20.489999771118164,20.670000076293945,20.329999923706055,20.670000076293945,3267300
2009-09-09,14.110945701599121,20.299999237060547,21.1200008392334,20.299999237060547,20.520000457763672,4911700
2009-09-10,14.555814743041992,20.940000534057617,20.940000534057617,20.56999969482422,20.709999084472656,1986700
2009-09-11,14.62534236907959,21.040000915527344,21.190000534057617,20.809999465942383,20.889999389648438,1995200
2009-09-14,14.653130531311035,21.079999923706055,21.079999923706055,20.709999084472656,20.780000686645508,1757200
2009-09-15,14.88947868347168,21.420000076293945,21.6200008392334,20.65999984741211,21.100000381469727,5985500
2009-09-16,15.855697631835938,22.809999465942383,22.850000381469727,21.469999313354492,21.510000228881836,6124600
2009-09-17,15.48033332824707,22.270000457763672,22.989999771118164,22.030000686645508,22.860000610351562,7306400
2009-09-18,15.488710403442383,22.170000076293945,22.329999923706055,21.84000015258789,22.170000076293945,3827800
2009-09-21,15.209264755249023,21.770000457763672,21.969999313354492,21.600000381469727,21.889999389648438,4527300
2009-09-22,15.411865234375,22.059999465942383,22.1299991607666,21.579999923706055,22.059999465942383,3771300
2009-09-23,15.258161544799805,21.84000015258789,22.290000915527344,21.799999237060547,22.049999237060547,4936300
2009-09-24,14.755154609680176,21.1200008392334,22.100000381469727,20.899999618530273,22.100000381469727,6835100
2009-09-25,14.699263572692871,21.040000915527344,21.15999984741211,20.6200008392334,20.959999084472656,5794700
2009-09-28,15.0206298828125,21.5,21.549999237060547,20.90999984741211,21.020000457763672,2899800
2009-09-29,15.006654739379883,21.479999542236328,21.68000030517578,21.270000457763672,21.520000457763672,3096000
2009-09-30,14.894881248474121,21.31999969482422,21.719999313354492,21.0,21.719999313354492,4048800
2009-10-01,14.405828475952148,20.6200008392334,21.5,20.56999969482422,21.280000686645508,4595600
2009-10-02,14.2521333694458,20.399999618530273,20.75,20.1200008392334,20.280000686645508,4164600
2009-10-05,14.426793098449707,20.649999618530273,20.989999771118164,20.510000228881836,20.56999969482422,2715200
2009-10-06,14.685290336608887,21.020000457763672,21.3799991607666,20.780000686645508,21.100000381469727,4579500
2009-10-07,14.727205276489258,21.079999923706055,21.139999389648438,20.579999923706055,20.969999313354492,2741400
2009-10-08,14.915831565856934,21.350000381469727,21.479999542236328,21.040000915527344,21.149999618530273,3081500
2009-10-09,15.146378517150879,21.68000030517578,21.799999237060547,21.309999465942383,21.399999618530273,2473900
2009-10-12,15.013643264770508,21.489999771118164,21.75,21.420000076293945,21.709999084472656,1325600
2009-10-13,14.978710174560547,21.440000534057617,21.56999969482422,21.040000915527344,21.309999465942383,2702900
2009-10-14,15.307072639465332,21.90999984741211,21.979999542236328,21.469999313354492,21.739999771118164,3007000
2009-10-15,15.258161544799805,21.84000015258789,21.8799991607666,21.520000457763672,21.709999084472656,3689600
2009-10-16,14.97172737121582,21.43000030517578,21.700000762939453,21.270000457763672,21.579999923706055,3179200
2009-10-19,15.006654739379883,21.479999542236328,21.649999618530273,21.209999084472656,21.549999237060547,4135300
2009-10-20,14.790080070495605,21.170000076293945,21.5,20.979999542236328,21.3700008392334,4334400
2009-10-21,14.27309513092041,20.43000030517578,21.3700008392334,20.3799991607666,21.100000381469727,9867800
2009-10-22,15.041589736938477,21.530000686645508,21.56999969482422,20.389999389648438,20.59000015258789,11316100
2009-10-23,14.713231086730957,21.059999465942383,21.68000030517578,20.850000381469727,21.610000610351562,5027500
2009-10-26,14.706245422363281,21.049999237060547,21.139999389648438,20.610000610351562,21.010000228881836,9077200
2009-10-27,14.811040878295898,21.200000762939453,21.610000610351562,20.940000534057617,20.979999542236328,11640900
2009-10-28,14.74118423461914,21.100000381469727,21.270000457763672,20.6299991607666,21.170000076293945,10255900
2009-10-29,14.964737892150879,21.420000076293945,21.5,20.90999984741211,21.25,10593000
2009-10-30,14.210210800170898,20.34000015258789,21.219999313354492,20.190000534057617,21.209999084472656,7468500
2009-11-02,14.04254150390625,20.100000381469727,20.639999389648438,19.610000610351562,20.440000534057617,5787000
2009-11-03,14.007610321044922,20.049999237060547,20.139999389648438,19.559999465942383,19.829999923706055,5035200
2009-11-04,13.679250717163086,19.579999923706055,20.280000686645508,19.549999237060547,20.229999542236328,4535000
2009-11-05,13.90980052947998,19.90999984741211,19.959999084472656,19.450000762939453,19.649999618530273,4705100
2009-11-06,13.923773765563965,19.93000030517578,20.040000915527344,19.530000686645508,19.709999084472656,3487600
2009-11-09,14.23117733001709,20.3700008392334,20.459999084472656,20.09000015258789,20.100000381469727,2220300
2009-11-10,14.04254150390625,20.100000381469727,20.43000030517578,19.8799991607666,20.43000030517578,3950000
2009-11-11,14.315008163452148,20.489999771118164,20.81999969482422,20.290000915527344,20.329999923706055,4245900
2009-11-12,13.965688705444336,19.989999771118164,20.65999984741211,19.899999618530273,20.6299991607666,5680800
2009-11-13,14.049530029296875,20.110000610351562,20.200000762939453,19.799999237060547,19.940000534057617,2408500
2009-11-16,14.496658325195312,20.75,21.06999969482422,20.229999542236328,20.229999542236328,5933200
2009-11-17,14.76213550567627,21.1299991607666,21.190000534057617,20.530000686645508,20.530000686645508,4747100
2009-11-18,14.776104927062988,21.149999618530273,21.25,20.920000076293945,21.170000076293945,4591700
2009-11-19,14.489665031433105,20.739999771118164,21.030000686645508,20.579999923706055,20.93000030517578,3538100
2009-11-20,14.566516876220703,20.850000381469727,20.950000762939453,20.559999465942383,20.559999465942383,2675100
2009-11-23,14.825014114379883,21.219999313354492,21.399999618530273,20.989999771118164,20.989999771118164,3741400
2009-11-24,14.769124031066895,21.139999389648438,21.229999542236328,20.780000686645508,21.059999465942383,2727300
2009-11-25,14.657340049743652,20.979999542236328,21.280000686645508,20.969999313354492,21.18000030517578,1880900
2009-11-27,14.370902061462402,20.56999969482422,20.979999542236328,20.1200008392334,20.3799991607666,2168400
2009-11-30,14.692276000976562,21.030000686645508,21.030000686645508,20.420000076293945,20.600000381469727,2818500
2009-12-01,14.671309471130371,21.0,21.25,20.90999984741211,21.110000610351562,2603500
2009-12-02,14.88788890838623,21.309999465942383,21.510000228881836,21.030000686645508,21.190000534057617,2499200
2009-12-03,14.517619132995605,20.780000686645508,21.729999542236328,20.780000686645508,21.479999542236328,3898800
2009-12-04,14.94377613067627,21.389999389648438,21.5,20.90999984741211,21.40999984741211,3854800
2009-12-07,14.838987350463867,21.239999771118164,21.549999237060547,21.1200008392334,21.510000228881836,2964000
2009-12-08,14.831998825073242,21.229999542236328,21.389999389648438,20.969999313354492,21.030000686645508,3395400
2009-12-09,14.727205276489258,21.079999923706055,21.3799991607666,20.899999618530273,21.3799991607666,2439200
2009-12-10,14.769124031066895,21.139999389648438,21.219999313354492,20.899999618530273,21.09000015258789,3450100
2009-12-11,14.811040878295898,21.200000762939453,21.209999084472656,20.969999313354492,21.079999923706055,1646600
2009-12-14,15.055560111999512,21.549999237060547,21.559999465942383,21.049999237060547,21.229999542236328,2518700
2009-12-15,14.901862144470215,21.329999923706055,21.559999465942383,21.280000686645508,21.350000381469727,3696900
2009-12-16,14.894881248474121,21.31999969482422,21.59000015258789,21.200000762939453,21.3799991607666,1966600
2009-12-17,14.797061920166016,21.18000030517578,21.399999618530273,21.110000610351562,21.110000610351562,2633700
2009-12-18,15.310209274291992,21.8700008392334,21.8700008392334,21.18000030517578,21.239999771118164,2537000
2009-12-21,15.492223739624023,22.1299991607666,22.139999389648438,21.760000228881836,21.90999984741211,2088000
2009-12-22,15.667243003845215,22.3799991607666,22.420000076293945,22.030000686645508,22.110000610351562,2597000
2009-12-23,15.646242141723633,22.350000381469727,22.579999923706055,22.329999923706055,22.329999923706055,4765800
2009-12-24,15.856256484985352,22.649999618530273,22.649999618530273,22.3700008392334,22.3700008392334,1444500
2009-12-28,15.793241500854492,22.559999465942383,22.719999313354492,22.5,22.719999313354492,1943000
2009-12-29,15.87025260925293,22.670000076293945,22.75,22.530000686645508,22.579999923706055,1068200
2009-12-30,15.688232421875,22.40999984741211,22.75,22.329999923706055,22.520000457763672,2714800
2009-12-31,15.576233863830566,22.25,22.6299991607666,22.25,22.520000457763672,2947400
2010-01-04,15.891253471374512,22.700000762939453,22.729999542236328,22.43000030517578,22.43000030517578,1486700
2010-01-05,15.527227401733398,22.18000030517578,22.690000534057617,22.010000228881836,22.690000534057617,7303800
2010-01-06,15.646242141723633,22.350000381469727,22.40999984741211,22.110000610351562,22.170000076293945,4409300
2010-01-07,16.199277877807617,23.139999389648438,23.149999618530273,22.209999084472656,22.290000915527344,5211600
2010-01-08,16.500307083129883,23.56999969482422,23.56999969482422,22.899999618530273,23.079999923706055,5020800
2010-01-11,16.24828338623047,23.209999084472656,23.600000381469727,23.110000610351562,23.600000381469727,3269400
2010-01-12,16.13627052307129,23.049999237060547,23.299999237060547,22.90999984741211,23.139999389648438,3720400
2010-01-13,16.283288955688477,23.260000228881836,23.469999313354492,22.790000915527344,23.1200008392334,4033400
2010-01-14,16.78032875061035,23.969999313354492,24.110000610351562,23.219999313354492,23.219999313354492,4932800
2010-01-15,16.577299118041992,23.68000030517578,24.040000915527344,23.350000381469727,23.950000762939453,3922100
2010-01-19,16.955337524414062,24.219999313354492,24.260000228881836,23.649999618530273,23.68000030517578,3961200
2010-01-20,16.927337646484375,24.18000030517578,24.350000381469727,23.299999237060547,23.969999313354492,8996800
2010-01-21,17.452373504638672,24.93000030517578,25.09000015258789,24.030000686645508,24.34000015258789,17665800
2010-01-22,17.04634666442871,24.350000381469727,25.079999923706055,24.170000076293945,24.899999618530273,9693100
2010-01-25,16.91333770751953,24.15999984741211,24.59000015258789,23.739999771118164,24.479999542236328,5581700
2010-01-26,16.892335891723633,24.1299991607666,24.68000030517578,23.8700008392334,24.1200008392334,4280500
2010-01-27,17.424367904663086,24.889999389648438,24.899999618530273,23.959999084472656,24.110000610351562,10003700
2010-01-28,17.200359344482422,24.56999969482422,25.219999313354492,24.280000686645508,25.1299991607666,7195000
2010-01-29,16.85033416748047,24.06999969482422,24.770000457763672,24.06999969482422,24.68000030517578,5528600
2010-02-01,16.80831527709961,24.010000228881836,24.3799991607666,23.829999923706055,24.239999771118164,3066800
2010-02-02,16.696319580078125,23.850000381469727,24.329999923706055,23.690000534057617,24.079999923706055,5692100
2010-02-03,16.367290496826172,23.3799991607666,23.84000015258789,23.139999389648438,23.790000915527344,9874800
2010-02-04,15.96826171875,22.809999465942383,23.18000030517578,22.520000457763672,23.18000030517578,14284700
2010-02-05,16.17827606201172,23.110000610351562,23.489999771118164,22.3799991607666,22.920000076293945,10155600
2010-02-08,15.996268272399902,22.850000381469727,23.209999084472656,22.690000534057617,22.940000534057617,4220200
2010-02-09,16.1502742767334,23.06999969482422,23.270000457763672,22.829999923706055,23.059999465942383,2924300
2010-02-10,16.33928871154785,23.34000015258789,23.3799991607666,22.84000015258789,22.989999771118164,2968700
2010-02-11,16.283288955688477,23.260000228881836,23.389999389648438,23.030000686645508,23.18000030517578,4271400
2010-02-12,16.33928871154785,23.34000015258789,23.34000015258789,23.0,23.010000228881836,3114400
2010-02-16,16.70332145690918,23.860000610351562,23.860000610351562,23.34000015258789,23.579999923706055,2153400
2010-02-17,16.605308532714844,23.719999313354492,23.940000534057617,23.5,23.84000015258789,3183700
2010-02-18,16.76631736755371,23.950000762939453,23.950000762939453,23.6200008392334,23.690000534057617,1492300
2010-02-19,16.829328536987305,24.040000915527344,24.09000015258789,23.790000915527344,23.850000381469727,3333000
2010-02-22,17.158357620239258,24.510000228881836,24.579999923706055,24.110000610351562,24.110000610351562,2835800
2010-02-23,17.025341033935547,24.31999969482422,24.540000915527344,24.170000076293945,24.5,3436200
2010-02-24,17.431371688842773,24.899999618530273,25.010000228881836,24.3700008392334,24.420000076293945,5035000
2010-02-25,17.326370239257812,24.75,24.799999237060547,24.469999313354492,24.649999618530273,2700400
2010-02-26,17.17235565185547,24.530000686645508,24.690000534057617,24.270000457763672,24.68000030517578,3814000
2010-03-01,17.06734275817871,24.3799991607666,24.649999618530273,24.3700008392334,24.530000686645508,2324000
2010-03-02,17.16535186767578,24.520000457763672,24.75,24.489999771118164,24.540000915527344,2926000
2010-03-03,17.13735008239746,24.479999542236328,24.709999084472656,24.360000610351562,24.59000015258789,1915200
2010-03-04,17.158357620239258,24.510000228881836,24.559999465942383,24.329999923706055,24.489999771118164,2904300
2010-03-05,17.620389938354492,25.170000076293945,25.200000762939453,24.530000686645508,24.75,4318900
2010-03-08,17.550386428833008,25.06999969482422,25.260000228881836,25.020000457763672,25.239999771118164,4136100
2010-03-09,17.550386428833008,25.06999969482422,25.229999542236328,24.860000610351562,24.989999771118164,2107400
2010-03-10,17.844406127929688,25.489999771118164,25.6200008392334,25.059999465942383,25.170000076293945,3859100
2010-03-11,18.082427978515625,25.829999923706055,25.84000015258789,25.389999389648438,25.469999313354492,4264600
2010-03-12,17.991422653198242,25.700000762939453,26.06999969482422,25.559999465942383,26.06999969482422,4154200
2010-03-15,18.005416870117188,25.719999313354492,25.790000915527344,25.469999313354492,25.6299991607666,2236400
2010-03-16,18.257442474365234,26.079999923706055,26.079999923706055,25.59000015258789,25.809999465942383,2333100
2010-03-17,18.558467864990234,26.510000228881836,26.559999465942383,26.09000015258789,26.139999389648438,5307900
2010-03-18,18.48845100402832,26.40999984741211,26.719999313354492,26.309999465942383,26.510000228881836,3111400
2010-03-19,18.55165672302246,26.420000076293945,26.459999084472656,26.0,26.420000076293945,1274900
2010-03-22,18.797420501708984,26.770000457763672,26.780000686645508,26.149999618530273,26.190000534057617,1465900
2010-03-23,18.825504302978516,26.809999465942383,26.860000610351562,26.399999618530273,26.780000686645508,2153400
2010-03-24,18.642942428588867,26.549999237060547,26.889999389648438,26.510000228881836,26.729999542236328,2246700
2010-03-25,18.685070037841797,26.610000610351562,27.31999969482422,26.600000381469727,26.780000686645508,4185200
2010-03-26,18.48845672607422,26.329999923706055,26.959999084472656,26.239999771118164,26.690000534057617,2094900
2010-03-29,18.40419578552246,26.209999084472656,26.530000686645508,25.979999542236328,26.530000686645508,2444100
2010-03-30,18.418249130249023,26.229999542236328,26.360000610351562,26.059999465942383,26.260000228881836,1683500
2010-03-31,18.411224365234375,26.219999313354492,26.530000686645508,26.06999969482422,26.100000381469727,3064700
2010-04-01,18.45334815979004,26.280000686645508,26.399999618530273,26.010000228881836,26.399999618530273,1730100
2010-04-05,18.671022415161133,26.59000015258789,26.610000610351562,26.200000762939453,26.450000762939453,1290500
2010-04-06,19.310007095336914,27.5,27.549999237060547,26.420000076293945,26.489999771118164,3897400
2010-04-07,19.099355697631836,27.200000762939453,27.639999389648438,27.040000915527344,27.530000686645508,4625700
2010-04-08,19.2468204498291,27.40999984741211,27.530000686645508,27.049999237060547,27.149999618530273,4201900
2010-04-09,19.338098526000977,27.540000915527344,27.700000762939453,27.31999969482422,27.56999969482422,2150000
2010-04-12,19.534713745117188,27.81999969482422,27.829999923706055,27.459999084472656,27.65999984741211,2538900
2010-04-13,19.295961380004883,27.479999542236328,27.780000686645508,27.260000228881836,27.729999542236328,3402200
2010-04-14,19.885799407958984,28.31999969482422,28.31999969482422,27.690000534057617,27.84000015258789,2877400
2010-04-15,19.94198226928711,28.399999618530273,28.649999618530273,28.309999465942383,28.360000610351562,2705000
2010-04-16,19.37320899963379,27.59000015258789,28.399999618530273,27.25,28.350000381469727,5849800
2010-04-19,19.47152328491211,27.729999542236328,27.950000762939453,27.15999984741211,27.459999084472656,3563800
2010-04-20,19.787500381469727,28.18000030517578,28.190000534057617,27.690000534057617,27.969999313354492,3227000
2010-04-21,20.194759368896484,28.760000228881836,28.829999923706055,28.049999237060547,28.200000762939453,9807600
2010-04-22,20.770549774169922,29.579999923706055,29.65999984741211,28.450000762939453,28.56999969482422,18784600
2010-04-23,20.85481834411621,29.700000762939453,29.75,29.280000686645508,29.579999923706055,5072800
2010-04-26,20.089441299438477,28.610000610351562,29.790000915527344,28.610000610351562,29.780000686645508,5506600
2010-04-27,19.661102294921875,28.0,28.889999389648438,27.950000762939453,28.469999313354492,6535100
2010-04-28,19.72429656982422,28.09000015258789,28.5,28.020000457763672,28.219999313354492,3912000
2010-04-29,20.20880699157715,28.780000686645508,28.8799991607666,27.969999313354492,28.219999313354492,4710300
2010-04-30,19.60492706298828,27.920000076293945,28.850000381469727,27.899999618530273,28.739999771118164,6095100
2010-05-03,19.640039443969727,27.969999313354492,28.559999465942383,27.719999313354492,28.209999084472656,4511000
2010-05-04,18.92381477355957,26.950000762939453,27.709999084472656,26.81999969482422,27.700000762939453,13754400
2010-05-05,19.05019760131836,27.1299991607666,27.309999465942383,26.3700008392334,26.510000228881836,5434000
2010-05-06,18.35504913330078,26.139999389648438,29.5,22.110000610351562,26.950000762939453,6841000
2010-05-07,18.010971069335938,25.649999618530273,26.56999969482422,25.329999923706055,26.399999618530273,7975400
2010-05-10,19.02914047241211,27.100000381469727,27.190000534057617,26.5,26.770000457763672,6468100
2010-05-11,19.324050903320312,27.520000457763672,28.030000686645508,26.530000686645508,26.780000686645508,4739300
2010-05-12,19.8787841796875,28.309999465942383,28.309999465942383,27.559999465942383,27.950000762939453,2951000
2010-05-13,19.668127059936523,28.010000228881836,28.43000030517578,27.860000610351562,28.299999237060547,2029100
2010-05-14,19.18362045288086,27.31999969482422,27.8700008392334,26.950000762939453,27.760000228881836,4168600
2010-05-17,19.218727111816406,27.3700008392334,27.75,26.729999542236328,27.299999237060547,3409700
2010-05-18,18.671022415161133,26.59000015258789,27.729999542236328,26.350000381469727,27.59000015258789,5257800
2010-05-19,18.516550064086914,26.3700008392334,27.110000610351562,26.0,26.280000686645508,4263300
2010-05-20,17.435182571411133,24.829999923706055,25.8700008392334,24.790000915527344,25.84000015258789,4662100
2010-05-21,17.758188247680664,25.290000915527344,25.559999465942383,24.219999313354492,24.239999771118164,5200700
2010-05-24,17.343904495239258,24.700000762939453,25.469999313354492,24.59000015258789,25.469999313354492,2521000
2010-05-25,17.364971160888672,24.729999542236328,24.81999969482422,23.760000228881836,24.1299991607666,3391400
2010-05-26,17.442211151123047,24.84000015258789,25.260000228881836,24.709999084472656,25.170000076293945,2579800
2010-05-27,18.03203773498535,25.68000030517578,25.760000228881836,25.049999237060547,25.399999618530273,2212700
2010-05-28,17.702011108398438,25.209999084472656,25.639999389648438,25.040000915527344,25.6299991607666,2081400
2010-06-01,17.231550216674805,24.540000915527344,25.219999313354492,24.469999313354492,25.0,2303200
2010-06-02,17.786279678344727,25.329999923706055,25.329999923706055,24.469999313354492,24.540000915527344,1985500
2010-06-03,17.80032730102539,25.350000381469727,25.489999771118164,25.010000228881836,25.489999771118164,1172400
2010-06-04,16.718957901000977,23.809999465942383,24.799999237060547,23.760000228881836,24.790000915527344,5536900
2010-06-07,16.585548400878906,23.6200008392334,24.170000076293945,23.6200008392334,23.81999969482422,4495500
2010-06-08,16.57851791381836,23.610000610351562,23.84000015258789,23.049999237060547,23.670000076293945,4579100
2010-06-09,16.431062698364258,23.399999618530273,23.889999389648438,23.299999237060547,23.790000915527344,4947200
2010-06-10,16.943660736083984,24.1299991607666,24.149999618530273,23.540000915527344,23.75,2008200
2010-06-11,17.1121826171875,24.3700008392334,24.389999389648438,23.829999923706055,23.889999389648438,1712800
2010-06-14,17.07004737854004,24.309999465942383,24.81999969482422,24.260000228881836,24.469999313354492,1265400
2010-06-15,17.442211151123047,24.84000015258789,24.920000076293945,23.790000915527344,24.56999969482422,2238600
2010-06-16,17.470298767089844,24.8799991607666,25.149999618530273,24.6200008392334,24.6200008392334,1897400
2010-06-17,17.491361618041992,24.90999984741211,25.09000015258789,24.639999389648438,24.950000762939453,2577000
2010-06-18,17.535768508911133,24.8799991607666,25.040000915527344,24.5,24.850000381469727,2452500
2010-06-21,17.507566452026367,24.84000015258789,25.190000534057617,24.639999389648438,25.010000228881836,1695600
2010-06-22,17.239742279052734,24.459999084472656,25.139999389648438,24.389999389648438,24.81999969482422,1280500
2010-06-23,17.007156372070312,24.1299991607666,24.6200008392334,24.0,24.3799991607666,1565900
2010-06-24,16.760469436645508,23.780000686645508,24.25,23.68000030517578,24.170000076293945,2130100
2010-06-25,17.176307678222656,24.3700008392334,24.389999389648438,23.75,24.059999465942383,2426000
2010-06-28,17.105831146240234,24.270000457763672,24.459999084472656,24.100000381469727,24.3700008392334,1232600
2010-06-29,16.52083396911621,23.440000534057617,23.969999313354492,23.270000457763672,23.84000015258789,2968000
2010-06-30,16.274147033691406,23.09000015258789,23.84000015258789,23.020000457763672,23.3799991607666,1346800
2010-07-01,16.027463912963867,22.739999771118164,23.299999237060547,22.190000534057617,23.020000457763672,4864900
2010-07-02,15.85830307006836,22.5,22.989999771118164,22.299999237060547,22.81999969482422,1605600
2010-07-06,15.823063850402832,22.450000762939453,23.15999984741211,22.280000686645508,22.770000457763672,1445000
2010-07-07,16.53493309020996,23.459999084472656,23.459999084472656,22.510000228881836,22.510000228881836,2001500
2010-07-08,16.73932647705078,23.75,23.84000015258789,23.399999618530273,23.56999969482422,1872700
2010-07-09,17.105831146240234,24.270000457763672,24.299999237060547,23.670000076293945,23.670000076293945,1921500
2010-07-12,16.98600959777832,24.100000381469727,24.420000076293945,23.8799991607666,24.1299991607666,1037800
2010-07-13,17.704919815063477,25.1200008392334,25.190000534057617,24.399999618530273,24.510000228881836,3772500
2010-07-14,17.38775062561035,24.670000076293945,25.06999969482422,24.40999984741211,25.06999969482422,1605000
2010-07-15,17.197452545166016,24.399999618530273,24.799999237060547,23.950000762939453,24.799999237060547,1961300
2010-07-16,16.450349807739258,23.34000015258789,24.329999923706055,23.200000762939453,24.329999923706055,3444000
2010-07-19,16.28119659423828,23.100000381469727,23.5,22.860000610351562,23.450000762939453,3363400
2010-07-20,16.408058166503906,23.280000686645508,23.280000686645508,22.6200008392334,22.8799991607666,4931300
2010-07-21,15.653909683227539,22.209999084472656,23.59000015258789,22.209999084472656,23.510000228881836,4095000
2010-07-22,16.28119659423828,23.100000381469727,23.190000534057617,22.549999237060547,22.639999389648438,2700700
2010-07-23,16.50673484802246,23.420000076293945,23.510000228881836,22.799999237060547,23.040000915527344,3534000
2010-07-26,16.957815170288086,24.059999465942383,24.06999969482422,23.290000915527344,23.440000534057617,3115100
2010-07-27,17.119924545288086,24.290000915527344,24.610000610351562,24.219999313354492,24.3700008392334,2710400
2010-07-28,16.873241424560547,23.940000534057617,24.450000762939453,23.860000610351562,24.15999984741211,1540600
2010-07-29,16.830949783325195,23.8799991607666,24.34000015258789,23.579999923706055,24.34000015258789,3437700
2010-07-30,16.753421783447266,23.770000457763672,24.1200008392334,23.520000457763672,23.579999923706055,2857700
2010-08-02,17.084686279296875,24.239999771118164,24.329999923706055,23.979999542236328,24.170000076293945,2013500
2010-08-03,16.993057250976562,24.110000610351562,24.540000915527344,23.940000534057617,24.239999771118164,1875500
2010-08-04,17.028291702270508,24.15999984741211,24.43000030517578,24.06999969482422,24.360000610351562,3595900
2010-08-05,16.873241424560547,23.940000534057617,24.040000915527344,23.790000915527344,23.940000534057617,3624300
2010-08-06,16.661802291870117,23.639999389648438,23.770000457763672,23.200000762939453,23.719999313354492,3412100
2010-08-09,16.950763702392578,24.049999237060547,24.06999969482422,23.540000915527344,23.729999542236328,2168100
2010-08-10,16.619510650634766,23.579999923706055,23.889999389648438,23.40999984741211,23.809999465942383,3557700
2010-08-11,15.879449844360352,22.530000686645508,23.190000534057617,22.469999313354492,23.190000534057617,7610300
2010-08-12,15.61162281036377,22.149999618530273,22.389999389648438,22.040000915527344,22.31999969482422,4783500
2010-08-13,15.470659255981445,21.950000762939453,22.229999542236328,21.90999984741211,22.079999923706055,2706600
2010-08-16,15.569339752197266,22.09000015258789,22.200000762939453,21.81999969482422,21.829999923706055,2573900
2010-08-17,15.787824630737305,22.399999618530273,22.56999969482422,22.1200008392334,22.3799991607666,3478100
2010-08-18,15.830111503601074,22.459999084472656,22.600000381469727,22.1299991607666,22.440000534057617,2446500
2010-08-19,15.442466735839844,21.90999984741211,22.459999084472656,21.760000228881836,22.290000915527344,3802000
2010-08-20,15.357890129089355,21.790000915527344,21.850000381469727,21.270000457763672,21.799999237060547,6546400
2010-08-23,15.104157447814941,21.43000030517578,22.1200008392334,21.43000030517578,21.899999618530273,2223500
2010-08-24,15.026629447937012,21.31999969482422,21.479999542236328,20.850000381469727,21.25,5350800
2010-08-25,15.061873435974121,21.3700008392334,21.43000030517578,20.850000381469727,21.149999618530273,2551100
2010-08-26,14.94909954071045,21.209999084472656,21.709999084472656,21.139999389648438,21.5,3081500
2010-08-27,15.301497459411621,21.709999084472656,21.739999771118164,21.049999237060547,21.399999618530273,2985300
2010-08-30,14.758794784545898,20.940000534057617,21.700000762939453,20.920000076293945,21.700000762939453,1458500
2010-08-31,14.885661125183105,21.1200008392334,21.360000610351562,20.799999237060547,20.8700008392334,1912900
2010-09-01,15.498852729797363,21.989999771118164,22.0,21.31999969482422,21.469999313354492,5943400
2010-09-02,15.576375007629395,22.100000381469727,22.1299991607666,21.809999465942383,21.90999984741211,1928600
2010-09-03,15.844216346740723,22.479999542236328,22.549999237060547,22.239999771118164,22.43000030517578,2288500
2010-09-07,15.463610649108887,21.940000534057617,22.40999984741211,21.889999389648438,22.299999237060547,1196400
2010-09-08,15.618678092956543,22.15999984741211,22.389999389648438,21.850000381469727,21.860000610351562,1763300
2010-09-09,15.724396705627441,22.309999465942383,22.65999984741211,22.110000610351562,22.3799991607666,1254400
2010-09-10,15.766677856445312,22.3700008392334,22.579999923706055,22.329999923706055,22.399999618530273,644700
2010-09-13,16.26004981994629,23.06999969482422,23.149999618530273,22.65999984741211,22.65999984741211,2507400
2010-09-14,15.964029312133789,22.649999618530273,23.079999923706055,22.510000228881836,23.079999923706055,2221900
2010-09-15,15.992226600646973,22.690000534057617,22.739999771118164,22.290000915527344,22.440000534057617,1082800
2010-09-16,15.808965682983398,22.43000030517578,22.68000030517578,22.239999771118164,22.68000030517578,1193000
2010-09-17,15.848605155944824,22.389999389648438,22.540000915527344,22.079999923706055,22.459999084472656,1210900
2010-09-20,16.2945499420166,23.020000457763672,23.09000015258789,22.25,22.389999389648438,2015800
2010-09-21,16.160049438476562,22.829999923706055,23.309999465942383,22.809999465942383,23.030000686645508,1989100
2010-09-22,15.707030296325684,22.190000534057617,22.770000457763672,22.09000015258789,22.739999771118164,3229600
2010-09-23,15.600865364074707,22.040000915527344,22.65999984741211,21.950000762939453,22.020000457763672,3064800
2010-09-24,16.131744384765625,22.790000915527344,22.790000915527344,22.200000762939453,22.280000686645508,1663100
2010-09-27,15.940629005432129,22.520000457763672,22.809999465942383,22.479999542236328,22.780000686645508,1827500
2010-09-28,16.138824462890625,22.799999237060547,22.84000015258789,22.190000534057617,22.559999465942383,4532600
2010-09-29,16.15298080444336,22.81999969482422,22.950000762939453,22.56999969482422,22.639999389648438,1128800
2010-09-30,16.21668815612793,22.90999984741211,23.34000015258789,22.8700008392334,22.940000534057617,2236300
2010-10-01,16.174213409423828,22.850000381469727,23.190000534057617,22.700000762939453,23.110000610351562,1338600
2010-10-04,16.05388832092285,22.68000030517578,22.90999984741211,22.459999084472656,22.719999313354492,2195500
2010-10-05,16.492753982543945,23.299999237060547,23.329999923706055,22.6200008392334,22.860000610351562,2563200
2010-10-06,16.506898880004883,23.31999969482422,23.5,23.18000030517578,23.25,2020100
2010-10-07,16.471515655517578,23.270000457763672,23.540000915527344,23.09000015258789,23.420000076293945,1741000
2010-10-08,16.535213470458984,23.360000610351562,23.440000534057617,23.049999237060547,23.280000686645508,2409000
2010-10-11,16.436119079589844,23.219999313354492,23.3700008392334,23.139999389648438,23.3700008392334,1475900
2010-10-12,16.492753982543945,23.299999237060547,23.3799991607666,22.899999618530273,23.030000686645508,2109600
2010-10-13,16.7900390625,23.719999313354492,24.010000228881836,23.15999984741211,23.420000076293945,5306900
2010-10-14,16.577688217163086,23.420000076293945,23.75,23.200000762939453,23.610000610351562,8138500
2010-10-15,16.32994270324707,23.06999969482422,23.700000762939453,23.030000686645508,23.530000686645508,4169300
2010-10-18,16.648479461669922,23.520000457763672,23.639999389648438,22.959999084472656,23.09000015258789,2106900
2010-10-19,16.570608139038086,23.40999984741211,23.8799991607666,23.229999542236328,23.309999465942383,3100300
2010-10-20,16.414880752563477,23.190000534057617,23.479999542236328,23.040000915527344,23.459999084472656,4081400
2010-10-21,16.379493713378906,23.139999389648438,23.600000381469727,22.93000030517578,23.329999923706055,1653200
2010-10-22,16.407808303833008,23.18000030517578,23.239999771118164,22.90999984741211,23.1299991607666,1935900
2010-10-25,16.138824462890625,22.799999237060547,23.31999969482422,22.75,23.299999237060547,2853700
2010-10-26,16.202529907226562,22.889999389648438,23.0,22.649999618530273,22.719999313354492,2652500
2010-10-27,16.237924575805664,22.940000534057617,23.100000381469727,22.6299991607666,22.6299991607666,2830200
2010-10-28,16.039724349975586,22.65999984741211,23.100000381469727,22.559999465942383,23.049999237060547,3562600
2010-10-29,16.046804428100586,22.670000076293945,22.729999542236328,22.510000228881836,22.639999389648438,1376300
2010-11-01,15.572548866271973,22.0,22.690000534057617,21.760000228881836,22.690000534057617,6050000
2010-11-02,15.791976928710938,22.309999465942383,22.459999084472656,22.09000015258789,22.15999984741211,3294700
2010-11-03,16.145902633666992,22.809999465942383,22.829999923706055,22.3700008392334,22.3799991607666,4655000
2010-11-04,16.70509910583496,23.600000381469727,23.68000030517578,23.040000915527344,23.059999465942383,4899100
2010-11-05,16.981157302856445,23.989999771118164,24.530000686645508,23.559999465942383,23.6200008392334,5099200
2010-11-08,16.846668243408203,23.799999237060547,23.969999313354492,23.549999237060547,23.950000762939453,1243300
2010-11-09,16.627241134643555,23.489999771118164,23.920000076293945,23.389999389648438,23.829999923706055,2759100
2010-11-10,16.988237380981445,24.0,24.020000457763672,23.450000762939453,23.450000762939453,2486900
2010-11-11,16.903297424316406,23.8799991607666,23.950000762939453,23.56999969482422,23.670000076293945,3225200
2010-11-12,16.521060943603516,23.34000015258789,23.700000762939453,23.329999923706055,23.700000762939453,1392400
2010-11-15,16.64139175415039,23.510000228881836,23.809999465942383,23.469999313354492,23.56999969482422,2534100
2010-11-16,16.414880752563477,23.190000534057617,23.450000762939453,22.969999313354492,23.3700008392334,2502700
2010-11-17,16.160049438476562,22.829999923706055,23.200000762939453,22.790000915527344,23.15999984741211,1461000
2010-11-18,16.36533546447754,23.1200008392334,23.290000915527344,23.020000457763672,23.06999969482422,1404600
2010-11-19,16.2945499420166,23.020000457763672,23.1200008392334,22.84000015258789,23.079999923706055,1364900
2010-11-22,16.195451736450195,22.8799991607666,22.950000762939453,22.579999923706055,22.93000030517578,1915800
2010-11-23,16.089275360107422,22.729999542236328,22.8799991607666,22.579999923706055,22.6200008392334,2031100
2010-11-24,16.322866439819336,23.059999465942383,23.09000015258789,22.790000915527344,22.860000610351562,1472200
2010-11-26,15.997258186340332,22.600000381469727,23.059999465942383,22.559999465942383,22.850000381469727,1973800
2010-11-29,16.160049438476562,22.829999923706055,22.90999984741211,22.540000915527344,22.549999237060547,1182600
2010-11-30,15.940629005432129,22.520000457763672,22.719999313354492,22.399999618530273,22.639999389648438,3072300
2010-12-01,16.478595733642578,23.280000686645508,23.280000686645508,22.8799991607666,22.90999984741211,4793200
2010-12-02,16.811275482177734,23.75,23.799999237060547,23.280000686645508,23.299999237060547,2096500
2010-12-03,16.967002868652344,23.969999313354492,24.020000457763672,23.389999389648438,23.649999618530273,1053100
2010-12-06,17.11565399169922,24.18000030517578,24.280000686645508,23.790000915527344,23.8700008392334,1708400
2010-12-07,17.108572006225586,24.170000076293945,24.420000076293945,24.170000076293945,24.389999389648438,2929700
2010-12-08,17.462488174438477,24.670000076293945,24.719999313354492,24.170000076293945,24.170000076293945,4552100
2010-12-09,17.632369995117188,24.90999984741211,25.020000457763672,24.670000076293945,24.700000762939453,2988200
2010-12-10,17.9013614654541,25.290000915527344,25.299999237060547,24.90999984741211,24.959999084472656,2229400
2010-12-13,17.77394676208496,25.110000610351562,25.43000030517578,24.979999542236328,25.40999984741211,2795800
2010-12-14,17.823490142822266,25.18000030517578,25.530000686645508,25.100000381469727,25.110000610351562,3628300
2010-12-15,17.717317581176758,25.030000686645508,25.59000015258789,24.969999313354492,25.15999984741211,1646200
2010-12-16,17.802249908447266,25.149999618530273,25.489999771118164,25.030000686645508,25.06999969482422,2970600
2010-12-17,17.891077041625977,25.18000030517578,25.3799991607666,25.06999969482422,25.280000686645508,2078400
2010-12-20,17.962127685546875,25.280000686645508,25.469999313354492,25.190000534057617,25.280000686645508,1334300
2010-12-21,18.37422752380371,25.860000610351562,25.969999313354492,25.350000381469727,25.350000381469727,4465100
2010-12-22,19.098966598510742,26.8799991607666,27.020000457763672,26.0,26.0,8606300
2010-12-23,18.83606719970703,26.510000228881836,26.899999618530273,26.450000762939453,26.8700008392334,2786800
2010-12-27,18.9710750579834,26.700000762939453,26.700000762939453,26.270000457763672,26.459999084472656,974100
2010-12-28,19.056333541870117,26.81999969482422,26.8799991607666,26.6200008392334,26.729999542236328,1378700
2010-12-29,19.02081871032715,26.770000457763672,26.8799991607666,26.729999542236328,26.8799991607666,1052400
2010-12-30,19.006603240966797,26.75,26.829999923706055,26.610000610351562,26.770000457763672,1265700
2010-12-31,18.793447494506836,26.450000762939453,26.760000228881836,26.399999618530273,26.729999542236328,1553600
2011-01-03,19.16291618347168,26.969999313354492,27.200000762939453,26.690000534057617,26.81999969482422,4647500
2011-01-04,18.814748764038086,26.479999542236328,27.09000015258789,26.09000015258789,27.030000686645508,4345600
2011-01-05,19.120283126831055,26.90999984741211,26.90999984741211,26.389999389648438,26.399999618530273,2900300
2011-01-06,18.857393264770508,26.540000915527344,26.90999984741211,26.530000686645508,26.90999984741211,3046600
2011-01-07,18.310279846191406,25.770000457763672,26.790000915527344,25.75,26.59000015258789,9894500
2011-01-10,18.52344512939453,26.06999969482422,26.170000076293945,25.40999984741211,25.68000030517578,2568700
2011-01-11,18.608707427978516,26.190000534057617,26.3799991607666,25.979999542236328,26.200000762939453,2205600
2011-01-12,18.750810623168945,26.389999389648438,26.549999237060547,26.270000457763672,26.40999984741211,1502800
2011-01-13,18.587383270263672,26.15999984741211,26.43000030517578,26.079999923706055,26.43000030517578,2273400
2011-01-14,19.319231033325195,27.190000534057617,27.299999237060547,26.149999618530273,26.15999984741211,8076900
2011-01-18,19.56081199645996,27.530000686645508,27.540000915527344,27.100000381469727,27.200000762939453,4279900
2011-01-19,19.063447952270508,26.829999923706055,27.520000457763672,26.790000915527344,27.469999313354492,4192000
2011-01-20,18.93555450439453,26.649999618530273,27.0,26.479999542236328,26.700000762939453,3660800
2011-01-21,18.978174209594727,26.709999084472656,26.8799991607666,26.6200008392334,26.770000457763672,2793400
2011-01-24,18.850282669067383,26.530000686645508,26.75,26.489999771118164,26.75,1458700
2011-01-25,18.94264793395996,26.65999984741211,26.68000030517578,26.34000015258789,26.43000030517578,1685700
2011-01-26,18.814748764038086,26.479999542236328,26.809999465942383,26.309999465942383,26.709999084472656,1989500
2011-01-27,18.94264793395996,26.65999984741211,26.760000228881836,26.299999237060547,26.530000686645508,1695300
2011-01-28,18.622915267944336,26.209999084472656,26.90999984741211,26.209999084472656,26.719999313354492,2572500
2011-01-31,18.566064834594727,26.1299991607666,26.420000076293945,26.030000686645508,26.219999313354492,2701400
2011-02-01,18.892911911010742,26.59000015258789,26.690000534057617,26.149999618530273,26.260000228881836,1794900
2011-02-02,18.722389221191406,26.350000381469727,26.649999618530273,26.329999923706055,26.479999542236328,2877400
2011-02-03,18.786331176757812,26.440000534057617,26.489999771118164,26.079999923706055,26.31999969482422,2314100
2011-02-04,18.857393264770508,26.540000915527344,26.56999969482422,26.299999237060547,26.450000762939453,1699700
2011-02-07,19.056333541870117,26.81999969482422,27.040000915527344,26.530000686645508,26.600000381469727,1638500
2011-02-08,19.049226760864258,26.809999465942383,26.8700008392334,26.68000030517578,26.81999969482422,2628900
2011-02-09,18.956863403320312,26.68000030517578,26.93000030517578,26.489999771118164,26.719999313354492,1425800
2011-02-10,18.871599197387695,26.559999465942383,26.709999084472656,26.440000534057617,26.5,1434400
2011-02-11,19.297916412353516,27.15999984741211,27.219999313354492,26.399999618530273,26.479999542236328,3624500
2011-02-14,19.30501937866211,27.170000076293945,27.219999313354492,26.979999542236328,27.139999389648438,1440900
2011-02-15,19.120283126831055,26.90999984741211,27.219999313354492,26.850000381469727,27.030000686645508,3340300
2011-02-16,19.297916412353516,27.15999984741211,27.229999542236328,26.959999084472656,27.0,1646300
2011-02-17,19.262392044067383,27.110000610351562,27.190000534057617,26.959999084472656,27.170000076293945,1312100
2011-02-18,19.397388458251953,27.299999237060547,27.31999969482422,27.1200008392334,27.149999618530273,1195800
2011-02-22,18.928447723388672,26.639999389648438,27.18000030517578,26.579999923706055,27.1200008392334,3066100
2011-02-23,18.72948455810547,26.360000610351562,26.860000610351562,26.239999771118164,26.790000915527344,2992100
2011-02-24,18.551870346069336,26.110000610351562,26.5,25.829999923706055,26.43000030517578,5131900
2011-02-25,18.963970184326172,26.690000534057617,26.709999084472656,26.170000076293945,26.270000457763672,2631700
2011-02-28,18.9710750579834,26.700000762939453,27.030000686645508,26.600000381469727,26.799999237060547,1486400
2011-03-01,18.6939697265625,26.309999465942383,26.700000762939453,26.260000228881836,26.700000762939453,3366700
2011-03-02,18.55896759033203,26.1200008392334,26.3700008392334,25.979999542236328,26.31999969482422,2470700
2011-03-03,18.9710750579834,26.700000762939453,26.809999465942383,26.40999984741211,26.420000076293945,1717200
2011-03-04,18.800556182861328,26.459999084472656,26.760000228881836,26.219999313354492,26.649999618530273,2429400
2011-03-07,18.66554832458496,26.270000457763672,26.790000915527344,26.100000381469727,26.5,2384300
2011-03-08,19.16291618347168,26.969999313354492,27.09000015258789,26.280000686645508,26.280000686645508,2032200
2011-03-09,19.106069564819336,26.889999389648438,27.139999389648438,26.790000915527344,26.969999313354492,1128300
2011-03-10,18.644229888916016,26.239999771118164,26.6200008392334,26.170000076293945,26.6200008392334,2876400
2011-03-11,18.594499588012695,26.170000076293945,26.31999969482422,26.0,26.110000610351562,1775400
2011-03-14,18.43817901611328,25.950000762939453,26.079999923706055,25.719999313354492,26.020000457763672,2754300
2011-03-15,18.310279846191406,25.770000457763672,25.899999618530273,25.299999237060547,25.399999618530273,4018200
2011-03-16,18.132658004760742,25.520000457763672,25.790000915527344,25.3799991607666,25.780000686645508,3420700
2011-03-17,18.196598052978516,25.610000610351562,25.829999923706055,25.450000762939453,25.81999969482422,1546800
2011-03-18,18.436769485473633,25.8700008392334,25.979999542236328,25.670000076293945,25.799999237060547,2835800
2011-03-21,18.714710235595703,26.260000228881836,26.299999237060547,26.010000228881836,26.09000015258789,1609400
2011-03-22,18.57930564880371,26.06999969482422,26.389999389648438,26.06999969482422,26.25,1088500
2011-03-23,18.372631072998047,25.780000686645508,26.040000915527344,25.489999771118164,26.0,2698700
2011-03-24,18.344120025634766,25.739999771118164,25.8799991607666,25.549999237060547,25.8799991607666,1136400
2011-03-25,18.422515869140625,25.850000381469727,26.25,25.75,25.780000686645508,3538500
2011-03-28,18.45102310180664,25.889999389648438,26.010000228881836,25.829999923706055,25.899999618530273,1279700
2011-03-29,18.572172164916992,26.059999465942383,26.260000228881836,25.8799991607666,25.8799991607666,1579800
2011-03-30,18.85012435913086,26.450000762939453,26.520000457763672,26.09000015258789,26.170000076293945,1252500
2011-03-31,18.978391647338867,26.6299991607666,26.65999984741211,26.34000015258789,26.3799991607666,1202500
2011-04-01,19.185070037841797,26.920000076293945,27.020000457763672,26.770000457763672,26.770000457763672,1330400
2011-04-04,19.263463973999023,27.030000686645508,27.09000015258789,26.920000076293945,26.920000076293945,548400
2011-04-05,19.113801956176758,26.81999969482422,27.06999969482422,26.799999237060547,26.969999313354492,1616500
2011-04-06,19.498647689819336,27.360000610351562,27.360000610351562,26.920000076293945,26.950000762939453,1718600
2011-04-07,19.398874282836914,27.219999313354492,27.450000762939453,27.110000610351562,27.329999923706055,1295300
2011-04-08,19.0710391998291,26.760000228881836,27.329999923706055,26.739999771118164,27.270000457763672,1373500
2011-04-11,19.035409927368164,26.709999084472656,26.899999618530273,26.65999984741211,26.860000610351562,1188800
2011-04-12,18.928512573242188,26.559999465942383,26.75,26.549999237060547,26.610000610351562,991200
2011-04-13,18.664827346801758,26.190000534057617,26.850000381469727,26.1200008392334,26.760000228881836,1052000
2011-04-14,18.72182846069336,26.270000457763672,26.290000915527344,25.940000534057617,26.1200008392334,1804200
2011-04-15,18.857242584228516,26.459999084472656,26.489999771118164,26.15999984741211,26.309999465942383,904800
2011-04-18,18.57930564880371,26.06999969482422,26.3700008392334,26.0,26.139999389648438,2001100
2011-04-19,18.394006729125977,25.809999465942383,26.299999237060547,25.809999465942383,26.260000228881836,1121100
2011-04-20,18.45102310180664,25.889999389648438,26.219999313354492,25.770000457763672,26.100000381469727,1333100
2011-04-21,18.54366683959961,26.020000457763672,26.100000381469727,25.729999542236328,26.040000915527344,4025900
2011-04-25,18.629194259643555,26.139999389648438,26.350000381469727,25.979999542236328,26.0,2506900
2011-04-26,18.87862777709961,26.489999771118164,26.59000015258789,26.15999984741211,26.15999984741211,2000000
2011-04-27,19.085298538208008,26.780000686645508,26.809999465942383,26.469999313354492,26.540000915527344,1794500
2011-04-28,19.17082405090332,26.899999618530273,26.920000076293945,26.709999084472656,26.729999542236328,858900
2011-04-29,19.056793212890625,26.739999771118164,26.920000076293945,26.670000076293945,26.850000381469727,1372500
2011-05-02,18.87862777709961,26.489999771118164,26.829999923706055,26.489999771118164,26.75,2272500
2011-05-03,18.957015991210938,26.600000381469727,26.719999313354492,26.350000381469727,26.549999237060547,2402900
2011-05-04,18.821609497070312,26.40999984741211,26.6200008392334,26.290000915527344,26.6200008392334,3426200
2011-05-05,18.664827346801758,26.190000534057617,26.469999313354492,26.059999465942383,26.290000915527344,1543800
2011-05-06,18.522287368774414,25.989999771118164,26.5,25.989999771118164,26.489999771118164,2908200
2011-05-09,18.529417037963867,26.0,26.06999969482422,25.790000915527344,26.0,968300
2011-05-10,18.800233840942383,26.3799991607666,26.3799991607666,26.059999465942383,26.059999465942383,1049400
2011-05-11,18.57930564880371,26.06999969482422,26.309999465942383,26.020000457763672,26.229999542236328,1521500
2011-05-12,18.714710235595703,26.260000228881836,26.280000686645508,25.799999237060547,25.969999313354492,1538600
2011-05-13,18.308488845825195,25.690000534057617,26.280000686645508,25.690000534057617,26.239999771118164,1760000
2011-05-16,18.251474380493164,25.610000610351562,25.84000015258789,25.56999969482422,25.65999984741211,2675700
2011-05-17,18.458145141601562,25.899999618530273,25.950000762939453,25.440000534057617,25.510000228881836,1938000
2011-05-18,18.529417037963867,26.0,26.0,25.75,25.899999618530273,906600
2011-05-19,18.57930564880371,26.06999969482422,26.1299991607666,25.84000015258789,26.059999465942383,1308100
2011-05-20,18.336992263793945,25.729999542236328,26.139999389648438,25.729999542236328,25.989999771118164,1967200
2011-05-23,18.03767204284668,25.309999465942383,25.6299991607666,25.309999465942383,25.489999771118164,2228600
2011-05-24,18.009170532226562,25.270000457763672,25.450000762939453,25.1200008392334,25.43000030517578,2896100
2011-05-25,17.994916915893555,25.25,25.34000015258789,25.100000381469727,25.190000534057617,1182700
2011-05-26,18.0804386138916,25.3700008392334,25.399999618530273,25.100000381469727,25.190000534057617,999600
2011-05-27,18.194461822509766,25.530000686645508,25.65999984741211,25.420000076293945,25.420000076293945,2164300
2011-05-31,18.45102310180664,25.889999389648438,25.889999389648438,25.59000015258789,25.75,2394700
2011-06-01,17.773988723754883,24.940000534057617,25.850000381469727,24.940000534057617,25.809999465942383,2214500
2011-06-02,17.80962562561035,24.989999771118164,25.139999389648438,24.829999923706055,25.010000228881836,1875100
2011-06-03,17.531679153442383,24.600000381469727,24.93000030517578,24.600000381469727,24.739999771118164,3874100
2011-06-06,17.446155548095703,24.479999542236328,24.639999389648438,24.299999237060547,24.579999923706055,5231000
2011-06-07,17.467531204223633,24.510000228881836,24.780000686645508,24.510000228881836,24.68000030517578,1747700
2011-06-08,17.36776351928711,24.3700008392334,24.649999618530273,24.350000381469727,24.479999542236328,3686500
2011-06-09,17.374895095825195,24.3799991607666,24.5,24.25,24.459999084472656,1755400
2011-06-10,17.203847885131836,24.139999389648438,24.389999389648438,23.829999923706055,24.299999237060547,2811100
2011-06-13,17.289371490478516,24.260000228881836,24.389999389648438,24.0,24.149999618530273,1437100
2011-06-14,17.595823287963867,24.690000534057617,24.850000381469727,24.420000076293945,24.420000076293945,1979600
2011-06-15,17.346385955810547,24.34000015258789,24.56999969482422,24.209999084472656,24.479999542236328,2371700
2011-06-16,17.595823287963867,24.690000534057617,24.729999542236328,24.25,24.3700008392334,2162600
2011-06-17,17.894901275634766,25.010000228881836,25.209999084472656,24.709999084472656,24.719999313354492,5941000
2011-06-20,17.944990158081055,25.079999923706055,25.280000686645508,24.81999969482422,24.90999984741211,2553200
2011-06-21,18.080930709838867,25.270000457763672,25.299999237060547,25.030000686645508,25.18000030517578,3172600
2011-06-22,17.916372299194336,25.040000915527344,25.350000381469727,25.010000228881836,25.18000030517578,2654300
2011-06-23,17.651628494262695,24.670000076293945,24.780000686645508,24.270000457763672,24.729999542236328,2814000
2011-06-24,17.59438705444336,24.59000015258789,24.850000381469727,24.5,24.739999771118164,1901300
2011-06-27,17.801889419555664,24.8799991607666,25.110000610351562,24.56999969482422,24.56999969482422,1859700
2011-06-28,17.894901275634766,25.010000228881836,25.040000915527344,24.729999542236328,25.0,2040600
2011-06-29,18.09524917602539,25.290000915527344,25.31999969482422,24.90999984741211,25.110000610351562,1995400
2011-06-30,18.20973014831543,25.450000762939453,25.549999237060547,25.209999084472656,25.309999465942383,1130800
2011-07-01,18.503080368041992,25.860000610351562,25.950000762939453,25.420000076293945,25.420000076293945,1989000
2011-07-05,18.331361770629883,25.6200008392334,25.850000381469727,25.420000076293945,25.850000381469727,1133200
2011-07-06,18.424381256103516,25.75,25.75,25.469999313354492,25.549999237060547,2051800
2011-07-07,18.70343017578125,26.139999389648438,26.260000228881836,25.860000610351562,25.940000534057617,1400100
2011-07-08,18.402912139892578,25.719999313354492,25.93000030517578,25.639999389648438,25.799999237060547,1588500
2011-07-11,17.973608016967773,25.1200008392334,25.549999237060547,25.09000015258789,25.530000686645508,1923500
2011-07-12,18.166791915893555,25.389999389648438,25.670000076293945,25.06999969482422,25.06999969482422,1479400
2011-07-13,18.324209213256836,25.610000610351562,25.829999923706055,25.43000030517578,25.5,1913900
2011-07-14,17.966453552246094,25.110000610351562,25.729999542236328,25.020000457763672,25.690000534057617,3715700
2011-07-15,17.90920639038086,25.030000686645508,25.31999969482422,24.90999984741211,25.31999969482422,2562000
2011-07-18,17.651628494262695,24.670000076293945,25.010000228881836,24.489999771118164,24.940000534057617,2600300
2011-07-19,17.98792266845703,25.139999389648438,25.18000030517578,24.700000762939453,24.799999237060547,2011100
2011-07-20,18.14533233642578,25.360000610351562,25.479999542236328,25.06999969482422,25.200000762939453,2028700
2011-07-21,18.467313766479492,25.809999465942383,25.8799991607666,25.440000534057617,25.479999542236328,3678200
2011-07-22,18.359987258911133,25.65999984741211,25.809999465942383,25.40999984741211,25.799999237060547,2127200
2011-07-25,18.28843116760254,25.559999465942383,25.700000762939453,25.280000686645508,25.40999984741211,3095700
2011-07-26,18.088088989257812,25.280000686645508,25.59000015258789,25.239999771118164,25.56999969482422,1774600
2011-07-27,17.708864212036133,24.75,25.18000030517578,24.75,25.110000610351562,3963300
2011-07-28,17.65877914428711,24.68000030517578,24.90999984741211,24.68000030517578,24.81999969482422,1374400
2011-07-29,17.730327606201172,24.780000686645508,24.8700008392334,24.389999389648438,24.420000076293945,2439800
2011-08-01,17.716026306152344,24.760000228881836,25.139999389648438,24.600000381469727,25.100000381469727,2837800
2011-08-02,17.308181762695312,24.190000534057617,24.84000015258789,24.190000534057617,24.68000030517578,4230100
2011-08-03,17.601539611816406,24.600000381469727,24.6200008392334,23.799999237060547,24.15999984741211,4401700
2011-08-04,16.8001651763916,23.479999542236328,24.43000030517578,23.469999313354492,24.31999969482422,5758300
2011-08-05,16.564054489135742,23.149999618530273,23.799999237060547,22.889999389648438,23.700000762939453,6185100
2011-08-08,14.947004318237305,20.889999389648438,23.139999389648438,20.8700008392334,22.3799991607666,10780700
2011-08-09,15.819924354553223,22.110000610351562,22.149999618530273,20.280000686645508,21.3799991607666,7229300
2011-08-10,14.546314239501953,20.329999923706055,21.700000762939453,20.290000915527344,21.700000762939453,5006300
2011-08-11,15.268990516662598,21.34000015258789,21.6200008392334,20.290000915527344,20.520000457763672,4985500
2011-08-12,14.925538063049316,20.860000610351562,21.760000228881836,20.799999237060547,21.309999465942383,5737100
2011-08-15,15.440704345703125,21.579999923706055,21.6200008392334,21.059999465942383,21.059999465942383,3654700
2011-08-16,15.183119773864746,21.219999313354492,21.59000015258789,21.06999969482422,21.420000076293945,2403500
2011-08-17,15.283288955688477,21.360000610351562,21.690000534057617,21.229999542236328,21.31999969482422,3672500
2011-08-18,14.438987731933594,20.18000030517578,20.920000076293945,20.040000915527344,20.920000076293945,8037700
2011-08-19,13.995372772216797,19.559999465942383,20.459999084472656,19.530000686645508,19.860000610351562,5143500
2011-08-22,14.038296699523926,19.6200008392334,20.15999984741211,19.479999542236328,20.06999969482422,3301300
2011-08-23,14.760970115661621,20.6299991607666,20.649999618530273,19.469999313354492,19.709999084472656,4592900
2011-08-24,15.140186309814453,21.15999984741211,21.270000457763672,20.549999237060547,20.549999237060547,4072600
2011-08-25,14.81105899810791,20.700000762939453,22.170000076293945,20.469999313354492,21.860000610351562,5292500
2011-08-26,14.997087478637695,20.959999084472656,21.170000076293945,20.1200008392334,20.530000686645508,2443400
2011-08-29,15.812763214111328,22.100000381469727,22.110000610351562,21.170000076293945,21.25,2217300
2011-08-30,15.669671058654785,21.899999618530273,22.059999465942383,21.510000228881836,21.959999084472656,1555200
2011-08-31,15.784154891967773,22.059999465942383,22.25,21.81999969482422,22.0,2447100
2011-09-01,15.21174144744873,21.260000228881836,22.290000915527344,21.170000076293945,22.059999465942383,2980900
2011-09-02,14.481917381286621,20.239999771118164,21.0,20.190000534057617,20.84000015258789,2972800
2011-09-06,14.438987731933594,20.18000030517578,20.209999084472656,19.579999923706055,19.579999923706055,2705200
2011-09-07,15.290449142456055,21.3700008392334,21.440000534057617,20.489999771118164,20.559999465942383,3152900
2011-09-08,14.782431602478027,20.65999984741211,21.299999237060547,20.549999237060547,21.100000381469727,2405000
2011-09-09,14.338814735412598,20.040000915527344,20.719999313354492,19.8700008392334,20.520000457763672,3053100
2011-09-12,14.596396446228027,20.399999618530273,20.510000228881836,19.700000762939453,19.700000762939453,3988000
2011-09-13,14.896912574768066,20.81999969482422,21.100000381469727,20.43000030517578,20.43000030517578,3485900
2011-09-14,15.140186309814453,21.15999984741211,21.459999084472656,20.540000915527344,21.0,2484300
2011-09-15,15.497943878173828,21.65999984741211,21.65999984741211,21.040000915527344,21.190000534057617,1972300
2011-09-16,15.384254455566406,21.3799991607666,21.700000762939453,20.989999771118164,21.6200008392334,2951200
2011-09-19,14.85177230834961,20.639999389648438,21.059999465942383,20.489999771118164,20.940000534057617,1870200
2011-09-20,14.715062141418457,20.450000762939453,20.959999084472656,20.389999389648438,20.65999984741211,1678800
2011-09-21,13.772435188293457,19.139999389648438,20.510000228881836,19.139999389648438,20.510000228881836,3698400
2011-09-22,13.686083793640137,19.020000457763672,19.209999084472656,18.600000381469727,18.68000030517578,8490400
2011-09-23,13.736456871032715,19.09000015258789,19.40999984741211,18.860000610351562,18.93000030517578,1729400
2011-09-26,14.261733055114746,19.81999969482422,19.84000015258789,18.979999542236328,19.450000762939453,2639300
2011-09-27,14.470410346984863,20.110000610351562,20.579999923706055,19.889999389648438,20.200000762939453,5543000
2011-09-28,13.779623031616211,19.149999618530273,20.200000762939453,19.149999618530273,19.93000030517578,1790500
2011-09-29,14.412834167480469,20.030000686645508,20.030000686645508,19.360000610351562,19.68000030517578,1996100
2011-09-30,13.894758224487305,19.309999465942383,20.010000228881836,19.260000228881836,19.65999984741211,2670900
2011-10-03,13.362278938293457,18.56999969482422,19.649999618530273,18.520000457763672,19.1200008392334,6182400
2011-10-04,14.434431076049805,20.059999465942383,20.06999969482422,18.309999465942383,18.34000015258789,5700000
2011-10-05,14.621520042419434,20.31999969482422,20.469999313354492,19.59000015258789,19.979999542236328,4490900
2011-10-06,15.07483959197998,20.950000762939453,21.0,20.0,20.229999542236328,2477600
2011-10-07,14.340888023376465,19.93000030517578,21.149999618530273,19.899999618530273,21.020000457763672,3519700
2011-10-10,15.139602661132812,21.040000915527344,21.06999969482422,20.280000686645508,20.34000015258789,2623300
2011-10-11,15.290708541870117,21.25,21.450000762939453,20.639999389648438,20.639999389648438,2722400
2011-10-12,15.69366455078125,21.809999465942383,22.260000228881836,21.399999618530273,21.40999984741211,3845500
2011-10-13,15.362667083740234,21.350000381469727,21.709999084472656,20.959999084472656,21.709999084472656,2696600
2011-10-14,15.499380111694336,21.540000915527344,21.8700008392334,21.059999465942383,21.68000030517578,2390600
2011-10-17,14.844581604003906,20.6299991607666,21.389999389648438,20.559999465942383,21.389999389648438,2358600
2011-10-18,15.744030952453613,21.8799991607666,22.139999389648438,20.709999084472656,20.760000228881836,4802900
2011-10-19,15.751228332519531,21.889999389648438,22.15999984741211,21.6299991607666,21.809999465942383,4177100
2011-10-20,16.01027488708496,22.25,22.280000686645508,21.459999084472656,21.969999313354492,2385100
2011-10-21,16.48518180847168,22.90999984741211,22.940000534057617,22.219999313354492,22.530000686645508,4242900
2011-10-24,16.866552352905273,23.440000534057617,23.549999237060547,22.700000762939453,23.139999389648438,4339700
2011-10-25,16.290903091430664,22.639999389648438,23.25,22.540000915527344,23.239999771118164,3845000
2011-10-26,16.672269821166992,23.170000076293945,23.309999465942383,22.59000015258789,23.020000457763672,4124500
2011-10-27,17.52854347229004,24.360000610351562,24.56999969482422,23.81999969482422,24.1299991607666,4662600
2011-10-28,17.399032592773438,24.18000030517578,24.530000686645508,23.979999542236328,24.360000610351562,2377800
2011-10-31,16.88094711303711,23.459999084472656,24.09000015258789,23.40999984741211,23.989999771118164,1892200
2011-11-01,16.046247482299805,22.299999237060547,23.170000076293945,22.239999771118164,22.610000610351562,5014600
2011-11-02,16.67946434020996,23.18000030517578,23.270000457763672,22.649999618530273,22.899999618530273,2043800
2011-11-03,17.09681510925293,23.760000228881836,23.899999618530273,22.780000686645508,23.459999084472656,2561100
2011-11-04,16.931310653686523,23.530000686645508,23.639999389648438,23.1200008392334,23.56999969482422,1630900
2011-11-07,17.068031311035156,23.719999313354492,23.809999465942383,23.149999618530273,23.350000381469727,1955800
2011-11-08,17.442203521728516,24.239999771118164,24.31999969482422,23.559999465942383,23.959999084472656,2593000
2011-11-09,16.456401824951172,22.8700008392334,23.65999984741211,22.790000915527344,23.559999465942383,1836000
2011-11-10,16.629100799560547,23.110000610351562,23.40999984741211,22.940000534057617,23.149999618530273,1449400
2011-11-11,16.981685638427734,23.600000381469727,23.790000915527344,23.420000076293945,23.440000534057617,2334200
2011-11-14,16.5715274810791,23.030000686645508,23.540000915527344,22.850000381469727,23.420000076293945,1220400
2011-11-15,16.787403106689453,23.329999923706055,23.469999313354492,22.75,22.90999984741211,1649200
2011-11-16,16.61470603942871,23.09000015258789,23.739999771118164,22.950000762939453,23.049999237060547,1852400
2011-11-17,16.442007064819336,22.850000381469727,23.510000228881836,22.739999771118164,23.049999237060547,2215800
2011-11-18,16.657875061035156,23.149999618530273,23.209999084472656,22.709999084472656,23.0,1221900
2011-11-21,16.132596969604492,22.420000076293945,22.739999771118164,22.190000534057617,22.6299991607666,4298500
2011-11-22,16.02466583251953,22.270000457763672,22.559999465942383,22.049999237060547,22.34000015258789,2057800
2011-11-23,15.449012756347656,21.469999313354492,22.079999923706055,21.420000076293945,22.06999969482422,2651300
2011-11-25,15.427425384521484,21.440000534057617,21.850000381469727,21.280000686645508,21.440000534057617,581700
2011-11-28,15.87355899810791,22.059999465942383,22.260000228881836,21.790000915527344,22.18000030517578,2421400
2011-11-29,15.81599235534668,21.979999542236328,22.190000534057617,21.799999237060547,22.09000015258789,1379600
2011-11-30,16.981685638427734,23.600000381469727,23.600000381469727,22.729999542236328,22.959999084472656,2198800
2011-12-01,16.823379516601562,23.3799991607666,23.559999465942383,23.06999969482422,23.5,1977600
2011-12-02,16.974485397338867,23.59000015258789,24.06999969482422,23.510000228881836,23.520000457763672,1715300
2011-12-05,17.298288345336914,24.040000915527344,24.239999771118164,23.84000015258789,23.950000762939453,2116100
2011-12-06,17.139986038208008,23.81999969482422,24.040000915527344,23.649999618530273,24.040000915527344,2771700
2011-12-07,17.21194076538086,23.920000076293945,24.059999465942383,23.229999542236328,23.8799991607666,3609600
2011-12-08,16.629100799560547,23.110000610351562,23.770000457763672,23.020000457763672,23.770000457763672,1469600
2011-12-09,17.104013442993164,23.770000457763672,23.899999618530273,23.209999084472656,23.31999969482422,1287600
2011-12-12,16.85935401916504,23.43000030517578,23.579999923706055,23.139999389648438,23.579999923706055,1165100
2011-12-13,16.578731536865234,23.040000915527344,23.760000228881836,22.860000610351562,23.719999313354492,2177100
2011-12-14,16.470787048339844,22.889999389648438,23.260000228881836,22.770000457763672,22.81999969482422,2655000
2011-12-15,16.693857192993164,23.200000762939453,23.34000015258789,22.959999084472656,23.239999771118164,3869000
2011-12-16,16.897287368774414,23.34000015258789,23.770000457763672,23.200000762939453,23.350000381469727,5292300
2011-12-19,16.506343841552734,22.799999237060547,23.600000381469727,22.700000762939453,23.530000686645508,2167400
2011-12-20,17.208595275878906,23.770000457763672,23.84000015258789,23.209999084472656,23.350000381469727,1419700
2011-12-21,17.447498321533203,24.100000381469727,24.139999389648438,23.479999542236328,23.65999984741211,1511900
2011-12-22,17.860158920288086,24.670000076293945,24.90999984741211,24.139999389648438,24.239999771118164,6637000
2011-12-23,17.809480667114258,24.600000381469727,24.780000686645508,24.469999313354492,24.739999771118164,1400200
2011-12-27,17.89635467529297,24.719999313354492,24.739999771118164,24.3799991607666,24.59000015258789,2127300
2011-12-28,17.577823638916016,24.280000686645508,24.65999984741211,24.18000030517578,24.559999465942383,1405700
2011-12-29,17.90359878540039,24.729999542236328,24.739999771118164,24.239999771118164,24.25,3270400
2011-12-30,17.67192840576172,24.40999984741211,24.690000534057617,24.399999618530273,24.610000610351562,1273200
2012-01-03,18.099061965942383,25.0,25.3700008392334,24.93000030517578,25.0,2989300
2012-01-04,18.207653045654297,25.149999618530273,25.209999084472656,24.6200008392334,24.940000534057617,1753000
2012-01-05,18.555164337158203,25.6299991607666,25.84000015258789,24.760000228881836,24.979999542236328,4687600
2012-01-06,18.48277473449707,25.530000686645508,25.780000686645508,25.15999984741211,25.780000686645508,2046800
2012-01-09,18.77235221862793,25.93000030517578,25.950000762939453,25.5,25.65999984741211,4092500
2012-01-10,18.90266990661621,26.110000610351562,26.440000534057617,26.059999465942383,26.31999969482422,5982900
2012-01-11,18.98230743408203,26.219999313354492,26.260000228881836,25.799999237060547,26.239999771118164,6703600
2012-01-12,19.061931610107422,26.329999923706055,26.399999618530273,25.860000610351562,26.3799991607666,3022200
2012-01-13,18.98230743408203,26.219999313354492,26.25,25.799999237060547,25.979999542236328,1904400
2012-01-17,18.89542579650879,26.100000381469727,26.59000015258789,26.0,26.360000610351562,3543600
2012-01-18,19.025739669799805,26.280000686645508,26.329999923706055,25.809999465942383,26.09000015258789,2036400
2012-01-19,18.953340530395508,26.18000030517578,26.559999465942383,26.010000228881836,26.559999465942383,4297900
2012-01-20,19.15605354309082,26.459999084472656,26.5,25.969999313354492,26.079999923706055,4158800
2012-01-23,19.054698944091797,26.31999969482422,26.719999313354492,26.25,26.459999084472656,7166500
2012-01-24,19.076419830322266,26.350000381469727,26.399999618530273,25.8799991607666,26.229999542236328,2969600
2012-01-25,19.1705265045166,26.479999542236328,26.610000610351562,26.15999984741211,26.34000015258789,6517100
2012-01-26,18.670997619628906,25.790000915527344,26.670000076293945,25.530000686645508,26.670000076293945,9958500
2012-01-27,18.779592514038086,25.940000534057617,26.040000915527344,25.59000015258789,25.690000534057617,3538700
2012-01-30,18.670997619628906,25.790000915527344,25.940000534057617,25.549999237060547,25.780000686645508,3573100
2012-01-31,18.685482025146484,25.809999465942383,26.049999237060547,25.649999618530273,25.90999984741211,2632100
2012-02-01,19.032983779907227,26.290000915527344,26.389999389648438,25.940000534057617,25.940000534057617,4610600
2012-02-02,19.14158058166504,26.440000534057617,26.549999237060547,26.15999984741211,26.299999237060547,4086500
2012-02-03,19.69178009033203,27.200000762939453,27.229999542236328,26.790000915527344,26.799999237060547,3635800
2012-02-06,19.489072799682617,26.920000076293945,27.1200008392334,26.84000015258789,27.110000610351562,2390800
2012-02-07,19.518033981323242,26.959999084472656,27.110000610351562,26.739999771118164,26.850000381469727,1268600
2012-02-08,19.619386672973633,27.100000381469727,27.229999542236328,26.700000762939453,26.950000762939453,2493300
2012-02-09,19.510793685913086,26.950000762939453,27.239999771118164,26.780000686645508,27.18000030517578,3320100
2012-02-10,19.19949722290039,26.520000457763672,26.719999313354492,26.450000762939453,26.719999313354492,2246600
2012-02-13,19.503555297851562,26.940000534057617,26.959999084472656,26.690000534057617,26.850000381469727,2157700
2012-02-14,19.286361694335938,26.639999389648438,26.799999237060547,26.360000610351562,26.770000457763672,2363400
2012-02-15,19.315330505371094,26.68000030517578,26.940000534057617,26.549999237060547,26.809999465942383,3448800
2012-02-16,19.756940841674805,27.290000915527344,27.360000610351562,26.59000015258789,26.59000015258789,4684000
2012-02-17,19.836580276489258,27.399999618530273,27.5,27.239999771118164,27.479999542236328,1465200
2012-02-21,19.7135066986084,27.229999542236328,27.5,27.059999465942383,27.459999084472656,2230900
2012-02-22,19.235689163208008,26.56999969482422,27.15999984741211,26.540000915527344,27.15999984741211,3140200
2012-02-23,19.619386672973633,27.100000381469727,27.170000076293945,26.450000762939453,26.610000610351562,3265600
2012-02-24,19.47459602355957,26.899999618530273,27.110000610351562,26.780000686645508,27.110000610351562,2372100
2012-02-27,19.626636505126953,27.110000610351562,27.25,26.520000457763672,26.6299991607666,2142500
2012-02-28,19.554224014282227,27.010000228881836,27.229999542236328,26.850000381469727,27.09000015258789,2156200
2012-02-29,19.46735954284668,26.889999389648438,27.3700008392334,26.770000457763672,27.110000610351562,3119500
2012-03-01,19.546993255615234,27.0,27.40999984741211,26.969999313354492,26.979999542236328,2298300
2012-03-02,19.308088302612305,26.670000076293945,27.1200008392334,26.549999237060547,26.959999084472656,1677900
2012-03-05,19.25740623474121,26.600000381469727,26.790000915527344,26.399999618530273,26.559999465942383,2557100
2012-03-06,18.779592514038086,25.940000534057617,26.309999465942383,25.8700008392334,26.290000915527344,7204400
2012-03-07,19.08365249633789,26.360000610351562,26.450000762939453,25.979999542236328,26.1299991607666,2587200
2012-03-08,19.366003036499023,26.75,26.760000228881836,26.34000015258789,26.5,1856200
2012-03-09,19.677309036254883,27.18000030517578,27.31999969482422,26.709999084472656,26.739999771118164,2247600
2012-03-12,19.59044075012207,27.059999465942383,27.209999084472656,26.899999618530273,27.100000381469727,1404600
2012-03-13,20.350595474243164,28.110000610351562,28.139999389648438,27.200000762939453,27.270000457763672,3394100
2012-03-14,20.466426849365234,28.270000457763672,28.5,27.8700008392334,28.239999771118164,5043600
2012-03-15,20.871850967407227,28.829999923706055,28.950000762939453,28.1299991607666,28.34000015258789,4138300
2012-03-16,20.942312240600586,28.829999923706055,29.09000015258789,28.530000686645508,28.920000076293945,3211400
2012-03-19,21.138429641723633,29.100000381469727,29.360000610351562,28.459999084472656,28.799999237060547,3250000
2012-03-20,21.029483795166016,28.950000762939453,29.1200008392334,28.68000030517578,28.850000381469727,3266300
2012-03-21,20.942312240600586,28.829999923706055,29.06999969482422,28.68000030517578,29.040000915527344,1753000
2012-03-22,20.57184410095215,28.31999969482422,28.56999969482422,28.100000381469727,28.549999237060547,2597800
2012-03-23,20.659015655517578,28.440000534057617,28.469999313354492,28.0,28.25,2582900
2012-03-26,20.956836700439453,28.850000381469727,28.959999084472656,28.530000686645508,28.760000228881836,1820600
2012-03-27,20.78249740600586,28.610000610351562,28.93000030517578,28.610000610351562,28.8799991607666,2452700
2012-03-28,20.956836700439453,28.850000381469727,28.950000762939453,28.479999542236328,28.600000381469727,2021400
2012-03-29,20.76797103881836,28.59000015258789,28.709999084472656,28.139999389648438,28.68000030517578,3402100
2012-03-30,20.680805206298828,28.469999313354492,28.780000686645508,28.299999237060547,28.780000686645508,2067000
2012-04-02,20.826082229614258,28.670000076293945,28.760000228881836,28.15999984741211,28.459999084472656,2160000
2012-04-03,20.855138778686523,28.709999084472656,28.729999542236328,28.329999923706055,28.6299991607666,3539800
2012-04-04,20.484670639038086,28.200000762939453,28.510000228881836,27.979999542236328,28.360000610351562,5471000
2012-04-05,20.353914260864258,28.020000457763672,28.219999313354492,27.889999389648438,28.059999465942383,1600000
2012-04-09,20.012502670288086,27.549999237060547,27.700000762939453,27.389999389648438,27.559999465942383,5054900
2012-04-10,19.620241165161133,27.010000228881836,27.579999923706055,26.920000076293945,27.540000915527344,3640500
2012-04-11,19.997982025146484,27.530000686645508,27.559999465942383,27.219999313354492,27.360000610351562,2714500
2012-04-12,20.252222061157227,27.8799991607666,27.959999084472656,27.56999969482422,27.600000381469727,3661400
2012-04-13,19.67835807800293,27.09000015258789,27.809999465942383,27.049999237060547,27.809999465942383,5133700
2012-04-16,19.889013290405273,27.3799991607666,27.540000915527344,27.0,27.34000015258789,2460700
2012-04-17,20.295804977416992,27.940000534057617,28.15999984741211,27.639999389648438,27.639999389648438,3100700
2012-04-18,20.048824310302734,27.600000381469727,27.940000534057617,27.5,27.81999969482422,2701100
2012-04-19,19.97618865966797,27.5,27.860000610351562,27.270000457763672,27.690000534057617,4199200
2012-04-20,20.099672317504883,27.670000076293945,27.940000534057617,27.56999969482422,27.649999618530273,1965900
2012-04-23,19.918079376220703,27.420000076293945,27.510000228881836,27.18000030517578,27.270000457763672,2291600
2012-04-24,20.186838150024414,27.790000915527344,27.8799991607666,27.459999084472656,27.459999084472656,2404100
2012-04-25,20.46288299560547,28.170000076293945,28.350000381469727,27.920000076293945,28.030000686645508,3123100
2012-04-26,20.579103469848633,28.329999923706055,28.420000076293945,28.059999465942383,28.15999984741211,2048700
2012-04-27,20.731647491455078,28.540000915527344,28.559999465942383,28.09000015258789,28.389999389648438,1613600
2012-04-30,20.390243530273438,28.06999969482422,28.479999542236328,27.950000762939453,28.479999542236328,1859900
2012-05-01,20.47014045715332,28.18000030517578,28.579999923706055,28.079999923706055,28.1299991607666,1742900
2012-05-02,20.441089630126953,28.139999389648438,28.239999771118164,27.790000915527344,28.049999237060547,2441600
2012-05-03,20.295804977416992,27.940000534057617,28.270000457763672,27.809999465942383,28.1200008392334,1960200
2012-05-04,20.012502670288086,27.549999237060547,27.8700008392334,27.329999923706055,27.780000686645508,3076800
2012-05-07,20.194103240966797,27.799999237060547,27.950000762939453,27.389999389648438,27.389999389648438,2040500
2012-05-08,20.208635330200195,27.81999969482422,27.8700008392334,27.489999771118164,27.65999984741211,3229800
2012-05-09,19.968921661376953,27.489999771118164,27.610000610351562,27.15999984741211,27.440000534057617,3243000
2012-05-10,20.208635330200195,27.81999969482422,27.969999313354492,27.670000076293945,27.75,2979300
2012-05-11,20.135995864868164,27.719999313354492,27.969999313354492,27.399999618530273,27.549999237060547,2865300
2012-05-14,19.801849365234375,27.260000228881836,27.530000686645508,27.209999084472656,27.399999618530273,1449200
2012-05-15,19.65656852722168,27.059999465942383,27.5,26.979999542236328,27.260000228881836,1799200
2012-05-16,19.511289596557617,26.860000610351562,27.399999618530273,26.829999923706055,27.25,2178400
2012-05-17,19.19892692565918,26.43000030517578,26.93000030517578,26.399999618530273,26.899999618530273,4058000
2012-05-18,19.01732635498047,26.18000030517578,26.6299991607666,26.079999923706055,26.459999084472656,3330700
2012-05-21,19.184396743774414,26.40999984741211,26.649999618530273,26.1200008392334,26.309999465942383,3685700
2012-05-22,19.315155029296875,26.59000015258789,26.8700008392334,26.360000610351562,26.440000534057617,5498700
2012-05-23,19.366003036499023,26.65999984741211,26.770000457763672,26.1200008392334,26.280000686645508,2800000
2012-05-24,19.52581214904785,26.8799991607666,26.93000030517578,26.469999313354492,26.799999237060547,2523200
2012-05-25,19.496755599975586,26.84000015258789,27.020000457763672,26.719999313354492,26.8700008392334,1206900
2012-05-29,19.671096801757812,27.079999923706055,27.110000610351562,26.739999771118164,27.079999923706055,2007500
2012-05-30,19.25704574584961,26.510000228881836,26.799999237060547,26.43000030517578,26.739999771118164,1270300
2012-05-31,19.344213485717773,26.6299991607666,26.829999923706055,26.170000076293945,26.440000534057617,2689800
2012-06-01,18.436203002929688,25.3799991607666,26.1299991607666,25.3700008392334,26.100000381469727,4274900
2012-06-04,18.11659049987793,24.940000534057617,25.639999389648438,24.850000381469727,25.639999389648438,4315200
2012-06-05,18.16016960144043,25.0,25.299999237060547,24.799999237060547,24.8799991607666,4427400
2012-06-06,18.552427291870117,25.540000915527344,25.549999237060547,25.06999969482422,25.239999771118164,2983100
2012-06-07,18.661388397216797,25.690000534057617,26.0,25.639999389648438,25.920000076293945,2956100
2012-06-08,18.937421798706055,26.06999969482422,26.149999618530273,25.399999618530273,25.670000076293945,2794400
2012-06-11,18.5596923828125,25.549999237060547,26.399999618530273,25.540000915527344,26.329999923706055,2351500
2012-06-12,18.81393814086914,25.899999618530273,25.899999618530273,25.399999618530273,25.579999923706055,2292000
2012-06-13,18.704973220825195,25.75,26.229999542236328,25.6299991607666,25.760000228881836,1411400
2012-06-14,18.937421798706055,26.06999969482422,26.170000076293945,25.770000457763672,25.770000457763672,2085300
2012-06-15,19.205219268798828,26.31999969482422,26.399999618530273,25.899999618530273,26.030000686645508,2957100
2012-06-18,19.19062614440918,26.299999237060547,26.479999542236328,26.059999465942383,26.200000762939453,980600
2012-06-19,19.504390716552734,26.729999542236328,26.850000381469727,26.34000015258789,26.360000610351562,1621100
2012-06-20,19.53357696533203,26.770000457763672,26.899999618530273,26.469999313354492,26.739999771118164,2332400
2012-06-21,19.073883056640625,26.139999389648438,26.959999084472656,26.079999923706055,26.799999237060547,1498300
2012-06-22,19.343856811523438,26.510000228881836,26.649999618530273,26.170000076293945,26.329999923706055,1882900
2012-06-25,19.03009605407715,26.079999923706055,26.190000534057617,25.93000030517578,26.040000915527344,784300
2012-06-26,19.117660522460938,26.200000762939453,26.420000076293945,25.889999389648438,26.079999923706055,1177000
2012-06-27,19.446020126342773,26.649999618530273,26.719999313354492,26.1299991607666,26.280000686645508,2535800
2012-06-28,19.555463790893555,26.799999237060547,26.799999237060547,26.229999542236328,26.3700008392334,1595300
2012-06-29,19.97867774963379,27.3799991607666,27.559999465942383,27.190000534057617,27.290000915527344,1644300
2012-07-02,20.131914138793945,27.59000015258789,27.6200008392334,27.170000076293945,27.329999923706055,1671400
2012-07-03,20.270553588867188,27.780000686645508,27.809999465942383,27.549999237060547,27.649999618530273,1607800
2012-07-05,20.153797149658203,27.6200008392334,27.780000686645508,27.59000015258789,27.770000457763672,937100
2012-07-06,20.06624412536621,27.5,27.559999465942383,27.260000228881836,27.329999923706055,558100
2012-07-09,19.869226455688477,27.229999542236328,27.420000076293945,27.030000686645508,27.34000015258789,1127300
2012-07-10,19.72330093383789,27.030000686645508,27.520000457763672,26.8799991607666,27.40999984741211,2549300
2012-07-11,19.840036392211914,27.190000534057617,27.270000457763672,26.969999313354492,27.020000457763672,540100
2012-07-12,19.78167152404785,27.110000610351562,27.200000762939453,26.889999389648438,27.059999465942383,1738800
2012-07-13,20.24136734008789,27.739999771118164,27.81999969482422,27.18000030517578,27.239999771118164,1427000
2012-07-16,20.197586059570312,27.68000030517578,27.860000610351562,27.56999969482422,27.760000228881836,1172200
2012-07-17,20.42378807067871,27.989999771118164,28.020000457763672,27.489999771118164,27.809999465942383,3380900
2012-07-18,20.255962371826172,27.760000228881836,28.049999237060547,27.68000030517578,27.950000762939453,2609100
2012-07-19,19.97867774963379,27.3799991607666,27.860000610351562,27.290000915527344,27.799999237060547,2158000
2012-07-20,19.701404571533203,27.0,27.219999313354492,26.969999313354492,27.139999389648438,755500
2012-07-23,19.416824340820312,26.610000610351562,26.68000030517578,26.440000534057617,26.510000228881836,1225400
2012-07-24,19.394935607910156,26.579999923706055,26.790000915527344,26.31999969482422,26.790000915527344,1731200
2012-07-25,19.38763999938965,26.56999969482422,26.780000686645508,26.530000686645508,26.68000030517578,491800
2012-07-26,19.526273727416992,26.760000228881836,27.020000457763672,26.649999618530273,26.989999771118164,1802200
2012-07-27,19.847339630126953,27.200000762939453,27.350000381469727,26.649999618530273,26.860000610351562,1442200
2012-07-30,19.730588912963867,27.040000915527344,27.280000686645508,27.0,27.1299991607666,1373700
2012-07-31,19.63573455810547,26.90999984741211,27.149999618530273,26.90999984741211,26.950000762939453,2946000
2012-08-01,19.504390716552734,26.729999542236328,27.1299991607666,26.690000534057617,27.040000915527344,903700
2012-08-02,19.292781829833984,26.440000534057617,26.670000076293945,26.229999542236328,26.56999969482422,2160100
2012-08-03,19.89112091064453,27.260000228881836,27.350000381469727,26.670000076293945,26.969999313354492,1519900
2012-08-06,19.869226455688477,27.229999542236328,27.489999771118164,27.209999084472656,27.360000610351562,788000
2012-08-07,20.000566482543945,27.40999984741211,27.690000534057617,27.290000915527344,27.31999969482422,1414100
2012-08-08,20.022464752197266,27.440000534057617,27.56999969482422,27.059999465942383,27.299999237060547,948800
2012-08-09,19.98597526550293,27.389999389648438,27.520000457763672,27.329999923706055,27.40999984741211,641500
2012-08-10,19.913009643554688,27.290000915527344,27.450000762939453,27.139999389648438,27.299999237060547,529800
2012-08-13,19.920305252075195,27.299999237060547,27.309999465942383,26.989999771118164,27.280000686645508,654800
2012-08-14,19.949495315551758,27.34000015258789,27.520000457763672,27.25,27.389999389648438,983000
2012-08-15,20.058942794799805,27.489999771118164,27.530000686645508,27.260000228881836,27.270000457763672,453400
2012-08-16,20.16839599609375,27.639999389648438,27.690000534057617,27.3700008392334,27.530000686645508,548700
2012-08-17,20.321630477905273,27.850000381469727,27.850000381469727,27.579999923706055,27.700000762939453,318000
2012-08-20,20.35081672668457,27.889999389648438,27.959999084472656,27.739999771118164,27.790000915527344,1434600
2012-08-21,20.380008697509766,27.93000030517578,28.329999923706055,27.84000015258789,27.979999542236328,1174600
2012-08-22,20.219482421875,27.709999084472656,28.010000228881836,27.6200008392334,27.860000610351562,1294400
2012-08-23,19.97867774963379,27.3799991607666,27.670000076293945,27.329999923706055,27.670000076293945,1671100
2012-08-24,20.06624412536621,27.5,27.610000610351562,27.299999237060547,27.329999923706055,638200
2012-08-27,20.102724075317383,27.549999237060547,27.729999542236328,27.450000762939453,27.600000381469727,436400
2012-08-28,20.21217918395996,27.700000762939453,27.799999237060547,27.510000228881836,27.520000457763672,1061600
2012-08-29,20.416484832763672,27.979999542236328,28.06999969482422,27.719999313354492,27.739999771118164,1406200
2012-08-30,20.263256072998047,27.770000457763672,27.850000381469727,27.649999618530273,27.84000015258789,451700
2012-08-31,20.277847290039062,27.790000915527344,27.969999313354492,27.6299991607666,27.93000030517578,502300
2012-09-04,20.496753692626953,28.09000015258789,28.190000534057617,27.59000015258789,27.739999771118164,853600
2012-09-05,20.438373565673828,28.010000228881836,28.06999969482422,27.799999237060547,28.0,3219900
2012-09-06,20.883481979370117,28.6200008392334,28.739999771118164,28.190000534057617,28.190000534057617,2717700
2012-09-07,21.08049964904785,28.889999389648438,29.040000915527344,28.59000015258789,28.75,2422200
2012-09-10,20.94186019897461,28.700000762939453,28.969999313354492,28.690000534057617,28.90999984741211,601700
2012-09-11,21.000240325927734,28.780000686645508,29.0,28.709999084472656,28.75,1045100
2012-09-12,21.168067932128906,29.010000228881836,29.100000381469727,28.889999389648438,28.920000076293945,1818200
2012-09-13,21.423450469970703,29.360000610351562,29.559999465942383,28.739999771118164,29.030000686645508,3218300
2012-09-14,21.853965759277344,29.950000762939453,30.079999923706055,29.440000534057617,29.610000610351562,3576900
2012-09-17,21.474529266357422,29.43000030517578,29.889999389648438,29.360000610351562,29.8799991607666,1892700
2012-09-18,21.467226028442383,29.420000076293945,29.56999969482422,29.290000915527344,29.350000381469727,1482700
2012-09-19,21.496421813964844,29.459999084472656,29.6299991607666,29.3799991607666,29.469999313354492,1475100
2012-09-20,21.350488662719727,29.260000228881836,29.34000015258789,29.010000228881836,29.299999237060547,1826600
2012-09-21,21.31531524658203,29.09000015258789,29.420000076293945,29.059999465942383,29.389999389648438,1184900
2012-09-24,21.38125228881836,29.18000030517578,29.350000381469727,28.8700008392334,28.979999542236328,1807100
2012-09-25,21.095489501953125,28.790000915527344,29.40999984741211,28.790000915527344,29.280000686645508,3718600
2012-09-26,20.948944091796875,28.59000015258789,28.989999771118164,28.540000915527344,28.670000076293945,1402200
2012-09-27,21.110139846801758,28.809999465942383,28.979999542236328,28.56999969482422,28.719999313354492,1493300
2012-09-28,20.985578536987305,28.639999389648438,28.780000686645508,28.530000686645508,28.739999771118164,588100
2012-10-01,20.948944091796875,28.59000015258789,28.90999984741211,28.479999542236328,28.75,998500
2012-10-02,21.000228881835938,28.65999984741211,28.790000915527344,28.559999465942383,28.68000030517578,777200
2012-10-03,21.080835342407227,28.770000457763672,28.940000534057617,28.549999237060547,28.770000457763672,729800
2012-10-04,21.31531524658203,29.09000015258789,29.149999618530273,28.799999237060547,28.899999618530273,1173200
2012-10-05,21.395912170410156,29.200000762939453,29.489999771118164,29.110000610351562,29.25,715400
2012-10-08,21.286001205444336,29.049999237060547,29.15999984741211,28.950000762939453,29.079999923706055,752500
2012-10-09,21.088167190551758,28.780000686645508,29.100000381469727,28.729999542236328,29.06999969482422,1566600
2012-10-10,21.117469787597656,28.81999969482422,28.979999542236328,28.68000030517578,28.850000381469727,2500000
2012-10-11,21.300661087036133,29.06999969482422,29.190000534057617,28.989999771118164,29.110000610351562,1447400
2012-10-12,20.633869171142578,28.15999984741211,28.899999618530273,28.149999618530273,28.889999389648438,5233000
2012-10-15,20.692481994628906,28.239999771118164,28.43000030517578,28.100000381469727,28.299999237060547,5436700
2012-10-16,20.34077262878418,27.760000228881836,28.389999389648438,27.729999542236328,28.389999389648438,8739400
2012-10-17,20.677825927734375,28.219999313354492,28.25,27.889999389648438,27.889999389648438,3054000
2012-10-18,20.61188316345215,28.1299991607666,28.31999969482422,28.1200008392334,28.200000762939453,1360700
2012-10-19,20.479991912841797,27.950000762939453,28.100000381469727,27.809999465942383,28.0,1906200
2012-10-22,20.56792449951172,28.06999969482422,28.25,27.850000381469727,27.8799991607666,1797400
2012-10-23,20.40671730041504,27.850000381469727,27.889999389648438,27.5,27.809999465942383,3105000
2012-10-24,20.42870330810547,27.8799991607666,28.030000686645508,27.799999237060547,28.010000228881836,1122800
2012-10-25,20.655853271484375,28.190000534057617,28.239999771118164,27.780000686645508,28.209999084472656,1837900
2012-10-26,20.436023712158203,27.889999389648438,28.15999984741211,27.81999969482422,28.049999237060547,2704700
2012-10-31,20.47266387939453,27.940000534057617,28.06999969482422,27.610000610351562,28.06999969482422,1224200
2012-11-01,20.7364501953125,28.299999237060547,28.3799991607666,27.8799991607666,28.0,2143700
2012-11-02,20.458005905151367,27.920000076293945,28.399999618530273,27.920000076293945,28.299999237060547,2004900
2012-11-05,20.450681686401367,27.90999984741211,27.989999771118164,27.5,27.850000381469727,3046000
2012-11-06,20.75843048095703,28.329999923706055,28.399999618530273,27.969999313354492,27.969999313354492,1094100
2012-11-07,19.967071533203125,27.25,28.190000534057617,27.239999771118164,28.18000030517578,5356000
2012-11-08,19.754581451416016,26.959999084472656,27.530000686645508,26.950000762939453,27.389999389648438,2569300
2012-11-09,19.84250831604004,27.079999923706055,27.299999237060547,26.81999969482422,26.84000015258789,2545000
2012-11-12,19.879140853881836,27.1299991607666,27.200000762939453,26.979999542236328,27.079999923706055,666900
2012-11-13,19.56407356262207,26.700000762939453,27.190000534057617,26.700000762939453,26.889999389648438,3379300
2012-11-14,19.256324768066406,26.280000686645508,26.81999969482422,26.229999542236328,26.81999969482422,2253500
2012-11-15,19.23433494567871,26.25,26.450000762939453,26.100000381469727,26.18000030517578,2551100
2012-11-16,19.424848556518555,26.510000228881836,26.530000686645508,26.06999969482422,26.229999542236328,2007700
2012-11-19,19.776565551757812,26.989999771118164,27.030000686645508,26.81999969482422,26.90999984741211,2934900
2012-11-20,19.937772750854492,27.209999084472656,27.299999237060547,26.829999923706055,26.84000015258789,2193400
2012-11-21,19.893800735473633,27.149999618530273,27.280000686645508,26.989999771118164,27.239999771118164,1518200
2012-11-23,20.414045333862305,27.860000610351562,27.860000610351562,27.149999618530273,27.270000457763672,2994100
2012-11-26,20.33344078063965,27.75,27.75,27.56999969482422,27.690000534057617,2769100
2012-11-27,20.135604858398438,27.479999542236328,27.760000228881836,27.459999084472656,27.719999313354492,1528500
2012-11-28,20.135604858398438,27.479999542236328,27.510000228881836,27.020000457763672,27.510000228881836,1535800
2012-11-29,20.25284194946289,27.639999389648438,27.799999237060547,27.540000915527344,27.670000076293945,1403300
2012-11-30,20.208879470825195,27.579999923706055,27.719999313354492,27.5,27.670000076293945,836900
2012-12-03,20.223529815673828,27.600000381469727,27.770000457763672,27.5,27.709999084472656,1551000
2012-12-04,20.055007934570312,27.3700008392334,27.59000015258789,27.18000030517578,27.530000686645508,1849400
2012-12-05,20.142929077148438,27.489999771118164,27.65999984741211,27.290000915527344,27.3799991607666,1166700
2012-12-06,20.135604858398438,27.479999542236328,27.59000015258789,27.40999984741211,27.5,668400
2012-12-07,20.142929077148438,27.489999771118164,27.6299991607666,27.3700008392334,27.6299991607666,954700
2012-12-10,20.179569244384766,27.540000915527344,27.690000534057617,27.399999618530273,27.479999542236328,702400
2012-12-11,20.362751007080078,27.790000915527344,27.84000015258789,27.6299991607666,27.700000762939453,1772400
2012-12-12,20.362751007080078,27.790000915527344,28.030000686645508,27.729999542236328,27.81999969482422,1808000
2012-12-13,20.20154571533203,27.56999969482422,27.829999923706055,27.489999771118164,27.780000686645508,1226100
2012-12-14,20.069656372070312,27.389999389648438,27.56999969482422,27.3700008392334,27.479999542236328,1528300
2012-12-17,20.523948669433594,28.010000228881836,28.010000228881836,27.479999542236328,27.549999237060547,2152400
2012-12-18,20.853683471679688,28.459999084472656,28.479999542236328,28.040000915527344,28.110000610351562,1652600
2012-12-19,20.882997512817383,28.5,28.649999618530273,28.299999237060547,28.5,1710700
2012-12-20,21.007564544677734,28.670000076293945,28.700000762939453,28.420000076293945,28.510000228881836,2513000
2012-12-21,20.822166442871094,28.190000534057617,28.299999237060547,27.90999984741211,27.90999984741211,1093100
2012-12-24,20.711366653442383,28.040000915527344,28.200000762939453,27.969999313354492,28.09000015258789,309600
2012-12-26,20.66704750061035,27.979999542236328,28.18000030517578,27.8700008392334,28.079999923706055,448800
2012-12-27,20.56364631652832,27.84000015258789,28.059999465942383,27.450000762939453,28.0,4052100
2012-12-28,20.46023178100586,27.700000762939453,27.920000076293945,27.59000015258789,27.649999618530273,1270400
2012-12-31,20.659666061401367,27.969999313354492,27.979999542236328,27.579999923706055,27.65999984741211,1588200
2013-01-02,21.427852630615234,29.010000228881836,29.040000915527344,28.510000228881836,28.690000534057617,4281900
2013-01-03,21.538644790649414,29.15999984741211,29.200000762939453,28.899999618530273,29.0,7195400
2013-01-04,21.789779663085938,29.5,29.540000915527344,29.1299991607666,29.18000030517578,1644400
2013-01-07,21.656824111938477,29.31999969482422,29.489999771118164,29.18000030517578,29.479999542236328,1191000
2013-01-08,21.568187713623047,29.200000762939453,29.3799991607666,29.049999237060547,29.270000457763672,739000
2013-01-09,21.464778900146484,29.059999465942383,29.3700008392334,29.010000228881836,29.239999771118164,1583900
2013-01-10,21.582962036132812,29.219999313354492,29.34000015258789,29.079999923706055,29.34000015258789,2538400
2013-01-11,21.368757247924805,28.93000030517578,29.270000457763672,28.6299991607666,29.149999618530273,5338200
2013-01-14,21.442617416381836,29.030000686645508,29.149999618530273,28.75,28.90999984741211,1007400
2013-01-15,21.5607967376709,29.190000534057617,29.239999771118164,28.850000381469727,28.93000030517578,811000
2013-01-16,21.656824111938477,29.31999969482422,29.399999618530273,29.020000457763672,29.139999389648438,3404100
2013-01-17,21.937503814697266,29.700000762939453,29.75,29.420000076293945,29.450000762939453,6718000
2013-01-18,21.85625457763672,29.59000015258789,29.799999237060547,29.420000076293945,29.700000762939453,2330100
2013-01-22,22.092618942260742,29.90999984741211,29.90999984741211,29.559999465942383,29.559999465942383,2353000
2013-01-23,21.9227294921875,29.68000030517578,29.899999618530273,29.6299991607666,29.899999618530273,1554400
2013-01-24,21.91534423828125,29.670000076293945,29.799999237060547,29.559999465942383,29.709999084472656,1953300
2013-01-25,21.94489288330078,29.709999084472656,29.81999969482422,29.520000457763672,29.6299991607666,1658000
2013-01-28,21.967052459716797,29.739999771118164,30.139999389648438,29.520000457763672,29.75,965200
2013-01-29,22.018747329711914,29.809999465942383,29.90999984741211,29.700000762939453,29.700000762939453,899400
2013-01-30,21.996601104736328,29.780000686645508,29.899999618530273,29.639999389648438,29.790000915527344,1632300
2013-01-31,22.033525466918945,29.829999923706055,29.93000030517578,29.610000610351562,29.719999313354492,1344000
2013-02-01,22.3437557220459,30.25,30.309999465942383,29.889999389648438,30.040000915527344,1313200
2013-02-04,22.07046127319336,29.8799991607666,30.190000534057617,29.84000015258789,30.100000381469727,3003400
2013-02-05,22.328983306884766,30.229999542236328,30.329999923706055,29.989999771118164,30.06999969482422,1055100
2013-02-06,22.42500877380371,30.360000610351562,30.360000610351562,30.040000915527344,30.190000534057617,1078700
2013-02-07,22.439781188964844,30.3799991607666,30.420000076293945,30.139999389648438,30.3799991607666,1185100
2013-02-08,22.506258010864258,30.469999313354492,30.510000228881836,30.3700008392334,30.43000030517578,731700
2013-02-11,22.550569534301758,30.530000686645508,30.579999923706055,30.31999969482422,30.440000534057617,2313300
2013-02-12,22.720457077026367,30.760000228881836,30.799999237060547,30.520000457763672,30.610000610351562,2442900
2013-02-13,22.735227584838867,30.780000686645508,30.860000610351562,30.6200008392334,30.799999237060547,1549000
2013-02-14,22.68352508544922,30.709999084472656,30.81999969482422,30.68000030517578,30.68000030517578,966500
2013-02-15,22.661373138427734,30.68000030517578,30.780000686645508,30.6299991607666,30.729999542236328,762400
2013-02-19,22.77216148376465,30.829999923706055,30.899999618530273,30.709999084472656,30.75,3693400
2013-02-20,22.506258010864258,30.469999313354492,30.969999313354492,30.469999313354492,30.850000381469727,2050700
2013-02-21,22.284658432006836,30.170000076293945,30.59000015258789,30.079999923706055,30.40999984741211,4335900
2013-02-22,22.550569534301758,30.530000686645508,30.540000915527344,30.34000015258789,30.360000610351562,957600
2013-02-25,22.02613639831543,29.81999969482422,30.799999237060547,29.81999969482422,30.799999237060547,2151200
2013-02-26,22.173866271972656,30.020000457763672,30.110000610351562,29.670000076293945,29.899999618530273,3107500
2013-02-27,22.380685806274414,30.299999237060547,30.399999618530273,29.940000534057617,29.950000762939453,909000
2013-02-28,22.432397842407227,30.3700008392334,30.56999969482422,30.209999084472656,30.31999969482422,914600
2013-03-01,22.46193504333496,30.40999984741211,30.469999313354492,29.93000030517578,30.209999084472656,1166600
2013-03-04,22.602275848388672,30.600000381469727,30.6200008392334,30.270000457763672,30.360000610351562,1321600
2013-03-05,22.74262237548828,30.790000915527344,30.969999313354492,30.649999618530273,30.68000030517578,4267500
2013-03-06,22.809097290039062,30.8799991607666,30.969999313354492,30.799999237060547,30.969999313354492,884400
2013-03-07,23.060230255126953,31.219999313354492,31.229999542236328,30.90999984741211,31.010000228881836,1889100
2013-03-08,23.09716796875,31.270000457763672,31.5,31.1200008392334,31.399999618530273,2911100
2013-03-11,23.18579864501953,31.389999389648438,31.479999542236328,31.200000762939453,31.399999618530273,1601800
2013-03-12,23.134096145629883,31.31999969482422,31.459999084472656,31.229999542236328,31.389999389648438,1880900
2013-03-13,23.24488639831543,31.469999313354492,31.520000457763672,31.270000457763672,31.299999237060547,885800
2013-03-14,23.48125457763672,31.790000915527344,31.799999237060547,31.520000457763672,31.59000015258789,1380200
2013-03-15,23.599069595336914,31.850000381469727,31.860000610351562,31.579999923706055,31.68000030517578,1544300
2013-03-18,23.361961364746094,31.530000686645508,31.65999984741211,31.350000381469727,31.540000915527344,1672700
2013-03-19,23.450876235961914,31.649999618530273,31.709999084472656,31.450000762939453,31.65999984741211,1890400
2013-03-20,23.62870216369629,31.889999389648438,31.920000076293945,31.75,31.84000015258789,1261500
2013-03-21,23.473108291625977,31.68000030517578,31.829999923706055,30.440000534057617,31.649999618530273,1508500
2013-03-22,23.510149002075195,31.729999542236328,31.84000015258789,31.639999389648438,31.690000534057617,1128700
2013-03-25,23.554607391357422,31.790000915527344,31.90999984741211,31.6200008392334,31.860000610351562,2078100
2013-03-26,23.643522262573242,31.90999984741211,31.940000534057617,31.739999771118164,31.799999237060547,570000
2013-03-27,23.599069595336914,31.850000381469727,31.860000610351562,31.489999771118164,31.770000457763672,1675600
2013-03-28,23.554607391357422,31.790000915527344,31.8700008392334,31.709999084472656,31.850000381469727,755100
2013-04-01,23.26563835144043,31.399999618530273,31.809999465942383,31.239999771118164,31.809999465942383,1383200
2013-04-02,23.080400466918945,31.149999618530273,31.549999237060547,31.100000381469727,31.549999237060547,1215000
2013-04-03,22.73957061767578,30.690000534057617,31.190000534057617,30.639999389648438,31.190000534057617,1775300
2013-04-04,22.917394638061523,30.93000030517578,30.959999084472656,30.639999389648438,30.75,1377000
2013-04-05,22.94702911376953,30.969999313354492,30.969999313354492,30.190000534057617,30.190000534057617,1568100
2013-04-08,23.087806701660156,31.15999984741211,31.190000534057617,30.649999618530273,30.959999084472656,2032300
2013-04-09,23.043354034423828,31.100000381469727,31.280000686645508,30.979999542236328,31.149999618530273,1293700
2013-04-10,23.406421661376953,31.59000015258789,31.6299991607666,31.149999618530273,31.229999542236328,2259900
2013-04-11,23.287872314453125,31.43000030517578,31.610000610351562,31.360000610351562,31.600000381469727,2537300
2013-04-12,23.124862670898438,31.209999084472656,31.399999618530273,31.079999923706055,31.290000915527344,1548900
2013-04-15,22.369094848632812,30.190000534057617,31.1299991607666,30.190000534057617,31.1299991607666,1584500
2013-04-16,22.64324188232422,30.559999465942383,30.59000015258789,30.260000228881836,30.389999389648438,1285300
2013-04-17,22.29500961303711,30.09000015258789,31.0,29.84000015258789,30.479999542236328,1636200
2013-04-18,22.161632537841797,29.90999984741211,30.290000915527344,29.729999542236328,30.049999237060547,1998000
2013-04-19,22.43578338623047,30.280000686645508,30.5,29.790000915527344,29.93000030517578,1787500
2013-04-22,22.383913040161133,30.209999084472656,30.329999923706055,29.889999389648438,30.329999923706055,2884200
2013-04-23,22.746978759765625,30.700000762939453,30.709999084472656,30.190000534057617,30.260000228881836,1244800
2013-04-24,22.917394638061523,30.93000030517578,30.950000762939453,30.600000381469727,30.670000076293945,801900
2013-04-25,22.96925926208496,31.0,31.170000076293945,30.940000534057617,31.010000228881836,1046900
2013-04-26,22.821075439453125,30.799999237060547,30.979999542236328,30.610000610351562,30.979999542236328,800600
2013-04-29,22.976680755615234,31.010000228881836,31.040000915527344,30.850000381469727,30.850000381469727,1268200
2013-04-30,23.006311416625977,31.049999237060547,31.06999969482422,30.770000457763672,31.030000686645508,1008700
2013-05-01,22.53952407836914,30.420000076293945,30.989999771118164,30.399999618530273,30.989999771118164,1153900
2013-05-02,22.81366729736328,30.790000915527344,30.889999389648438,30.459999084472656,30.459999084472656,1496100
2013-05-03,23.080400466918945,31.149999618530273,31.389999389648438,31.06999969482422,31.110000610351562,1278400
2013-05-06,23.384183883666992,31.559999465942383,31.59000015258789,31.1200008392334,31.149999618530273,3021200
2013-05-07,23.71761703491211,32.0099983215332,32.040000915527344,31.600000381469727,31.6200008392334,4135900
2013-05-08,23.72502326965332,32.02000045776367,32.06999969482422,31.799999237060547,31.979999542236328,1028600
2013-05-09,23.606475830078125,31.860000610351562,32.040000915527344,31.799999237060547,31.90999984741211,425400
2013-05-10,23.680574417114258,31.959999084472656,31.979999542236328,31.770000457763672,31.860000610351562,526900
2013-05-13,23.732439041137695,32.029998779296875,32.150001525878906,31.809999465942383,31.90999984741211,2447100
2013-05-14,24.04363441467285,32.45000076293945,32.470001220703125,31.989999771118164,32.06999969482422,2415200
2013-05-15,24.169593811035156,32.619998931884766,32.72999954223633,32.31999969482422,32.400001525878906,1185400
2013-05-16,24.1029052734375,32.529998779296875,32.790000915527344,32.459999084472656,32.459999084472656,938100
2013-05-17,24.4215087890625,32.959999084472656,33.0,32.59000015258789,32.59000015258789,1176900
2013-05-20,24.56229591369629,33.150001525878906,33.2400016784668,32.90999984741211,32.91999816894531,1551800
2013-05-21,24.56229591369629,33.150001525878906,33.2400016784668,32.9900016784668,33.189998626708984,2930100
2013-05-22,24.176998138427734,32.630001068115234,33.4900016784668,32.470001220703125,33.220001220703125,2797100
2013-05-23,24.11772346496582,32.54999923706055,32.599998474121094,32.150001525878906,32.33000183105469,3252700
2013-05-24,24.21404457092285,32.68000030517578,32.68000030517578,32.25,32.400001525878906,954200
2013-05-28,24.510427474975586,33.08000183105469,33.369998931884766,32.900001525878906,33.06999969482422,1033000
2013-05-29,24.399280548095703,32.93000030517578,33.15999984741211,32.7599983215332,32.939998626708984,2631200
2013-05-30,24.636388778686523,33.25,33.33000183105469,32.900001525878906,32.939998626708984,1038300
2013-05-31,24.31777572631836,32.81999969482422,33.27000045776367,32.790000915527344,33.060001373291016,1298300
2013-06-03,24.340011596679688,32.849998474121094,33.060001373291016,32.31999969482422,32.95000076293945,2702200
2013-06-04,24.154767990112305,32.599998474121094,33.060001373291016,32.40999984741211,32.900001525878906,1812700
2013-06-05,23.821352005004883,32.150001525878906,32.630001068115234,32.099998474121094,32.560001373291016,2402300
2013-06-06,24.028820037841797,32.43000030517578,32.45000076293945,31.90999984741211,32.099998474121094,1772700
2013-06-07,24.31777572631836,32.81999969482422,32.86000061035156,32.41999816894531,32.5099983215332,827100
2013-06-10,24.554887771606445,33.13999938964844,33.16999816894531,32.7599983215332,32.9900016784668,1643700
2013-06-11,24.228872299194336,32.70000076293945,33.04999923706055,32.599998474121094,32.75,727300
2013-06-12,23.947301864624023,32.31999969482422,32.959999084472656,32.2400016784668,32.77000045776367,1447100
2013-06-13,24.340011596679688,32.849998474121094,32.86000061035156,32.130001068115234,32.25,4157500
2013-06-14,23.925079345703125,32.290000915527344,32.84000015258789,32.209999084472656,32.84000015258789,2247700
2013-06-17,24.073270797729492,32.4900016784668,32.650001525878906,32.29999923706055,32.470001220703125,786200
2013-06-18,24.32518196105957,32.83000183105469,32.91999816894531,32.45000076293945,32.540000915527344,1344900
2013-06-19,24.206640243530273,32.66999816894531,32.959999084472656,32.59000015258789,32.849998474121094,2148900
2013-06-20,24.14736557006836,32.59000015258789,32.849998474121094,32.220001220703125,32.400001525878906,4541600
2013-06-21,24.403377532958984,32.790000915527344,32.83000183105469,32.349998474121094,32.630001068115234,3804600
2013-06-24,24.247095108032227,32.58000183105469,32.790000915527344,32.34000015258789,32.5099983215332,2446700
2013-06-25,24.760610580444336,33.27000045776367,33.33000183105469,32.58000183105469,32.9900016784668,5801000
2013-06-26,24.827592849731445,33.36000061035156,33.70000076293945,33.189998626708984,33.56999969482422,5068500
2013-06-27,25.281578063964844,33.970001220703125,34.029998779296875,33.5,33.630001068115234,4125000
2013-06-28,25.21459197998047,33.880001068115234,34.08000183105469,33.720001220703125,33.869998931884766,2704100
2013-07-01,25.6685733795166,34.4900016784668,34.779998779296875,34.060001373291016,34.119998931884766,4468000
2013-07-02,25.914165496826172,34.81999969482422,35.13999938964844,34.4900016784668,34.5,6916000
2013-07-03,26.010927200317383,34.95000076293945,35.040000915527344,34.599998474121094,34.720001220703125,1409800
2013-07-05,26.74027442932129,35.93000030517578,35.95000076293945,35.209999084472656,35.2599983215332,4317500
2013-07-08,26.73282814025879,35.91999816894531,36.540000915527344,35.88999938964844,36.22999954223633,5894700
2013-07-09,26.859352111816406,36.09000015258789,36.189998626708984,35.59000015258789,36.150001525878906,4762900
2013-07-10,26.5690975189209,35.70000076293945,36.099998474121094,35.529998779296875,36.04999923706055,3722400
2013-07-11,26.12999725341797,35.11000061035156,36.13999938964844,35.08000183105469,36.13999938964844,10001300
2013-07-12,26.45001220703125,35.540000915527344,35.630001068115234,35.130001068115234,35.15999984741211,3335900
2013-07-15,26.710498809814453,35.88999938964844,35.91999816894531,35.58000183105469,35.810001373291016,2379600
2013-07-16,26.43512725830078,35.52000045776367,36.0,35.06999969482422,35.959999084472656,4651300
2013-07-17,26.606307983398438,35.75,35.86000061035156,35.52000045776367,35.63999938964844,3008500
2013-07-18,27.119821548461914,36.439998626708984,36.47999954223633,35.72999954223633,35.77000045776367,3928100
2013-07-19,27.261232376098633,36.630001068115234,36.630001068115234,36.22999954223633,36.22999954223633,1787800
2013-07-22,27.491941452026367,36.939998626708984,37.029998779296875,36.52000045776367,36.66999816894531,3397800
2013-07-23,27.715213775634766,37.2400016784668,37.310001373291016,36.79999923706055,37.08000183105469,3059400
2013-07-24,27.84173011779785,37.40999984741211,37.630001068115234,37.2599983215332,37.38999938964844,3066600
2013-07-25,27.670560836791992,37.18000030517578,37.529998779296875,37.0,37.349998474121094,6384100
2013-07-26,27.566368103027344,37.040000915527344,37.08000183105469,36.849998474121094,36.959999084472656,2001500
2013-07-29,27.313325881958008,36.70000076293945,37.04999923706055,36.5099983215332,36.95000076293945,2896400
2013-07-30,27.313325881958008,36.70000076293945,37.099998474121094,36.61000061035156,36.880001068115234,2772500
2013-07-31,27.38774871826172,36.79999923706055,37.45000076293945,36.7400016784668,36.810001373291016,3663400
2013-08-01,27.923595428466797,37.52000045776367,37.650001525878906,36.970001220703125,37.119998931884766,2718500
2013-08-02,27.901275634765625,37.4900016784668,37.54999923706055,37.13999938964844,37.41999816894531,2055400
2013-08-05,27.938493728637695,37.540000915527344,37.720001220703125,37.290000915527344,37.439998626708984,2154400
2013-08-06,27.64079475402832,37.13999938964844,37.560001373291016,37.06999969482422,37.5099983215332,1833500
2013-08-07,27.380321502685547,36.790000915527344,37.13999938964844,36.61000061035156,37.040000915527344,2288800
2013-08-08,27.454729080200195,36.88999938964844,37.220001220703125,36.70000076293945,37.029998779296875,1276600
2013-08-09,27.350543975830078,36.75,37.040000915527344,36.70000076293945,36.83000183105469,956000
2013-08-12,27.417526245117188,36.84000015258789,36.939998626708984,36.5,36.560001373291016,1293300
2013-08-13,27.499391555786133,36.95000076293945,37.0099983215332,36.470001220703125,36.97999954223633,1534100
2013-08-14,27.484498977661133,36.93000030517578,37.18000030517578,36.88999938964844,36.90999984741211,755400
2013-08-15,27.20914077758789,36.560001373291016,36.77000045776367,36.43000030517578,36.52000045776367,1583600
2013-08-16,27.246347427368164,36.61000061035156,36.9900016784668,36.41999816894531,36.560001373291016,1944800
2013-08-19,26.99330711364746,36.27000045776367,36.58000183105469,36.2400016784668,36.540000915527344,1871200
2013-08-20,27.424955368041992,36.849998474121094,36.939998626708984,36.279998779296875,36.290000915527344,2206100
2013-08-21,27.201688766479492,36.54999923706055,36.900001525878906,36.380001068115234,36.58000183105469,2135700
2013-08-22,27.581249237060547,37.060001373291016,37.20000076293945,36.599998474121094,36.599998474121094,1755200
2013-08-23,27.46961212158203,36.90999984741211,37.220001220703125,36.709999084472656,37.20000076293945,2018700
2013-08-26,27.201688766479492,36.54999923706055,36.9900016784668,36.540000915527344,36.959999084472656,1882500
2013-08-27,26.286287307739258,35.31999969482422,36.189998626708984,35.29999923706055,36.15999984741211,4783500
2013-08-28,26.3383846282959,35.38999938964844,35.63999938964844,35.15999984741211,35.29999923706055,1982200
2013-08-29,26.531877517700195,35.650001525878906,35.88999938964844,35.31999969482422,35.36000061035156,2127800
2013-08-30,26.137435913085938,35.119998931884766,35.779998779296875,35.04999923706055,35.779998779296875,2679500
2013-09-03,26.085344314575195,35.04999923706055,35.970001220703125,34.720001220703125,35.349998474121094,3083400
2013-09-04,26.182086944580078,35.18000030517578,35.459999084472656,34.97999954223633,35.06999969482422,2202700
2013-09-05,26.383039474487305,35.45000076293945,35.61000061035156,35.18000030517578,35.27000045776367,2138200
2013-09-06,26.360708236694336,35.41999816894531,35.59000015258789,34.77000045776367,35.54999923706055,2701900
2013-09-09,26.502107620239258,35.61000061035156,35.63999938964844,35.20000076293945,35.470001220703125,3643100
2013-09-10,26.717947006225586,35.900001525878906,35.95000076293945,35.65999984741211,35.84000015258789,2255600
2013-09-11,26.5690975189209,35.70000076293945,35.95000076293945,35.599998474121094,35.88999938964844,2768500
2013-09-12,26.43512725830078,35.52000045776367,35.849998474121094,35.52000045776367,35.7400016784668,2172900
2013-09-13,26.502107620239258,35.61000061035156,35.65999984741211,35.310001373291016,35.59000015258789,2454900
2013-09-16,26.583984375,35.720001220703125,35.939998626708984,35.63999938964844,35.880001068115234,3406000
2013-09-17,26.94865608215332,36.209999084472656,36.220001220703125,35.65999984741211,35.790000915527344,3777600
2013-09-18,26.74027442932129,35.93000030517578,36.4900016784668,35.900001525878906,36.22999954223633,6541700
2013-09-19,26.256519317626953,35.279998779296875,36.099998474121094,35.08000183105469,36.0099983215332,11228800
2013-09-20,26.5637149810791,35.540000915527344,35.59000015258789,35.16999816894531,35.290000915527344,4678300
2013-09-23,26.36190414428711,35.27000045776367,35.41999816894531,34.90999984741211,35.40999984741211,3124700
2013-09-24,26.47402000427246,35.41999816894531,35.689998626708984,35.06999969482422,35.22999954223633,2549100
2013-09-25,26.58613395690918,35.56999969482422,35.81999969482422,35.16999816894531,35.52000045776367,2115100
2013-09-26,26.49643898010254,35.45000076293945,35.810001373291016,35.2400016784668,35.619998931884766,1839900
2013-09-27,26.49643898010254,35.45000076293945,35.72999954223633,35.209999084472656,35.310001373291016,2295000
2013-09-30,26.645923614501953,35.650001525878906,35.650001525878906,35.0099983215332,35.20000076293945,3232200
2013-10-01,27.027122497558594,36.15999984741211,36.16999816894531,35.4900016784668,35.4900016784668,4317600
2013-10-02,26.758039474487305,35.79999923706055,35.970001220703125,35.68000030517578,35.970001220703125,3616500
2013-10-03,26.63845443725586,35.63999938964844,35.790000915527344,35.41999816894531,35.7599983215332,2133600
2013-10-04,26.870162963867188,35.95000076293945,35.9900016784668,35.58000183105469,35.70000076293945,1688000
2013-10-07,26.414226531982422,35.34000015258789,35.68000030517578,35.31999969482422,35.65999984741211,2757000
2013-10-08,26.189992904663086,35.040000915527344,35.38999938964844,35.040000915527344,35.31999969482422,3653900
2013-10-09,26.257266998291016,35.130001068115234,35.29999923706055,35.02000045776367,35.150001525878906,2395500
2013-10-10,26.862688064575195,35.939998626708984,35.9900016784668,35.459999084472656,35.5099983215332,2265300
2013-10-11,27.393362045288086,36.650001525878906,36.68000030517578,35.66999816894531,35.900001525878906,5422300
2013-10-14,27.505481719970703,36.79999923706055,36.849998474121094,36.38999938964844,36.38999938964844,2098700
2013-10-15,27.2812442779541,36.5,36.869998931884766,36.439998626708984,36.75,3044700
2013-10-16,27.67738151550293,37.029998779296875,37.25,36.650001525878906,36.66999816894531,5722700
2013-10-17,27.8343448638916,37.2400016784668,37.279998779296875,36.709999084472656,36.849998474121094,3754300
2013-10-18,28.021203994750977,37.4900016784668,37.619998931884766,37.06999969482422,37.38999938964844,2543900
2013-10-21,28.125837326049805,37.630001068115234,37.709999084472656,37.310001373291016,37.349998474121094,2302600
2013-10-22,28.110891342163086,37.61000061035156,37.709999084472656,37.380001068115234,37.529998779296875,4078300
2013-10-23,28.140792846679688,37.650001525878906,37.72999954223633,37.279998779296875,37.36000061035156,2115900
2013-10-24,28.223011016845703,37.7599983215332,37.81999969482422,37.47999954223633,37.599998474121094,2369700
2013-10-25,28.260366439819336,37.810001373291016,37.95000076293945,37.63999938964844,37.810001373291016,1120200
2013-10-28,28.43230628967285,38.040000915527344,38.09000015258789,37.709999084472656,37.810001373291016,2119500
2013-10-29,28.305221557617188,37.869998931884766,38.11000061035156,37.599998474121094,38.029998779296875,2171600
2013-10-30,28.237957000732422,37.779998779296875,38.02000045776367,37.7599983215332,37.900001525878906,2650500
2013-10-31,27.9315128326416,37.369998931884766,37.83000183105469,37.349998474121094,37.77000045776367,2265900
2013-11-01,27.879192352294922,37.29999923706055,37.619998931884766,37.04999923706055,37.43000030517578,2072200
2013-11-04,27.991310119628906,37.45000076293945,37.470001220703125,37.11000061035156,37.45000076293945,841400
2013-11-05,27.998775482177734,37.459999084472656,37.599998474121094,37.15999984741211,37.349998474121094,801800
2013-11-06,28.163223266601562,37.68000030517578,37.7400016784668,37.4900016784668,37.63999938964844,1182500
2013-11-07,27.8343448638916,37.2400016784668,37.880001068115234,37.2400016784668,37.56999969482422,1457500
2013-11-08,28.925596237182617,38.70000076293945,38.720001220703125,37.290000915527344,37.290000915527344,8904000
2013-11-11,28.641571044921875,38.31999969482422,38.790000915527344,38.25,38.779998779296875,2503200
2013-11-12,28.357547760009766,37.939998626708984,38.31999969482422,37.790000915527344,38.25,1685000
2013-11-13,28.61167335510254,38.279998779296875,38.279998779296875,37.68000030517578,37.849998474121094,1976500
2013-11-14,28.7462158203125,38.459999084472656,38.5099983215332,38.119998931884766,38.369998931884766,2031600
2013-11-15,28.656518936157227,38.34000015258789,38.59000015258789,38.099998474121094,38.56999969482422,2816000
2013-11-18,28.641571044921875,38.31999969482422,38.7599983215332,38.209999084472656,38.45000076293945,2842900
2013-11-19,28.619150161743164,38.290000915527344,38.529998779296875,38.130001068115234,38.34000015258789,1775700
2013-11-20,28.63408851623535,38.310001373291016,38.5099983215332,38.09000015258789,38.38999938964844,1492400
2013-11-21,29.187198638916016,39.04999923706055,39.150001525878906,38.40999984741211,38.470001220703125,2128300
2013-11-22,29.45627784729004,39.40999984741211,39.43000030517578,38.849998474121094,39.150001525878906,2044600
2013-11-25,29.583335876464844,39.58000183105469,39.779998779296875,39.36000061035156,39.56999969482422,2565800
2013-11-26,29.747758865356445,39.79999923706055,39.86000061035156,39.4900016784668,39.54999923706055,2509100
2013-11-27,29.912200927734375,40.02000045776367,40.130001068115234,39.709999084472656,39.86000061035156,2533500
2013-11-29,29.86736297607422,39.959999084472656,40.220001220703125,39.880001068115234,40.130001068115234,1379500
2013-12-02,29.5908145904541,39.59000015258789,40.18000030517578,39.540000915527344,39.959999084472656,1998800
2013-12-03,29.20214080810547,39.06999969482422,39.68000030517578,38.84000015258789,39.349998474121094,3383300
2013-12-04,29.329206466674805,39.2400016784668,39.5099983215332,38.869998931884766,39.029998779296875,1766300
2013-12-05,29.321741104125977,39.22999954223633,39.33000183105469,39.060001373291016,39.150001525878906,1290500
2013-12-06,29.844942092895508,39.93000030517578,40.09000015258789,39.599998474121094,39.65999984741211,2998100
2013-12-09,29.74030113220215,39.790000915527344,40.099998474121094,39.65999984741211,39.9900016784668,2461300
2013-12-10,29.426355361938477,39.369998931884766,39.900001525878906,39.290000915527344,39.709999084472656,2345300
2013-12-11,29.060134887695312,38.880001068115234,39.459999084472656,38.810001373291016,39.439998626708984,2482500
2013-12-12,29.254472732543945,39.13999938964844,39.33000183105469,38.880001068115234,38.880001068115234,1899600
2013-12-13,29.20214080810547,39.06999969482422,39.380001068115234,38.810001373291016,39.2599983215332,2651800
2013-12-16,29.650606155395508,39.66999816894531,39.7400016784668,39.15999984741211,39.36000061035156,2431900
2013-12-17,29.4936466217041,39.459999084472656,39.779998779296875,39.27000045776367,39.66999816894531,2524900
2013-12-18,29.919679641723633,40.029998779296875,40.060001373291016,39.18000030517578,39.560001373291016,3618800
2013-12-19,29.717878341674805,39.7599983215332,40.0099983215332,39.709999084472656,39.91999816894531,2512300
2013-12-20,30.094623565673828,40.099998474121094,40.119998931884766,39.52000045776367,39.58000183105469,2566200
2013-12-23,30.597440719604492,40.77000045776367,40.81999969482422,40.189998626708984,40.25,4932600
2013-12-24,30.58244514465332,40.75,41.0,40.720001220703125,40.83000183105469,728300
2013-12-26,30.552406311035156,40.709999084472656,40.959999084472656,40.650001525878906,40.88999938964844,4429500
2013-12-27,30.53740692138672,40.689998626708984,40.91999816894531,40.529998779296875,40.79999923706055,1855800
2013-12-30,30.379798889160156,40.47999954223633,40.70000076293945,40.43000030517578,40.70000076293945,902100
2013-12-31,30.477373123168945,40.61000061035156,40.689998626708984,40.5099983215332,40.58000183105469,1588800
2014-01-02,30.01207160949707,39.9900016784668,40.52000045776367,39.93000030517578,40.5,5415500
2014-01-03,30.042089462280273,40.029998779296875,40.20000076293945,39.880001068115234,40.040000915527344,1177000
2014-01-06,29.831953048706055,39.75,40.349998474121094,39.7400016784668,40.20000076293945,2224700
2014-01-07,30.094623565673828,40.099998474121094,40.40999984741211,39.810001373291016,39.849998474121094,2184700
2014-01-08,30.124637603759766,40.13999938964844,40.2400016784668,39.95000076293945,40.13999938964844,1471700
2014-01-09,30.349790573120117,40.439998626708984,40.529998779296875,40.220001220703125,40.279998779296875,1901200
2014-01-10,30.30475616455078,40.380001068115234,40.40999984741211,40.06999969482422,40.349998474121094,2130500
2014-01-13,29.967041015625,39.93000030517578,40.47999954223633,39.70000076293945,40.33000183105469,4103000
2014-01-14,30.07209587097168,40.06999969482422,40.150001525878906,39.75,40.02000045776367,2293800
2014-01-15,30.207197189331055,40.25,40.529998779296875,40.16999816894531,40.22999954223633,3186400
2014-01-16,29.959529876708984,39.91999816894531,40.2400016784668,39.72999954223633,40.119998931884766,4491400
2014-01-17,30.064590454101562,40.060001373291016,40.20000076293945,39.75,39.810001373291016,3652400
2014-01-21,30.7025146484375,40.90999984741211,40.95000076293945,40.34000015258789,40.349998474121094,4919500
2014-01-22,30.89764404296875,41.16999816894531,41.2400016784668,40.849998474121094,40.959999084472656,1976800
2014-01-23,30.454853057861328,40.58000183105469,40.95000076293945,40.2400016784668,40.95000076293945,3700700
2014-01-24,29.90699005126953,39.849998474121094,40.439998626708984,39.720001220703125,40.2599983215332,2711600
2014-01-27,29.471710205078125,39.27000045776367,40.040000915527344,39.25,39.849998474121094,4416700
2014-01-28,29.501726150512695,39.310001373291016,39.61000061035156,39.119998931884766,39.31999969482422,2668700
2014-01-29,28.94637107849121,38.56999969482422,39.16999816894531,38.5,38.9900016784668,4661900
2014-01-30,29.269088745117188,39.0,39.150001525878906,38.5099983215332,38.790000915527344,3319300
2014-01-31,28.70621681213379,38.25,38.77000045776367,38.25,38.400001525878906,3583200
2014-02-03,27.64801597595215,36.84000015258789,38.369998931884766,36.81999969482422,38.15999984741211,5575500
2014-02-04,28.17336654663086,37.540000915527344,37.77000045776367,36.810001373291016,37.029998779296875,3969700
2014-02-05,28.0908145904541,37.43000030517578,37.56999969482422,37.15999984741211,37.369998931884766,1841500
2014-02-06,28.40601921081543,37.849998474121094,37.849998474121094,37.290000915527344,37.43000030517578,2954800
2014-02-07,28.451047897338867,37.90999984741211,38.18000030517578,37.58000183105469,38.029998779296875,2634300
2014-02-10,28.46605682373047,37.93000030517578,38.08000183105469,37.52000045776367,37.91999816894531,2117800
2014-02-11,28.87881851196289,38.47999954223633,38.54999923706055,37.88999938964844,37.959999084472656,4374500
2014-02-12,28.826295852661133,38.40999984741211,39.040000915527344,38.2599983215332,38.65999984741211,3326900
2014-02-13,28.916349411010742,38.529998779296875,38.58000183105469,37.970001220703125,38.08000183105469,1513600
2014-02-14,29.118988037109375,38.79999923706055,38.84000015258789,38.369998931884766,38.369998931884766,1583200
2014-02-18,29.20903968811035,38.91999816894531,39.11000061035156,38.63999938964844,38.849998474121094,951300
2014-02-19,28.391000747680664,37.83000183105469,38.88999938964844,37.70000076293945,38.84000015258789,10772000
2014-02-20,28.398508071899414,37.84000015258789,38.060001373291016,37.43000030517578,37.93000030517578,10410300
2014-02-21,28.631166458129883,38.150001525878906,38.27000045776367,37.88999938964844,37.95000076293945,7456000
2014-02-24,29.17902374267578,38.880001068115234,39.029998779296875,38.13999938964844,38.13999938964844,4599900
2014-02-25,29.013916015625,38.65999984741211,38.91999816894531,38.599998474121094,38.83000183105469,1739100
2014-02-26,29.38915252685547,39.15999984741211,39.279998779296875,38.650001525878906,38.650001525878906,3397500
2014-02-27,29.56927490234375,39.400001525878906,39.43000030517578,38.93000030517578,39.099998474121094,1809900
2014-02-28,29.937015533447266,39.88999938964844,40.16999816894531,39.38999938964844,39.38999938964844,4834500
2014-03-03,29.70436668395996,39.58000183105469,39.599998474121094,39.189998626708984,39.33000183105469,3133700
2014-03-04,30.3873233795166,40.4900016784668,40.66999816894531,39.93000030517578,39.93000030517578,2676200
2014-03-05,30.36480140686035,40.459999084472656,40.560001373291016,40.25,40.439998626708984,1765000
2014-03-06,30.56744384765625,40.72999954223633,40.84000015258789,40.41999816894531,40.5,2604500
2014-03-07,30.9051513671875,41.18000030517578,41.470001220703125,40.84000015258789,40.93000030517578,4291900
2014-03-10,30.942670822143555,41.22999954223633,41.310001373291016,40.91999816894531,41.13999938964844,2097200
2014-03-11,30.83009910583496,41.08000183105469,41.310001373291016,40.790000915527344,41.20000076293945,5671500
2014-03-12,30.755043029785156,40.97999954223633,40.9900016784668,40.439998626708984,40.90999984741211,3420100
2014-03-13,30.612459182739258,40.790000915527344,41.22999954223633,40.529998779296875,41.09000015258789,3249600
2014-03-14,30.6875,40.88999938964844,41.15999984741211,40.4900016784668,40.5,2800300
2014-03-17,30.8901424407959,41.15999984741211,41.40999984741211,40.97999954223633,40.9900016784668,2135400
2014-03-18,31.03272819519043,41.349998474121094,41.45000076293945,41.060001373291016,41.16999816894531,1342100
2014-03-19,31.23535919189453,41.619998931884766,42.029998779296875,41.13999938964844,41.41999816894531,4940600
2014-03-20,31.873281478881836,42.470001220703125,42.529998779296875,41.529998779296875,41.560001373291016,8106100
2014-03-21,31.624177932739258,42.02000045776367,42.790000915527344,41.93000030517578,42.400001525878906,4887000
2014-03-24,31.49622344970703,41.849998474121094,42.43000030517578,41.66999816894531,42.20000076293945,3500600
2014-03-25,31.473649978637695,41.81999969482422,42.119998931884766,41.63999938964844,42.08000183105469,2855800
2014-03-26,31.052186965942383,41.2599983215332,42.06999969482422,41.25,42.04999923706055,3735600
2014-03-27,30.45012092590332,40.459999084472656,41.439998626708984,40.459999084472656,41.27000045776367,3845300
2014-03-28,30.56300926208496,40.61000061035156,41.18000030517578,40.369998931884766,40.5099983215332,2764100
2014-03-31,31.14250373840332,41.380001068115234,41.470001220703125,40.7599983215332,40.7599983215332,2122000
2014-04-01,31.722002029418945,42.150001525878906,42.27000045776367,41.22999954223633,41.560001373291016,5444600
2014-04-02,31.6919002532959,42.11000061035156,42.36000061035156,41.880001068115234,42.279998779296875,2936100
2014-04-03,31.72953987121582,42.15999984741211,42.27000045776367,41.849998474121094,42.119998931884766,2461500
2014-04-04,31.022092819213867,41.220001220703125,42.4900016784668,41.130001068115234,42.38999938964844,5827000
2014-04-07,30.75867462158203,40.869998931884766,41.18000030517578,40.56999969482422,41.060001373291016,4808500
2014-04-08,30.698476791381836,40.790000915527344,41.279998779296875,40.630001068115234,40.869998931884766,3347700
2014-04-09,30.593109130859375,40.650001525878906,40.91999816894531,40.459999084472656,40.91999816894531,3010500
2014-04-10,29.68246078491211,39.439998626708984,40.650001525878906,39.31999969482422,40.58000183105469,6042600
2014-04-11,29.44162940979004,39.119998931884766,39.70000076293945,38.77000045776367,39.20000076293945,3805500
2014-04-14,29.546987533569336,39.2599983215332,39.65999984741211,38.84000015258789,39.52000045776367,1839500
2014-04-15,29.614728927612305,39.349998474121094,39.630001068115234,38.77000045776367,39.060001373291016,4299200
2014-04-16,29.765256881713867,39.54999923706055,39.63999938964844,39.2599983215332,39.63999938964844,2525700
2014-04-17,29.991029739379883,39.849998474121094,39.93000030517578,39.349998474121094,39.52000045776367,5878700
2014-04-21,29.8480281829834,39.65999984741211,40.02000045776367,39.52000045776367,39.79999923706055,1765300
2014-04-22,30.036184310913086,39.90999984741211,40.27000045776367,39.4900016784668,39.65999984741211,2582900
2014-04-23,30.111438751220703,40.0099983215332,40.13999938964844,39.7400016784668,39.810001373291016,1815800
2014-04-24,29.569568634033203,39.290000915527344,40.08000183105469,39.22999954223633,40.08000183105469,2524500
2014-04-25,29.185752868652344,38.779998779296875,39.20000076293945,38.72999954223633,39.150001525878906,2066100
2014-04-28,28.967498779296875,38.4900016784668,39.04999923706055,38.15999984741211,38.959999084472656,3810500
2014-04-29,28.786876678466797,38.25,38.81999969482422,38.189998626708984,38.529998779296875,2887500
2014-04-30,28.967498779296875,38.4900016784668,38.54999923706055,37.900001525878906,38.16999816894531,3100100
2014-05-01,28.862131118774414,38.349998474121094,38.720001220703125,37.91999816894531,38.459999084472656,2646800
2014-05-02,29.012645721435547,38.54999923706055,39.18000030517578,38.40999984741211,38.5099983215332,3109300
2014-05-05,28.779338836669922,38.2400016784668,38.38999938964844,37.900001525878906,38.2599983215332,1207300
2014-05-06,28.357894897460938,37.68000030517578,38.34000015258789,37.65999984741211,38.13999938964844,3565000
2014-05-07,28.643884658813477,38.060001373291016,38.06999969482422,37.33000183105469,37.709999084472656,2839000
2014-05-08,28.51593589782715,37.88999938964844,38.439998626708984,37.790000915527344,37.93000030517578,2908400
2014-05-09,28.764286041259766,38.220001220703125,38.220001220703125,37.58000183105469,37.86000061035156,1669200
2014-05-12,29.306169509887695,38.939998626708984,39.040000915527344,38.2400016784668,38.36000061035156,4392200
2014-05-13,28.929859161376953,38.439998626708984,38.959999084472656,38.43000030517578,38.959999084472656,2702600
2014-05-14,28.28264045715332,37.58000183105469,38.36000061035156,37.470001220703125,38.33000183105469,3000100
2014-05-15,28.132118225097656,37.380001068115234,37.43000030517578,36.59000015258789,37.380001068115234,5511100
2014-05-16,28.071903228759766,37.29999923706055,37.380001068115234,36.95000076293945,37.279998779296875,2038200
2014-05-19,28.52346420288086,37.900001525878906,37.90999984741211,37.119998931884766,37.119998931884766,2799000
2014-05-20,28.229949951171875,37.5099983215332,37.880001068115234,37.2400016784668,37.83000183105469,3538600
2014-05-21,28.425628662109375,37.77000045776367,38.060001373291016,37.45000076293945,37.7400016784668,2137300
2014-05-22,28.568613052368164,37.959999084472656,38.06999969482422,37.689998626708984,37.72999954223633,1940800
2014-05-23,28.704086303710938,38.13999938964844,38.290000915527344,37.91999816894531,37.939998626708984,1324900
2014-05-27,29.05028533935547,38.599998474121094,38.81999969482422,38.209999084472656,38.209999084472656,3503900
2014-05-28,28.84708023071289,38.33000183105469,38.5,38.06999969482422,38.40999984741211,2822000
2014-05-29,28.832021713256836,38.310001373291016,38.45000076293945,38.130001068115234,38.380001068115234,3500700
2014-05-30,28.816974639892578,38.290000915527344,38.650001525878906,38.209999084472656,38.29999923706055,2394200
2014-06-02,29.14812660217285,38.72999954223633,38.779998779296875,38.0,38.43000030517578,4333000
2014-06-03,29.24596405029297,38.86000061035156,39.16999816894531,38.58000183105469,38.66999816894531,4028000
2014-06-04,29.313688278198242,38.95000076293945,39.08000183105469,38.790000915527344,38.810001373291016,2932200
2014-06-05,29.878143310546875,39.70000076293945,39.810001373291016,38.7599983215332,39.11000061035156,3586000
2014-06-06,30.186702728271484,40.11000061035156,40.29999923706055,39.7599983215332,39.880001068115234,2956900
2014-06-09,30.6533260345459,40.72999954223633,40.7599983215332,40.08000183105469,40.16999816894531,3258800
2014-06-10,30.525379180908203,40.560001373291016,40.689998626708984,40.34000015258789,40.689998626708984,2590000
2014-06-11,30.16413688659668,40.08000183105469,40.41999816894531,39.970001220703125,40.349998474121094,1539600
2014-06-12,30.051244735717773,39.93000030517578,40.2400016784668,39.7400016784668,40.119998931884766,3070300
2014-06-13,29.97597312927246,39.83000183105469,40.38999938964844,39.720001220703125,40.040000915527344,3173000
2014-06-16,29.802867889404297,39.599998474121094,39.79999923706055,39.380001068115234,39.779998779296875,2860000
2014-06-17,30.344745635986328,40.31999969482422,40.529998779296875,39.47999954223633,39.47999954223633,2402500
2014-06-18,30.54794692993164,40.59000015258789,40.68000030517578,40.08000183105469,40.38999938964844,5256700
2014-06-19,30.397422790527344,40.38999938964844,40.720001220703125,40.20000076293945,40.720001220703125,2941600
2014-06-20,30.55386734008789,40.43000030517578,40.59000015258789,40.220001220703125,40.34000015258789,1972600
2014-06-23,30.37249755859375,40.189998626708984,40.5,40.099998474121094,40.38999938964844,1112000
2014-06-24,30.107995986938477,39.84000015258789,40.61000061035156,39.81999969482422,40.08000183105469,3212100
2014-06-25,30.31959342956543,40.119998931884766,40.18000030517578,39.20000076293945,39.65999984741211,3048900
2014-06-26,30.36493682861328,40.18000030517578,40.220001220703125,39.529998779296875,40.0099983215332,1956500
2014-06-27,30.478286743164062,40.33000183105469,40.380001068115234,39.97999954223633,40.02000045776367,1820700
2014-06-30,30.470735549926758,40.31999969482422,40.380001068115234,39.93000030517578,40.220001220703125,2335800
2014-07-01,30.856155395507812,40.83000183105469,41.29999923706055,40.33000183105469,40.45000076293945,3299500
2014-07-02,30.576547622680664,40.459999084472656,41.040000915527344,40.400001525878906,40.91999816894531,2614900
2014-07-03,31.09043312072754,41.13999938964844,41.189998626708984,40.7599983215332,40.79999923706055,2025200
2014-07-07,30.77303123474121,40.720001220703125,41.029998779296875,40.65999984741211,41.029998779296875,1790500
2014-07-08,30.33470916748047,40.13999938964844,40.7400016784668,40.04999923706055,40.58000183105469,3291700
2014-07-09,30.36493682861328,40.18000030517578,40.52000045776367,40.150001525878906,40.31999969482422,2245000
2014-07-10,30.070213317871094,39.790000915527344,40.04999923706055,39.369998931884766,39.52000045776367,2329300
2014-07-11,30.024856567382812,39.72999954223633,39.88999938964844,39.349998474121094,39.65999984741211,2542200
2014-07-14,30.055084228515625,39.77000045776367,40.18000030517578,39.70000076293945,40.0,2193500
2014-07-15,30.31959342956543,40.119998931884766,40.20000076293945,39.709999084472656,39.880001068115234,2752100
2014-07-16,29.851037979125977,39.5,40.2599983215332,39.439998626708984,40.25,2065200
2014-07-17,29.15577507019043,38.58000183105469,39.380001068115234,38.43000030517578,39.33000183105469,4600700
2014-07-18,29.435394287109375,38.95000076293945,39.16999816894531,38.54999923706055,38.689998626708984,3353500
2014-07-21,29.31448745727539,38.790000915527344,38.90999984741211,38.529998779296875,38.84000015258789,2184800
2014-07-22,29.19356346130371,38.630001068115234,39.130001068115234,38.56999969482422,38.939998626708984,3055900
2014-07-23,29.186016082763672,38.619998931884766,38.709999084472656,38.38999938964844,38.630001068115234,3834200
2014-07-24,29.541196823120117,39.09000015258789,39.209999084472656,38.720001220703125,38.790000915527344,4025000
2014-07-25,29.563867568969727,39.119998931884766,39.209999084472656,38.79999923706055,38.900001525878906,2141500
2014-07-28,29.238910675048828,38.689998626708984,39.27000045776367,38.52000045776367,39.20000076293945,3850100
2014-07-29,29.254013061523438,38.709999084472656,38.9900016784668,38.66999816894531,38.66999816894531,1428900
2014-07-30,29.52607536315918,39.06999969482422,39.33000183105469,38.790000915527344,39.0,3251800
2014-07-31,29.04242706298828,38.43000030517578,39.040000915527344,38.40999984741211,38.630001068115234,3046700
2014-08-01,28.61165428161621,37.86000061035156,38.47999954223633,37.66999816894531,38.2599983215332,2087600
2014-08-04,28.558752059936523,37.790000915527344,38.119998931884766,37.43000030517578,37.939998626708984,3393200
2014-08-05,28.520971298217773,37.7400016784668,38.04999923706055,37.560001373291016,37.619998931884766,3607600
2014-08-06,28.6796817779541,37.95000076293945,38.119998931884766,37.41999816894531,37.41999816894531,3810000
2014-08-07,28.4227294921875,37.61000061035156,38.13999938964844,37.470001220703125,38.099998474121094,2720900
2014-08-08,28.588987350463867,37.83000183105469,37.84000015258789,37.560001373291016,37.7599983215332,2493300
2014-08-11,28.6796817779541,37.95000076293945,38.220001220703125,37.77000045776367,38.099998474121094,2103600
2014-08-12,28.581438064575195,37.81999969482422,38.099998474121094,37.630001068115234,37.84000015258789,1684500
2014-08-13,28.80059242248535,38.11000061035156,38.25,37.900001525878906,37.90999984741211,1418300
2014-08-14,28.732574462890625,38.02000045776367,38.33000183105469,38.02000045776367,38.130001068115234,2898000
2014-08-15,28.573863983154297,37.810001373291016,38.349998474121094,37.54999923706055,38.220001220703125,4038300
2014-08-18,29.057533264160156,38.45000076293945,38.52000045776367,38.099998474121094,38.099998474121094,1153200
2014-08-19,29.080202102661133,38.47999954223633,38.66999816894531,38.38999938964844,38.54999923706055,1283900
2014-08-20,29.027315139770508,38.40999984741211,38.529998779296875,38.189998626708984,38.47999954223633,2176200
2014-08-21,29.382503509521484,38.880001068115234,39.02000045776367,38.150001525878906,38.470001220703125,2422500
2014-08-22,29.450517654418945,38.970001220703125,39.15999984741211,38.709999084472656,38.869998931884766,2406500
2014-08-25,29.488300323486328,39.02000045776367,39.2599983215332,38.900001525878906,39.189998626708984,2471300
2014-08-26,29.699901580810547,39.29999923706055,39.36000061035156,38.900001525878906,39.029998779296875,2733600
2014-08-27,29.510971069335938,39.04999923706055,39.40999984741211,39.02000045776367,39.31999969482422,1189300
2014-08-28,29.276695251464844,38.7400016784668,38.970001220703125,38.61000061035156,38.95000076293945,2416200
2014-08-29,29.435394287109375,38.95000076293945,38.9900016784668,38.630001068115234,38.84000015258789,1062300
2014-09-02,29.737686157226562,39.349998474121094,39.540000915527344,39.06999969482422,39.20000076293945,1794900
2014-09-03,29.654556274414062,39.2400016784668,39.65999984741211,39.16999816894531,39.630001068115234,3356600
2014-09-04,29.60921859741211,39.18000030517578,39.689998626708984,39.11000061035156,39.459999084472656,3786800
2014-09-05,29.639442443847656,39.220001220703125,39.25,38.810001373291016,39.04999923706055,2484400
2014-09-08,29.775474548339844,39.400001525878906,39.40999984741211,39.08000183105469,39.13999938964844,2571600
2014-09-09,29.473188400268555,39.0,39.36000061035156,38.880001068115234,39.290000915527344,2142900
2014-09-10,29.858606338500977,39.5099983215332,39.61000061035156,38.97999954223633,39.040000915527344,2532200
2014-09-11,30.100427627563477,39.83000183105469,39.88999938964844,39.27000045776367,39.31999969482422,2982400
2014-09-12,30.22889518737793,40.0,40.22999954223633,39.689998626708984,39.95000076293945,8176500
2014-09-15,29.934175491333008,39.61000061035156,39.91999816894531,39.540000915527344,39.90999984741211,2935500
2014-09-16,29.75278663635254,39.369998931884766,39.810001373291016,39.22999954223633,39.529998779296875,3596200
2014-09-17,29.858606338500977,39.5099983215332,39.900001525878906,39.209999084472656,39.38999938964844,4150500
2014-09-18,30.38760757446289,40.209999084472656,40.43000030517578,39.65999984741211,39.65999984741211,6164800
2014-09-19,30.103796005249023,39.66999816894531,40.43000030517578,39.619998931884766,40.18000030517578,5690600
2014-09-22,29.66366958618164,39.09000015258789,39.66999816894531,39.060001373291016,39.47999954223633,3557500
2014-09-23,29.276643753051758,38.58000183105469,39.18000030517578,38.56999969482422,39.0,4519900
2014-09-24,29.344940185546875,38.66999816894531,38.720001220703125,38.36000061035156,38.58000183105469,3716500
2014-09-25,28.904804229736328,38.09000015258789,38.560001373291016,37.97999954223633,38.540000915527344,3929500
2014-09-26,29.003446578979492,38.220001220703125,38.29999923706055,37.970001220703125,38.15999984741211,2343700
2014-09-29,28.904804229736328,38.09000015258789,38.220001220703125,37.790000915527344,37.91999816894531,2831200
2014-09-30,28.73026466369629,37.86000061035156,38.20000076293945,37.83000183105469,38.06999969482422,2027400
2014-10-01,28.3887882232666,37.40999984741211,38.02000045776367,37.31999969482422,37.709999084472656,5748700
2014-10-02,28.639202117919922,37.7400016784668,37.91999816894531,37.189998626708984,37.40999984741211,3984900
2014-10-03,28.84409523010254,38.0099983215332,38.33000183105469,37.97999954223633,38.08000183105469,3105500
2014-10-06,28.59367561340332,37.68000030517578,38.20000076293945,37.63999938964844,38.16999816894531,2583300
2014-10-07,28.11559295654297,37.04999923706055,37.709999084472656,37.040000915527344,37.5,5497100
2014-10-08,28.646793365478516,37.75,37.81999969482422,36.970001220703125,37.0099983215332,5725500
2014-10-09,27.948644638061523,36.83000183105469,37.72999954223633,36.810001373291016,37.72999954223633,4328500
2014-10-10,27.77411460876465,36.599998474121094,37.220001220703125,36.59000015258789,36.63999938964844,5723400
2014-10-13,27.880359649658203,36.7400016784668,37.209999084472656,36.4900016784668,36.619998931884766,4935700
2014-10-14,28.11559295654297,37.04999923706055,37.5099983215332,36.790000915527344,36.86000061035156,5793500
2014-10-15,27.356733322143555,36.04999923706055,36.54999923706055,35.33000183105469,36.130001068115234,15074300
2014-10-16,27.812055587768555,36.650001525878906,36.7599983215332,35.20000076293945,35.20000076293945,5838000
2014-10-17,27.84999656677246,36.70000076293945,37.13999938964844,36.470001220703125,37.13999938964844,4160100
2014-10-20,27.903118133544922,36.77000045776367,36.95000076293945,36.58000183105469,36.65999984741211,1915200
2014-10-21,28.601268768310547,37.689998626708984,37.79999923706055,37.02000045776367,37.2400016784668,4103100
2014-10-22,28.373613357543945,37.38999938964844,38.04999923706055,37.380001068115234,37.880001068115234,3640200
2014-10-23,28.59367561340332,37.68000030517578,38.11000061035156,37.619998931884766,37.779998779296875,3346900
2014-10-24,28.586090087890625,37.66999816894531,37.880001068115234,37.47999954223633,37.61000061035156,1459700
2014-10-27,28.768213272094727,37.90999984741211,37.91999816894531,37.29999923706055,37.369998931884766,989600
2014-10-28,29.549829483032227,38.939998626708984,38.95000076293945,38.0099983215332,38.04999923706055,2561600
2014-10-29,29.868547439575195,39.36000061035156,39.47999954223633,38.59000015258789,38.93000030517578,5950400
2014-10-30,29.876144409179688,39.369998931884766,40.0,39.0,39.13999938964844,2436700
2014-10-31,30.414934158325195,40.08000183105469,40.16999816894531,39.66999816894531,39.869998931884766,5516700
2014-11-03,30.339052200317383,39.97999954223633,40.380001068115234,39.790000915527344,40.08000183105469,2620600
2014-11-04,30.21004295349121,39.810001373291016,39.91999816894531,39.41999816894531,39.70000076293945,4564100
2014-11-05,30.422508239746094,40.09000015258789,40.209999084472656,39.810001373291016,40.099998474121094,2093100
2014-11-06,30.63500213623047,40.369998931884766,40.38999938964844,39.959999084472656,40.189998626708984,2403000
2014-11-07,30.66534996032715,40.40999984741211,40.45000076293945,40.11000061035156,40.31999969482422,2686000
2014-11-10,30.824716567993164,40.619998931884766,40.720001220703125,40.34000015258789,40.380001068115234,1749300
2014-11-11,30.74123191833496,40.5099983215332,40.65999984741211,40.43000030517578,40.650001525878906,899600
2014-11-12,31.204130172729492,41.119998931884766,41.16999816894531,40.45000076293945,40.45000076293945,2622700
2014-11-13,30.84747886657715,40.650001525878906,41.11000061035156,40.599998474121094,41.0,2214200
2014-11-14,30.74882698059082,40.52000045776367,40.81999969482422,40.38999938964844,40.540000915527344,2168000
2014-11-17,30.505990982055664,40.20000076293945,40.5,40.119998931884766,40.400001525878906,1612400
2014-11-18,30.53634262084961,40.2400016784668,40.459999084472656,40.18000030517578,40.20000076293945,842900
2014-11-19,30.232803344726562,39.84000015258789,40.29999923706055,39.52000045776367,40.29999923706055,2681800
2014-11-20,30.475627899169922,40.15999984741211,40.15999984741211,39.61000061035156,39.650001525878906,1651300
2014-11-21,30.187273025512695,39.779998779296875,40.72999954223633,39.689998626708984,40.68000030517578,2943500
2014-11-24,30.581865310668945,40.29999923706055,40.31999969482422,39.83000183105469,39.93000030517578,2776800
2014-11-25,30.66534996032715,40.40999984741211,40.45000076293945,39.90999984741211,40.29999923706055,1882400
2014-11-26,30.688119888305664,40.439998626708984,40.5099983215332,40.22999954223633,40.349998474121094,1585000
2014-11-28,30.088624954223633,39.650001525878906,40.599998474121094,39.56999969482422,40.4900016784668,2473200
2014-12-01,29.466352462768555,38.83000183105469,39.709999084472656,38.68000030517578,39.4900016784668,6574900
2014-12-02,29.830608367919922,39.310001373291016,39.630001068115234,38.90999984741211,38.90999984741211,2517900
2014-12-03,30.247976303100586,39.86000061035156,39.900001525878906,39.18000030517578,39.220001220703125,4594800
2014-12-04,30.187273025512695,39.779998779296875,39.83000183105469,39.529998779296875,39.75,1216000
2014-12-05,30.786775588989258,40.56999969482422,40.779998779296875,40.060001373291016,40.099998474121094,5780600
2014-12-08,30.672937393188477,40.41999816894531,40.93000030517578,40.20000076293945,40.470001220703125,5230600
2014-12-09,30.976482391357422,40.81999969482422,40.83000183105469,39.810001373291016,40.0099983215332,3991700
2014-12-10,29.94443702697754,39.459999084472656,40.81999969482422,39.459999084472656,40.75,5467300
2014-12-11,30.081035614013672,39.63999938964844,40.029998779296875,39.540000915527344,39.540000915527344,2786400
2014-12-12,29.67124366760254,39.099998474121094,39.56999969482422,39.0099983215332,39.349998474121094,5216300
2014-12-15,29.413227081298828,38.7599983215332,39.5,38.619998931884766,39.380001068115234,6510800
2014-12-16,29.473955154418945,38.84000015258789,39.369998931884766,38.43000030517578,38.59000015258789,6330700
2014-12-17,30.21762466430664,39.81999969482422,39.81999969482422,38.720001220703125,38.93000030517578,7139500
2014-12-18,30.771587371826172,40.54999923706055,40.54999923706055,40.060001373291016,40.060001373291016,3848200
2014-12-19,30.618310928344727,40.150001525878906,40.400001525878906,39.970001220703125,40.400001525878906,2904700
2014-12-22,30.793699264526367,40.380001068115234,40.380001068115234,40.0099983215332,40.22999954223633,2388500
2014-12-23,31.0682430267334,40.7400016784668,40.91999816894531,40.290000915527344,40.5,1684500
2014-12-24,31.007240295410156,40.65999984741211,41.02000045776367,40.34000015258789,40.66999816894531,719400
2014-12-26,31.098737716674805,40.779998779296875,40.959999084472656,40.630001068115234,40.810001373291016,758700
2014-12-29,31.40378189086914,41.18000030517578,41.43000030517578,40.7400016784668,40.91999816894531,3499900
2014-12-30,31.3732852935791,41.13999938964844,41.33000183105469,40.849998474121094,41.11000061035156,1979100
2014-12-31,31.037744522094727,40.70000076293945,41.31999969482422,40.70000076293945,41.31999969482422,2480400
2015-01-02,30.671688079833984,40.220001220703125,41.060001373291016,39.810001373291016,41.04999923706055,3325200
2015-01-05,29.817584991455078,39.099998474121094,40.099998474121094,39.099998474121094,40.040000915527344,4065500
2015-01-06,29.108360290527344,38.16999816894531,39.36000061035156,38.06999969482422,39.099998474121094,5871700
2015-01-07,29.26852035522461,38.380001068115234,38.72999954223633,38.130001068115234,38.380001068115234,4348800
2015-01-08,29.901466369628906,39.209999084472656,39.2400016784668,38.70000076293945,38.70000076293945,2671100
2015-01-09,29.0320987701416,38.06999969482422,39.34000015258789,38.06999969482422,39.310001373291016,3068300
2015-01-12,28.727069854736328,37.66999816894531,38.150001525878906,37.540000915527344,37.959999084472656,5128600
2015-01-13,28.597421646118164,37.5,38.38999938964844,37.209999084472656,37.720001220703125,8096500
2015-01-14,28.200870513916016,36.97999954223633,37.16999816894531,36.400001525878906,36.91999816894531,6400400
2015-01-15,27.86533546447754,36.540000915527344,37.060001373291016,36.369998931884766,37.029998779296875,7288300
2015-01-16,28.315258026123047,37.130001068115234,37.189998626708984,36.349998474121094,36.56999969482422,4854300
2015-01-20,28.071239471435547,36.810001373291016,37.369998931884766,36.59000015258789,37.060001373291016,5347700
2015-01-21,27.94921875,36.650001525878906,37.119998931884766,36.560001373291016,36.849998474121094,6493900
2015-01-22,29.207504272460938,38.29999923706055,38.41999816894531,37.0,37.099998474121094,6128600
2015-01-23,28.91009521484375,37.90999984741211,38.470001220703125,37.75,38.16999816894531,4047900
2015-01-26,29.1769962310791,38.2599983215332,38.34000015258789,37.4900016784668,37.79999923706055,2525900
2015-01-27,28.841461181640625,37.81999969482422,38.15999984741211,37.59000015258789,37.779998779296875,2818100
2015-01-28,28.048355102539062,36.779998779296875,38.08000183105469,36.7400016784668,37.9900016784668,5666000
2015-01-29,28.429651260375977,37.279998779296875,37.310001373291016,36.599998474121094,36.90999984741211,7111400
2015-01-30,28.10173797607422,36.849998474121094,37.40999984741211,36.779998779296875,36.86000061035156,4214100
2015-02-02,28.902454376220703,37.900001525878906,37.95000076293945,36.81999969482422,37.099998474121094,4719300
2015-02-03,29.520158767700195,38.709999084472656,38.900001525878906,38.06999969482422,38.13999938964844,4786000
2015-02-04,29.32952308654785,38.459999084472656,38.880001068115234,38.41999816894531,38.45000076293945,4567700
2015-02-05,30.031110763549805,39.380001068115234,39.439998626708984,38.63999938964844,38.63999938964844,5187500
2015-02-06,30.503915786743164,40.0,40.34000015258789,39.66999816894531,39.790000915527344,6723100
2015-02-09,30.107357025146484,39.47999954223633,39.880001068115234,39.400001525878906,39.79999923706055,3632400
2015-02-10,30.22938346862793,39.63999938964844,39.95000076293945,39.18000030517578,39.95000076293945,2680800
2015-02-11,30.069236755371094,39.43000030517578,39.650001525878906,39.16999816894531,39.650001525878906,3525200
2015-02-12,30.65644073486328,40.20000076293945,40.22999954223633,39.52000045776367,39.75,3253700
2015-02-13,30.76319694519043,40.34000015258789,40.52000045776367,40.04999923706055,40.220001220703125,2536600
2015-02-17,31.037744522094727,40.70000076293945,40.70000076293945,40.099998474121094,40.369998931884766,5734000
2015-02-18,30.442907333374023,39.91999816894531,40.65999984741211,39.779998779296875,40.43000030517578,3654000
2015-02-19,30.389535903930664,39.849998474121094,40.040000915527344,39.40999984741211,39.689998626708984,4123500
2015-02-20,30.64881706237793,40.189998626708984,40.209999084472656,39.2400016784668,39.84000015258789,4637100
2015-02-23,30.56492805480957,40.08000183105469,40.08000183105469,39.77000045776367,39.95000076293945,1422400
2015-02-24,30.732694625854492,40.29999923706055,40.630001068115234,40.02000045776367,40.150001525878906,2881400
2015-02-25,30.671688079833984,40.220001220703125,40.369998931884766,40.119998931884766,40.290000915527344,1629200
2015-02-26,30.824207305908203,40.41999816894531,40.439998626708984,40.08000183105469,40.08000183105469,2538000
2015-02-27,30.664060592651367,40.209999084472656,40.47999954223633,40.15999984741211,40.290000915527344,2503500
2015-03-02,30.88521957397461,40.5,40.630001068115234,40.060001373291016,40.29999923706055,2913800
2015-03-03,30.76319694519043,40.34000015258789,40.58000183105469,40.20000076293945,40.439998626708984,2188400
2015-03-04,30.55730628967285,40.06999969482422,40.2599983215332,39.97999954223633,40.2599983215332,1631800
2015-03-05,30.732694625854492,40.29999923706055,40.33000183105469,39.70000076293945,39.9900016784668,1946500
2015-03-06,30.969112396240234,40.61000061035156,41.220001220703125,40.43000030517578,40.529998779296875,5464700
2015-03-09,31.23601722717285,40.959999084472656,41.09000015258789,40.56999969482422,40.61000061035156,3717400
2015-03-10,30.610675811767578,40.13999938964844,40.63999938964844,40.119998931884766,40.619998931884766,3709400
2015-03-11,30.90046501159668,40.52000045776367,40.540000915527344,40.11000061035156,40.209999084472656,2187100
2015-03-12,31.708833694458008,41.58000183105469,41.619998931884766,40.689998626708984,40.689998626708984,7649700
2015-03-13,31.533418655395508,41.349998474121094,41.56999969482422,40.779998779296875,41.5,4254000
2015-03-16,31.472427368164062,41.27000045776367,41.619998931884766,41.15999984741211,41.4900016784668,3988700
2015-03-17,31.647808074951172,41.5,41.5099983215332,40.95000076293945,41.11000061035156,3527400
2015-03-18,31.342784881591797,41.099998474121094,41.81999969482422,40.79999923706055,41.5,10863700
2015-03-19,31.19025993347168,40.900001525878906,41.08000183105469,40.5,41.0,5299300
2015-03-20,31.675567626953125,41.380001068115234,41.40999984741211,40.77000045776367,40.88999938964844,3920900
2015-03-23,31.453577041625977,41.09000015258789,41.52000045776367,40.91999816894531,41.34000015258789,3475900
2015-03-24,31.308137893676758,40.900001525878906,41.16999816894531,40.790000915527344,41.06999969482422,3455100
2015-03-25,30.79526710510254,40.22999954223633,41.0099983215332,40.189998626708984,40.9900016784668,4729000
2015-03-26,31.01725196838379,40.52000045776367,40.54999923706055,39.790000915527344,40.13999938964844,7428500
2015-03-27,30.848844528198242,40.29999923706055,40.66999816894531,40.0099983215332,40.41999816894531,2056800
2015-03-30,31.37703514099121,40.9900016784668,41.189998626708984,40.459999084472656,40.540000915527344,2339600
2015-03-31,31.25455665588379,40.83000183105469,40.91999816894531,40.619998931884766,40.75,3547900
2015-04-01,31.216272354125977,40.779998779296875,40.849998474121094,40.369998931884766,40.56999969482422,2871500
2015-04-02,31.39234161376953,41.0099983215332,41.150001525878906,40.72999954223633,40.72999954223633,2101900
2015-04-06,31.246898651123047,40.81999969482422,41.02000045776367,40.189998626708984,40.540000915527344,3705700
2015-04-07,31.30048370361328,40.88999938964844,41.16999816894531,40.68000030517578,40.75,1600300
2015-04-08,31.36172103881836,40.970001220703125,41.16999816894531,40.79999923706055,40.900001525878906,2587700
2015-04-09,31.315793991088867,40.90999984741211,41.02000045776367,40.5099983215332,40.95000076293945,2811900
2015-04-10,31.37703514099121,40.9900016784668,41.040000915527344,40.70000076293945,40.90999984741211,2512300
2015-04-13,31.69088363647461,41.400001525878906,41.4900016784668,40.720001220703125,41.029998779296875,2688400
2015-04-14,31.52246856689453,41.18000030517578,41.33000183105469,40.849998474121094,41.220001220703125,4730600
2015-04-15,31.95115089416504,41.7400016784668,41.95000076293945,41.099998474121094,41.209999084472656,5105100
2015-04-16,31.9434814453125,41.72999954223633,41.880001068115234,41.27000045776367,41.7400016784668,3601600
2015-04-17,31.38469123840332,41.0,41.599998474121094,40.880001068115234,41.599998474121094,4093600
2015-04-20,31.599023818969727,41.279998779296875,41.56999969482422,41.0,41.279998779296875,2315400
2015-04-21,31.591381072998047,41.27000045776367,41.630001068115234,41.18000030517578,41.470001220703125,2616200
2015-04-22,31.8133602142334,41.560001373291016,41.689998626708984,40.88999938964844,41.33000183105469,4512900
2015-04-23,31.744462966918945,41.470001220703125,41.61000061035156,41.220001220703125,41.349998474121094,1795900
2015-04-24,31.468896865844727,41.11000061035156,41.540000915527344,41.0,41.40999984741211,2826700
2015-04-27,31.239242553710938,40.810001373291016,41.47999954223633,40.540000915527344,41.220001220703125,3142300
2015-04-28,31.675567626953125,41.380001068115234,41.41999816894531,40.70000076293945,40.709999084472656,4122000
2015-04-29,31.79039192199707,41.529998779296875,41.869998931884766,41.27000045776367,41.34000015258789,6175300
2015-04-30,31.468896865844727,41.11000061035156,41.68000030517578,41.0,41.52000045776367,5642600
2015-05-01,31.231576919555664,40.79999923706055,41.40999984741211,40.689998626708984,41.290000915527344,3487500
2015-05-04,31.583715438842773,41.2599983215332,41.36000061035156,40.79999923706055,40.79999923706055,2426100
2015-05-05,31.46124839782715,41.099998474121094,41.4900016784668,40.93000030517578,41.189998626708984,3998300
2015-05-06,31.66792869567871,41.369998931884766,41.38999938964844,40.869998931884766,41.33000183105469,3864400
2015-05-07,31.56839942932129,41.2400016784668,41.4900016784668,41.0,41.16999816894531,2380100
2015-05-08,31.7368106842041,41.459999084472656,41.540000915527344,41.099998474121094,41.369998931884766,3013800
2015-05-11,31.974102020263672,41.77000045776367,41.869998931884766,41.36000061035156,41.54999923706055,3635900
2015-05-12,32.065956115722656,41.88999938964844,42.029998779296875,41.27000045776367,41.7400016784668,5520000
2015-05-13,32.188438415527344,42.04999923706055,42.130001068115234,41.650001525878906,41.93000030517578,3649300
2015-05-14,32.356842041015625,42.27000045776367,42.27000045776367,42.02000045776367,42.22999954223633,5534600
2015-05-15,31.90521240234375,41.68000030517578,42.209999084472656,41.40999984741211,42.08000183105469,5039200
2015-05-18,32.4410514831543,42.380001068115234,42.41999816894531,41.63999938964844,41.90999984741211,3746600
2015-05-19,32.79317092895508,42.84000015258789,42.849998474121094,42.470001220703125,42.5,5458200
2015-05-20,32.624752044677734,42.619998931884766,42.90999984741211,42.369998931884766,42.83000183105469,5113000
2015-05-21,32.517601013183594,42.47999954223633,42.72999954223633,42.27000045776367,42.529998779296875,2583300
2015-05-22,32.333885192871094,42.2400016784668,42.630001068115234,42.209999084472656,42.54999923706055,2152100
2015-05-26,32.12720489501953,41.970001220703125,42.20000076293945,41.63999938964844,42.16999816894531,3767100
2015-05-27,32.5252571105957,42.4900016784668,42.5099983215332,41.84000015258789,42.15999984741211,3203800
2015-05-28,32.54820251464844,42.52000045776367,42.52000045776367,42.189998626708984,42.400001525878906,2744000
2015-05-29,32.2573356628418,42.13999938964844,42.529998779296875,41.88999938964844,42.439998626708984,3268800
2015-06-01,32.11955261230469,41.959999084472656,42.470001220703125,41.68000030517578,42.29999923706055,3454900
2015-06-02,32.532901763916016,42.5,42.65999984741211,41.90999984741211,42.0099983215332,4229200
2015-06-03,33.0764045715332,43.209999084472656,43.27000045776367,42.65999984741211,42.790000915527344,6210200
2015-06-04,32.7855224609375,42.83000183105469,43.16999816894531,42.65999984741211,43.06999969482422,3309300
2015-06-05,33.405555725097656,43.63999938964844,43.63999938964844,43.0,43.27000045776367,6717100
2015-06-08,33.413211822509766,43.650001525878906,43.900001525878906,43.61000061035156,43.630001068115234,4944000
2015-06-09,33.772979736328125,44.119998931884766,44.29999923706055,43.45000076293945,43.689998626708984,5491400
2015-06-10,34.26289749145508,44.7599983215332,44.970001220703125,44.2599983215332,44.41999816894531,5612000
2015-06-11,34.24758529663086,44.7400016784668,44.849998474121094,44.369998931884766,44.79999923706055,6796200
2015-06-12,34.19401931762695,44.66999816894531,44.75,44.41999816894531,44.58000183105469,3370500
2015-06-15,34.07151412963867,44.5099983215332,44.779998779296875,43.959999084472656,44.209999084472656,4168700
2015-06-16,34.43895721435547,44.9900016784668,44.9900016784668,44.34000015258789,44.45000076293945,5004100
2015-06-17,33.84953308105469,44.220001220703125,45.25,44.09000015258789,45.15999984741211,9709300
2015-06-18,34.13275909423828,44.59000015258789,44.689998626708984,43.93000030517578,44.380001068115234,7377400
2015-06-19,34.065895080566406,44.31999969482422,44.47999954223633,44.22999954223633,44.22999954223633,4549600
2015-06-22,34.496334075927734,44.880001068115234,44.93000030517578,44.68000030517578,44.779998779296875,4090800
2015-06-23,34.872955322265625,45.369998931884766,45.43000030517578,44.939998626708984,44.95000076293945,5349200
2015-06-24,34.69615936279297,45.13999938964844,45.47999954223633,45.04999923706055,45.15999984741211,2814000
2015-06-25,34.72691345214844,45.18000030517578,45.5,44.939998626708984,45.209999084472656,4133500
2015-06-26,34.865272521972656,45.36000061035156,45.619998931884766,45.220001220703125,45.459999084472656,3700900
2015-06-29,33.94290542602539,44.15999984741211,45.11000061035156,44.08000183105469,44.77000045776367,5961600
2015-06-30,33.94290542602539,44.15999984741211,44.900001525878906,43.95000076293945,44.720001220703125,5064500
2015-07-01,34.37334060668945,44.720001220703125,44.90999984741211,44.369998931884766,44.7599983215332,3767200
2015-07-02,33.773799896240234,43.939998626708984,44.689998626708984,43.720001220703125,44.58000183105469,5400200
2015-07-06,33.766117095947266,43.93000030517578,43.939998626708984,43.29999923706055,43.33000183105469,4609300
2015-07-07,33.304931640625,43.33000183105469,43.7400016784668,42.7400016784668,43.66999816894531,6316500
2015-07-08,33.035926818847656,42.97999954223633,43.130001068115234,42.7400016784668,42.90999984741211,4168000
2015-07-09,33.48942184448242,43.56999969482422,43.77000045776367,43.2599983215332,43.5,3909400
2015-07-10,33.950584411621094,44.16999816894531,44.31999969482422,43.88999938964844,44.13999938964844,6420100
2015-07-13,34.21192932128906,44.5099983215332,44.70000076293945,44.33000183105469,44.56999969482422,3683900
2015-07-14,34.29648971557617,44.619998931884766,44.650001525878906,44.150001525878906,44.34000015258789,3402900
2015-07-15,34.4502067565918,44.81999969482422,45.0,44.59000015258789,44.66999816894531,3779600
2015-07-16,34.550140380859375,44.95000076293945,45.29999923706055,44.86000061035156,45.06999969482422,5255300
2015-07-17,34.16581726074219,44.45000076293945,44.880001068115234,44.09000015258789,44.79999923706055,3247300
2015-07-20,34.35029602050781,44.689998626708984,44.7599983215332,44.31999969482422,44.4900016784668,2781500
2015-07-21,34.18886947631836,44.47999954223633,45.25,44.400001525878906,44.86000061035156,2912500
2015-07-22,34.61162185668945,45.029998779296875,45.220001220703125,44.279998779296875,44.279998779296875,3308400
2015-07-23,34.088958740234375,44.349998474121094,45.290000915527344,44.2599983215332,45.189998626708984,4351000
2015-07-24,33.65851593017578,43.790000915527344,44.40999984741211,43.7400016784668,44.40999984741211,4953900
2015-07-27,33.389488220214844,43.439998626708984,43.61000061035156,43.09000015258789,43.40999984741211,5292700
2015-07-28,33.435604095458984,43.5,43.7400016784668,43.06999969482422,43.68000030517578,4301800
2015-07-29,33.51245880126953,43.599998474121094,43.720001220703125,43.2400016784668,43.65999984741211,9504800
2015-07-30,33.589332580566406,43.70000076293945,43.779998779296875,43.31999969482422,43.59000015258789,1839000
2015-07-31,33.52783966064453,43.619998931884766,43.779998779296875,43.310001373291016,43.59000015258789,3609200
2015-08-03,33.53554153442383,43.630001068115234,43.79999923706055,43.209999084472656,43.68000030517578,5865000
2015-08-04,33.60470962524414,43.720001220703125,44.119998931884766,43.599998474121094,43.689998626708984,3882600
2015-08-05,33.889102935791016,44.09000015258789,44.5099983215332,43.810001373291016,44.13999938964844,2909600
2015-08-06,33.68926239013672,43.83000183105469,44.29999923706055,43.59000015258789,44.189998626708984,3793400
2015-08-07,33.48172378540039,43.560001373291016,44.119998931884766,43.18000030517578,43.7599983215332,3472800
2015-08-10,33.958282470703125,44.18000030517578,44.22999954223633,43.779998779296875,43.939998626708984,2141900
2015-08-11,33.48172378540039,43.560001373291016,44.0099983215332,43.27000045776367,43.95000076293945,3565700
2015-08-12,32.874515533447266,42.77000045776367,43.310001373291016,42.18000030517578,43.16999816894531,6154600
2015-08-13,32.99748229980469,42.93000030517578,43.119998931884766,42.560001373291016,43.0099983215332,3944500
2015-08-14,33.41254806518555,43.470001220703125,43.5,42.900001525878906,43.02000045776367,3130000
2015-08-17,33.46635818481445,43.540000915527344,43.849998474121094,42.90999984741211,43.36000061035156,4163600
2015-08-18,33.474037170410156,43.54999923706055,43.900001525878906,43.290000915527344,43.709999084472656,3322600
2015-08-19,32.96673583984375,42.88999938964844,43.470001220703125,42.88999938964844,43.36000061035156,5344300
2015-08-20,32.12125015258789,41.790000915527344,42.5099983215332,41.779998779296875,42.439998626708984,6326600
2015-08-21,31.729248046875,41.279998779296875,41.810001373291016,41.040000915527344,41.36000061035156,7118900
2015-08-24,30.261146545410156,39.369998931884766,40.599998474121094,35.0099983215332,39.13999938964844,8924000
2015-08-25,29.638551712036133,38.560001373291016,40.529998779296875,38.4900016784668,39.900001525878906,6927100
2015-08-26,30.63777732849121,39.86000061035156,39.90999984741211,38.7400016784668,39.45000076293945,7395400
2015-08-27,31.214262008666992,40.61000061035156,40.97999954223633,40.08000183105469,40.529998779296875,9778100
2015-08-28,31.283435821533203,40.70000076293945,40.90999984741211,40.20000076293945,40.20000076293945,3588700
2015-08-31,31.56782341003418,41.06999969482422,41.2400016784668,40.40999984741211,40.47999954223633,3195500
2015-09-01,30.33032989501953,39.459999084472656,40.599998474121094,39.2599983215332,40.599998474121094,7275600
2015-09-02,30.85300064086914,40.13999938964844,40.15999984741211,39.5099983215332,39.91999816894531,3990800
2015-09-03,31.060531616210938,40.40999984741211,40.720001220703125,40.029998779296875,40.029998779296875,3768600
2015-09-04,30.860687255859375,40.150001525878906,40.310001373291016,39.84000015258789,39.97999954223633,2608500
2015-09-08,31.690814971923828,41.22999954223633,41.290000915527344,40.630001068115234,40.869998931884766,2604200
2015-09-09,31.514034271240234,41.0,41.77000045776367,40.959999084472656,41.65999984741211,3708000
2015-09-10,31.783048629760742,41.349998474121094,41.59000015258789,40.79999923706055,40.959999084472656,2385200
2015-09-11,31.783048629760742,41.349998474121094,41.400001525878906,40.95000076293945,41.29999923706055,1963700
2015-09-14,31.87527847290039,41.470001220703125,41.720001220703125,41.220001220703125,41.33000183105469,3186800
2015-09-15,32.29804611206055,42.02000045776367,42.18000030517578,41.540000915527344,41.619998931884766,2242200
2015-09-16,32.367218017578125,42.11000061035156,42.16999816894531,41.63999938964844,42.130001068115234,2558500
2015-09-17,31.60625648498535,41.119998931884766,42.529998779296875,40.91999816894531,42.09000015258789,10090600
2015-09-18,30.91295623779297,40.040000915527344,40.31999969482422,39.79999923706055,40.279998779296875,8074800
2015-09-21,31.368471145629883,40.630001068115234,40.86000061035156,40.20000076293945,40.439998626708984,2928200
2015-09-22,31.098247528076172,40.279998779296875,40.470001220703125,39.97999954223633,40.08000183105469,3986600
2015-09-23,31.314411163330078,40.560001373291016,40.83000183105469,40.20000076293945,40.33000183105469,3967400
2015-09-24,31.499713897705078,40.79999923706055,40.86000061035156,40.099998474121094,40.150001525878906,5172600
2015-09-25,31.79308319091797,41.18000030517578,41.61000061035156,41.08000183105469,41.43000030517578,5912300
2015-09-28,31.368471145629883,40.630001068115234,41.029998779296875,40.52000045776367,40.880001068115234,7069000
2015-09-29,31.399341583251953,40.66999816894531,40.880001068115234,40.470001220703125,40.650001525878906,4864100
2015-09-30,31.79308319091797,41.18000030517578,41.220001220703125,40.810001373291016,40.93000030517578,4732600
2015-10-01,31.769927978515625,41.150001525878906,41.31999969482422,40.61000061035156,41.20000076293945,3460800
2015-10-02,31.244945526123047,40.470001220703125,40.5,39.22999954223633,40.0,10218500
2015-10-05,32.03244400024414,41.4900016784668,41.529998779296875,40.7599983215332,40.86000061035156,4388500
2015-10-06,31.947511672973633,41.380001068115234,41.68000030517578,41.150001525878906,41.5,3379400
2015-10-07,32.5419807434082,42.150001525878906,42.150001525878906,41.5,41.65999984741211,3731200
2015-10-08,32.812198638916016,42.5,42.529998779296875,41.84000015258789,42.029998779296875,4371300
2015-10-09,32.410743713378906,41.97999954223633,42.7400016784668,41.88999938964844,42.5099983215332,3094900
2015-10-12,32.6655158996582,42.310001373291016,42.38999938964844,41.72999954223633,41.97999954223633,3976200
2015-10-13,32.410743713378906,41.97999954223633,42.529998779296875,41.95000076293945,42.040000915527344,4176000
2015-10-14,31.499713897705078,40.79999923706055,42.040000915527344,40.650001525878906,41.83000183105469,5064500
2015-10-15,32.07875061035156,41.54999923706055,41.58000183105469,40.70000076293945,41.18000030517578,5257000
2015-10-16,32.094215393066406,41.56999969482422,41.7599983215332,41.279998779296875,41.61000061035156,3198000
2015-10-19,32.15596008300781,41.650001525878906,41.939998626708984,41.41999816894531,41.5,3153100
2015-10-20,32.56514358520508,42.18000030517578,42.279998779296875,41.58000183105469,41.75,2523300
2015-10-21,31.978382110595703,41.41999816894531,42.43000030517578,41.41999816894531,42.34000015258789,4082900
2015-10-22,32.5419807434082,42.150001525878906,42.56999969482422,41.560001373291016,41.560001373291016,3972500
2015-10-23,33.30631637573242,43.13999938964844,43.18000030517578,42.29999923706055,42.54999923706055,4982500
2015-10-26,33.121036529541016,42.900001525878906,43.189998626708984,42.59000015258789,43.150001525878906,2654100
2015-10-27,32.71183395385742,42.369998931884766,42.90999984741211,42.099998474121094,42.5099983215332,2935900
2015-10-28,33.993446350097656,44.029998779296875,44.060001373291016,42.45000076293945,42.54999923706055,8106000
2015-10-29,33.80814743041992,43.790000915527344,44.47999954223633,43.72999954223633,44.099998474121094,8022200
2015-10-30,33.066986083984375,42.83000183105469,43.90999984741211,42.58000183105469,43.90999984741211,8744500
2015-11-02,33.68462371826172,43.630001068115234,43.790000915527344,42.91999816894531,43.2400016784668,3423400
2015-11-03,33.80043411254883,43.779998779296875,43.970001220703125,43.36000061035156,43.65999984741211,3438400
2015-11-04,33.86991500854492,43.869998931884766,44.060001373291016,43.63999938964844,44.060001373291016,3959600
2015-11-05,34.4257926940918,44.59000015258789,44.790000915527344,43.810001373291016,43.880001068115234,7100600
2015-11-06,35.46034240722656,45.93000030517578,46.33000183105469,45.400001525878906,46.0,9351600
2015-11-09,35.236446380615234,45.63999938964844,46.25,45.33000183105469,46.15999984741211,5570300
2015-11-10,35.28276824951172,45.70000076293945,45.959999084472656,45.209999084472656,45.560001373291016,4358800
2015-11-11,34.99711227416992,45.33000183105469,46.09000015258789,45.22999954223633,46.040000915527344,3906500
2015-11-12,34.271392822265625,44.38999938964844,45.209999084472656,44.33000183105469,45.099998474121094,4971100
2015-11-13,33.80814743041992,43.790000915527344,44.38999938964844,43.599998474121094,44.209999084472656,4864200
2015-11-16,34.186458587646484,44.279998779296875,44.29999923706055,43.40999984741211,43.66999816894531,3231600
2015-11-17,34.3022575378418,44.43000030517578,45.060001373291016,44.189998626708984,44.59000015258789,6931500
2015-11-18,34.79637908935547,45.06999969482422,45.13999938964844,44.20000076293945,44.68000030517578,4481400
2015-11-19,34.65740966796875,44.88999938964844,45.20000076293945,44.560001373291016,45.20000076293945,3377900
2015-11-20,34.81181335449219,45.09000015258789,45.369998931884766,44.880001068115234,44.970001220703125,3726000
2015-11-23,34.95079040527344,45.27000045776367,45.58000183105469,45.11000061035156,45.36000061035156,2463800
2015-11-24,35.12063980102539,45.4900016784668,45.630001068115234,44.93000030517578,45.04999923706055,3569100
2015-11-25,35.182411193847656,45.56999969482422,45.689998626708984,45.34000015258789,45.630001068115234,3420400
2015-11-27,35.27506637573242,45.689998626708984,45.72999954223633,45.290000915527344,45.72999954223633,1283200
2015-11-30,35.24416732788086,45.650001525878906,45.95000076293945,45.5099983215332,45.88999938964844,3867100
2015-12-01,35.32136917114258,45.75,46.060001373291016,45.36000061035156,45.900001525878906,3809200
2015-12-02,34.69601821899414,44.939998626708984,46.0,44.86000061035156,45.97999954223633,5467300
2015-12-03,34.17873764038086,44.27000045776367,45.43000030517578,44.15999984741211,45.290000915527344,5386900
2015-12-04,34.75777816772461,45.02000045776367,45.189998626708984,44.20000076293945,44.45000076293945,5443400
2015-12-07,34.008888244628906,44.04999923706055,45.06999969482422,43.810001373291016,44.9900016784668,4704400
2015-12-08,33.41440200805664,43.279998779296875,43.81999969482422,43.150001525878906,43.619998931884766,5941200
2015-12-09,32.86625289916992,42.56999969482422,43.4900016784668,42.279998779296875,43.2400016784668,6701500
2015-12-10,32.96661376953125,42.70000076293945,43.130001068115234,42.189998626708984,42.66999816894531,4244900
2015-12-11,32.15596008300781,41.650001525878906,42.279998779296875,41.34000015258789,42.04999923706055,7106200
2015-12-14,32.10963439941406,41.59000015258789,41.939998626708984,41.130001068115234,41.68000030517578,6188100
2015-12-15,32.88168716430664,42.59000015258789,42.83000183105469,42.0099983215332,42.09000015258789,7962000
2015-12-16,33.21367645263672,43.02000045776367,43.279998779296875,42.029998779296875,42.95000076293945,11820400
2015-12-17,32.75816345214844,42.43000030517578,43.36000061035156,42.279998779296875,43.2599983215332,6173300
2015-12-18,32.1479606628418,41.40999984741211,42.099998474121094,41.04999923706055,42.099998474121094,7153500
2015-12-21,32.33427810668945,41.650001525878906,41.849998474121094,41.15999984741211,41.59000015258789,5183400
2015-12-22,32.458492279052734,41.810001373291016,41.93000030517578,41.150001525878906,41.77000045776367,5212500
2015-12-23,32.93206024169922,42.41999816894531,42.439998626708984,41.880001068115234,42.150001525878906,4180900
2015-12-24,33.071807861328125,42.599998474121094,42.849998474121094,42.04999923706055,42.099998474121094,1503700
2015-12-28,32.955352783203125,42.45000076293945,42.470001220703125,41.83000183105469,42.43000030517578,4045800
2015-12-29,33.296939849853516,42.88999938964844,42.9900016784668,42.5099983215332,42.7599983215332,3997700
2015-12-30,32.877716064453125,42.349998474121094,43.0,42.31999969482422,42.790000915527344,3123300
2015-12-31,32.543888092041016,41.91999816894531,42.5099983215332,41.90999984741211,42.04999923706055,2853200
2016-01-04,31.74427604675293,40.88999938964844,41.27000045776367,40.540000915527344,41.09000015258789,7616200
2016-01-05,31.713214874267578,40.849998474121094,41.220001220703125,40.56999969482422,40.970001220703125,5442400
2016-01-06,31.32504653930664,40.349998474121094,40.63999938964844,39.970001220703125,40.13999938964844,5324900
2016-01-07,30.377925872802734,39.130001068115234,39.88999938964844,39.060001373291016,39.5,8258800
2016-01-08,29.756858825683594,38.33000183105469,39.59000015258789,38.279998779296875,39.41999816894531,6668600
2016-01-11,29.694746017456055,38.25,38.779998779296875,37.97999954223633,38.41999816894531,8960500
2016-01-12,29.84225082397461,38.439998626708984,38.790000915527344,37.7599983215332,38.75,7041400
2016-01-13,28.763145446777344,37.04999923706055,38.75,36.83000183105469,38.619998931884766,10870600
2016-01-14,29.003814697265625,37.36000061035156,37.68000030517578,36.650001525878906,37.20000076293945,9073100
2016-01-15,28.460376739501953,36.65999984741211,36.709999084472656,35.810001373291016,36.150001525878906,12366200
2016-01-19,28.18867301940918,36.310001373291016,37.150001525878906,36.0099983215332,36.970001220703125,9727100
2016-01-20,27.80049705505371,35.810001373291016,36.25,34.779998779296875,35.59000015258789,14040800
2016-01-21,27.396800994873047,35.290000915527344,36.279998779296875,35.279998779296875,35.93000030517578,7273100
2016-01-22,27.738388061523438,35.72999954223633,36.0,35.459999084472656,35.779998779296875,8650500
2016-01-25,26.581653594970703,34.2400016784668,35.619998931884766,34.209999084472656,35.560001373291016,11983900
2016-01-26,27.25706672668457,35.11000061035156,35.2400016784668,34.380001068115234,34.380001068115234,11944500
2016-01-27,27.621946334838867,35.58000183105469,36.369998931884766,34.970001220703125,35.16999816894531,11679600
2016-01-28,28.002338409423828,36.06999969482422,36.470001220703125,35.849998474121094,35.970001220703125,11876700
2016-01-29,28.460376739501953,36.65999984741211,36.65999984741211,35.900001525878906,36.08000183105469,7684400
2016-02-01,28.250768661499023,36.38999938964844,36.599998474121094,36.029998779296875,36.36000061035156,9237000
2016-02-02,27.389047622680664,35.279998779296875,36.029998779296875,35.040000915527344,35.88999938964844,9583000
2016-02-03,27.583118438720703,35.529998779296875,35.61000061035156,34.25,35.41999816894531,13298700
2016-02-04,27.854846954345703,35.880001068115234,36.31999969482422,35.31999969482422,35.38999938964844,11900500
2016-02-05,27.40457534790039,35.29999923706055,36.279998779296875,35.220001220703125,35.97999954223633,10617400
2016-02-08,26.659284591674805,34.34000015258789,34.880001068115234,33.900001525878906,34.66999816894531,12698600
2016-02-09,26.76021385192871,34.470001220703125,34.75,33.689998626708984,33.7599983215332,6836300
2016-02-10,26.527315139770508,34.16999816894531,35.18000030517578,34.16999816894531,34.77000045776367,6756300
2016-02-11,25.533607482910156,32.88999938964844,33.560001373291016,32.630001068115234,33.349998474121094,12880700
2016-02-12,26.76798439025879,34.47999954223633,34.59000015258789,33.5,33.560001373291016,8715200
2016-02-16,27.559837341308594,35.5,35.810001373291016,34.599998474121094,35.02000045776367,5887600
2016-02-17,27.55207633972168,35.4900016784668,36.119998931884766,35.369998931884766,35.7599983215332,5845300
2016-02-18,27.094045639038086,34.900001525878906,35.75,34.63999938964844,35.66999816894531,8075500
2016-02-19,27.280357360839844,35.13999938964844,35.209999084472656,34.599998474121094,34.720001220703125,5417400
2016-02-22,27.82378387451172,35.84000015258789,35.869998931884766,35.5,35.5,6256600
2016-02-23,27.08627700805664,34.88999938964844,35.75,34.619998931884766,35.689998626708984,7614500
2016-02-24,26.892189025878906,34.63999938964844,34.72999954223633,33.709999084472656,34.33000183105469,9973700
2016-02-25,27.319164276123047,35.189998626708984,35.2599983215332,34.58000183105469,34.7400016784668,4382100
2016-02-26,27.86260986328125,35.88999938964844,36.2400016784668,34.970001220703125,35.470001220703125,8810600
2016-02-29,27.226016998291016,35.06999969482422,35.88999938964844,35.04999923706055,35.83000183105469,6603800
2016-03-01,28.35944175720215,36.529998779296875,36.58000183105469,35.27000045776367,35.27000045776367,6896700
2016-03-02,28.88735580444336,37.209999084472656,37.25,36.349998474121094,36.349998474121094,6120800
2016-03-03,29.43856430053711,37.91999816894531,37.959999084472656,37.130001068115234,37.18000030517578,7143600
2016-03-04,29.78791046142578,38.369998931884766,38.63999938964844,38.0,38.25,7968800
2016-03-07,29.78013801574707,38.36000061035156,38.470001220703125,37.939998626708984,38.0,3862300
2016-03-08,29.042631149291992,37.40999984741211,38.11000061035156,37.310001373291016,37.939998626708984,7943800
2016-03-09,28.809722900390625,37.11000061035156,37.7400016784668,36.97999954223633,37.70000076293945,5339600
2016-03-10,29.081451416015625,37.459999084472656,37.68000030517578,36.75,37.41999816894531,7523300
2016-03-11,29.88883399963379,38.5,38.560001373291016,37.77000045776367,37.83000183105469,5558800
2016-03-14,29.7413272857666,38.310001373291016,38.5,37.95000076293945,38.40999984741211,3991300
2016-03-15,29.539487838745117,38.04999923706055,38.119998931884766,37.77000045776367,37.91999816894531,4807200
2016-03-16,29.213415145874023,37.630001068115234,38.41999816894531,37.310001373291016,37.91999816894531,8133000
2016-03-17,29.562774658203125,38.08000183105469,38.20000076293945,37.099998474121094,37.529998779296875,6382000
2016-03-18,30.02366065979004,38.5,38.81999969482422,38.0,38.189998626708984,6901500
2016-03-21,29.984663009643555,38.45000076293945,38.7400016784668,38.08000183105469,38.40999984741211,4546100
2016-03-22,29.992473602294922,38.459999084472656,38.58000183105469,37.939998626708984,38.13999938964844,4336400
2016-03-23,29.571346282958984,37.91999816894531,38.33000183105469,37.869998931884766,38.31999969482422,6056900
2016-03-24,29.446575164794922,37.7599983215332,37.779998779296875,37.16999816894531,37.560001373291016,5283700
2016-03-28,29.415393829345703,37.720001220703125,37.93000030517578,37.41999816894531,37.7599983215332,3740100
2016-03-29,29.40757942199707,37.709999084472656,37.83000183105469,36.79999923706055,37.349998474121094,6224600
2016-03-30,29.66493797302246,38.040000915527344,38.459999084472656,37.86000061035156,38.0099983215332,5433400
2016-03-31,29.352996826171875,37.63999938964844,38.130001068115234,37.369998931884766,37.81999969482422,4362100
2016-04-01,29.43877601623535,37.75,37.779998779296875,37.0,37.40999984741211,3315900
2016-04-04,29.43099021911621,37.7400016784668,38.09000015258789,37.43000030517578,37.70000076293945,4064100
2016-04-05,28.783714294433594,36.90999984741211,37.599998474121094,36.880001068115234,37.220001220703125,5060900
2016-04-06,29.080059051513672,37.290000915527344,37.34000015258789,36.68000030517578,36.880001068115234,5923200
2016-04-07,28.284626007080078,36.27000045776367,37.02000045776367,36.060001373291016,36.93000030517578,5481300
2016-04-08,28.495182037353516,36.540000915527344,37.16999816894531,36.380001068115234,36.630001068115234,4876800
2016-04-11,28.760330200195312,36.880001068115234,37.459999084472656,36.72999954223633,36.790000915527344,4628300
2016-04-12,29.31401252746582,37.59000015258789,37.61000061035156,36.810001373291016,36.93000030517578,5584600
2016-04-13,30.42917823791504,39.02000045776367,39.060001373291016,37.93000030517578,37.93000030517578,7566500
2016-04-14,30.702110290527344,39.369998931884766,39.86000061035156,38.77000045776367,38.97999954223633,6662300
2016-04-15,30.569547653198242,39.20000076293945,39.59000015258789,39.029998779296875,39.380001068115234,3859300
2016-04-18,30.889272689819336,39.61000061035156,39.709999084472656,38.84000015258789,38.95000076293945,4569200
2016-04-19,31.357160568237305,40.209999084472656,40.209999084472656,39.529998779296875,39.72999954223633,5343800
2016-04-20,31.747095108032227,40.709999084472656,40.75,39.959999084472656,40.13999938964844,5713800
2016-04-21,31.528749465942383,40.43000030517578,41.04999923706055,40.349998474121094,40.75,5494500
2016-04-22,31.825084686279297,40.810001373291016,40.93000030517578,40.310001373291016,40.310001373291016,5308900
2016-04-25,31.591129302978516,40.5099983215332,40.689998626708984,40.119998931884766,40.63999938964844,5058100
2016-04-26,32.01224899291992,41.04999923706055,41.11000061035156,40.41999816894531,40.59000015258789,6339400
2016-04-27,31.97324562072754,41.0,41.18000030517578,40.59000015258789,41.06999969482422,5366200
2016-04-28,31.614513397216797,40.540000915527344,41.04999923706055,40.369998931884766,40.5,4136800
2016-04-29,31.466354370117188,40.349998474121094,40.68000030517578,40.06999969482422,40.22999954223633,4946200
2016-05-02,31.676908493041992,40.619998931884766,40.689998626708984,40.11000061035156,40.540000915527344,3003200
2016-05-03,30.920473098754883,39.650001525878906,40.099998474121094,39.310001373291016,39.91999816894531,4989000
2016-05-04,30.35898208618164,38.93000030517578,39.689998626708984,38.459999084472656,39.29999923706055,5173300
2016-05-05,30.179622650146484,38.70000076293945,39.2599983215332,38.58000183105469,39.029998779296875,3307000
2016-05-06,30.304399490356445,38.86000061035156,38.88999938964844,38.349998474121094,38.43000030517578,4024200
2016-05-09,30.226415634155273,38.7599983215332,39.15999984741211,38.5099983215332,38.75,3058100
2016-05-10,30.811288833618164,39.5099983215332,39.630001068115234,38.93000030517578,39.0099983215332,3057500
2016-05-11,30.694320678710938,39.36000061035156,39.81999969482422,39.25,39.29999923706055,3194800
2016-05-12,30.4837589263916,39.09000015258789,39.84000015258789,38.83000183105469,39.54999923706055,7971500
2016-05-13,29.914480209350586,38.36000061035156,39.529998779296875,38.2400016784668,39.099998474121094,9810400
2016-05-16,30.37457847595215,38.95000076293945,39.20000076293945,38.380001068115234,38.380001068115234,4062900
2016-05-17,30.171817779541016,38.689998626708984,39.41999816894531,38.52000045776367,38.7599983215332,5345100
2016-05-18,31.45075225830078,40.33000183105469,40.43000030517578,38.630001068115234,38.630001068115234,8846000
2016-05-19,31.131023406982422,39.91999816894531,40.56999969482422,39.529998779296875,40.119998931884766,6216100
2016-05-20,31.388370513916016,40.25,40.59000015258789,40.029998779296875,40.13999938964844,4460000
2016-05-23,31.34157943725586,40.189998626708984,40.41999816894531,39.849998474121094,40.22999954223633,3672600
2016-05-24,31.95764923095703,40.97999954223633,41.16999816894531,40.380001068115234,40.4900016784668,5168100
2016-05-25,32.49573516845703,41.66999816894531,41.90999984741211,41.11000061035156,41.189998626708984,8573800
2016-05-26,32.183807373046875,41.27000045776367,41.7599983215332,41.15999984741211,41.66999816894531,6329300
2016-05-27,32.52692413330078,41.709999084472656,41.72999954223633,41.25,41.36000061035156,4619300
2016-05-31,32.48013687133789,41.650001525878906,41.970001220703125,41.4900016784668,41.95000076293945,5092200
2016-06-01,32.61271667480469,41.81999969482422,41.900001525878906,40.97999954223633,41.33000183105469,3852700
2016-06-02,32.73750305175781,41.97999954223633,42.0099983215332,41.45000076293945,41.63999938964844,3624900
2016-06-03,32.12140655517578,41.189998626708984,41.2599983215332,40.18000030517578,41.099998474121094,8409600
2016-06-06,32.581512451171875,41.779998779296875,42.040000915527344,41.20000076293945,41.45000076293945,5298500
2016-06-07,32.40995788574219,41.560001373291016,41.939998626708984,41.540000915527344,41.779998779296875,2553800
2016-06-08,32.49573516845703,41.66999816894531,41.7599983215332,41.41999816894531,41.5,2673200
2016-06-09,32.05122756958008,41.099998474121094,41.36000061035156,40.72999954223633,41.189998626708984,6603800
2016-06-10,31.606727600097656,40.529998779296875,40.790000915527344,40.29999923706055,40.5,5622600
2016-06-13,31.22459602355957,40.040000915527344,40.689998626708984,39.93000030517578,40.209999084472656,4833300
2016-06-14,30.522747039794922,39.13999938964844,40.209999084472656,38.939998626708984,39.77000045776367,7111100
2016-06-15,30.678722381591797,39.34000015258789,39.97999954223633,39.06999969482422,39.16999816894531,6956800
2016-06-16,30.24201202392578,38.779998779296875,39.04999923706055,38.38999938964844,38.970001220703125,10227800
2016-06-17,30.40741729736328,38.790000915527344,39.150001525878906,38.470001220703125,38.91999816894531,3911400
2016-06-20,30.72097396850586,39.189998626708984,40.040000915527344,39.150001525878906,39.59000015258789,4554500
2016-06-21,30.838565826416016,39.34000015258789,39.40999984741211,38.869998931884766,39.290000915527344,3098200
2016-06-22,30.79936981201172,39.290000915527344,39.869998931884766,39.2400016784668,39.31999969482422,3528100
2016-06-23,31.802762985229492,40.56999969482422,40.599998474121094,39.83000183105469,39.90999984741211,7285900
2016-06-24,29.498090744018555,37.630001068115234,38.75,37.599998474121094,38.310001373291016,9026800
2016-06-27,27.83622169494629,35.5099983215332,37.18000030517578,35.290000915527344,36.93000030517578,14231400
2016-06-28,28.690677642822266,36.599998474121094,36.72999954223633,35.86000061035156,36.099998474121094,10179200
2016-06-29,29.42754364013672,37.540000915527344,37.599998474121094,36.849998474121094,37.18000030517578,6009600
2016-06-30,30.10169792175293,38.400001525878906,38.45000076293945,37.439998626708984,38.0099983215332,7411500
2016-07-01,29.780296325683594,37.9900016784668,38.369998931884766,37.65999984741211,38.0099983215332,6155800
2016-07-05,28.88665771484375,36.849998474121094,37.58000183105469,36.560001373291016,37.439998626708984,5105800
2016-07-06,29.098302841186523,37.119998931884766,37.209999084472656,36.150001525878906,36.54999923706055,4901400
2016-07-07,29.513774871826172,37.650001525878906,37.880001068115234,37.27000045776367,37.43000030517578,5962100
2016-07-08,29.97627067565918,38.2400016784668,38.59000015258789,38.08000183105469,38.20000076293945,5017900
2016-07-11,30.36822509765625,38.7400016784668,38.91999816894531,38.599998474121094,38.61000061035156,5238100
2016-07-12,31.06589126586914,39.630001068115234,39.75,39.150001525878906,39.34000015258789,4987800
2016-07-13,31.081575393676758,39.650001525878906,39.72999954223633,39.36000061035156,39.59000015258789,3849400
2016-07-14,31.567590713500977,40.27000045776367,40.540000915527344,40.130001068115234,40.540000915527344,8128000
2016-07-15,31.630300521850586,40.349998474121094,40.66999816894531,40.20000076293945,40.66999816894531,4383700
2016-07-18,31.465673446655273,40.13999938964844,40.41999816894531,40.08000183105469,40.08000183105469,4224600
2016-07-19,31.504871368408203,40.189998626708984,40.45000076293945,39.459999084472656,39.95000076293945,3677400
2016-07-20,31.355934143066406,40.0,40.29999923706055,39.810001373291016,40.29999923706055,3963300
2016-07-21,31.144285202026367,39.72999954223633,40.209999084472656,39.630001068115234,40.11000061035156,4671100
2016-07-22,31.426483154296875,40.09000015258789,40.20000076293945,39.4900016784668,39.779998779296875,3097800
2016-07-25,31.324575424194336,39.959999084472656,40.16999816894531,39.869998931884766,40.0099983215332,2275200
2016-07-26,31.497032165527344,40.18000030517578,40.22999954223633,39.79999923706055,39.91999816894531,3945900
2016-07-27,31.57541847229004,40.279998779296875,40.75,40.18000030517578,40.2400016784668,7603300
2016-07-28,31.57541847229004,40.279998779296875,40.439998626708984,39.849998474121094,40.13999938964844,3192200
2016-07-29,31.43431854248047,40.099998474121094,40.5,39.9900016784668,40.06999969482422,3394800
2016-08-01,31.105087280273438,39.68000030517578,40.400001525878906,39.630001068115234,40.2400016784668,3252400
2016-08-02,30.830713272094727,39.33000183105469,39.83000183105469,39.150001525878906,39.7599983215332,4321600
2016-08-03,31.261865615844727,39.880001068115234,39.91999816894531,39.150001525878906,39.2400016784668,2935500
2016-08-04,31.301057815551758,39.93000030517578,40.130001068115234,39.7599983215332,39.7599983215332,3466200
2016-08-05,32.382843017578125,41.310001373291016,41.34000015258789,40.36000061035156,40.900001525878906,7245500
2016-08-08,32.296607971191406,41.20000076293945,41.63999938964844,41.119998931884766,41.439998626708984,2939500
2016-08-09,32.375,41.29999923706055,41.400001525878906,41.09000015258789,41.150001525878906,2699700
2016-08-10,31.951692581176758,40.7599983215332,41.2400016784668,40.70000076293945,41.20000076293945,8717200
2016-08-11,32.030086517333984,40.86000061035156,41.0,40.650001525878906,40.810001373291016,5108300
2016-08-12,31.881135940551758,40.66999816894531,40.689998626708984,40.290000915527344,40.349998474121094,2639300
2016-08-15,32.35932159423828,41.279998779296875,41.349998474121094,40.84000015258789,40.959999084472656,2915600
2016-08-16,32.2730827331543,41.16999816894531,41.38999938964844,40.97999954223633,41.11000061035156,3917200
2016-08-17,32.375,41.29999923706055,41.4900016784668,41.040000915527344,41.09000015258789,3959700
2016-08-18,32.51609802246094,41.47999954223633,41.560001373291016,41.220001220703125,41.2599983215332,2903200
2016-08-19,32.57097244262695,41.54999923706055,41.599998474121094,41.27000045776367,41.400001525878906,2805500
2016-08-22,32.578819274902344,41.560001373291016,41.66999816894531,41.15999984741211,41.290000915527344,2032300
2016-08-23,32.66504669189453,41.66999816894531,41.88999938964844,41.650001525878906,41.650001525878906,2165000
2016-08-24,32.63368606567383,41.630001068115234,41.90999984741211,41.380001068115234,41.72999954223633,3797300
2016-08-25,32.79045867919922,41.83000183105469,41.88999938964844,41.529998779296875,41.540000915527344,3113800
2016-08-26,33.00996017456055,42.11000061035156,42.34000015258789,41.79999923706055,42.0,10798200
2016-08-29,33.260799407958984,42.43000030517578,42.619998931884766,42.130001068115234,42.189998626708984,6257100
2016-08-30,33.613548278808594,42.880001068115234,42.900001525878906,42.5,42.529998779296875,6383300
2016-08-31,33.72330856323242,43.02000045776367,43.06999969482422,42.4900016784668,43.0,10472700
2016-09-01,33.48813247680664,42.720001220703125,43.279998779296875,42.33000183105469,43.119998931884766,7659300
2016-09-02,33.7781867980957,43.09000015258789,43.09000015258789,42.4900016784668,42.97999954223633,4481300
2016-09-06,33.1667366027832,42.310001373291016,43.11000061035156,42.13999938964844,43.09000015258789,8670900
2016-09-07,33.4254264831543,42.63999938964844,42.65999984741211,42.04999923706055,42.29999923706055,4030900
2016-09-08,33.51948547363281,42.7599983215332,42.9900016784668,42.470001220703125,42.84000015258789,4122700
2016-09-09,33.28432083129883,42.459999084472656,42.97999954223633,42.41999816894531,42.90999984741211,6462900
2016-09-12,33.495967864990234,42.72999954223633,42.79999923706055,41.779998779296875,42.18000030517578,6227000
2016-09-13,33.00996017456055,42.11000061035156,42.279998779296875,41.54999923706055,42.27000045776367,6068000
2016-09-14,32.719913482666016,41.7400016784668,42.310001373291016,41.70000076293945,42.130001068115234,11019100
2016-09-15,33.04916000366211,42.15999984741211,42.209999084472656,41.630001068115234,41.65999984741211,5519900
2016-09-16,32.7601318359375,41.599998474121094,41.790000915527344,41.369998931884766,41.63999938964844,5352800
2016-09-19,32.88612365722656,41.7599983215332,42.130001068115234,41.540000915527344,41.810001373291016,5497400
2016-09-20,32.838897705078125,41.70000076293945,42.130001068115234,41.63999938964844,42.130001068115234,2824000
2016-09-21,32.98851013183594,41.88999938964844,42.189998626708984,41.540000915527344,41.869998931884766,6297400
2016-09-22,33.24839401245117,42.220001220703125,42.2599983215332,41.77000045776367,42.15999984741211,5718400
2016-09-23,33.25626754760742,42.22999954223633,42.540000915527344,41.93000030517578,41.93000030517578,7222500
2016-09-26,32.50813674926758,41.279998779296875,41.939998626708984,41.2599983215332,41.90999984741211,4819600
2016-09-27,32.84675598144531,41.709999084472656,41.709999084472656,40.970001220703125,41.04999923706055,3703900
2016-09-28,33.24839401245117,42.220001220703125,42.220001220703125,41.54999923706055,41.880001068115234,2720000
2016-09-29,32.6971435546875,41.52000045776367,42.470001220703125,41.38999938964844,42.22999954223633,7526600
2016-09-30,33.287757873535156,42.27000045776367,42.40999984741211,41.56999969482422,41.79999923706055,3533500
2016-10-03,32.964881896972656,41.86000061035156,42.310001373291016,41.81999969482422,42.04999923706055,3648600
2016-10-04,33.4373779296875,42.459999084472656,42.720001220703125,41.97999954223633,42.060001373291016,6768800
2016-10-05,34.083133697509766,43.279998779296875,43.45000076293945,42.560001373291016,42.630001068115234,6534100
2016-10-06,34.028018951416016,43.209999084472656,43.650001525878906,42.939998626708984,43.650001525878906,4761000
2016-10-07,34.05164337158203,43.2400016784668,43.41999816894531,42.77000045776367,43.09000015258789,6360300
2016-10-10,34.23277282714844,43.470001220703125,43.70000076293945,43.36000061035156,43.59000015258789,4115800
2016-10-11,33.783905029296875,42.900001525878906,43.619998931884766,42.68000030517578,43.5,5531300
2016-10-12,33.72876739501953,42.83000183105469,43.189998626708984,42.81999969482422,42.900001525878906,5177900
2016-10-13,32.90977096557617,41.790000915527344,42.65999984741211,41.36000061035156,42.290000915527344,7769000
2016-10-14,33.075130462646484,42.0,42.5,41.86000061035156,42.349998474121094,4120200
2016-10-17,32.84675598144531,41.709999084472656,42.16999816894531,41.599998474121094,42.04999923706055,3059400
2016-10-18,33.169647216796875,42.119998931884766,42.189998626708984,41.709999084472656,42.040000915527344,2537500
2016-10-19,33.82326889038086,42.95000076293945,43.08000183105469,42.27000045776367,42.33000183105469,5573100
2016-10-20,33.91777420043945,43.06999969482422,43.36000061035156,42.7400016784668,42.869998931884766,3960300
2016-10-21,34.012271881103516,43.189998626708984,43.22999954223633,42.650001525878906,42.77000045776367,3653200
2016-10-24,34.28789138793945,43.540000915527344,43.75,43.380001068115234,43.5,3964000
2016-10-25,34.16189956665039,43.380001068115234,43.7400016784668,43.25,43.41999816894531,2927000
2016-10-26,34.413902282714844,43.70000076293945,43.88999938964844,43.18000030517578,43.290000915527344,6058900
2016-10-27,34.65015411376953,44.0,44.29999923706055,43.66999816894531,44.04999923706055,6206300
2016-10-28,34.24852752685547,43.4900016784668,44.20000076293945,43.349998474121094,44.20000076293945,6400300
2016-10-31,34.484764099121094,43.790000915527344,43.939998626708984,43.560001373291016,43.630001068115234,8450200
2016-11-01,34.40601348876953,43.689998626708984,44.150001525878906,43.20000076293945,44.0,9336600
2016-11-02,33.79177474975586,42.90999984741211,43.54999923706055,42.689998626708984,43.529998779296875,6276000
2016-11-03,33.81538772583008,42.939998626708984,43.349998474121094,42.86000061035156,43.08000183105469,4314900
2016-11-04,33.85476303100586,42.9900016784668,43.52000045776367,42.61000061035156,43.040000915527344,6140600
2016-11-07,34.82339859008789,44.220001220703125,44.31999969482422,43.63999938964844,43.91999816894531,6264900
2016-11-08,34.62652587890625,43.970001220703125,44.27000045776367,43.599998474121094,43.91999816894531,5600400
2016-11-09,36.579524993896484,46.45000076293945,46.689998626708984,44.65999984741211,44.86000061035156,23149000
2016-11-10,38.11516571044922,48.400001525878906,48.79999923706055,47.15999984741211,47.290000915527344,20673200
2016-11-11,38.97354507446289,49.4900016784668,49.560001373291016,48.099998474121094,48.15999984741211,14349800
2016-11-14,40.02879333496094,50.83000183105469,51.65999984741211,50.029998779296875,50.09000015258789,17284100
2016-11-15,40.288665771484375,51.15999984741211,51.18000030517578,49.599998474121094,50.25,11331000
2016-11-16,39.70591354370117,50.41999816894531,50.7400016784668,50.16999816894531,50.33000183105469,11314900
2016-11-17,40.28079605102539,51.150001525878906,51.189998626708984,50.22999954223633,50.540000915527344,10626000
2016-11-18,40.55643081665039,51.5,51.630001068115234,50.959999084472656,51.209999084472656,12271600
2016-11-21,40.68242645263672,51.65999984741211,51.790000915527344,51.209999084472656,51.709999084472656,6436800
2016-11-22,40.93442153930664,51.97999954223633,52.040000915527344,51.58000183105469,51.70000076293945,10087400
2016-11-23,41.186424255371094,52.29999923706055,52.45000076293945,51.88999938964844,52.380001068115234,8823600
2016-11-25,41.186424255371094,52.29999923706055,52.4900016784668,52.09000015258789,52.439998626708984,2108000
2016-11-28,40.406795501708984,51.310001373291016,52.220001220703125,51.18000030517578,51.810001373291016,9030100
2016-11-29,40.54066848754883,51.47999954223633,51.849998474121094,51.29999923706055,51.439998626708984,5992000
2016-11-30,41.273048400878906,52.40999984741211,52.59000015258789,52.16999816894531,52.40999984741211,8773600
2016-12-01,42.09992980957031,53.459999084472656,53.63999938964844,52.599998474121094,52.79999923706055,10064200
2016-12-02,41.76130294799805,53.029998779296875,53.31999969482422,52.75,53.310001373291016,8765300
2016-12-05,42.2731819152832,53.68000030517578,53.95000076293945,53.349998474121094,53.4900016784668,6811000
2016-12-06,42.9189453125,54.5,54.5,53.58000183105469,53.93000030517578,7118100
2016-12-07,43.34417724609375,55.040000915527344,55.06999969482422,54.220001220703125,54.470001220703125,7701800
2016-12-08,44.029300689697266,55.90999984741211,56.290000915527344,55.11000061035156,55.31999969482422,11920900
2016-12-09,44.12381362915039,56.029998779296875,56.04999923706055,55.38999938964844,56.02000045776367,7416300
2016-12-12,43.26544189453125,54.939998626708984,56.099998474121094,54.779998779296875,55.939998626708984,9404100
2016-12-13,43.32843780517578,55.02000045776367,55.439998626708984,54.470001220703125,55.13999938964844,8069500
2016-12-14,43.18667221069336,54.84000015258789,55.810001373291016,54.33000183105469,54.470001220703125,14557500
2016-12-15,43.816688537597656,55.63999938964844,55.93000030517578,54.720001220703125,55.20000076293945,9955800
2016-12-16,43.271244049072266,54.7400016784668,55.810001373291016,54.630001068115234,55.66999816894531,8766700
2016-12-19,43.532108306884766,55.06999969482422,55.119998931884766,54.27000045776367,54.95000076293945,8196100
2016-12-20,44.35421371459961,56.11000061035156,56.119998931884766,55.29999923706055,55.540000915527344,5848500
2016-12-21,44.20402526855469,55.91999816894531,56.119998931884766,55.689998626708984,56.04999923706055,5894900
2016-12-22,44.33839797973633,56.09000015258789,56.20000076293945,55.68000030517578,56.0,5643800
2016-12-23,44.35421371459961,56.11000061035156,56.13999938964844,55.869998931884766,55.959999084472656,3086500
2016-12-27,44.630889892578125,56.459999084472656,56.470001220703125,56.15999984741211,56.36000061035156,5086100
2016-12-28,44.12497329711914,55.81999969482422,56.540000915527344,55.65999984741211,56.52000045776367,6182900
2016-12-29,43.753456115722656,55.349998474121094,56.15999984741211,55.06999969482422,55.86000061035156,3913100
2016-12-30,43.9273567199707,55.56999969482422,55.709999084472656,55.18000030517578,55.5,6596100
2017-01-03,43.9273567199707,55.56999969482422,56.72999954223633,55.22999954223633,56.47999954223633,8186400
2017-01-04,44.61507034301758,56.439998626708984,56.59000015258789,55.689998626708984,55.939998626708984,5981600
2017-01-05,43.91154479980469,55.54999923706055,56.5,55.06999969482422,56.11000061035156,7650700
2017-01-06,44.093360900878906,55.779998779296875,56.18000030517578,55.52000045776367,55.9900016784668,5534600
2017-01-09,43.66648864746094,55.2400016784668,55.599998474121094,54.849998474121094,55.400001525878906,4440100
2017-01-10,44.07754898071289,55.7599983215332,55.959999084472656,55.0099983215332,55.2400016784668,5748600
2017-01-11,44.33839797973633,56.09000015258789,56.11000061035156,55.279998779296875,55.61000061035156,7564200
2017-01-12,43.62697219848633,55.189998626708984,55.81999969482422,54.58000183105469,55.790000915527344,7294400
2017-01-13,44.11707305908203,55.810001373291016,56.66999816894531,55.52000045776367,55.70000076293945,7608200
2017-01-17,42.52027893066406,53.790000915527344,55.16999816894531,53.720001220703125,55.16999816894531,11245400
2017-01-18,42.99457931518555,54.38999938964844,54.459999084472656,53.47999954223633,54.099998474121094,7616500
2017-01-19,42.765342712402344,54.099998474121094,54.83000183105469,53.79999923706055,54.72999954223633,8101500
2017-01-20,43.09733963012695,54.52000045776367,54.900001525878906,54.27000045776367,54.290000915527344,8459700
2017-01-23,42.96296310424805,54.349998474121094,54.630001068115234,53.880001068115234,54.290000915527344,5257400
2017-01-24,43.777164459228516,55.380001068115234,55.529998779296875,54.38999938964844,54.630001068115234,6376600
2017-01-25,44.59926986694336,56.41999816894531,56.54999923706055,55.88999938964844,55.97999954223633,7040100
2017-01-26,44.962894439697266,56.880001068115234,56.9900016784668,56.349998474121094,56.61000061035156,6322900
2017-01-27,44.49650573730469,56.290000915527344,56.81999969482422,56.13999938964844,56.79999923706055,6321600
2017-01-30,43.840396881103516,55.459999084472656,55.88999938964844,54.81999969482422,55.88999938964844,7707300
2017-01-31,43.7929801940918,55.400001525878906,55.810001373291016,54.97999954223633,55.29999923706055,5835200
2017-02-01,43.6981201171875,55.279998779296875,56.5099983215332,55.130001068115234,56.029998779296875,7590600
2017-02-02,43.200103759765625,54.650001525878906,55.060001373291016,54.349998474121094,54.83000183105469,7295000
2017-02-03,44.330501556396484,56.08000183105469,56.150001525878906,55.13999938964844,55.4900016784668,6806900
2017-02-06,44.00640106201172,55.66999816894531,56.209999084472656,55.56999969482422,55.66999816894531,6111800
2017-02-07,43.840396881103516,55.459999084472656,56.0099983215332,55.22999954223633,55.880001068115234,4346700
2017-02-08,43.40563201904297,54.90999984741211,55.27000045776367,54.400001525878906,55.150001525878906,6376600
2017-02-09,44.19612121582031,55.90999984741211,56.0,54.90999984741211,54.90999984741211,9218000
2017-02-10,44.401641845703125,56.16999816894531,56.310001373291016,55.779998779296875,56.18000030517578,6157700
2017-02-13,44.81269454956055,56.689998626708984,57.13999938964844,56.5,56.54999923706055,6077400
2017-02-14,45.611087799072266,57.70000076293945,57.779998779296875,56.4900016784668,56.7400016784668,8326900
2017-02-15,45.808712005615234,57.95000076293945,58.11000061035156,57.5099983215332,58.060001373291016,6233300
2017-02-16,45.7454719543457,57.869998931884766,58.040000915527344,57.33000183105469,57.95000076293945,6796400
2017-02-17,45.611087799072266,57.70000076293945,57.70000076293945,57.0099983215332,57.279998779296875,5260000
2017-02-21,45.808712005615234,57.95000076293945,58.2400016784668,57.599998474121094,58.060001373291016,4011000
2017-02-22,45.76919174194336,57.900001525878906,58.16999816894531,57.54999923706055,57.54999923706055,3994700
2017-02-23,45.80079650878906,57.939998626708984,58.029998779296875,57.15999984741211,57.9900016784668,5092700
2017-02-24,45.4213752746582,57.459999084472656,57.529998779296875,57.040000915527344,57.20000076293945,5937100
2017-02-27,45.81661605834961,57.959999084472656,57.959999084472656,57.41999816894531,57.54999923706055,4774500
2017-02-28,45.4213752746582,57.459999084472656,57.810001373291016,57.16999816894531,57.72999954223633,5306600
2017-03-01,46.923301696777344,59.36000061035156,59.599998474121094,58.5,58.7599983215332,10838500
2017-03-02,45.70595169067383,57.81999969482422,59.68000030517578,57.75,59.52000045776367,7206400
2017-03-03,46.00633239746094,58.20000076293945,58.36000061035156,57.849998474121094,57.97999954223633,9163300
2017-03-06,45.713863372802734,57.83000183105469,58.099998474121094,57.25,57.84000015258789,5490800
2017-03-07,45.5162353515625,57.58000183105469,58.0099983215332,57.400001525878906,57.77000045776367,6079600
2017-03-08,45.27118682861328,57.27000045776367,58.38999938964844,57.189998626708984,58.22999954223633,9310500
2017-03-09,45.255374908447266,57.25,57.880001068115234,57.119998931884766,57.5099983215332,7186800
2017-03-10,45.04985046386719,56.9900016784668,57.599998474121094,56.33000183105469,57.599998474121094,10470300
2017-03-13,45.10517883300781,57.060001373291016,57.459999084472656,56.7599983215332,57.02000045776367,3839600
2017-03-14,44.98659896850586,56.90999984741211,56.97999954223633,56.09000015258789,56.75,5487100
2017-03-15,44.607177734375,56.43000030517578,57.47999954223633,56.29999923706055,57.060001373291016,14055200
2017-03-16,45.018218994140625,56.95000076293945,57.189998626708984,56.560001373291016,56.72999954223633,5276000
2017-03-17,44.83109664916992,56.540000915527344,56.939998626708984,56.0099983215332,56.880001068115234,11061400
2017-03-20,44.188838958740234,55.72999954223633,56.45000076293945,55.709999084472656,56.34000015258789,4265700
2017-03-21,41.81803894042969,52.7400016784668,56.36000061035156,52.70000076293945,56.06999969482422,28352500
2017-03-22,41.6991081237793,52.59000015258789,53.06999969482422,51.56999969482422,52.220001220703125,17370100
2017-03-23,42.016265869140625,52.9900016784668,53.70000076293945,52.310001373291016,52.439998626708984,11713600
2017-03-24,42.0797119140625,53.06999969482422,53.45000076293945,52.58000183105469,53.189998626708984,8850300
2017-03-27,41.84975814819336,52.779998779296875,52.880001068115234,51.16999816894531,51.5,11951500
2017-03-28,42.55544662475586,53.66999816894531,53.939998626708984,52.540000915527344,52.560001373291016,7721800
2017-03-29,42.4127311706543,53.4900016784668,53.84000015258789,53.13999938964844,53.560001373291016,5187500
2017-03-30,43.72102737426758,55.13999938964844,55.310001373291016,53.45000076293945,53.45000076293945,13626400
2017-03-31,43.300785064697266,54.61000061035156,55.13999938964844,54.56999969482422,54.900001525878906,7394500
2017-04-03,42.88847732543945,54.09000015258789,54.84000015258789,53.52000045776367,54.58000183105469,9174500
2017-04-04,42.91226577758789,54.119998931884766,54.369998931884766,53.709999084472656,53.709999084472656,7053800
2017-04-05,42.11933517456055,53.119998931884766,54.900001525878906,53.08000183105469,54.63999938964844,8453000
2017-04-06,42.68231964111328,53.83000183105469,54.0,52.689998626708984,53.099998474121094,6307400
2017-04-07,42.507877349853516,53.61000061035156,53.880001068115234,53.119998931884766,53.369998931884766,8293900
2017-04-10,42.23829650878906,53.27000045776367,53.9900016784668,52.83000183105469,53.5,6347400
2017-04-11,42.48408508300781,53.58000183105469,53.61000061035156,52.599998474121094,52.93000030517578,9289600
2017-04-12,41.889404296875,52.83000183105469,53.68000030517578,52.630001068115234,53.529998779296875,7334100
2017-04-13,41.001346588134766,51.709999084472656,52.880001068115234,51.68000030517578,52.459999084472656,11193000
2017-04-17,41.722900390625,52.619998931884766,52.66999816894531,51.470001220703125,51.68000030517578,8164800
2017-04-18,41.508811950683594,52.349998474121094,52.709999084472656,51.619998931884766,52.11000061035156,7039200
2017-04-19,41.77840805053711,52.689998626708984,53.209999084472656,52.439998626708984,52.709999084472656,5528900
2017-04-20,42.658531188964844,53.79999923706055,53.86000061035156,52.93000030517578,53.02000045776367,9414800
2017-04-21,42.53166198730469,53.63999938964844,54.060001373291016,53.310001373291016,53.47999954223633,7505700
2017-04-24,43.46729278564453,54.81999969482422,55.529998779296875,54.72999954223633,54.880001068115234,8772400
2017-04-25,43.62588119506836,55.02000045776367,55.58000183105469,55.0099983215332,55.310001373291016,6759100
2017-04-26,44.09368896484375,55.61000061035156,56.099998474121094,54.83000183105469,54.9900016784668,9153600
2017-04-27,43.62588119506836,55.02000045776367,55.790000915527344,54.70000076293945,55.7599983215332,6185300
2017-04-28,42.856754302978516,54.04999923706055,55.18000030517578,53.97999954223633,54.95000076293945,7059200
2017-05-01,43.34043884277344,54.65999984741211,55.0,53.869998931884766,54.29999923706055,5975200
2017-05-02,42.98362731933594,54.209999084472656,54.790000915527344,53.90999984741211,54.630001068115234,5160200
2017-05-03,43.388004302978516,54.720001220703125,54.77000045776367,53.68000030517578,53.939998626708984,6276600
2017-05-04,43.46729278564453,54.81999969482422,55.43000030517578,54.59000015258789,55.279998779296875,7470800
2017-05-05,43.34835433959961,54.66999816894531,55.06999969482422,54.29999923706055,54.97999954223633,4323200
2017-05-08,43.49108123779297,54.849998474121094,54.91999816894531,54.439998626708984,54.689998626708984,4672800
2017-05-09,43.17391586303711,54.45000076293945,55.279998779296875,54.15999984741211,55.0099983215332,4561800
2017-05-10,43.22941970825195,54.52000045776367,54.63999938964844,53.95000076293945,54.279998779296875,3237500
2017-05-11,42.58716583251953,53.709999084472656,54.5099983215332,53.29999923706055,54.310001373291016,8872300
2017-05-12,42.4365119934082,53.52000045776367,53.52000045776367,52.7599983215332,53.130001068115234,12060300
2017-05-15,42.832969665527344,54.02000045776367,54.189998626708984,53.560001373291016,53.720001220703125,4413500
2017-05-16,43.03120040893555,54.27000045776367,54.290000915527344,53.54999923706055,54.099998474121094,4607200
2017-05-17,41.16785430908203,51.91999816894531,53.2599983215332,51.4900016784668,53.0,16524200
2017-05-18,41.492958068847656,52.33000183105469,52.59000015258789,51.689998626708984,51.790000915527344,10493800
2017-05-19,41.61189270019531,52.47999954223633,52.900001525878906,52.33000183105469,52.33000183105469,9642100
2017-05-22,41.80217742919922,52.720001220703125,52.849998474121094,52.15999984741211,52.689998626708984,3714600
2017-05-23,42.4047966003418,53.47999954223633,53.779998779296875,52.47999954223633,52.75,5280400
2017-05-24,42.15899658203125,53.16999816894531,53.61000061035156,52.81999969482422,53.599998474121094,4856000
2017-05-25,42.18278121948242,53.20000076293945,53.650001525878906,52.939998626708984,53.29999923706055,5738900
2017-05-26,41.8973388671875,52.84000015258789,53.150001525878906,52.709999084472656,53.0,4296300
2017-05-30,41.43743133544922,52.2599983215332,52.650001525878906,51.81999969482422,52.4900016784668,7886200
2017-05-31,41.096492767333984,51.83000183105469,52.5,51.09000015258789,52.290000915527344,13087600
2017-06-01,41.825984954833984,52.75,52.77000045776367,51.560001373291016,52.22999954223633,8705100
2017-06-02,41.51675033569336,52.36000061035156,52.91999816894531,51.90999984741211,52.09000015258789,9107900
2017-06-05,41.54052734375,52.38999938964844,52.95000076293945,52.349998474121094,52.369998931884766,6443800
2017-06-06,41.24715042114258,52.02000045776367,52.34000015258789,51.540000915527344,51.86000061035156,7804100
2017-06-07,41.67532730102539,52.560001373291016,52.79999923706055,52.09000015258789,52.310001373291016,8671400
2017-06-08,42.880550384521484,54.08000183105469,54.75,52.27000045776367,52.45000076293945,16618900
2017-06-09,44.188838958740234,55.72999954223633,56.040000915527344,54.529998779296875,54.59000015258789,13729500
2017-06-12,44.165061950683594,55.70000076293945,56.540000915527344,55.2400016784668,55.77000045776367,10618900
2017-06-13,44.2047119140625,55.75,56.310001373291016,55.540000915527344,56.0,6627900
2017-06-14,44.2047119140625,55.75,55.75,54.470001220703125,55.119998931884766,10824200
2017-06-15,43.998538970947266,55.4900016784668,56.130001068115234,55.150001525878906,55.630001068115234,5752000
2017-06-16,43.82267379760742,55.06999969482422,55.38999938964844,54.7400016784668,55.11000061035156,5449800
2017-06-19,43.82267379760742,55.06999969482422,55.7599983215332,54.90999984741211,55.41999816894531,5841100
2017-06-20,43.24973678588867,54.349998474121094,55.11000061035156,54.33000183105469,54.900001525878906,4009900
2017-06-21,42.660858154296875,53.61000061035156,54.529998779296875,53.540000915527344,54.529998779296875,5365200
2017-06-22,42.3743896484375,53.25,53.65999984741211,52.869998931884766,53.459999084472656,5177400
2017-06-23,42.10383987426758,52.90999984741211,53.59000015258789,52.720001220703125,53.540000915527344,6609400
2017-06-26,42.40623092651367,53.290000915527344,53.720001220703125,52.720001220703125,53.02000045776367,4717100
2017-06-27,42.62108612060547,53.560001373291016,54.189998626708984,53.43000030517578,53.63999938964844,5600800
2017-06-28,43.24973678588867,54.349998474121094,54.540000915527344,53.86000061035156,53.86000061035156,8585000
2017-06-29,43.92613220214844,55.20000076293945,55.939998626708984,54.5099983215332,55.79999923706055,11122500
2017-06-30,43.7271842956543,54.95000076293945,55.540000915527344,54.689998626708984,55.4900016784668,6476600
2017-07-03,44.61845397949219,56.06999969482422,56.4900016784668,55.25,55.33000183105469,5452900
2017-07-05,44.53885269165039,55.970001220703125,56.33000183105469,55.439998626708984,56.2599983215332,4212100
2017-07-06,44.10120391845703,55.41999816894531,56.18000030517578,55.27000045776367,56.08000183105469,4682500
2017-07-07,44.300132751464844,55.66999816894531,55.84000015258789,55.02000045776367,55.72999954223633,3786200
2017-07-10,44.077327728271484,55.38999938964844,55.720001220703125,55.209999084472656,55.47999954223633,3207000
2017-07-11,43.99774932861328,55.290000915527344,55.47999954223633,54.869998931884766,55.40999984741211,3525600
2017-07-12,43.902252197265625,55.16999816894531,55.52000045776367,54.939998626708984,55.0099983215332,4706700
2017-07-13,44.061405181884766,55.369998931884766,55.529998779296875,55.029998779296875,55.34000015258789,4597100
2017-07-14,43.782894134521484,55.02000045776367,55.349998474121094,54.33000183105469,54.58000183105469,5380700
2017-07-17,43.814735412597656,55.060001373291016,55.290000915527344,54.54999923706055,55.02000045776367,3042300
2017-07-18,43.64761734008789,54.849998474121094,55.040000915527344,54.439998626708984,54.66999816894531,4856400
2017-07-19,43.63169860839844,54.83000183105469,55.20000076293945,54.45000076293945,55.04999923706055,4211900
2017-07-20,43.56008529663086,54.7400016784668,55.18000030517578,54.40999984741211,54.779998779296875,3292500
2017-07-21,43.1701545715332,54.25,55.0,54.08000183105469,54.79999923706055,3839100
2017-07-24,43.61579132080078,54.810001373291016,54.869998931884766,54.29999923706055,54.31999969482422,2887100
2017-07-25,44.324012756347656,55.70000076293945,56.02000045776367,55.470001220703125,55.70000076293945,6480600
2017-07-26,43.44071960449219,54.59000015258789,55.880001068115234,54.43000030517578,55.77000045776367,6659600
2017-07-27,43.448665618896484,54.599998474121094,55.04999923706055,54.2599983215332,54.72999954223633,4881900
2017-07-28,43.05875778198242,54.11000061035156,54.459999084472656,53.86000061035156,54.38999938964844,4917200
2017-07-31,43.35317611694336,54.47999954223633,54.790000915527344,54.189998626708984,54.34000015258789,4565700
2017-08-01,43.64761734008789,54.849998474121094,55.189998626708984,54.5,54.709999084472656,3149700
2017-08-02,43.6873893737793,54.900001525878906,55.060001373291016,54.45000076293945,54.93000030517578,3460900
2017-08-03,43.36114501953125,54.4900016784668,54.91999816894531,54.369998931884766,54.72999954223633,3494100
2017-08-04,43.75105285644531,54.97999954223633,55.41999816894531,54.790000915527344,55.25,4466900
2017-08-07,43.47254180908203,54.630001068115234,55.04999923706055,54.52000045776367,54.939998626708984,3964100
2017-08-08,43.53620910644531,54.709999084472656,55.540000915527344,54.43000030517578,54.439998626708984,4180300
2017-08-09,43.026912689208984,54.06999969482422,54.40999984741211,53.86000061035156,54.02000045776367,4208000
2017-08-10,41.912841796875,52.66999816894531,53.720001220703125,52.630001068115234,53.54999923706055,9026600
2017-08-11,41.594539642333984,52.27000045776367,53.060001373291016,52.02000045776367,52.77000045776367,5683500
2017-08-14,42.55741500854492,53.47999954223633,53.52000045776367,52.790000915527344,52.86000061035156,4467500
2017-08-15,42.342567443847656,53.209999084472656,54.08000183105469,53.209999084472656,54.08000183105469,3237600
2017-08-16,42.223201751708984,53.060001373291016,53.560001373291016,52.900001525878906,53.459999084472656,4100800
2017-08-17,41.06138610839844,51.599998474121094,53.06999969482422,51.529998779296875,52.869998931884766,10458300
2017-08-18,41.13300704956055,51.689998626708984,52.060001373291016,51.11000061035156,51.33000183105469,6643900
2017-08-21,41.05341339111328,51.59000015258789,51.689998626708984,51.2599983215332,51.54999923706055,5272700
2017-08-22,41.46722412109375,52.11000061035156,52.11000061035156,51.79999923706055,51.79999923706055,5579800
2017-08-23,41.499053955078125,52.150001525878906,52.5099983215332,51.400001525878906,51.5099983215332,3318000
2017-08-24,41.67411422729492,52.369998931884766,52.439998626708984,51.9900016784668,52.380001068115234,3151500
2017-08-25,41.93672561645508,52.70000076293945,52.880001068115234,52.459999084472656,52.470001220703125,3045800
2017-08-28,41.594539642333984,52.27000045776367,52.849998474121094,52.060001373291016,52.7400016784668,3082900
2017-08-29,41.26033020019531,51.849998474121094,52.029998779296875,51.380001068115234,51.5,3480300
2017-08-30,41.45130920410156,52.09000015258789,52.349998474121094,51.790000915527344,52.0,3543300
2017-08-31,41.395606994628906,52.02000045776367,52.41999816894531,51.97999954223633,52.25,2940000
2017-09-01,41.761653900146484,52.47999954223633,52.7400016784668,51.97999954223633,52.099998474121094,3400000
2017-09-05,40.464561462402344,50.849998474121094,52.119998931884766,50.779998779296875,51.97999954223633,5996900
2017-09-06,40.53617477416992,50.939998626708984,51.400001525878906,50.7400016784668,51.029998779296875,4639500
2017-09-07,39.46189880371094,49.59000015258789,50.88999938964844,49.310001373291016,50.7400016784668,7184600
2017-09-08,39.91547393798828,50.15999984741211,50.439998626708984,49.41999816894531,49.41999816894531,7112000
2017-09-11,40.9818115234375,51.5,51.810001373291016,50.7599983215332,50.7599983215332,8553000
2017-09-12,41.93672561645508,52.70000076293945,52.810001373291016,51.720001220703125,51.720001220703125,10130000
2017-09-13,42.09587860107422,52.900001525878906,52.970001220703125,52.369998931884766,52.4900016784668,6760600
2017-09-14,41.658206939697266,52.349998474121094,53.04999923706055,52.279998779296875,52.900001525878906,4482100
2017-09-15,41.83875274658203,52.369998931884766,52.470001220703125,51.970001220703125,52.06999969482422,5243100
2017-09-18,42.42995071411133,53.11000061035156,53.29999923706055,52.59000015258789,52.61000061035156,5222500
2017-09-19,42.709571838378906,53.459999084472656,53.61000061035156,53.040000915527344,53.11000061035156,4314700
2017-09-20,43.18891525268555,54.060001373291016,54.25,52.90999984741211,53.400001525878906,6918500
2017-09-21,43.380645751953125,54.29999923706055,54.47999954223633,53.70000076293945,54.099998474121094,4662200
2017-09-22,43.46054458618164,54.400001525878906,54.45000076293945,53.900001525878906,54.02000045776367,3266600
2017-09-25,43.572391510009766,54.540000915527344,54.84000015258789,54.08000183105469,54.290000915527344,5435300
2017-09-26,43.86000061035156,54.900001525878906,55.040000915527344,54.439998626708984,54.68000030517578,4708500
2017-09-27,44.794708251953125,56.06999969482422,56.540000915527344,55.31999969482422,55.7599983215332,5968200
2017-09-28,45.082313537597656,56.43000030517578,56.43000030517578,55.58000183105469,56.290000915527344,5286900
2017-09-29,45.34595489501953,56.7599983215332,57.2599983215332,56.29999923706055,56.29999923706055,9515200
2017-10-02,45.63356399536133,57.119998931884766,57.119998931884766,56.310001373291016,56.689998626708984,8392200
2017-10-03,45.36992645263672,56.790000915527344,57.209999084472656,56.380001068115234,57.15999984741211,7715800
2017-10-04,44.8266716003418,56.11000061035156,56.790000915527344,56.060001373291016,56.63999938964844,5293700
2017-10-05,45.39389419555664,56.81999969482422,57.060001373291016,55.95000076293945,56.22999954223633,4431900
2017-10-06,45.46578598022461,56.90999984741211,57.400001525878906,56.599998474121094,57.20000076293945,4851500
2017-10-09,45.258087158203125,56.650001525878906,57.08000183105469,56.560001373291016,57.0,3534000
2017-10-10,45.70547103881836,57.209999084472656,57.2400016784668,56.720001220703125,56.91999816894531,7275000
2017-10-11,45.385902404785156,56.810001373291016,57.20000076293945,56.599998474121094,57.02000045776367,4058600
2017-10-12,45.042381286621094,56.380001068115234,56.97999954223633,56.27000045776367,56.93000030517578,5601100
2017-10-13,44.722808837890625,55.97999954223633,56.4900016784668,55.52000045776367,56.029998779296875,6042800
2017-10-16,45.066349029541016,56.40999984741211,56.63999938964844,56.0099983215332,56.209999084472656,4199500
2017-10-17,44.586997985839844,55.810001373291016,56.72999954223633,55.689998626708984,56.61000061035156,3828400
2017-10-18,44.890586853027344,56.189998626708984,56.33000183105469,55.81999969482422,56.189998626708984,7402900
2017-10-19,45.19416809082031,56.56999969482422,56.7400016784668,55.52000045776367,55.689998626708984,8583000
2017-10-20,45.80134201049805,57.33000183105469,57.4900016784668,57.04999923706055,57.279998779296875,8148000
2017-10-23,45.3619384765625,56.779998779296875,57.40999984741211,56.689998626708984,57.40999984741211,3801700
2017-10-24,45.625579833984375,57.11000061035156,57.439998626708984,56.959999084472656,57.13999938964844,3922700
2017-10-25,45.42585372924805,56.86000061035156,57.400001525878906,56.369998931884766,57.369998931884766,6544900
2017-10-26,45.96910858154297,57.540000915527344,57.630001068115234,56.900001525878906,56.900001525878906,6617800
2017-10-27,46.21677017211914,57.849998474121094,57.97999954223633,57.400001525878906,57.40999984741211,7088100
2017-10-30,45.52971267700195,56.9900016784668,57.709999084472656,56.7599983215332,57.40999984741211,5504800
2017-10-31,45.625579833984375,57.11000061035156,57.540000915527344,56.90999984741211,57.06999969482422,3782800
2017-11-01,45.36992645263672,56.790000915527344,57.65999984741211,56.599998474121094,57.310001373291016,5179400
2017-11-02,45.7214469909668,57.22999954223633,57.369998931884766,56.34000015258789,56.81999969482422,5264800
2017-11-03,45.665523529052734,57.15999984741211,57.290000915527344,56.7400016784668,57.04999923706055,2808000
2017-11-06,45.52971267700195,56.9900016784668,57.220001220703125,56.79999923706055,56.959999084472656,4010800
2017-11-07,44.27542495727539,55.41999816894531,57.11000061035156,55.349998474121094,57.040000915527344,8912900
2017-11-08,43.93189239501953,54.9900016784668,55.41999816894531,54.59000015258789,55.20000076293945,6820800
2017-11-09,43.50048828125,54.45000076293945,55.150001525878906,53.88999938964844,54.709999084472656,9595200
2017-11-10,43.42058563232422,54.349998474121094,54.869998931884766,54.33000183105469,54.66999816894531,5398600
2017-11-13,44.08369445800781,55.18000030517578,55.25,53.75,54.04999923706055,6138300
2017-11-14,44.4511833190918,55.63999938964844,55.689998626708984,54.869998931884766,54.869998931884766,7212800
2017-11-15,44.47515106201172,55.66999816894531,56.04999923706055,54.81999969482422,55.0,4924500
2017-11-16,44.419219970703125,55.599998474121094,56.09000015258789,55.58000183105469,56.0,3695400
2017-11-17,44.74677658081055,56.0099983215332,56.150001525878906,55.18000030517578,55.209999084472656,5096600
2017-11-20,45.130252838134766,56.4900016784668,56.5099983215332,55.939998626708984,56.15999984741211,6388100
2017-11-21,45.11427688598633,56.470001220703125,56.720001220703125,56.220001220703125,56.70000076293945,5577600
2017-11-22,44.99443817138672,56.31999969482422,56.7400016784668,56.2599983215332,56.56999969482422,4437600
2017-11-24,44.66688537597656,55.90999984741211,56.599998474121094,55.869998931884766,56.59000015258789,1851500
2017-11-27,44.75476837158203,56.02000045776367,56.33000183105469,55.83000183105469,55.84000015258789,5273200
2017-11-28,46.288673400878906,57.939998626708984,58.0,56.06999969482422,56.09000015258789,15661200
2017-11-29,47.80659866333008,59.84000015258789,60.099998474121094,58.47999954223633,58.5099983215332,25881200
2017-11-30,47.39915084838867,59.33000183105469,60.59000015258789,59.220001220703125,60.290000915527344,12385100
2017-12-01,47.40713882446289,59.34000015258789,59.66999816894531,57.279998779296875,59.38999938964844,14000400
2017-12-04,48.21403503417969,60.349998474121094,61.2599983215332,60.2400016784668,60.810001373291016,15660900
2017-12-05,47.28730010986328,59.189998626708984,60.68000030517578,59.13999938964844,60.11000061035156,10535100
2017-12-06,47.01567840576172,58.849998474121094,59.540000915527344,58.689998626708984,59.02000045776367,8303300
2017-12-07,47.35123062133789,59.27000045776367,59.630001068115234,58.45000076293945,58.63999938964844,8372200
2017-12-08,47.36719512939453,59.290000915527344,59.7400016784668,58.90999984741211,59.709999084472656,8219700
2017-12-11,46.991703033447266,58.81999969482422,59.470001220703125,58.63999938964844,59.27000045776367,5500900
2017-12-12,47.39915084838867,59.33000183105469,59.59000015258789,58.84000015258789,59.119998931884766,8967200
2017-12-13,46.88786315917969,58.689998626708984,59.77000045776367,58.599998474121094,59.20000076293945,10110000
2017-12-14,46.400516510009766,58.08000183105469,59.150001525878906,57.83000183105469,58.95000076293945,16251500
2017-12-15,47.392173767089844,59.06999969482422,59.689998626708984,57.91999816894531,58.16999816894531,14536300
2017-12-18,48.0260009765625,59.86000061035156,60.15999984741211,59.439998626708984,59.52000045776367,7129900
2017-12-19,47.83344268798828,59.619998931884766,60.220001220703125,59.540000915527344,60.209999084472656,5054900
2017-12-20,47.640892028808594,59.380001068115234,60.189998626708984,58.83000183105469,60.08000183105469,9318700
2017-12-21,48.27470779418945,60.16999816894531,60.380001068115234,59.630001068115234,59.720001220703125,5795600
2017-12-22,48.09819030761719,59.95000076293945,60.36000061035156,59.52000045776367,60.36000061035156,3558000
2017-12-26,47.65693283081055,59.400001525878906,60.150001525878906,59.20000076293945,59.939998626708984,3660400
2017-12-27,47.44031524658203,59.130001068115234,59.54999923706055,59.029998779296875,59.439998626708984,2875300
2017-12-28,47.69704055786133,59.45000076293945,59.470001220703125,59.0099983215332,59.220001220703125,3184700
2017-12-29,47.215660095214844,58.849998474121094,59.689998626708984,58.81999969482422,59.599998474121094,6464600
2018-01-02,47.33600997924805,59.0,59.400001525878906,58.61000061035156,59.2599983215332,5995800
2018-01-03,47.42426300048828,59.11000061035156,59.27000045776367,58.65999984741211,58.86000061035156,4504000
2018-01-04,47.68100357055664,59.43000030517578,60.150001525878906,59.33000183105469,59.58000183105469,6202500
2018-01-05,47.99390411376953,59.81999969482422,59.849998474121094,59.34000015258789,59.689998626708984,3952700
2018-01-08,47.90564727783203,59.709999084472656,59.880001068115234,59.310001373291016,59.7599983215332,6449000
2018-01-09,48.555511474609375,60.52000045776367,61.02000045776367,59.90999984741211,59.93000030517578,6372800
2018-01-10,49.149208068847656,61.2599983215332,62.060001373291016,60.63999938964844,60.68000030517578,8676900
2018-01-11,49.91942596435547,62.220001220703125,62.2400016784668,61.5,61.63999938964844,7331900
2018-01-12,50.23232650756836,62.61000061035156,62.95000076293945,62.189998626708984,62.70000076293945,5823300
2018-01-16,49.750938415527344,62.0099983215332,63.150001525878906,61.7400016784668,63.130001068115234,8241700
2018-01-17,50.055824279785156,62.38999938964844,62.52000045776367,61.47999954223633,62.209999084472656,6441900
2018-01-18,49.775020599365234,62.040000915527344,62.66999816894531,61.869998931884766,62.54999923706055,4538700
2018-01-19,50.56929397583008,63.029998779296875,63.040000915527344,62.08000183105469,62.08000183105469,5517600
2018-01-22,50.70568084716797,63.20000076293945,63.209999084472656,62.54999923706055,62.900001525878906,4100400
2018-01-23,50.83405685424805,63.36000061035156,63.689998626708984,62.70000076293945,62.97999954223633,4761900
2018-01-24,50.80998992919922,63.33000183105469,63.810001373291016,63.0099983215332,63.4900016784668,5978800
2018-01-25,50.46500015258789,62.900001525878906,63.56999969482422,62.61000061035156,63.540000915527344,4764700
2018-01-26,50.59336853027344,63.060001373291016,63.34000015258789,62.5099983215332,63.16999816894531,3611700
2018-01-29,50.384761810302734,62.79999923706055,63.400001525878906,62.79999923706055,63.060001373291016,3617900
2018-01-30,49.99163818359375,62.310001373291016,63.0,62.209999084472656,62.400001525878906,5125300
2018-01-31,49.983612060546875,62.29999923706055,62.83000183105469,62.119998931884766,62.5,3371700
2018-02-01,50.72175216674805,63.220001220703125,63.25,61.81999969482422,62.099998474121094,6208200
2018-02-02,50.25639343261719,62.63999938964844,63.7599983215332,62.36000061035156,63.16999816894531,11773200
2018-02-05,48.20249557495117,60.08000183105469,62.75,59.810001373291016,61.849998474121094,11946400
2018-02-06,48.69190979003906,60.689998626708984,60.95000076293945,58.209999084472656,58.849998474121094,15091600
2018-02-07,49.02888107299805,61.11000061035156,61.599998474121094,60.22999954223633,60.43000030517578,6312500
2018-02-08,47.2958869934082,58.95000076293945,61.43000030517578,58.880001068115234,61.349998474121094,10203700
2018-02-09,48.178436279296875,60.04999923706055,60.5,58.310001373291016,59.75,12551400
2018-02-12,48.563533782958984,60.529998779296875,61.119998931884766,59.7599983215332,60.4900016784668,9398800
2018-02-13,48.732017517089844,60.7400016784668,60.83000183105469,59.97999954223633,60.099998474121094,3895600
2018-02-14,50.071861267089844,62.40999984741211,62.52000045776367,60.52000045776367,60.61000061035156,7764000
2018-02-15,50.304534912109375,62.70000076293945,63.09000015258789,62.310001373291016,62.880001068115234,5239600
2018-02-16,50.625465393066406,63.099998474121094,63.5,62.34000015258789,62.34000015258789,5649600
2018-02-20,50.224300384521484,62.599998474121094,63.5,62.27000045776367,62.88999938964844,5234800
2018-02-21,50.68162536621094,63.16999816894531,63.959999084472656,62.380001068115234,62.5099983215332,6398200
2018-02-22,49.74291229248047,62.0,63.4900016784668,61.86000061035156,63.459999084472656,5121700
2018-02-23,50.51313781738281,62.959999084472656,62.9900016784668,61.7599983215332,62.0,5979500
2018-02-26,50.77790069580078,63.290000915527344,63.349998474121094,62.439998626708984,63.27000045776367,3091000
2018-02-27,50.11198425292969,62.459999084472656,64.06999969482422,62.43000030517578,63.2400016784668,4172500
2018-02-28,49.35781478881836,61.52000045776367,63.189998626708984,61.5,62.77000045776367,4343800
2018-03-01,49.3899040222168,61.560001373291016,62.36000061035156,61.16999816894531,61.52000045776367,6857600
2018-03-02,50.19221878051758,62.560001373291016,62.709999084472656,60.54999923706055,61.099998474121094,7527400
2018-03-05,50.7939453125,63.310001373291016,63.630001068115234,61.5099983215332,62.08000183105469,5901300
2018-03-06,51.49195098876953,64.18000030517578,64.30999755859375,62.90999984741211,63.630001068115234,5594000
2018-03-07,51.732643127441406,64.4800033569336,64.68000030517578,63.310001373291016,63.5099983215332,7056900
2018-03-08,51.323455810546875,63.970001220703125,64.9000015258789,63.380001068115234,64.73999786376953,5131700
2018-03-09,52.173912048339844,65.02999877929688,65.08000183105469,64.12000274658203,64.47000122070312,5086800
2018-03-12,52.07763671875,64.91000366210938,65.33000183105469,64.58999633789062,64.97000122070312,6585900
2018-03-13,51.724613189697266,64.47000122070312,65.19999694824219,64.2300033569336,65.01000213623047,4989600
2018-03-14,50.97044372558594,63.529998779296875,64.6500015258789,63.279998779296875,64.56999969482422,6708600
2018-03-15,51.179039001464844,63.790000915527344,63.970001220703125,63.189998626708984,63.83000183105469,5560900
2018-03-16,51.47203063964844,63.95000076293945,64.5199966430664,63.66999816894531,63.66999816894531,6851000
2018-03-19,51.101776123046875,63.4900016784668,64.05000305175781,62.70000076293945,63.90999984741211,5232000
2018-03-20,50.90056610107422,63.2400016784668,63.849998474121094,63.06999969482422,63.709999084472656,3499500
2018-03-21,50.98105239868164,63.34000015258789,64.01000213623047,62.86000061035156,63.369998931884766,4858400
2018-03-22,49.129825592041016,61.040000915527344,62.86000061035156,60.95000076293945,62.58000183105469,8928100
2018-03-23,47.41543197631836,58.90999984741211,61.22999954223633,58.810001373291016,61.11000061035156,11649100
2018-03-26,48.96080780029297,60.83000183105469,60.88999938964844,59.459999084472656,59.79999923706055,7382800
2018-03-27,47.88227081298828,59.4900016784668,61.33000183105469,59.099998474121094,61.0099983215332,5775200
2018-03-28,48.1961669921875,59.880001068115234,60.40999984741211,58.97999954223633,59.43000030517578,6004200
2018-03-29,48.606658935546875,60.38999938964844,60.7400016784668,59.84000015258789,60.209999084472656,4792300
2018-04-02,47.65689468383789,59.209999084472656,60.59000015258789,58.470001220703125,60.2599983215332,6610400
2018-04-03,48.324954986572266,60.040000915527344,60.310001373291016,59.2400016784668,59.5,5024700
2018-04-04,48.880313873291016,60.72999954223633,60.869998931884766,59.0,59.16999816894531,9500600
2018-04-05,49.1942024230957,61.119998931884766,61.290000915527344,60.540000915527344,61.189998626708984,4658900
2018-04-06,47.80982971191406,59.400001525878906,60.810001373291016,58.689998626708984,60.47999954223633,9145300
2018-04-09,47.78567886352539,59.369998931884766,60.7599983215332,59.33000183105469,59.72999954223633,7024700
2018-04-10,48.6871452331543,60.4900016784668,60.70000076293945,59.650001525878906,60.27000045776367,5713100
2018-04-11,48.4537353515625,60.20000076293945,60.47999954223633,59.689998626708984,59.97999954223633,4208200
2018-04-12,49.33908462524414,61.29999923706055,61.689998626708984,60.47999954223633,60.77000045776367,4426200
2018-04-13,48.574462890625,60.349998474121094,62.0099983215332,60.06999969482422,62.0099983215332,5548400
2018-04-16,48.799827575683594,60.630001068115234,60.86000061035156,60.08000183105469,60.540000915527344,3348600
2018-04-17,48.14788055419922,59.81999969482422,61.099998474121094,59.43000030517578,61.0099983215332,7090200
2018-04-18,47.94664764404297,59.56999969482422,60.29999923706055,59.540000915527344,59.90999984741211,4813500
2018-04-19,48.82396697998047,60.65999984741211,60.810001373291016,59.65999984741211,59.790000915527344,7378800
2018-04-20,49.25054931640625,61.189998626708984,61.400001525878906,60.599998474121094,60.63999938964844,4734500
2018-04-23,49.677146911621094,61.720001220703125,61.95000076293945,61.18000030517578,61.40999984741211,4658100
2018-04-24,50.007137298583984,62.130001068115234,62.9900016784668,61.529998779296875,62.029998779296875,8938600
2018-04-25,50.015193939208984,62.13999938964844,62.709999084472656,61.619998931884766,62.15999984741211,5918200
2018-04-26,50.02324295043945,62.150001525878906,62.56999969482422,61.81999969482422,62.06999969482422,3530600
2018-04-27,50.41762924194336,62.63999938964844,62.90999984741211,62.150001525878906,62.15999984741211,7288100
2018-04-30,49.61274719238281,61.63999938964844,63.0,61.63999938964844,62.720001220703125,4944300
2018-05-01,49.98299789428711,62.099998474121094,62.290000915527344,60.86000061035156,61.58000183105469,5158700
2018-05-02,49.878360748291016,61.970001220703125,62.7400016784668,61.59000015258789,61.900001525878906,7749500
2018-05-03,49.38737487792969,61.36000061035156,61.81999969482422,60.72999954223633,61.56999969482422,12375300
2018-05-04,50.02324295043945,62.150001525878906,62.650001525878906,60.68000030517578,60.93000030517578,6149200
2018-05-07,50.24860763549805,62.43000030517578,62.83000183105469,61.779998779296875,62.279998779296875,3424600
2018-05-08,50.699344635009766,62.9900016784668,63.439998626708984,62.400001525878906,62.560001373291016,5624600
2018-05-09,51.182273864746094,63.59000015258789,63.970001220703125,62.95000076293945,63.34000015258789,6948900
2018-05-10,51.30299377441406,63.7400016784668,64.01000213623047,63.130001068115234,63.41999816894531,5737500
2018-05-11,51.3110466003418,63.75,64.11000061035156,63.619998931884766,63.84000015258789,4049600
2018-05-14,51.125919342041016,63.52000045776367,64.02999877929688,63.400001525878906,63.91999816894531,2443700
2018-05-15,51.46397018432617,63.939998626708984,64.36000061035156,63.369998931884766,63.459999084472656,5209500
2018-05-16,51.7054328918457,64.23999786376953,64.44000244140625,63.650001525878906,63.88999938964844,3396600
2018-05-17,51.890560150146484,64.47000122070312,64.56999969482422,63.779998779296875,64.13999938964844,3686800
2018-05-18,51.46397018432617,63.939998626708984,64.54000091552734,63.91999816894531,64.5,3976500
2018-05-21,52.03544616699219,64.6500015258789,64.93000030517578,64.13999938964844,64.13999938964844,5481600
2018-05-22,52.34129333496094,65.02999877929688,65.58999633789062,64.73999786376953,64.87000274658203,7680900
2018-05-23,51.96299362182617,64.55999755859375,65.06999969482422,64.23999786376953,64.93000030517578,8845700
2018-05-24,51.85836410522461,64.43000030517578,64.45999908447266,63.220001220703125,64.41000366210938,5610300
2018-05-25,51.68128204345703,64.20999908447266,64.48999786376953,63.900001525878906,64.0199966430664,3391200
2018-05-29,50.433719635009766,62.65999984741211,63.79999923706055,62.25,63.400001525878906,11243800
2018-05-30,51.23860168457031,63.65999984741211,63.91999816894531,62.90999984741211,63.2599983215332,7277400
2018-05-31,50.852264404296875,63.18000030517578,63.91999816894531,62.9900016784668,63.540000915527344,6164200
2018-06-01,51.383487701416016,63.84000015258789,64.3499984741211,63.709999084472656,63.81999969482422,5837800
2018-06-04,51.914703369140625,64.5,64.55000305175781,63.869998931884766,64.1500015258789,4706400
2018-06-05,51.76982498168945,64.31999969482422,64.58000183105469,63.90999984741211,64.4000015258789,3692600
2018-06-06,52.71153259277344,65.48999786376953,65.55999755859375,64.55999755859375,64.75,6874600
2018-06-07,52.72764205932617,65.51000213623047,66.04000091552734,65.08999633789062,65.73999786376953,6561800
2018-06-08,52.91274642944336,65.73999786376953,65.83000183105469,65.19000244140625,65.29000091552734,4587500
2018-06-11,52.27689743041992,64.94999694824219,66.02999877929688,64.75,65.73999786376953,5522200
2018-06-12,51.97909927368164,64.58000183105469,65.2699966430664,64.16999816894531,65.25,5793600
2018-06-13,51.77788162231445,64.33000183105469,65.2699966430664,64.01000213623047,64.62000274658203,6520700
2018-06-14,51.560569763183594,64.05999755859375,64.66999816894531,63.540000915527344,64.66000366210938,8618300
2018-06-15,51.39251708984375,63.61000061035156,63.970001220703125,62.72999954223633,63.459999084472656,7077000
2018-06-18,51.416748046875,63.63999938964844,64.02999877929688,62.869998931884766,63.209999084472656,5121800
2018-06-19,51.78840255737305,64.0999984741211,64.2300033569336,63.04999923706055,63.099998474121094,5400100
2018-06-20,51.88534927368164,64.22000122070312,64.63999938964844,64.06999969482422,64.5199966430664,4471100
2018-06-21,51.780303955078125,64.08999633789062,64.58000183105469,63.4900016784668,64.23999786376953,4522900
2018-06-22,51.27131652832031,63.459999084472656,64.54000091552734,63.25,64.54000091552734,5227600
2018-06-25,50.78657150268555,62.86000061035156,63.36000061035156,62.279998779296875,63.130001068115234,5149500
2018-06-26,50.544189453125,62.560001373291016,63.09000015258789,62.11000061035156,62.939998626708984,5697700
2018-06-27,49.59082794189453,61.380001068115234,62.630001068115234,61.2599983215332,62.380001068115234,7415100
2018-06-28,49.63928985595703,61.439998626708984,61.869998931884766,61.08000183105469,61.349998474121094,6901300
2018-06-29,49.283809661865234,61.0,62.31999969482422,60.939998626708984,61.9900016784668,6918700
2018-07-02,49.70392990112305,61.52000045776367,61.56999969482422,60.5099983215332,60.599998474121094,4624700
2018-07-03,49.534271240234375,61.310001373291016,62.0099983215332,61.25,61.65999984741211,2068300
2018-07-05,49.61506271362305,61.40999984741211,61.709999084472656,61.150001525878906,61.619998931884766,7141900
2018-07-06,50.05134582519531,61.95000076293945,62.130001068115234,61.0,61.349998474121094,3263600
2018-07-09,51.09357452392578,63.2400016784668,63.439998626708984,62.09000015258789,62.25,6364600
2018-07-10,50.52802658081055,62.540000915527344,63.59000015258789,62.11000061035156,63.40999984741211,6020800
2018-07-11,50.29371643066406,62.25,62.709999084472656,62.0099983215332,62.13999938964844,4782400
2018-07-12,49.68777847290039,61.5,62.540000915527344,60.91999816894531,62.439998626708984,11170200
2018-07-13,49.16261291503906,60.849998474121094,61.54999923706055,60.66999816894531,61.400001525878906,7586300
2018-07-16,49.72817611694336,61.54999923706055,61.66999816894531,61.0099983215332,61.119998931884766,4862200
2018-07-17,49.76048278808594,61.59000015258789,61.97999954223633,61.43000030517578,61.43000030517578,5424400
2018-07-18,50.32603073120117,62.290000915527344,62.45000076293945,61.540000915527344,61.540000915527344,8479400
2018-07-19,50.2048454284668,62.13999938964844,62.40999984741211,61.630001068115234,62.06999969482422,7219400
2018-07-20,50.479549407958984,62.47999954223633,62.77000045776367,61.95000076293945,62.18000030517578,6431100
2018-07-23,51.133968353271484,63.290000915527344,63.52000045776367,62.41999816894531,62.41999816894531,7089300
2018-07-24,50.57649230957031,62.599998474121094,63.4900016784668,62.31999969482422,63.459999084472656,8142300
2018-07-25,50.035194396972656,61.93000030517578,62.56999969482422,61.599998474121094,62.470001220703125,5883000
2018-07-26,50.285648345947266,62.2400016784668,62.72999954223633,61.88999938964844,61.90999984741211,6748600
2018-07-27,50.2048454284668,62.13999938964844,62.72999954223633,61.72999954223633,62.150001525878906,3505500
2018-07-30,49.89783477783203,61.7599983215332,62.560001373291016,61.7599983215332,62.29999923706055,7520600
2018-07-31,49.69584655761719,61.5099983215332,61.97999954223633,61.06999969482422,61.83000183105469,6141600
2018-08-01,50.212928771972656,62.150001525878906,62.41999816894531,61.689998626708984,61.86000061035156,4544400
2018-08-02,50.681522369384766,62.72999954223633,62.880001068115234,61.689998626708984,61.810001373291016,3463700
2018-08-03,50.221004486083984,62.15999984741211,62.93000030517578,62.029998779296875,62.47999954223633,5401600
2018-08-06,50.317955017089844,62.279998779296875,62.41999816894531,61.790000915527344,62.08000183105469,2550000
2018-08-07,50.4149169921875,62.400001525878906,62.91999816894531,62.36000061035156,62.470001220703125,3765700
2018-08-08,50.818878173828125,62.900001525878906,62.97999954223633,62.13999938964844,62.34000015258789,2588300
2018-08-09,50.592655181884766,62.619998931884766,63.08000183105469,62.380001068115234,62.849998474121094,2749800
2018-08-10,50.35026550292969,62.31999969482422,62.619998931884766,61.790000915527344,62.029998779296875,4444600
2018-08-13,50.05134582519531,61.95000076293945,62.720001220703125,61.95000076293945,62.20000076293945,3494700
2018-08-14,50.85118865966797,62.939998626708984,63.150001525878906,62.060001373291016,62.09000015258789,5057400
2018-08-15,50.27756881713867,62.22999954223633,62.939998626708984,62.09000015258789,62.470001220703125,4368900
2018-08-16,51.09357452392578,63.2400016784668,63.59000015258789,62.45000076293945,62.52000045776367,6614100
2018-08-17,51.230918884277344,63.40999984741211,63.4900016784668,62.939998626708984,63.08000183105469,2770300
2018-08-20,51.360191345214844,63.56999969482422,63.709999084472656,63.0099983215332,63.29999923706055,3263700
2018-08-21,51.933834075927734,64.27999877929688,64.5999984741211,63.4900016784668,63.66999816894531,5266600
2018-08-22,51.780303955078125,64.08999633789062,64.25,63.880001068115234,64.02999877929688,2462700
2018-08-23,51.440975189208984,63.66999816894531,64.05999755859375,63.38999938964844,63.970001220703125,3105200
2018-08-24,51.23900604248047,63.41999816894531,63.880001068115234,63.34000015258789,63.810001373291016,5393100
2018-08-27,51.23900604248047,63.41999816894531,64.05000305175781,63.34000015258789,63.70000076293945,5628600
2018-08-28,51.045101165771484,63.18000030517578,63.63999938964844,62.849998474121094,63.59000015258789,5016900
2018-08-29,50.92390441894531,63.029998779296875,63.33000183105469,62.560001373291016,63.20000076293945,4358400
2018-08-30,50.721927642822266,62.779998779296875,63.040000915527344,62.630001068115234,62.84000015258789,4777400
2018-08-31,51.02085876464844,63.150001525878906,63.20000076293945,62.45000076293945,62.5,2785400
2018-09-04,51.279396057128906,63.470001220703125,63.619998931884766,62.959999084472656,63.0,3097000
2018-09-05,51.384429931640625,63.599998474121094,63.81999969482422,63.18000030517578,63.38999938964844,2480700
2018-09-06,51.02085876464844,63.150001525878906,63.779998779296875,63.150001525878906,63.54999923706055,4942800
2018-09-07,51.16629409790039,63.33000183105469,63.650001525878906,62.869998931884766,63.599998474121094,2682900
2018-09-10,51.045101165771484,63.18000030517578,63.65999984741211,63.060001373291016,63.52000045776367,2299300
2018-09-11,51.133968353271484,63.290000915527344,63.65999984741211,62.79999923706055,63.0,3599300
2018-09-12,50.172542572021484,62.099998474121094,63.27000045776367,61.97999954223633,62.939998626708984,9027800
2018-09-13,49.60697937011719,61.400001525878906,62.380001068115234,61.34000015258789,62.150001525878906,9266200
2018-09-14,50.1078987121582,62.02000045776367,62.11000061035156,61.4900016784668,61.529998779296875,5373900
2018-09-17,49.70392990112305,61.52000045776367,62.22999954223633,61.34000015258789,61.97999954223633,5197000
2018-09-18,49.501953125,61.27000045776367,61.61000061035156,61.11000061035156,61.560001373291016,5390100
2018-09-19,50.156375885009766,62.08000183105469,62.22999954223633,61.209999084472656,61.209999084472656,6623900
2018-09-20,50.81080627441406,62.88999938964844,63.16999816894531,62.36000061035156,62.40999984741211,8826500
2018-09-21,50.540523529052734,62.27000045776367,62.790000915527344,62.18000030517578,62.630001068115234,7005800
2018-09-24,49.7451171875,61.290000915527344,62.36000061035156,61.09000015258789,62.36000061035156,5509400
2018-09-25,49.69642639160156,61.22999954223633,61.56999969482422,61.11000061035156,61.470001220703125,3112900
2018-09-26,48.6981086730957,60.0,61.349998474121094,59.970001220703125,61.22999954223633,8735400
2018-09-27,48.292293548583984,59.5,60.25,59.38999938964844,60.119998931884766,7032800
2018-09-28,48.22735595703125,59.41999816894531,59.709999084472656,59.02000045776367,59.27000045776367,7313200
2018-10-01,47.748497009277344,58.83000183105469,59.880001068115234,58.650001525878906,59.650001525878906,8287400
2018-10-02,47.569942474365234,58.61000061035156,59.13999938964844,58.279998779296875,58.70000076293945,8237100
2018-10-03,48.722450256347656,60.029998779296875,60.290000915527344,58.75,58.880001068115234,13619400
2018-10-04,48.819854736328125,60.150001525878906,61.08000183105469,59.79999923706055,60.040000915527344,17162200
2018-10-05,48.43026351928711,59.66999816894531,60.459999084472656,59.40999984741211,60.43000030517578,6559900
2018-10-08,48.779273986816406,60.099998474121094,60.369998931884766,59.310001373291016,59.4900016784668,6152700
2018-10-09,48.57636260986328,59.849998474121094,60.2599983215332,59.599998474121094,59.970001220703125,4145700
2018-10-10,47.87836837768555,58.9900016784668,60.459999084472656,58.9900016784668,59.81999969482422,7984800
2018-10-11,46.433650970458984,57.209999084472656,58.9900016784668,57.189998626708984,58.709999084472656,12816500
2018-10-12,45.500274658203125,56.060001373291016,58.0,54.560001373291016,57.880001068115234,26937300
2018-10-15,45.62202453613281,56.209999084472656,56.61000061035156,55.75,56.20000076293945,7435500
2018-10-16,45.71940612792969,56.33000183105469,56.529998779296875,55.369998931884766,56.459999084472656,11982700
2018-10-17,45.95478820800781,56.619998931884766,57.150001525878906,55.470001220703125,56.16999816894531,10395900
2018-10-18,45.13502883911133,55.61000061035156,56.880001068115234,55.4900016784668,56.45000076293945,8175100
2018-10-19,44.40456008911133,54.709999084472656,55.709999084472656,54.54999923706055,55.189998626708984,11897000
2018-10-22,43.041015625,53.029998779296875,55.04999923706055,52.86000061035156,54.900001525878906,13956100
2018-10-23,43.09782791137695,53.099998474121094,53.45000076293945,52.04999923706055,52.06999969482422,16351200
2018-10-24,41.24729919433594,50.81999969482422,53.09000015258789,50.689998626708984,53.06999969482422,17713600
2018-10-25,42.32677459716797,52.150001525878906,52.619998931884766,51.040000915527344,51.18000030517578,14076300
2018-10-26,42.14009094238281,51.91999816894531,52.41999816894531,51.13999938964844,51.540000915527344,16867400
2018-10-29,42.984188079833984,52.959999084472656,53.689998626708984,52.47999954223633,52.66999816894531,11332900
2018-10-30,43.44683837890625,53.529998779296875,53.59000015258789,52.560001373291016,53.0099983215332,12330300
2018-10-31,43.8201789855957,53.9900016784668,54.75,53.93000030517578,54.04999923706055,11199500
2018-11-01,44.25034713745117,54.52000045776367,54.7599983215332,54.060001373291016,54.290000915527344,7468100
2018-11-02,44.396446228027344,54.70000076293945,55.27000045776367,54.189998626708984,54.91999816894531,7610800
2018-11-05,44.583126068115234,54.93000030517578,55.15999984741211,54.40999984741211,54.40999984741211,6609000
2018-11-06,44.87532043457031,55.290000915527344,55.5,54.470001220703125,54.84000015258789,5402900
2018-11-07,45.04576110839844,55.5,55.689998626708984,54.45000076293945,55.36000061035156,11860000
2018-11-08,45.2648811340332,55.77000045776367,56.119998931884766,55.119998931884766,55.119998931884766,5601100
2018-11-09,45.01328659057617,55.459999084472656,56.16999816894531,55.06999969482422,55.68000030517578,7290100
2018-11-12,44.46949768066406,54.790000915527344,55.630001068115234,54.7599983215332,55.279998779296875,5779600
2018-11-13,44.71298599243164,55.09000015258789,55.939998626708984,54.849998474121094,54.849998474121094,8114900
2018-11-14,43.87699508666992,54.060001373291016,55.709999084472656,53.43000030517578,55.470001220703125,10719200
2018-11-15,44.68051528930664,55.04999923706055,55.16999816894531,53.220001220703125,53.54999923706055,9542300
2018-11-16,44.63993453979492,55.0,55.220001220703125,54.470001220703125,54.5,7700500
2018-11-19,44.55876541137695,54.900001525878906,55.68000030517578,54.5,55.0,7511000
2018-11-20,43.722782135009766,53.869998931884766,54.869998931884766,53.7400016784668,54.2400016784668,9128400
2018-11-21,43.88511657714844,54.06999969482422,54.91999816894531,53.369998931884766,53.97999954223633,7071400
2018-11-23,43.78772735595703,53.95000076293945,54.52000045776367,53.47999954223633,53.63999938964844,3462000
2018-11-26,44.63181686401367,54.9900016784668,55.459999084472656,54.599998474121094,54.599998474121094,8620400
2018-11-27,44.38833236694336,54.689998626708984,55.15999984741211,54.33000183105469,54.83000183105469,5959200
2018-11-28,44.81849670410156,55.220001220703125,55.33000183105469,53.90999984741211,54.81999969482422,7442800
2018-11-29,44.67239761352539,55.040000915527344,55.36000061035156,54.40999984741211,54.84000015258789,5770000
2018-11-30,45.256778717041016,55.7599983215332,55.91999816894531,54.77000045776367,54.77000045776367,4979500
2018-12-03,45.19184875488281,55.68000030517578,56.650001525878906,55.119998931884766,56.5,9048600
2018-12-04,42.71636962890625,52.630001068115234,55.4900016784668,52.209999084472656,55.22999954223633,19682500
2018-12-06,42.375484466552734,52.209999084472656,52.25,50.93000030517578,51.61000061035156,16879700
2018-12-07,41.99399948120117,51.7400016784668,52.939998626708984,51.29999923706055,52.09000015258789,13714700
2018-12-10,41.1661376953125,50.720001220703125,51.72999954223633,50.13999938964844,51.54999923706055,12890000
2018-12-11,40.74409484863281,50.20000076293945,51.4900016784668,49.959999084472656,51.31999969482422,9727000
2018-12-12,41.24729919433594,50.81999969482422,51.5,50.29999923706055,50.900001525878906,10019800
2018-12-13,40.135353088378906,49.45000076293945,51.02000045776367,49.33000183105469,50.869998931884766,12110000
2018-12-14,39.36430358886719,48.5,49.90999984741211,48.41999816894531,48.959999084472656,12631800
2018-12-17,39.13703918457031,48.220001220703125,49.33000183105469,48.029998779296875,48.349998474121094,12265600
2018-12-18,38.52832794189453,47.470001220703125,48.939998626708984,47.2400016784668,48.45000076293945,15975900
2018-12-19,37.38391876220703,46.060001373291016,47.97999954223633,45.869998931884766,47.34000015258789,17780200
2018-12-20,37.39203643798828,46.06999969482422,46.47999954223633,45.59000015258789,45.77000045776367,23969000
2018-12-21,36.83545684814453,45.06999969482422,46.540000915527344,44.9900016784668,45.81999969482422,13368000
2018-12-24,36.14076614379883,44.220001220703125,45.189998626708984,44.220001220703125,44.79999923706055,7949400
2018-12-26,37.94697570800781,46.43000030517578,46.45000076293945,43.95000076293945,44.5099983215332,13650000
2018-12-27,37.701786041259766,46.130001068115234,46.15999984741211,44.63999938964844,45.689998626708984,10051400
2018-12-28,38.028709411621094,46.529998779296875,47.08000183105469,46.06999969482422,46.34000015258789,9525800
2018-12-31,38.24120330810547,46.790000915527344,47.11000061035156,45.84000015258789,46.779998779296875,9398900
2019-01-02,38.878692626953125,47.56999969482422,47.66999816894531,46.029998779296875,46.220001220703125,9455800
2019-01-03,38.723411560058594,47.380001068115234,48.33000183105469,47.04999923706055,47.400001525878906,9238500
2019-01-04,39.957515716552734,48.88999938964844,49.029998779296875,48.06999969482422,48.310001373291016,10113200
2019-01-07,40.219051361083984,49.209999084472656,49.65999984741211,48.34000015258789,48.709999084472656,7751400
2019-01-08,40.562320709228516,49.630001068115234,49.66999816894531,48.630001068115234,49.529998779296875,10226100
2019-01-09,40.86471176147461,50.0,50.150001525878906,49.349998474121094,49.7599983215332,6577100
2019-01-10,40.725765228271484,49.83000183105469,50.040000915527344,49.20000076293945,49.66999816894531,8144200
2019-01-11,40.8483772277832,49.97999954223633,50.220001220703125,49.22999954223633,49.4900016784668,6621700
2019-01-14,41.044517517089844,50.220001220703125,50.619998931884766,49.45000076293945,49.529998779296875,5730600
2019-01-15,41.32240295410156,50.560001373291016,50.619998931884766,49.63999938964844,50.11000061035156,8007100
2019-01-16,42.393062591552734,51.869998931884766,51.95000076293945,50.81999969482422,51.06999969482422,11264200
2019-01-17,42.66276931762695,52.20000076293945,52.380001068115234,51.310001373291016,51.58000183105469,9646900
2019-01-18,43.520931243896484,53.25,53.290000915527344,52.040000915527344,52.79999923706055,8841500
2019-01-22,43.2348747253418,52.900001525878906,53.29999923706055,52.540000915527344,52.880001068115234,10077100
2019-01-23,43.16131591796875,52.810001373291016,53.15999984741211,52.33000183105469,52.9900016784668,6593800
2019-01-24,43.18583679199219,52.84000015258789,53.209999084472656,52.209999084472656,52.61000061035156,8268200
2019-01-25,43.70072937011719,53.470001220703125,53.720001220703125,52.86000061035156,53.2599983215332,6879500
2019-01-28,44.06850051879883,53.91999816894531,54.0,53.150001525878906,53.150001525878906,6949400
2019-01-29,43.96226119995117,53.790000915527344,54.27000045776367,53.77000045776367,53.900001525878906,6450100
2019-01-30,43.774288177490234,53.560001373291016,54.040000915527344,53.470001220703125,53.900001525878906,9538100
2019-01-31,43.28390884399414,52.959999084472656,53.540000915527344,51.97999954223633,53.16999816894531,15374400
2019-02-01,43.65986251831055,53.41999816894531,53.58000183105469,53.060001373291016,53.150001525878906,6377500
2019-02-04,44.158416748046875,54.029998779296875,54.04999923706055,53.189998626708984,53.47999954223633,4608200
2019-02-05,43.97044372558594,53.79999923706055,54.11000061035156,53.400001525878906,54.099998474121094,6477600
2019-02-06,44.03581619262695,53.880001068115234,54.060001373291016,53.52000045776367,53.619998931884766,4841600
2019-02-07,44.68965148925781,54.68000030517578,55.380001068115234,54.189998626708984,55.11000061035156,18191300
2019-02-08,44.25649642944336,54.150001525878906,54.75,53.689998626708984,54.41999816894531,8278700
2019-02-11,44.71416091918945,54.709999084472656,54.72999954223633,54.130001068115234,54.310001373291016,4965300
2019-02-12,45.18003845214844,55.279998779296875,55.58000183105469,55.02000045776367,55.02000045776367,9019300
2019-02-13,45.294456481933594,55.41999816894531,55.61000061035156,55.06999969482422,55.439998626708984,6958900
2019-02-14,44.8286018371582,54.849998474121094,55.189998626708984,54.47999954223633,54.849998474121094,7795400
2019-02-15,45.80118179321289,56.040000915527344,56.16999816894531,55.09000015258789,55.310001373291016,6160900
2019-02-19,46.24251174926758,56.58000183105469,56.72999954223633,55.560001373291016,55.779998779296875,5496500
2019-02-20,46.757415771484375,57.209999084472656,57.2599983215332,56.2599983215332,56.56999969482422,4742100
2019-02-21,46.47135925292969,56.86000061035156,57.310001373291016,56.560001373291016,57.22999954223633,3325100
2019-02-22,46.61029052734375,57.029998779296875,57.099998474121094,56.650001525878906,56.880001068115234,3097200
2019-02-25,46.422325134277344,56.79999923706055,57.52000045776367,56.7599983215332,57.459999084472656,6316300
2019-02-26,45.89925003051758,56.15999984741211,56.9900016784668,56.13999938964844,56.400001525878906,6179100
2019-02-27,46.39780044555664,56.77000045776367,56.83000183105469,55.97999954223633,56.150001525878906,3995600
2019-02-28,46.26704406738281,56.61000061035156,56.91999816894531,56.61000061035156,56.790000915527344,3231600
2019-03-01,46.446834564208984,56.83000183105469,57.31999969482422,56.31999969482422,57.0099983215332,3941700
2019-03-04,46.226165771484375,56.560001373291016,57.279998779296875,56.099998474121094,56.790000915527344,3800700
2019-03-05,46.13627243041992,56.45000076293945,56.689998626708984,55.720001220703125,56.52000045776367,4748100
2019-03-06,45.008399963378906,55.06999969482422,56.45000076293945,54.95000076293945,56.279998779296875,8675700
2019-03-07,44.23197937011719,54.119998931884766,54.88999938964844,53.84000015258789,54.72999954223633,7850500
2019-03-08,44.32187271118164,54.22999954223633,54.40999984741211,53.54999923706055,53.61000061035156,5549700
2019-03-11,44.67330551147461,54.65999984741211,54.83000183105469,54.15999984741211,54.38999938964844,5287500
2019-03-12,44.575225830078125,54.540000915527344,54.939998626708984,54.279998779296875,54.7400016784668,7350100
2019-03-13,44.918495178222656,54.959999084472656,55.150001525878906,54.56999969482422,54.849998474121094,6447200
2019-03-14,45.032928466796875,55.099998474121094,55.220001220703125,54.790000915527344,54.939998626708984,5180800
2019-03-15,45.00746536254883,54.810001373291016,55.29999923706055,54.68000030517578,54.720001220703125,7365100
2019-03-18,45.66438293457031,55.61000061035156,55.7599983215332,54.90999984741211,54.91999816894531,9968500
2019-03-19,44.522987365722656,54.220001220703125,55.93000030517578,54.119998931884766,55.880001068115234,7677900
2019-03-20,43.00383758544922,52.369998931884766,54.349998474121094,52.310001373291016,54.08000183105469,16840400
2019-03-21,42.40439987182617,51.63999938964844,52.45000076293945,51.380001068115234,52.040000915527344,18597700
2019-03-22,40.56502151489258,49.400001525878906,51.119998931884766,48.97999954223633,51.0099983215332,23856300
2019-03-25,40.62249755859375,49.470001220703125,49.97999954223633,48.970001220703125,49.31999969482422,17633400
2019-03-26,41.616092681884766,50.68000030517578,50.72999954223633,49.81999969482422,49.90999984741211,16517800
2019-03-27,41.706424713134766,50.790000915527344,51.06999969482422,50.20000076293945,50.560001373291016,10436800
2019-03-28,42.256595611572266,51.459999084472656,51.5099983215332,50.59000015258789,50.939998626708984,13339000
2019-03-29,42.15806198120117,51.34000015258789,52.08000183105469,51.130001068115234,51.95000076293945,9879000
2019-04-01,43.38158416748047,52.83000183105469,52.880001068115234,51.779998779296875,51.84000015258789,14323700
2019-04-02,43.38158416748047,52.83000183105469,53.27000045776367,52.400001525878906,52.65999984741211,7795400
2019-04-03,43.48011779785156,52.95000076293945,53.720001220703125,52.77000045776367,53.279998779296875,9604900
2019-04-04,44.09598159790039,53.70000076293945,53.84000015258789,52.79999923706055,52.849998474121094,9295500
2019-04-05,44.29306411743164,53.939998626708984,54.02000045776367,53.38999938964844,53.75,6785100
2019-04-08,44.29306411743164,53.939998626708984,54.16999816894531,53.540000915527344,53.84000015258789,4990700
2019-04-09,43.512962341308594,52.9900016784668,53.70000076293945,52.869998931884766,53.61000061035156,8469600
2019-04-10,43.91532516479492,53.47999954223633,53.5099983215332,52.4900016784668,53.0099983215332,9800700
2019-04-11,44.10419464111328,53.709999084472656,54.15999984741211,53.369998931884766,53.58000183105469,6985100
2019-04-12,45.032100677490234,54.84000015258789,55.060001373291016,53.790000915527344,54.36000061035156,12660100
2019-04-15,44.28485107421875,53.93000030517578,54.90999984741211,53.77000045776367,54.810001373291016,7756500
2019-04-16,45.114219665527344,54.939998626708984,54.970001220703125,53.75,53.900001525878906,10041900
2019-04-17,45.13063430786133,54.959999084472656,55.20000076293945,54.470001220703125,55.20000076293945,5668500
2019-04-18,44.5722541809082,54.279998779296875,54.88999938964844,54.13999938964844,54.79999923706055,12082400
2019-04-22,44.202735900878906,53.83000183105469,54.34000015258789,53.58000183105469,54.119998931884766,5162000
2019-04-23,45.147056579589844,54.97999954223633,55.099998474121094,53.63999938964844,53.79999923706055,7625400
2019-04-24,45.147056579589844,54.97999954223633,55.29999923706055,54.349998474121094,54.7599983215332,5866600
2019-04-25,44.9746208190918,54.77000045776367,55.09000015258789,54.16999816894531,54.779998779296875,4914400
2019-04-26,45.43446731567383,55.33000183105469,55.36000061035156,54.33000183105469,54.5,7644600
2019-04-29,46.03390884399414,56.060001373291016,56.459999084472656,55.439998626708984,55.52000045776367,7392400
2019-04-30,45.820404052734375,55.79999923706055,56.310001373291016,55.529998779296875,56.220001220703125,5863800
2019-05-01,45.26201629638672,55.119998931884766,56.27000045776367,54.84000015258789,55.790000915527344,16093300
2019-05-02,45.845035552978516,55.83000183105469,56.02000045776367,55.220001220703125,55.220001220703125,5809500
2019-05-03,46.51017379760742,56.63999938964844,56.70000076293945,55.900001525878906,56.099998474121094,8946100
2019-05-06,46.43626403808594,56.54999923706055,56.7400016784668,55.43000030517578,55.7599983215332,8262000
2019-05-07,45.62334060668945,55.560001373291016,56.060001373291016,55.189998626708984,55.86000061035156,6373600
2019-05-08,45.13063430786133,54.959999084472656,55.63999938964844,54.93000030517578,55.31999969482422,6674000
2019-05-09,45.114219665527344,54.939998626708984,55.09000015258789,54.0099983215332,54.290000915527344,7423700
2019-05-10,45.237388610839844,55.09000015258789,55.209999084472656,54.06999969482422,54.709999084472656,6873900
2019-05-13,43.38979721069336,52.84000015258789,54.279998779296875,52.619998931884766,54.0,10748200
2019-05-14,44.01386642456055,53.599998474121094,54.02000045776367,52.77000045776367,53.02000045776367,6799800
2019-05-15,43.46369552612305,52.93000030517578,53.09000015258789,52.20000076293945,52.97999954223633,9134600
2019-05-16,43.9317512512207,53.5,53.849998474121094,53.220001220703125,53.279998779296875,6662700
2019-05-17,43.562225341796875,53.04999923706055,53.959999084472656,52.88999938964844,52.9900016784668,6419400
2019-05-20,43.783939361572266,53.31999969482422,53.619998931884766,52.779998779296875,52.84000015258789,4308900
2019-05-21,44.08777618408203,53.689998626708984,53.939998626708984,53.529998779296875,53.540000915527344,4624100
2019-05-22,43.59507369995117,53.09000015258789,53.560001373291016,52.939998626708984,53.47999954223633,4366300
2019-05-23,42.5932731628418,51.869998931884766,52.5,51.439998626708984,52.380001068115234,11027100
2019-05-24,43.1762809753418,52.58000183105469,52.709999084472656,52.08000183105469,52.119998931884766,4269900
2019-05-28,42.5932731628418,51.869998931884766,52.56999969482422,51.81999969482422,52.290000915527344,5855200
2019-05-29,42.84782028198242,52.18000030517578,52.31999969482422,51.13999938964844,51.34000015258789,7448300
2019-05-30,42.11700439453125,51.290000915527344,52.68000030517578,50.79999923706055,52.310001373291016,6676900
2019-05-31,41.238380432128906,50.220001220703125,50.75,50.060001373291016,50.439998626708984,8304400
2019-06-03,41.706424713134766,50.790000915527344,51.22999954223633,49.95000076293945,50.11000061035156,8330200
2019-06-04,43.184505462646484,52.59000015258789,52.650001525878906,51.40999984741211,51.5,8663000
2019-06-05,42.97921371459961,52.34000015258789,52.619998931884766,51.70000076293945,52.5099983215332,7036500
2019-06-06,42.8642463684082,52.20000076293945,52.470001220703125,51.599998474121094,52.25,3719000
2019-06-07,42.57685089111328,51.849998474121094,52.11000061035156,51.619998931884766,51.900001525878906,5320100
2019-06-10,42.93815612792969,52.290000915527344,52.939998626708984,52.220001220703125,52.279998779296875,6026700
2019-06-11,43.1680793762207,52.56999969482422,53.040000915527344,52.2599983215332,52.630001068115234,4529500
2019-06-12,42.92173767089844,52.27000045776367,52.720001220703125,51.95000076293945,52.5,4319400
2019-06-13,43.05312728881836,52.43000030517578,52.869998931884766,52.220001220703125,52.43000030517578,4270100
2019-06-14,43.1680793762207,52.56999969482422,52.75,51.81999969482422,52.5099983215332,4172200
2019-06-17,42.58506393432617,51.86000061035156,52.790000915527344,51.72999954223633,52.54999923706055,4406000
2019-06-18,43.30766677856445,52.7400016784668,52.9900016784668,51.630001068115234,51.66999816894531,7802800
2019-06-19,42.97921371459961,52.34000015258789,53.459999084472656,52.34000015258789,52.68000030517578,6800300
2019-06-20,43.10239028930664,52.4900016784668,52.709999084472656,51.52000045776367,52.66999816894531,8585900
2019-06-21,43.02967071533203,52.06999969482422,52.540000915527344,51.900001525878906,51.97999954223633,6438100
2019-06-24,42.63298797607422,51.59000015258789,52.43000030517578,51.540000915527344,51.95000076293945,4445700
2019-06-25,42.657798767089844,51.619998931884766,51.79999923706055,50.86000061035156,51.52000045776367,6723700
2019-06-26,42.847862243652344,51.849998474121094,52.31999969482422,51.779998779296875,51.880001068115234,7134800
2019-06-27,43.49244689941406,52.630001068115234,52.720001220703125,51.90999984741211,51.90999984741211,5101000
2019-06-28,44.153533935546875,53.43000030517578,53.84000015258789,52.779998779296875,53.16999816894531,7125300
2019-07-01,44.43452835083008,53.77000045776367,54.459999084472656,53.43000030517578,54.029998779296875,7598300
2019-07-02,43.78167724609375,52.97999954223633,53.709999084472656,52.650001525878906,53.560001373291016,5640800
2019-07-03,44.170074462890625,53.45000076293945,53.5099983215332,52.939998626708984,53.099998474121094,3516500
2019-07-05,44.69068145751953,54.08000183105469,54.380001068115234,53.81999969482422,54.0,5706500
2019-07-08,44.112220764160156,53.380001068115234,53.849998474121094,53.18000030517578,53.630001068115234,4225700
2019-07-09,44.327083587646484,53.63999938964844,53.689998626708984,53.02000045776367,53.040000915527344,2859600
2019-07-10,43.82298278808594,53.029998779296875,53.65999984741211,52.91999816894531,53.439998626708984,6585800
2019-07-11,44.170074462890625,53.45000076293945,53.540000915527344,52.7599983215332,53.150001525878906,5084400
2019-07-12,44.59978103637695,53.970001220703125,54.099998474121094,53.36000061035156,53.54999923706055,4899500
2019-07-15,43.73208999633789,52.91999816894531,54.220001220703125,52.77000045776367,54.0,5897400
2019-07-16,43.690773010253906,52.869998931884766,53.13999938964844,52.45000076293945,52.900001525878906,5496100
2019-07-17,43.3602180480957,52.470001220703125,52.849998474121094,52.13999938964844,52.72999954223633,5009800
2019-07-18,43.7155647277832,52.900001525878906,53.29999923706055,52.09000015258789,52.31999969482422,5818200
2019-07-19,44.06263732910156,53.31999969482422,53.65999984741211,52.93000030517578,52.97999954223633,5851900
2019-07-22,43.78167724609375,52.97999954223633,53.2599983215332,52.650001525878906,53.220001220703125,3864500
2019-07-23,44.24444580078125,53.540000915527344,53.560001373291016,52.7400016784668,52.95000076293945,4972700
2019-07-24,45.293949127197266,54.810001373291016,54.97999954223633,53.36000061035156,53.36000061035156,7966100
2019-07-25,44.988189697265625,54.439998626708984,55.290000915527344,54.22999954223633,54.81999969482422,6920700
2019-07-26,45.74845504760742,55.36000061035156,55.470001220703125,54.439998626708984,54.5099983215332,5096300
2019-07-29,45.260894775390625,54.77000045776367,55.52000045776367,54.66999816894531,55.349998474121094,4615400
2019-07-30,45.78976821899414,55.40999984741211,55.43000030517578,54.20000076293945,54.38999938964844,3642000
2019-07-31,45.566650390625,55.13999938964844,55.7400016784668,54.939998626708984,55.40999984741211,8447100
2019-08-01,43.66598129272461,52.84000015258789,55.41999816894531,52.65999984741211,55.06999969482422,14856500
2019-08-02,43.28583908081055,52.380001068115234,52.869998931884766,51.65999984741211,52.709999084472656,11075300
2019-08-05,41.87272644042969,50.66999816894531,51.41999816894531,49.93000030517578,51.22999954223633,14909200
2019-08-06,42.22808074951172,51.099998474121094,51.31999969482422,50.11000061035156,51.040000915527344,9020400
2019-08-07,41.6661262512207,50.41999816894531,50.58000183105469,49.41999816894531,49.970001220703125,10157700
2019-08-08,42.45119094848633,51.369998931884766,51.65999984741211,50.7599983215332,50.900001525878906,6407000
2019-08-09,42.29418182373047,51.18000030517578,51.43000030517578,50.709999084472656,51.18000030517578,4140800
2019-08-12,41.44300842285156,50.150001525878906,50.650001525878906,50.08000183105469,50.52000045776367,6006500
2019-08-13,41.84794616699219,50.63999938964844,51.5099983215332,49.849998474121094,49.849998474121094,6702100
2019-08-14,40.50920486450195,49.02000045776367,49.79999923706055,48.650001525878906,49.27000045776367,10682000
2019-08-15,40.18691635131836,48.630001068115234,49.380001068115234,48.52000045776367,49.13999938964844,5770800
2019-08-16,41.310791015625,49.9900016784668,50.060001373291016,49.029998779296875,49.029998779296875,6735600
2019-08-19,41.73225784301758,50.5,50.9900016784668,50.459999084472656,50.81999969482422,5388000
2019-08-20,41.14552307128906,49.790000915527344,50.22999954223633,49.630001068115234,50.189998626708984,4903200
2019-08-21,41.37689971923828,50.06999969482422,50.27000045776367,49.849998474121094,50.16999816894531,6792300
2019-08-22,41.5339241027832,50.2599983215332,50.65999984741211,49.849998474121094,50.369998931884766,5248300
2019-08-23,40.19517517089844,48.63999938964844,50.5099983215332,48.400001525878906,50.0,11731700
2019-08-26,40.567047119140625,49.09000015258789,49.16999816894531,48.5099983215332,48.9900016784668,4696400
2019-08-27,39.85635757446289,48.22999954223633,49.40999984741211,47.97999954223633,49.27000045776367,10938000
2019-08-28,40.45961380004883,48.959999084472656,49.279998779296875,48.02000045776367,48.02000045776367,5304100
2019-08-29,41.319053649902344,50.0,50.18000030517578,49.41999816894531,49.41999816894531,7457500
2019-08-30,41.41822052001953,50.119998931884766,50.630001068115234,49.939998626708984,50.38999938964844,4662400
2019-09-03,40.45135498046875,48.95000076293945,49.709999084472656,48.65999984741211,49.689998626708984,6966100
2019-09-04,40.765377044677734,49.33000183105469,49.59000015258789,49.0099983215332,49.380001068115234,4993200
2019-09-05,41.95536804199219,50.77000045776367,51.290000915527344,50.150001525878906,50.189998626708984,9728500
2019-09-06,41.71571350097656,50.47999954223633,50.9900016784668,50.349998474121094,50.7400016784668,5241100
2019-09-09,43.18666458129883,52.2599983215332,52.47999954223633,50.689998626708984,50.970001220703125,11154300
2019-09-10,43.996543884277344,53.2400016784668,53.27000045776367,52.369998931884766,52.459999084472656,10997800
2019-09-11,44.52540588378906,53.880001068115234,53.93000030517578,52.38999938964844,53.349998474121094,9274600
2019-09-12,44.62458419799805,54.0,54.22999954223633,52.95000076293945,53.400001525878906,7905000
2019-09-13,45.112152099609375,54.59000015258789,55.029998779296875,54.220001220703125,54.560001373291016,7829400
2019-09-16,45.120399475097656,54.599998474121094,54.779998779296875,53.849998474121094,53.97999954223633,4588700
2019-09-17,44.558467864990234,53.91999816894531,54.349998474121094,53.47999954223633,54.349998474121094,5810600
2019-09-18,44.8807487487793,54.310001373291016,54.54999923706055,53.349998474121094,53.630001068115234,7089900
2019-09-19,44.48410415649414,53.83000183105469,54.709999084472656,53.7400016784668,54.18000030517578,5765000
2019-09-20,44.31779479980469,53.29999923706055,53.970001220703125,53.130001068115234,53.540000915527344,6592100
2019-09-23,44.35105514526367,53.34000015258789,53.56999969482422,52.68000030517578,52.91999816894531,3880200
2019-09-24,43.70250701904297,52.560001373291016,53.5,52.25,53.29999923706055,8216400
2019-09-25,44.47578430175781,53.4900016784668,53.619998931884766,52.560001373291016,52.630001068115234,5950600
2019-09-26,43.943634033203125,52.849998474121094,53.40999984741211,52.810001373291016,53.29999923706055,6259700
2019-09-27,44.15150451660156,53.099998474121094,54.0,52.83000183105469,53.16999816894531,7067400
2019-09-30,43.89374542236328,52.790000915527344,53.470001220703125,52.790000915527344,53.25,6432700
2019-10-01,42.90428161621094,51.599998474121094,53.650001525878906,51.41999816894531,53.38999938964844,7462800
2019-10-02,42.372135162353516,50.959999084472656,51.400001525878906,50.560001373291016,51.13999938964844,6149100
2019-10-03,42.41371154785156,51.0099983215332,51.0099983215332,49.90999984741211,50.70000076293945,6626100
2019-10-04,42.92092514038086,51.619998931884766,51.689998626708984,50.61000061035156,51.16999816894531,5747300
2019-10-07,42.82945251464844,51.5099983215332,52.02000045776367,51.349998474121094,51.54999923706055,5869300
2019-10-08,41.72358322143555,50.18000030517578,50.88999938964844,50.119998931884766,50.86000061035156,6884600
2019-10-09,42.01459884643555,50.529998779296875,50.790000915527344,50.13999938964844,50.54999923706055,3786000
2019-10-10,42.53842544555664,51.15999984741211,51.540000915527344,50.5,50.77000045776367,4769600
2019-10-11,43.36159896850586,52.150001525878906,52.79999923706055,52.09000015258789,52.09000015258789,7122000
2019-10-14,43.33665466308594,52.119998931884766,52.2599983215332,51.599998474121094,51.7400016784668,2406600
2019-10-15,44.08498764038086,53.02000045776367,53.29999923706055,52.150001525878906,52.349998474121094,5134700
2019-10-16,43.927005767822266,52.83000183105469,53.45000076293945,52.58000183105469,53.0099983215332,4789300
2019-10-17,43.735755920410156,52.599998474121094,53.04999923706055,52.45000076293945,53.02000045776367,4655500
2019-10-18,44.25128936767578,53.220001220703125,53.40999984741211,52.630001068115234,52.630001068115234,4706500
2019-10-21,44.84163284301758,53.93000030517578,54.209999084472656,53.720001220703125,53.72999954223633,5557000
2019-10-22,45.02456283569336,54.150001525878906,54.77000045776367,53.34000015258789,53.93000030517578,7314600
2019-10-23,45.140968322753906,54.290000915527344,54.36000061035156,53.779998779296875,53.9900016784668,5332500
2019-10-24,44.766788482666016,53.84000015258789,54.47999954223633,53.54999923706055,54.369998931884766,3604200
2019-10-25,45.232421875,54.400001525878906,54.66999816894531,53.75,53.75,3542300
2019-10-28,45.689735412597656,54.95000076293945,55.13999938964844,54.5099983215332,54.7599983215332,7457000
2019-10-29,45.955810546875,55.27000045776367,55.400001525878906,54.5099983215332,54.72999954223633,4962600
2019-10-30,45.50680160522461,54.72999954223633,55.189998626708984,54.349998474121094,55.060001373291016,6516000
2019-10-31,44.816680908203125,53.900001525878906,54.4900016784668,53.279998779296875,54.310001373291016,7693400
2019-11-01,45.76457214355469,55.040000915527344,55.040000915527344,54.150001525878906,54.439998626708984,7541000
2019-11-04,46.65424728393555,56.11000061035156,56.150001525878906,55.40999984741211,55.54999923706055,6166900
2019-11-05,47.128196716308594,56.68000030517578,57.06999969482422,56.33000183105469,56.349998474121094,6966800
2019-11-06,46.87043762207031,56.369998931884766,56.529998779296875,56.0099983215332,56.5099983215332,4810700
2019-11-07,47.1947021484375,56.7599983215332,57.33000183105469,56.59000015258789,56.95000076293945,5133200
2019-11-08,47.22797775268555,56.79999923706055,56.95000076293945,56.380001068115234,56.630001068115234,4069300
2019-11-11,46.9785270690918,56.5,56.810001373291016,56.29999923706055,56.400001525878906,2154500
2019-11-12,47.06999588012695,56.61000061035156,56.869998931884766,56.20000076293945,56.599998474121094,4208000
2019-11-13,46.52952575683594,55.959999084472656,56.279998779296875,55.630001068115234,55.90999984741211,9086900
2019-11-14,46.4630126953125,55.880001068115234,56.029998779296875,55.54999923706055,55.72999954223633,4749800
2019-11-15,46.54616165161133,55.97999954223633,56.279998779296875,55.81999969482422,56.150001525878906,3683700
2019-11-18,46.29671859741211,55.68000030517578,55.869998931884766,55.36000061035156,55.779998779296875,3472700
2019-11-19,46.446380615234375,55.86000061035156,56.06999969482422,55.540000915527344,55.83000183105469,3810000
2019-11-20,46.23019027709961,55.599998474121094,55.93000030517578,55.130001068115234,55.560001373291016,5749500
2019-11-21,46.171993255615234,55.529998779296875,55.9900016784668,55.220001220703125,55.86000061035156,2902200
2019-11-22,46.504581451416016,55.93000030517578,56.20000076293945,55.630001068115234,55.65999984741211,3330500
2019-11-25,46.9868278503418,56.5099983215332,56.63999938964844,55.880001068115234,56.09000015258789,5113400
2019-11-26,46.69581985473633,56.15999984741211,56.41999816894531,56.02000045776367,56.369998931884766,4349700
2019-11-27,47.01179504394531,56.540000915527344,56.66999816894531,56.2400016784668,56.470001220703125,3170400
2019-11-29,46.74571228027344,56.220001220703125,56.689998626708984,56.18000030517578,56.459999084472656,1234200
2019-12-02,46.47133255004883,55.88999938964844,56.83000183105469,55.83000183105469,56.68000030517578,11040700
2019-12-03,45.83108139038086,55.119998931884766,55.189998626708984,54.619998931884766,55.04999923706055,7121800
2019-12-04,46.45470428466797,55.869998931884766,56.11000061035156,55.290000915527344,55.349998474121094,5085000
2019-12-05,46.64592742919922,56.099998474121094,56.279998779296875,55.88999938964844,56.119998931884766,4875300
2019-12-06,47.31111526489258,56.900001525878906,57.279998779296875,56.83000183105469,57.16999816894531,6831000
2019-12-09,47.32775115966797,56.91999816894531,57.13999938964844,56.650001525878906,56.65999984741211,5237800
2019-12-10,47.44416046142578,57.060001373291016,57.2400016784668,56.65999984741211,56.77000045776367,3802100
2019-12-11,47.31942367553711,56.90999984741211,57.310001373291016,56.779998779296875,57.029998779296875,2832100
2019-12-12,48.79947280883789,58.689998626708984,58.81999969482422,56.91999816894531,56.91999816894531,7305900
2019-12-13,48.39203643798828,58.20000076293945,59.02000045776367,57.810001373291016,58.5,7759300
2019-12-16,48.73295211791992,58.61000061035156,59.08000183105469,58.540000915527344,58.790000915527344,8469500
2019-12-17,49.240142822265625,59.220001220703125,59.29999923706055,58.47999954223633,58.560001373291016,7348600
2019-12-18,49.03228759765625,58.970001220703125,59.380001068115234,58.869998931884766,59.27000045776367,3756200
2019-12-19,48.95744705200195,58.880001068115234,59.04999923706055,58.75,58.970001220703125,4613100
2019-12-20,49.02019119262695,58.59000015258789,58.959999084472656,58.439998626708984,58.83000183105469,6168400
2019-12-23,48.72737121582031,58.2400016784668,58.79999923706055,58.15999984741211,58.630001068115234,2582600
2019-12-24,48.8444938659668,58.380001068115234,58.52000045776367,58.13999938964844,58.349998474121094,2017100
2019-12-26,48.94490051269531,58.5,58.619998931884766,58.27000045776367,58.4900016784668,1347700
2019-12-27,48.61859893798828,58.11000061035156,58.540000915527344,58.04999923706055,58.540000915527344,2176600
2019-12-30,48.59349060058594,58.08000183105469,58.5099983215332,58.08000183105469,58.5099983215332,4132600
2019-12-31,48.7357292175293,58.25,58.47999954223633,58.029998779296875,58.119998931884766,2535200
2020-01-02,48.86960220336914,58.40999984741211,58.470001220703125,57.77000045776367,58.459999084472656,3811400
2020-01-03,48.342506408691406,57.779998779296875,58.0099983215332,57.2599983215332,57.61000061035156,6355500
2020-01-06,47.92416763305664,57.279998779296875,57.439998626708984,56.779998779296875,57.36000061035156,5437000
2020-01-07,47.62297058105469,56.91999816894531,57.209999084472656,56.65999984741211,57.15999984741211,4620200
2020-01-08,47.97437286376953,57.34000015258789,57.59000015258789,56.90999984741211,56.91999816894531,5006800
2020-01-09,48.14169692993164,57.540000915527344,57.75,57.33000183105469,57.630001068115234,5647700
2020-01-10,47.631343841552734,56.93000030517578,57.52000045776367,56.79999923706055,57.459999084472656,8127200
2020-01-13,47.873966217041016,57.220001220703125,57.2400016784668,56.68000030517578,57.02000045776367,3628100
2020-01-14,47.95762634277344,57.31999969482422,57.689998626708984,56.9900016784668,57.18000030517578,4521600
2020-01-15,47.3552360534668,56.599998474121094,57.04999923706055,56.33000183105469,56.84000015258789,10385900
2020-01-16,48.032928466796875,57.40999984741211,57.47999954223633,56.88999938964844,56.900001525878906,7366500
2020-01-17,48.14169692993164,57.540000915527344,57.95000076293945,57.439998626708984,57.90999984741211,8412800
2020-01-21,47.52256774902344,56.79999923706055,57.40999984741211,56.790000915527344,57.13999938964844,5027900
2020-01-22,47.56439971923828,56.849998474121094,57.029998779296875,56.650001525878906,56.880001068115234,4256600
2020-01-23,47.63970184326172,56.939998626708984,57.040000915527344,56.06999969482422,56.63999938964844,5487300
2020-01-24,46.78630447387695,55.91999816894531,57.0,55.369998931884766,56.900001525878906,10017600
2020-01-27,45.9747428894043,54.95000076293945,55.43000030517578,54.630001068115234,54.77000045776367,8614800
2020-01-28,46.376319885253906,55.43000030517578,55.84000015258789,55.099998474121094,55.400001525878906,5870100
2020-01-29,45.80740737915039,54.75,55.779998779296875,54.709999084472656,55.54999923706055,5794600
2020-01-30,46.26757049560547,55.29999923706055,55.33000183105469,54.06999969482422,54.279998779296875,6160000
2020-01-31,45.3388671875,54.189998626708984,54.900001525878906,54.04999923706055,54.810001373291016,8871900
2020-02-03,45.9412727355957,54.90999984741211,55.16999816894531,54.5099983215332,54.529998779296875,8341700
2020-02-04,46.585506439208984,55.68000030517578,56.099998474121094,55.599998474121094,55.84000015258789,11053400
2020-02-05,47.631343841552734,56.93000030517578,57.040000915527344,56.31999969482422,56.31999969482422,9558300
2020-02-06,47.1377067565918,56.34000015258789,57.36000061035156,56.290000915527344,57.2400016784668,5807800
2020-02-07,46.67753601074219,55.790000915527344,56.060001373291016,55.61000061035156,55.880001068115234,5569400
2020-02-10,46.635704040527344,55.7400016784668,55.7400016784668,55.36000061035156,55.459999084472656,3071000
2020-02-11,46.99546813964844,56.16999816894531,56.59000015258789,55.959999084472656,56.099998474121094,4995400
2020-02-12,47.1209716796875,56.31999969482422,56.7599983215332,56.099998474121094,56.560001373291016,4410900
2020-02-13,47.346866607666016,56.59000015258789,56.650001525878906,55.9900016784668,56.02000045776367,8503400
2020-02-14,47.03729248046875,56.220001220703125,56.709999084472656,56.04999923706055,56.54999923706055,5276400
2020-02-18,46.40143585205078,55.459999084472656,56.209999084472656,55.130001068115234,55.91999816894531,7410600
2020-02-19,46.78630447387695,55.91999816894531,56.04999923706055,55.47999954223633,55.68000030517578,5375500
2020-02-20,47.20462417602539,56.41999816894531,56.65999984741211,55.66999816894531,55.66999816894531,7806800
2020-02-21,46.56040954589844,55.650001525878906,56.13999938964844,55.290000915527344,56.09000015258789,9623900
2020-02-24,45.12134552001953,53.93000030517578,54.2599983215332,53.529998779296875,54.150001525878906,9308500
2020-02-25,43.38107681274414,51.849998474121094,54.04999923706055,51.650001525878906,54.0,11800100
2020-02-26,42.66154861450195,50.9900016784668,52.47999954223633,50.91999816894531,52.06999969482422,8492000
2020-02-27,40.93800735473633,48.93000030517578,51.189998626708984,48.90999984741211,49.79999923706055,13750500
2020-02-28,39.74994659423828,47.5099983215332,48.2599983215332,46.41999816894531,47.45000076293945,13822800
2020-03-02,41.54041290283203,49.650001525878906,49.68000030517578,46.90999984741211,47.40999984741211,9062300
2020-03-03,39.81687927246094,47.59000015258789,50.150001525878906,47.04999923706055,49.599998474121094,15844900
2020-03-04,40.52804946899414,48.439998626708984,48.560001373291016,46.79999923706055,48.279998779296875,12236100
2020-03-05,38.40291976928711,45.900001525878906,47.040000915527344,45.31999969482422,47.040000915527344,11490600
2020-03-06,36.721221923828125,43.88999938964844,45.279998779296875,43.029998779296875,44.11000061035156,9931700
2020-03-09,31.031906127929688,37.09000015258789,40.369998931884766,36.939998626708984,39.779998779296875,11877900
2020-03-10,33.223960876464844,39.709999084472656,39.81999969482422,37.119998931884766,38.83000183105469,14950900
2020-03-11,30.914762496948242,36.95000076293945,38.849998474121094,36.41999816894531,38.33000183105469,14164900
2020-03-12,28.321109771728516,33.849998474121094,37.150001525878906,32.84000015258789,33.939998626708984,18536000
2020-03-13,31.492061614990234,37.63999938964844,37.68000030517578,34.65999984741211,36.40999984741211,11725700
2020-03-16,27.19161033630371,32.5,34.5,30.829999923706055,32.380001068115234,8745800
2020-03-17,29.24980926513672,34.959999084472656,35.34000015258789,31.59000015258789,33.2599983215332,9275600
2020-03-18,26.212709426879883,31.329999923706055,33.59000015258789,30.3799991607666,32.68000030517578,10038800
2020-03-19,27.609941482543945,33.0,33.65999984741211,29.219999313354492,30.979999542236328,10306700
2020-03-20,25.786014556884766,30.81999969482422,33.65999984741211,30.709999084472656,33.13999938964844,15406900
2020-03-23,23.795578002929688,28.1299991607666,30.479999542236328,27.260000228881836,30.479999542236328,13311600
2020-03-24,26.55326271057129,31.389999389648438,31.459999084472656,29.739999771118164,29.8700008392334,8583100
2020-03-25,26.840864181518555,31.729999542236328,32.970001220703125,30.290000915527344,32.119998931884766,13872500
2020-03-26,29.141756057739258,34.45000076293945,34.72999954223633,31.649999618530273,32.02000045776367,12251300
2020-03-27,28.194332122802734,33.33000183105469,34.38999938964844,32.47999954223633,33.13999938964844,8008900
2020-03-30,28.15203285217285,33.279998779296875,33.5099983215332,32.15999984741211,33.310001373291016,10279800
2020-03-31,27.568355560302734,32.59000015258789,33.59000015258789,31.959999084472656,32.9900016784668,7739300
2020-04-01,25.783475875854492,30.479999542236328,31.110000610351562,30.149999618530273,30.84000015258789,9120100
2020-04-02,26.265644073486328,31.049999237060547,31.979999542236328,30.1299991607666,30.290000915527344,8530300
2020-04-03,24.971397399902344,29.520000457763672,31.270000457763672,29.139999389648438,31.040000915527344,6914900
2020-04-06,27.052350997924805,31.979999542236328,32.220001220703125,30.950000762939453,30.959999084472656,10757000
2020-04-07,27.822128295898438,32.88999938964844,34.66999816894531,32.650001525878906,33.7400016784668,11652500
2020-04-08,29.30247688293457,34.63999938964844,34.849998474121094,32.97999954223633,33.45000076293945,10806500
2020-04-09,31.620290756225586,37.380001068115234,37.56999969482422,35.81999969482422,35.849998474121094,16973200
2020-04-13,29.835411071777344,35.27000045776367,37.5,34.91999816894531,37.5,8895600
2020-04-14,29.35323715209961,34.70000076293945,36.4900016784668,34.029998779296875,36.369998931884766,14920000
2020-04-15,27.373794555664062,32.36000061035156,33.369998931884766,32.2400016784668,33.369998931884766,11372500
2020-04-16,26.367155075073242,31.170000076293945,32.5099983215332,30.6200008392334,32.470001220703125,14381000
2020-04-17,28.75263786315918,33.9900016784668,34.189998626708984,32.630001068115234,32.880001068115234,14154200
2020-04-20,28.684961318969727,33.90999984741211,34.81999969482422,32.650001525878906,33.15999984741211,14338200
2020-04-21,27.889812469482422,32.970001220703125,33.599998474121094,32.47999954223633,32.77000045776367,11267000
2020-04-22,27.771373748779297,32.83000183105469,34.2599983215332,32.68000030517578,33.810001373291016,7897300
2020-04-23,28.287385940551758,33.439998626708984,34.150001525878906,33.040000915527344,33.040000915527344,7602000
2020-04-24,29.074087142944336,34.369998931884766,34.70000076293945,33.369998931884766,33.75,5932000
2020-04-27,31.002765655517578,36.650001525878906,36.97999954223633,34.59000015258789,34.869998931884766,10027200
2020-04-28,31.78946876525879,37.58000183105469,38.720001220703125,37.20000076293945,37.900001525878906,10311400
2020-04-29,33.608184814453125,39.72999954223633,40.36000061035156,38.560001373291016,38.90999984741211,11157100
2020-04-30,32.25471878051758,38.130001068115234,39.02000045776367,37.63999938964844,38.95000076293945,7498000
2020-05-01,30.73207664489746,36.33000183105469,37.220001220703125,35.79999923706055,37.099998474121094,8242400
2020-05-04,30.427549362182617,35.970001220703125,36.060001373291016,35.04999923706055,35.65999984741211,6703100
2020-05-05,29.8438663482666,35.279998779296875,37.279998779296875,35.150001525878906,36.689998626708984,8834100
2020-05-06,29.05716323852539,34.349998474121094,35.939998626708984,34.209999084472656,35.72999954223633,8721300
2020-05-07,29.446290969848633,34.810001373291016,36.0099983215332,34.63999938964844,34.849998474121094,11203200
2020-05-08,30.90972137451172,36.540000915527344,36.68000030517578,35.54999923706055,35.59000015258789,8146600
2020-05-11,29.590091705322266,34.97999954223633,35.939998626708984,34.599998474121094,35.93000030517578,12565700
2020-05-12,28.075908660888672,33.189998626708984,35.349998474121094,33.130001068115234,35.29999923706055,12043300
2020-05-13,26.561717987060547,31.399999618530273,32.9900016784668,30.799999237060547,32.939998626708984,12188700
2020-05-14,27.40763282775879,32.400001525878906,32.650001525878906,29.719999313354492,30.59000015258789,13663700
2020-05-15,27.103103637695312,32.040000915527344,32.5099983215332,31.6299991607666,32.029998779296875,11608600
2020-05-18,29.81003189086914,35.2400016784668,35.5,33.540000915527344,33.619998931884766,15877800
2020-05-19,28.51578140258789,33.709999084472656,35.119998931884766,33.66999816894531,34.9900016784668,12057100
2020-05-20,29.970748901367188,35.43000030517578,35.59000015258789,34.41999816894531,34.470001220703125,10069500
2020-05-21,29.86078453063965,35.29999923706055,35.95000076293945,35.130001068115234,35.279998779296875,10284400
2020-05-22,29.547794342041016,34.93000030517578,35.79999923706055,34.540000915527344,35.41999816894531,10088400
2020-05-26,32.03478240966797,37.869998931884766,38.31999969482422,36.459999084472656,36.52000045776367,15369200
2020-05-27,34.35258483886719,40.61000061035156,40.66999816894531,38.66999816894531,39.7599983215332,16911600
2020-05-28,33.109100341796875,39.13999938964844,41.34000015258789,38.91999816894531,41.34000015258789,15243100
2020-05-29,32.29702377319336,38.18000030517578,38.779998779296875,37.70000076293945,38.52000045776367,13349100
2020-06-01,32.610008239746094,38.54999923706055,39.16999816894531,37.959999084472656,38.38999938964844,9076700
2020-06-02,32.50849151611328,38.43000030517578,39.4900016784668,38.06999969482422,39.20000076293945,13086200
2020-06-03,34.38642120361328,40.650001525878906,41.099998474121094,39.45000076293945,39.529998779296875,15419300
2020-06-04,35.6214599609375,42.11000061035156,42.15999984741211,40.0,40.470001220703125,13924800
2020-06-05,37.68549728393555,44.54999923706055,46.119998931884766,44.220001220703125,45.869998931884766,20552400
2020-06-08,38.92898178100586,46.02000045776367,46.470001220703125,45.040000915527344,45.970001220703125,12508200
2020-06-09,37.981563568115234,44.900001525878906,45.599998474121094,44.02000045776367,44.83000183105469,11905300
2020-06-10,35.4522705078125,41.90999984741211,44.77000045776367,41.84000015258789,44.72999954223633,18967500
2020-06-11,32.15321350097656,38.0099983215332,39.84000015258789,37.869998931884766,39.130001068115234,15421900
2020-06-12,33.329036712646484,39.400001525878906,40.2400016784668,37.970001220703125,39.95000076293945,17997000
2020-06-15,33.81120681762695,39.970001220703125,40.31999969482422,37.459999084472656,37.650001525878906,14701900
2020-06-16,35.02086639404297,41.400001525878906,42.25,40.18000030517578,42.0,17363600
2020-06-17,33.946556091308594,40.130001068115234,41.630001068115234,40.02000045776367,41.540000915527344,9022700
2020-06-18,34.098819732666016,40.310001373291016,41.0099983215332,39.40999984741211,39.529998779296875,6878200
2020-06-19,33.73506546020508,39.880001068115234,41.290000915527344,38.9900016784668,41.13999938964844,12166800
2020-06-22,33.687278747558594,39.470001220703125,39.88999938964844,38.689998626708984,39.150001525878906,6443800
2020-06-23,33.32881164550781,39.04999923706055,40.61000061035156,39.02000045776367,40.279998779296875,8545800
2020-06-24,31.57915496826172,37.0,38.5099983215332,36.75,38.459999084472656,13016900
2020-06-25,32.628936767578125,38.22999954223633,38.279998779296875,36.5099983215332,36.68000030517578,10426500
2020-06-26,30.64031982421875,35.900001525878906,37.40999984741211,35.75,37.380001068115234,14126000
2020-06-29,31.95469093322754,37.439998626708984,37.86000061035156,36.220001220703125,36.38999938964844,12179900
2020-06-30,32.765506744384766,38.38999938964844,38.619998931884766,36.970001220703125,37.20000076293945,7698100
2020-07-01,31.399917602539062,36.790000915527344,38.619998931884766,36.689998626708984,38.560001373291016,9401700
2020-07-02,31.24629020690918,36.61000061035156,38.43000030517578,36.47999954223633,37.849998474121094,10308300
2020-07-06,31.57915496826172,37.0,38.279998779296875,36.61000061035156,37.54999923706055,9286600
2020-07-07,30.4781494140625,35.709999084472656,36.779998779296875,35.54999923706055,36.619998931884766,9710200
2020-07-08,30.43547248840332,35.65999984741211,36.25,34.90999984741211,35.650001525878906,11416900
2020-07-09,29.180845260620117,34.189998626708984,35.650001525878906,33.9900016784668,35.47999954223633,10355700
2020-07-10,30.623247146606445,35.880001068115234,35.90999984741211,34.220001220703125,34.25,9691000
2020-07-13,31.058517456054688,36.38999938964844,37.06999969482422,35.41999816894531,36.47999954223633,12640700
2020-07-14,30.409866333007812,35.630001068115234,36.380001068115234,35.130001068115234,36.119998931884766,15974800
2020-07-15,32.21074676513672,37.7400016784668,37.959999084472656,36.560001373291016,36.75,12162400
2020-07-16,32.12539291381836,37.63999938964844,38.40999984741211,36.900001525878906,37.310001373291016,8529600
2020-07-17,31.314573287963867,36.689998626708984,37.869998931884766,36.61000061035156,37.59000015258789,12849500
2020-07-20,30.751270294189453,36.029998779296875,36.68000030517578,35.869998931884766,36.41999816894531,8645900
2020-07-21,32.51799774169922,38.099998474121094,38.15999984741211,36.41999816894531,36.47999954223633,12041500
2020-07-22,32.20219802856445,37.72999954223633,38.04999923706055,37.209999084472656,37.68000030517578,9824500
2020-07-23,33.030094146728516,38.70000076293945,38.970001220703125,37.58000183105469,37.63999938964844,11159500
2020-07-24,32.83378601074219,38.470001220703125,39.290000915527344,38.41999816894531,38.72999954223633,11459500
2020-07-27,32.04004669189453,37.540000915527344,38.279998779296875,37.29999923706055,38.279998779296875,8278300
2020-07-28,31.869346618652344,37.34000015258789,37.84000015258789,37.22999954223633,37.34000015258789,4715000
2020-07-29,32.9703369140625,38.630001068115234,38.689998626708984,37.08000183105469,37.34000015258789,6921600
2020-07-30,32.381431579589844,37.939998626708984,37.97999954223633,36.880001068115234,37.66999816894531,7689900
2020-07-31,32.074188232421875,37.58000183105469,37.79999923706055,36.79999923706055,37.779998779296875,8749700
2020-08-03,31.98029899597168,37.470001220703125,37.900001525878906,37.08000183105469,37.77000045776367,5677000
2020-08-04,31.809602737426758,37.27000045776367,37.4900016784668,36.900001525878906,37.369998931884766,6339500
2020-08-05,32.60334014892578,38.20000076293945,38.290000915527344,37.470001220703125,37.689998626708984,7562100
2020-08-06,32.40704345703125,37.970001220703125,38.43000030517578,37.75,38.0099983215332,4766800
2020-08-07,33.84090042114258,39.650001525878906,39.650001525878906,37.439998626708984,37.75,7745200
2020-08-10,34.47248458862305,40.38999938964844,41.08000183105469,39.779998779296875,39.849998474121094,12588800
2020-08-11,35.146751403808594,41.18000030517578,42.22999954223633,40.970001220703125,41.400001525878906,11744000
2020-08-12,34.916297912597656,40.90999984741211,42.15999984741211,40.130001068115234,42.040000915527344,11228200
2020-08-13,34.22496795654297,40.099998474121094,40.7599983215332,39.9900016784668,40.40999984741211,8244300
2020-08-14,34.67732238769531,40.630001068115234,40.97999954223633,39.54999923706055,39.95000076293945,8091900
2020-08-17,34.05427932739258,39.900001525878906,40.560001373291016,39.63999938964844,40.380001068115234,6032000
2020-08-18,33.02155303955078,38.689998626708984,39.959999084472656,38.619998931884766,39.880001068115234,9777600
2020-08-19,33.22638702392578,38.93000030517578,39.529998779296875,38.52000045776367,38.810001373291016,6930000
2020-08-20,32.49238586425781,38.06999969482422,38.54999923706055,37.900001525878906,38.36000061035156,7424500
2020-08-21,32.244876861572266,37.779998779296875,38.34000015258789,37.4900016784668,37.93000030517578,6223000
2020-08-24,33.61045455932617,39.380001068115234,39.380001068115234,37.7599983215332,38.20000076293945,10690200
2020-08-25,33.72140884399414,39.5099983215332,40.22999954223633,39.02000045776367,39.849998474121094,7029500
2020-08-26,32.927669525146484,38.58000183105469,39.540000915527344,38.58000183105469,39.540000915527344,6589200
2020-08-27,33.5933837890625,39.36000061035156,39.77000045776367,38.560001373291016,38.560001373291016,7942300
2020-08-28,33.56779479980469,39.33000183105469,39.83000183105469,39.060001373291016,39.77000045776367,6586400
2020-08-31,32.98741912841797,38.650001525878906,39.33000183105469,38.63999938964844,39.33000183105469,7155300
2020-09-01,33.02155303955078,38.689998626708984,39.11000061035156,37.97999954223633,38.54999923706055,8746400
2020-09-02,33.26906967163086,38.97999954223633,39.16999816894531,38.369998931884766,38.77000045776367,6825100
2020-09-03,33.294673919677734,39.0099983215332,40.650001525878906,38.849998474121094,39.11000061035156,12679400
2020-09-04,33.994529724121094,39.83000183105469,40.459999084472656,39.130001068115234,39.91999816894531,12918600
2020-09-08,32.62041473388672,38.220001220703125,39.47999954223633,37.959999084472656,39.400001525878906,10739600
2020-09-09,32.41557693481445,37.97999954223633,38.58000183105469,37.58000183105469,38.52000045776367,8377200
2020-09-10,31.818132400512695,37.279998779296875,38.43000030517578,37.25,38.290000915527344,10956100
2020-09-11,31.98882484436035,37.47999954223633,37.65999984741211,36.970001220703125,37.38999938964844,7752100
2020-09-14,32.78256607055664,38.40999984741211,38.7400016784668,37.5099983215332,37.72999954223633,7954400
2020-09-15,32.168060302734375,37.689998626708984,38.58000183105469,37.56999969482422,38.54999923706055,7280600
2020-09-16,32.50947189331055,38.09000015258789,38.689998626708984,37.380001068115234,37.75,7468800
2020-09-17,32.330223083496094,37.880001068115234,38.06999969482422,37.33000183105469,37.47999954223633,5752300
2020-09-18,32.09124755859375,37.599998474121094,38.099998474121094,37.40999984741211,37.95000076293945,8624000
2020-09-21,30.580734252929688,35.4900016784668,36.72999954223633,35.11000061035156,36.400001525878906,12647200
2020-09-22,29.83970069885254,34.630001068115234,35.95000076293945,34.470001220703125,35.45000076293945,8552700
2020-09-23,29.21068000793457,33.900001525878906,35.54999923706055,33.869998931884766,34.849998474121094,6702900
2020-09-24,29.305461883544922,34.0099983215332,34.810001373291016,33.47999954223633,34.0,6596600
2020-09-25,29.770763397216797,34.54999923706055,34.63999938964844,33.58000183105469,33.790000915527344,6361500
2020-09-28,30.83062171936035,35.779998779296875,36.040000915527344,35.08000183105469,35.08000183105469,6204200
2020-09-29,30.408405303955078,35.290000915527344,35.709999084472656,34.720001220703125,35.709999084472656,4573800
2020-09-30,30.744455337524414,35.68000030517578,36.15999984741211,35.36000061035156,35.369998931884766,8971900
2020-10-01,30.951250076293945,35.91999816894531,36.15999984741211,35.380001068115234,35.880001068115234,8602000
2020-10-02,31.830158233642578,36.939998626708984,37.119998931884766,35.16999816894531,35.16999816894531,9628800
2020-10-05,33.15713119506836,38.47999954223633,38.529998779296875,37.38999938964844,37.400001525878906,13910000
2020-10-06,33.0968132019043,38.40999984741211,40.0099983215332,38.22999954223633,38.900001525878906,17276800
2020-10-07,34.03604507446289,39.5,39.97999954223633,38.959999084472656,38.97999954223633,9560600
2020-10-08,34.56166076660156,40.11000061035156,40.2599983215332,39.52000045776367,39.79999923706055,7713200
2020-10-09,34.173912048339844,39.65999984741211,40.58000183105469,39.470001220703125,40.36000061035156,13011700
2020-10-12,34.639217376708984,40.20000076293945,40.2599983215332,39.4900016784668,39.66999816894531,7597700
2020-10-13,33.570735931396484,38.959999084472656,40.02000045776367,38.84000015258789,40.02000045776367,10614300
2020-10-14,33.07097625732422,38.380001068115234,39.400001525878906,38.349998474121094,38.91999816894531,11131900
2020-10-15,33.8723258972168,39.310001373291016,39.34000015258789,37.869998931884766,37.959999084472656,6967400
2020-10-16,33.95849609375,39.40999984741211,39.72999954223633,38.75,39.5099983215332,7495300
2020-10-19,33.73446273803711,39.150001525878906,40.029998779296875,39.08000183105469,39.70000076293945,9602100
2020-10-20,34.50996780395508,40.04999923706055,40.779998779296875,39.54999923706055,39.58000183105469,12004600
2020-10-21,34.639217376708984,40.20000076293945,40.529998779296875,39.90999984741211,40.11000061035156,9188400
2020-10-22,36.28500747680664,42.11000061035156,42.150001525878906,40.209999084472656,40.209999084472656,12621600
2020-10-23,36.6986198425293,42.59000015258789,43.09000015258789,41.84000015258789,42.470001220703125,11454000
2020-10-26,35.966190338134766,41.7400016784668,42.06999969482422,41.20000076293945,41.970001220703125,9924800
2020-10-27,34.72538375854492,40.29999923706055,41.65999984741211,40.25,41.61000061035156,10212200
2020-10-28,34.03604507446289,39.5,40.2599983215332,39.279998779296875,39.369998931884766,9575700
2020-10-29,34.932186126708984,40.540000915527344,40.7400016784668,38.810001373291016,39.52000045776367,6854800
2020-10-30,35.457801818847656,41.150001525878906,41.189998626708984,40.25,40.25,7741000
2020-11-02,36.44873046875,42.29999923706055,42.4900016784668,41.099998474121094,41.790000915527344,9642900
2020-11-03,37.45688247680664,43.470001220703125,43.790000915527344,43.0099983215332,43.08000183105469,10271500
2020-11-04,34.78569793701172,40.369998931884766,41.849998474121094,40.33000183105469,41.65999984741211,21195000
2020-11-05,36.4659538269043,42.31999969482422,42.630001068115234,40.47999954223633,40.619998931884766,11973600
2020-11-06,35.63874816894531,41.36000061035156,42.869998931884766,41.189998626708984,42.75,8908900
2020-11-09,41.1362190246582,47.7400016784668,48.83000183105469,45.220001220703125,45.7599983215332,25406900
2020-11-10,41.635982513427734,48.31999969482422,48.810001373291016,47.34000015258789,48.02000045776367,12365000
2020-11-11,40.37794494628906,46.86000061035156,48.61000061035156,46.400001525878906,48.56999969482422,10794500
2020-11-12,39.47319412231445,45.810001373291016,46.33000183105469,45.15999984741211,45.93000030517578,10768400
2020-11-13,40.64506530761719,47.16999816894531,47.40999984741211,46.27000045776367,46.349998474121094,7968200
2020-11-16,42.359798431396484,49.15999984741211,49.47999954223633,48.369998931884766,49.02000045776367,11705200
2020-11-17,42.19607925415039,48.970001220703125,49.099998474121094,47.58000183105469,48.290000915527344,7031900
2020-11-18,41.46365737915039,48.119998931884766,49.599998474121094,48.099998474121094,49.209999084472656,7128400
2020-11-19,41.532588958740234,48.20000076293945,48.2599983215332,47.2599983215332,47.849998474121094,7059600
2020-11-20,41.07590103149414,47.66999816894531,47.90999984741211,47.220001220703125,47.779998779296875,7191500
2020-11-23,41.8255615234375,48.540000915527344,48.91999816894531,48.18000030517578,48.439998626708984,6674900
2020-11-24,43.884944915771484,50.93000030517578,51.06999969482422,49.540000915527344,49.630001068115234,13466500
2020-11-25,43.212852478027344,50.150001525878906,50.599998474121094,49.52000045776367,50.47999954223633,9328100
2020-11-27,42.592445373535156,49.43000030517578,50.189998626708984,48.95000076293945,50.04999923706055,5885000
2020-11-30,41.01558303833008,47.599998474121094,49.41999816894531,47.5,49.02000045776367,11750400
2020-12-01,42.06682586669922,48.81999969482422,49.459999084472656,48.52000045776367,48.779998779296875,10452200
2020-12-02,42.807865142822266,49.68000030517578,49.90999984741211,48.4900016784668,48.72999954223633,8036400
2020-12-03,43.04051208496094,49.95000076293945,50.349998474121094,49.2599983215332,49.7599983215332,8147600
2020-12-04,43.86772155761719,50.90999984741211,51.040000915527344,50.189998626708984,50.52000045776367,7047400
2020-12-07,43.80739974975586,50.84000015258789,51.02000045776367,50.060001373291016,50.7400016784668,6193200
2020-12-08,43.79016876220703,50.81999969482422,51.060001373291016,50.279998779296875,50.290000915527344,3804900
2020-12-09,43.96250534057617,51.02000045776367,51.709999084472656,50.65999984741211,51.2599983215332,8907300
2020-12-10,44.13484191894531,51.220001220703125,51.290000915527344,50.33000183105469,50.459999084472656,5395000
2020-12-11,43.72123718261719,50.7400016784668,51.060001373291016,50.310001373291016,50.58000183105469,6171700
2020-12-14,43.436885833740234,50.40999984741211,51.70000076293945,50.20000076293945,51.58000183105469,6861800
2020-12-15,44.39334487915039,51.52000045776367,51.619998931884766,50.41999816894531,50.83000183105469,7033000
2020-12-16,44.42780685424805,51.560001373291016,51.709999084472656,51.04999923706055,51.66999816894531,5311900
2020-12-17,44.23823928833008,51.34000015258789,51.61000061035156,50.709999084472656,51.61000061035156,5170000
2020-12-18,43.583370208740234,50.58000183105469,51.59000015258789,50.290000915527344,51.40999984741211,7251600
2020-12-21,43.81350326538086,50.45000076293945,50.790000915527344,49.68000030517578,50.25,7277500
2020-12-22,43.47480773925781,50.060001373291016,50.84000015258789,50.02000045776367,50.720001220703125,5315700
2020-12-23,44.90776062011719,51.709999084472656,51.79999923706055,50.470001220703125,50.470001220703125,8758800
2020-12-24,44.68195724487305,51.45000076293945,51.86000061035156,50.86000061035156,51.849998474121094,2148800
2020-12-28,44.968544006347656,51.779998779296875,52.310001373291016,51.349998474121094,51.88999938964844,4348600
2020-12-29,44.27378463745117,50.97999954223633,51.93000030517578,50.72999954223633,51.900001525878906,3779300
2020-12-30,44.83827590942383,51.630001068115234,51.810001373291016,51.060001373291016,51.13999938964844,3888000
2020-12-31,45.116188049316406,51.95000076293945,52.150001525878906,51.130001068115234,51.58000183105469,2972000
2021-01-04,44.90776062011719,51.709999084472656,52.52000045776367,50.79999923706055,52.369998931884766,14335000
2021-01-05,45.50700378417969,52.400001525878906,52.91999816894531,51.59000015258789,51.65999984741211,8263100
2021-01-06,49.05896759033203,56.4900016784668,57.150001525878906,53.9900016784668,54.0,17710800
2021-01-07,50.1966438293457,57.79999923706055,58.400001525878906,57.22999954223633,57.70000076293945,9894900
2021-01-08,49.527931213378906,57.029998779296875,58.15999984741211,55.95000076293945,58.0099983215332,12358800
2021-01-11,50.24007034301758,57.849998474121094,57.90999984741211,55.91999816894531,56.45000076293945,8441000
2021-01-12,51.09983444213867,58.84000015258789,59.25,57.93000030517578,58.15999984741211,9581700
2021-01-13,50.700355529785156,58.380001068115234,58.79999923706055,57.72999954223633,58.75,11988500
2021-01-14,51.79459762573242,59.63999938964844,59.86000061035156,58.63999938964844,58.90999984741211,7568400
2021-01-15,50.70903015136719,58.38999938964844,59.029998779296875,57.849998474121094,58.33000183105469,10596800
2021-01-19,51.11721420288086,58.86000061035156,59.0099983215332,58.220001220703125,58.95000076293945,6110200
2021-01-20,50.71771240234375,58.400001525878906,58.9900016784668,57.90999984741211,58.900001525878906,8312900
2021-01-21,49.718990325927734,57.25,58.630001068115234,56.970001220703125,58.380001068115234,5697100
2021-01-22,50.335594177246094,57.959999084472656,58.04999923706055,56.61000061035156,56.689998626708984,9053900
2021-01-25,49.92742919921875,57.4900016784668,57.59000015258789,56.029998779296875,57.279998779296875,14262700
2021-01-26,49.232662200927734,56.689998626708984,58.119998931884766,56.63999938964844,57.75,8168400
2021-01-27,47.53917694091797,54.7400016784668,55.90999984741211,54.599998474121094,55.560001373291016,12534000
2021-01-28,48.3902587890625,55.720001220703125,56.029998779296875,55.11000061035156,55.5,9123100
2021-01-29,47.21784591674805,54.369998931884766,56.11000061035156,54.13999938964844,55.75,10006100
2021-02-01,48.07761001586914,55.36000061035156,55.52000045776367,54.13999938964844,54.810001373291016,4826700
2021-02-02,49.27608108520508,56.7400016784668,57.08000183105469,55.7400016784668,56.150001525878906,6753200
2021-02-03,49.70162582397461,57.22999954223633,57.29999923706055,56.29999923706055,56.81999969482422,4925800
2021-02-04,51.28221130371094,59.04999923706055,59.310001373291016,57.56999969482422,57.599998474121094,11819900
2021-02-05,51.19537353515625,58.95000076293945,59.79999923706055,58.560001373291016,59.529998779296875,5807100
2021-02-08,52.28093338012695,60.20000076293945,60.220001220703125,59.119998931884766,59.310001373291016,4222100
2021-02-09,52.9149055480957,60.93000030517578,60.97999954223633,59.68000030517578,60.09000015258789,4929500
2021-02-10,52.906211853027344,60.91999816894531,61.790000915527344,60.540000915527344,61.18000030517578,7805100
2021-02-11,52.55015563964844,60.5099983215332,61.380001068115234,59.619998931884766,61.040000915527344,7413400
2021-02-12,53.04517364501953,61.08000183105469,61.38999938964844,60.15999984741211,60.540000915527344,5596700
2021-02-16,54.49549865722656,62.75,63.08000183105469,61.68000030517578,61.93000030517578,10572400
2021-02-17,54.33048629760742,62.560001373291016,63.290000915527344,62.130001068115234,62.619998931884766,4718900
2021-02-18,53.69651794433594,61.83000183105469,62.45000076293945,61.36000061035156,62.060001373291016,3841800
2021-02-19,55.416053771972656,63.810001373291016,63.90999984741211,62.119998931884766,62.220001220703125,4639900
2021-02-22,56.5537223815918,65.12000274658203,65.55000305175781,63.68000030517578,63.70000076293945,7394100
2021-02-23,57.11821365356445,65.7699966430664,65.95999908447266,64.80000305175781,65.56999969482422,15518900
2021-02-24,58.863800048828125,67.77999877929688,68.05000305175781,66.12000274658203,66.18000030517578,13330400
2021-02-25,57.12690734863281,65.77999877929688,68.73999786376953,65.69000244140625,68.5199966430664,13830300
2021-02-26,55.80686569213867,64.26000213623047,65.75,63.650001525878906,65.31999969482422,9759800
2021-03-01,57.812992095947266,66.56999969482422,66.95999908447266,65.47000122070312,65.72000122070312,8083100
2021-03-02,57.231117248535156,65.9000015258789,66.66999816894531,65.7300033569336,66.41999816894531,6389300
2021-03-03,57.72614669799805,66.47000122070312,68.16999816894531,66.23999786376953,66.36000061035156,13125600
2021-03-04,56.95322036743164,65.58000183105469,67.31999969482422,64.36000061035156,66.45999908447266,12793100
2021-03-05,58.446964263916016,67.30000305175781,67.55000305175781,64.61000061035156,66.98999786376953,12621500
2021-03-08,59.958072662353516,69.04000091552734,70.16000366210938,67.75,68.18000030517578,10995700
2021-03-09,58.77695846557617,67.68000030517578,68.76000213623047,66.45999908447266,68.48999786376953,9015100
2021-03-10,60.14045333862305,69.25,69.31999969482422,67.69999694824219,68.01000213623047,9062000
2021-03-11,60.59204864501953,69.7699966430664,70.06999969482422,68.54000091552734,69.08000183105469,6034400
2021-03-12,61.747074127197266,71.0999984741211,71.52999877929688,70.43000030517578,70.80000305175781,6260700
2021-03-15,61.087039947509766,70.33999633789062,71.41999816894531,69.43000030517578,71.30999755859375,7530300
2021-03-16,60.16650390625,69.27999877929688,69.87000274658203,68.41000366210938,69.83999633789062,5867600
2021-03-17,60.57466506958008,69.75,70.56999969482422,69.0,69.9800033569336,7508000
2021-03-18,60.90468215942383,70.12999725341797,72.9000015258789,69.72000122070312,70.77999877929688,13961700
2021-03-19,60.40099334716797,69.55000305175781,70.31999969482422,68.0199966430664,69.44999694824219,14167700
2021-03-22,58.497596740722656,67.02999877929688,68.75,66.51000213623047,68.61000061035156,10110600
2021-03-23,56.525272369384766,64.7699966430664,66.72000122070312,64.33000183105469,66.41000366210938,11602600
2021-03-24,56.18492126464844,64.37999725341797,66.88999938964844,64.31999969482422,65.52999877929688,6694900
2021-03-25,57.79071044921875,66.22000122070312,66.5999984741211,63.380001068115234,63.91999816894531,8062100
2021-03-26,58.94267272949219,67.54000091552734,67.97000122070312,66.44000244140625,67.23999786376953,7258100
2021-03-29,57.02272033691406,65.33999633789062,67.02999877929688,64.66999816894531,66.58000183105469,8634800
2021-03-30,58.45396423339844,66.9800033569336,67.43000030517578,65.97000122070312,66.0,7714500
2021-03-31,57.89543151855469,66.33999633789062,67.3499984741211,66.0999984741211,67.02999877929688,5552700
2021-04-01,58.3143310546875,66.81999969482422,66.91999816894531,65.91000366210938,66.0,7328400
2021-04-05,58.44524383544922,66.97000122070312,68.1500015258789,66.48999786376953,67.91999816894531,7963700
2021-04-06,58.357975006103516,66.87000274658203,67.4800033569336,66.30000305175781,66.86000061035156,6607900
2021-04-07,58.052513122558594,66.5199966430664,67.41999816894531,66.19999694824219,67.11000061035156,6718300
2021-04-08,58.17470932006836,66.66000366210938,66.8499984741211,65.0999984741211,66.22000122070312,8691100
2021-04-09,58.83796310424805,67.41999816894531,67.48999786376953,66.76000213623047,67.2699966430664,5241600
2021-04-12,59.33539581298828,67.98999786376953,68.3499984741211,67.5999984741211,67.69000244140625,5659100
2021-04-13,58.11361312866211,66.58999633789062,67.69000244140625,66.22000122070312,67.6500015258789,7313200
2021-04-14,58.724510192871094,67.29000091552734,68.12000274658203,66.51000213623047,66.56999969482422,6863300
2021-04-15,58.4190559387207,66.94000244140625,67.73999786376953,65.62999725341797,67.61000061035156,9614900
2021-04-16,59.0561408996582,67.66999816894531,68.04000091552734,67.08000183105469,67.55000305175781,8433500
2021-04-19,58.724510192871094,67.29000091552734,68.43000030517578,66.81999969482422,67.58999633789062,6733200
2021-04-20,56.37692642211914,64.5999984741211,66.88999938964844,64.29000091552734,66.75,9841800
2021-04-21,57.8692512512207,66.30999755859375,66.47000122070312,64.0,64.30999755859375,6498300
2021-04-22,56.92673110961914,65.2300033569336,66.54000091552734,65.16999816894531,66.47000122070312,9227500
2021-04-23,59.21323013305664,67.8499984741211,68.23999786376953,65.2300033569336,65.41999816894531,20982000
2021-04-26,59.457584381103516,68.12999725341797,69.1500015258789,67.98999786376953,68.26000213623047,7691000
2021-04-27,59.8764762878418,68.61000061035156,68.61000061035156,67.80999755859375,68.25,7563900
2021-04-28,59.79793930053711,68.5199966430664,69.06999969482422,68.27999877929688,68.86000061035156,6588600
2021-04-29,60.504817962646484,69.33000183105469,70.05999755859375,68.86000061035156,69.31999969482422,7983000
2021-04-30,59.684486389160156,68.38999938964844,69.80000305175781,68.3499984741211,68.79000091552734,7930500
2021-05-03,60.0859375,68.8499984741211,69.52999877929688,68.12999725341797,69.20999908447266,9083300
2021-05-04,61.05463790893555,69.95999908447266,69.95999908447266,67.76000213623047,68.38999938964844,10451500
2021-05-05,61.237892150878906,70.16999816894531,70.62000274658203,69.11000061035156,70.0999984741211,7011300
2021-05-06,61.64806365966797,70.63999938964844,70.66999816894531,69.3499984741211,70.33000183105469,6989600
2021-05-07,61.78772735595703,70.80000305175781,70.86000061035156,68.94999694824219,69.63999938964844,7992600
2021-05-10,61.1157112121582,70.02999877929688,71.81999969482422,69.9800033569336,71.13999938964844,6576500
2021-05-11,60.59210205078125,69.43000030517578,70.6500015258789,68.95999908447266,68.9800033569336,8243500
2021-05-12,59.08232498168945,67.69999694824219,70.66000366210938,67.48999786376953,70.25,8389700
2021-05-13,61.0633544921875,69.97000122070312,70.3499984741211,67.5,67.70999908447266,8198200
2021-05-14,62.136783599853516,71.19999694824219,71.30999755859375,69.94999694824219,70.5,5622800
2021-05-17,62.18042755126953,71.25,71.37000274658203,70.25,71.05000305175781,5338800
2021-05-18,61.14191436767578,70.05999755859375,71.68000030517578,70.04000091552734,71.25,6718900
2021-05-19,60.91499710083008,69.80000305175781,69.80000305175781,68.0,69.18000030517578,9574900
2021-05-20,60.73173141479492,69.58999633789062,69.91999816894531,68.5999984741211,69.66000366210938,7172700
2021-05-21,61.55207824707031,70.52999877929688,71.06999969482422,69.87999725341797,70.0999984741211,11742400
2021-05-24,61.150638580322266,70.06999969482422,70.79000091552734,69.75,70.79000091552734,5754300
2021-05-25,59.75428771972656,68.47000122070312,71.0199966430664,68.4000015258789,70.23999786376953,7481300
2021-05-26,60.6706428527832,69.5199966430664,69.62999725341797,68.37000274658203,68.79000091552734,5880900
2021-05-27,61.7178955078125,70.72000122070312,70.88999938964844,70.12000274658203,70.37999725341797,7035500
2021-05-28,61.69171905517578,70.69000244140625,70.83999633789062,69.66000366210938,70.83999633789062,6199000
2021-06-01,62.250247955322266,71.33000183105469,71.61000061035156,70.94000244140625,71.20999908447266,7272600
2021-06-02,61.6131706237793,70.5999984741211,71.66000366210938,70.5999984741211,71.62000274658203,5147700
2021-06-03,61.82261276245117,70.83999633789062,71.3499984741211,70.30000305175781,70.68000030517578,6945700
2021-06-04,61.7178955078125,70.72000122070312,70.83999633789062,69.87000274658203,70.81999969482422,4746700
2021-06-07,61.936073303222656,70.97000122070312,71.23999786376953,70.56999969482422,70.94000244140625,4012200
2021-06-08,61.90116882324219,70.93000030517578,71.05999755859375,69.69999694824219,70.58000183105469,6810100
2021-06-09,60.87135696411133,69.75,70.29000091552734,69.56999969482422,70.19999694824219,9181000
2021-06-10,59.693214416503906,68.4000015258789,70.72000122070312,68.29000091552734,70.62000274658203,10241300
2021-06-11,59.86775588989258,68.5999984741211,69.19999694824219,68.20999908447266,68.62000274658203,11101100
2021-06-14,58.829227447509766,67.41000366210938,68.91999816894531,66.91999816894531,68.58999633789062,11676300
2021-06-15,59.6583137512207,68.36000061035156,68.94000244140625,67.1500015258789,67.5,7102200
2021-06-16,60.53974533081055,69.37000274658203,69.69999694824219,67.20999908447266,68.06999969482422,14585300
2021-06-17,57.493988037109375,65.87999725341797,69.81999969482422,65.76000213623047,69.72000122070312,23633100
2021-06-18,55.55657958984375,63.65999984741211,65.4800033569336,63.630001068115234,65.0,20340400
2021-06-21,57.814430236816406,65.91000366210938,66.01000213623047,64.0199966430664,64.0199966430664,12430600
2021-06-22,57.77055740356445,65.86000061035156,66.13999938964844,64.7300033569336,65.80000305175781,6268600
2021-06-23,57.761783599853516,65.8499984741211,66.44999694824219,65.79000091552734,65.98999786376953,6106100
2021-06-24,58.66526794433594,66.87999725341797,67.0199966430664,65.63999938964844,66.23999786376953,7374200
2021-06-25,59.33192825317383,67.63999938964844,67.98999786376953,66.68000030517578,67.13999938964844,8499100
2021-06-28,57.70915603637695,65.79000091552734,67.3499984741211,65.44000244140625,67.26000213623047,9010700
2021-06-29,57.38460922241211,65.41999816894531,66.9000015258789,65.08000183105469,66.36000061035156,8605400
2021-06-30,57.481101989746094,65.52999877929688,65.91000366210938,65.06999969482422,65.06999969482422,10001200
2021-07-01,58.02494430541992,66.1500015258789,66.36000061035156,65.5999984741211,65.80999755859375,8633000
2021-07-02,57.30565643310547,65.33000183105469,66.16999816894531,65.1500015258789,65.97000122070312,5639600
2021-07-06,55.726749420166016,63.529998779296875,65.20999908447266,63.099998474121094,65.16999816894531,12626800
2021-07-07,55.41096496582031,63.16999816894531,63.95000076293945,62.720001220703125,62.95000076293945,12230300
2021-07-08,54.39344787597656,62.0099983215332,62.86000061035156,61.2400016784668,61.790000915527344,15223600
2021-07-09,56.831993103027344,64.79000091552734,64.80000305175781,63.150001525878906,63.369998931884766,15955800
2021-07-12,56.94601821899414,64.91999816894531,65.05999755859375,63.470001220703125,64.06999969482422,5320900
2021-07-13,55.70920181274414,63.5099983215332,64.8499984741211,63.279998779296875,64.76000213623047,10352100
2021-07-14,55.42851257324219,63.189998626708984,64.58999633789062,62.58000183105469,63.529998779296875,11586800
2021-07-15,56.09515380859375,63.95000076293945,64.19999694824219,62.279998779296875,62.650001525878906,16131100
2021-07-16,54.39344787597656,62.0099983215332,64.5,61.880001068115234,64.5,9197000
2021-07-19,52.516292572021484,59.869998931884766,60.900001525878906,59.29999923706055,60.36000061035156,23167300
2021-07-20,53.946083068847656,61.5,62.869998931884766,59.720001220703125,59.779998779296875,21474400
2021-07-21,55.12150192260742,62.84000015258789,63.31999969482422,62.13999938964844,62.13999938964844,10667200
2021-07-22,53.893455505371094,61.439998626708984,62.72999954223633,61.119998931884766,62.65999984741211,8838300
2021-07-23,54.34959411621094,61.959999084472656,62.58000183105469,61.31999969482422,62.119998931884766,5427100
2021-07-26,54.79695510864258,62.470001220703125,63.099998474121094,61.9900016784668,62.15999984741211,5460300
2021-07-27,54.55133819580078,62.189998626708984,62.630001068115234,61.34000015258789,61.869998931884766,6753300
2021-07-28,55.244300842285156,62.97999954223633,63.560001373291016,61.650001525878906,62.56999969482422,8387500
2021-07-29,55.59516525268555,63.380001068115234,63.97999954223633,62.84000015258789,63.56999969482422,6521500
2021-07-30,54.88467025756836,62.56999969482422,63.959999084472656,62.310001373291016,62.9900016784668,9135600
2021-08-02,54.35836410522461,61.970001220703125,64.31999969482422,61.86000061035156,62.779998779296875,12964200
2021-08-03,55.35833740234375,63.11000061035156,63.209999084472656,61.060001373291016,62.31999969482422,11340200
2021-08-04,54.80570983886719,62.47999954223633,63.279998779296875,61.93000030517578,62.31999969482422,8159400
2021-08-05,55.946044921875,63.779998779296875,63.779998779296875,62.84000015258789,62.939998626708984,8797400
2021-08-06,57.612674713134766,65.68000030517578,66.18000030517578,64.6500015258789,64.66000366210938,13386200
2021-08-09,57.22671127319336,65.23999786376953,66.12999725341797,64.7699966430664,65.4000015258789,10898800
2021-08-10,57.87581253051758,65.9800033569336,66.16999816894531,64.77999877929688,65.05999755859375,9070500
2021-08-11,58.85824966430664,67.0999984741211,67.11000061035156,65.41999816894531,66.16999816894531,11463800
2021-08-12,58.48983383178711,66.68000030517578,67.22000122070312,66.2699966430664,67.20999908447266,6706100
2021-08-13,57.80564498901367,65.9000015258789,66.8499984741211,65.7699966430664,66.80000305175781,7035700
2021-08-16,57.60388946533203,65.66999816894531,65.87000274658203,64.69999694824219,65.41000366210938,6891900
2021-08-17,56.63022994995117,64.55999755859375,65.51000213623047,63.779998779296875,64.9800033569336,8234200
2021-08-18,56.112701416015625,63.970001220703125,65.25,63.90999984741211,64.33999633789062,7834800
2021-08-19,55.34955596923828,63.099998474121094,63.869998931884766,62.59000015258789,63.27000045776367,11102000
2021-08-20,56.47233581542969,64.37999725341797,64.38999938964844,62.84000015258789,63.08000183105469,7755400
2021-08-23,57.0600471496582,65.05000305175781,65.27999877929688,64.58000183105469,64.79000091552734,5288700
2021-08-24,57.37583923339844,65.41000366210938,65.66999816894531,64.93000030517578,65.01000213623047,4531600
2021-08-25,57.94599151611328,66.05999755859375,66.80999755859375,65.41000366210938,65.73999786376953,8371700
2021-08-26,56.9986572265625,64.9800033569336,66.41000366210938,64.9800033569336,66.2300033569336,5971000
2021-08-27,58.674041748046875,66.88999938964844,66.9800033569336,65.1500015258789,65.1500015258789,7432500
2021-08-30,57.2968864440918,65.31999969482422,67.01000213623047,65.2699966430664,67.01000213623047,7894900
2021-08-31,57.796871185302734,65.88999938964844,66.23999786376953,65.08999633789062,65.43000030517578,7588000
2021-09-01,57.41968536376953,65.45999908447266,66.08000183105469,64.87000274658203,66.0,8006200
2021-09-02,57.349517822265625,65.37999725341797,66.02999877929688,65.12000274658203,65.5199966430664,7267700
2021-09-03,57.1740837097168,65.18000030517578,65.91999816894531,64.91000366210938,65.56999969482422,7666900
2021-09-07,56.94601821899414,64.91999816894531,66.23999786376953,64.86000061035156,65.43000030517578,5483500
2021-09-08,56.21795654296875,64.08999633789062,64.81999969482422,63.86000061035156,64.56999969482422,7973400
2021-09-09,56.454795837402344,64.36000061035156,65.05999755859375,63.84000015258789,63.900001525878906,8533900
2021-09-10,55.779388427734375,63.59000015258789,64.87000274658203,63.540000915527344,64.72000122070312,7002900
2021-09-13,56.4460334777832,64.3499984741211,64.68000030517578,63.650001525878906,64.16999816894531,14461900
2021-09-14,55.15658950805664,62.880001068115234,64.70999908447266,62.65999984741211,64.58000183105469,12290700
2021-09-15,56.06007385253906,63.90999984741211,64.13999938964844,63.029998779296875,63.029998779296875,6834200
2021-09-16,55.928497314453125,63.7599983215332,64.68000030517578,63.34000015258789,64.4000015258789,5223500
2021-09-17,55.99867248535156,63.84000015258789,64.41000366210938,63.41999816894531,63.79999923706055,9909600
2021-09-20,54.605316162109375,61.91999816894531,62.06999969482422,60.880001068115234,61.939998626708984,11321800
2021-09-21,54.49067687988281,61.790000915527344,62.540000915527344,61.380001068115234,62.20000076293945,5332300
2021-09-22,55.41664123535156,62.84000015258789,63.470001220703125,62.380001068115234,62.5,7826400
2021-09-23,57.52429962158203,65.2300033569336,65.58999633789062,63.310001373291016,63.59000015258789,9622400
2021-09-24,58.123985290527344,65.91000366210938,66.23999786376953,64.88999938964844,64.97000122070312,11756300
2021-09-27,60.30218505859375,68.37999725341797,68.87999725341797,66.48999786376953,66.61000061035156,11806800
2021-09-28,59.8524284362793,67.87000274658203,69.06999969482422,67.66000366210938,68.7699966430664,11481300
2021-09-29,60.50501251220703,68.61000061035156,68.88999938964844,67.55999755859375,67.94000244140625,8058900
2021-09-30,59.74661636352539,67.75,69.1500015258789,67.66000366210938,68.93000030517578,9943000
2021-10-01,61.17523956298828,69.37000274658203,69.87999725341797,67.7699966430664,67.95999908447266,11199800
2021-10-04,61.39569091796875,69.62000274658203,70.33999633789062,68.98999786376953,69.45999908447266,10036500
2021-10-05,61.72200012207031,69.98999786376953,70.61000061035156,69.54000091552734,70.08000183105469,9313700
2021-10-06,61.52800750732422,69.7699966430664,69.79000091552734,68.08000183105469,69.41000366210938,10240100
2021-10-07,62.08357238769531,70.4000015258789,70.94999694824219,69.98999786376953,70.33000183105469,9573300
2021-10-08,62.356937408447266,70.70999908447266,71.12000274658203,70.06999969482422,70.33000183105469,8612400
2021-10-11,61.633811950683594,69.88999938964844,71.45999908447266,69.87999725341797,71.12000274658203,6498800
2021-10-12,61.59852600097656,69.8499984741211,70.12999725341797,69.31999969482422,69.7300033569336,7106900
2021-10-13,61.254600524902344,69.45999908447266,69.8499984741211,68.12999725341797,69.8499984741211,9671800
2021-10-14,62.1717529296875,70.5,70.5,69.55000305175781,70.36000061035156,6772200
2021-10-15,62.10121154785156,70.41999816894531,71.47000122070312,70.41999816894531,71.33999633789062,8904900
2021-10-18,62.251121520996094,70.58999633789062,71.30999755859375,70.25,70.30000305175781,6782100
2021-10-19,62.30402374267578,70.6500015258789,70.86000061035156,69.94000244140625,70.75,6154600
2021-10-20,63.935489654541016,72.5,72.5199966430664,70.23999786376953,70.54000091552734,9801200
2021-10-21,63.51219940185547,72.0199966430664,72.66999816894531,71.54000091552734,72.47000122070312,6680200
2021-10-22,64.18241119384766,72.77999877929688,73.04000091552734,72.05000305175781,72.1500015258789,8000800
2021-10-25,64.4293212890625,73.05999755859375,73.55000305175781,72.69999694824219,73.26000213623047,5100600
2021-10-26,63.87375259399414,72.43000030517578,73.2300033569336,72.25,73.22000122070312,5877600
2021-10-27,61.65144348144531,69.91000366210938,72.0,69.87999725341797,71.91000366210938,12003100
2021-10-28,62.74497985839844,71.1500015258789,71.16999816894531,70.3499984741211,70.37000274658203,8215200
2021-10-29,62.5333251953125,70.91000366210938,71.63999938964844,70.7300033569336,71.37000274658203,7327200
2021-11-01,64.59688568115234,73.25,73.38999938964844,71.58000183105469,71.61000061035156,9471400
2021-11-02,64.3852310180664,73.01000213623047,73.75,72.80999755859375,73.27999877929688,5601300
2021-11-03,66.15778350830078,75.0199966430664,75.26000213623047,72.6500015258789,72.69999694824219,9725300
2021-11-04,65.09072875976562,73.80999755859375,74.91999816894531,73.06999969482422,74.86000061035156,8576900
2021-11-05,65.7785873413086,74.58999633789062,75.27999877929688,74.0,74.29000091552734,8716400
2021-11-08,65.85797119140625,74.68000030517578,75.58000183105469,74.19000244140625,74.97000122070312,6619800
2021-11-09,65.6286849975586,74.41999816894531,74.62000274658203,73.69000244140625,74.23999786376953,9766800
2021-11-10,65.45230865478516,74.22000122070312,74.9800033569336,74.18000030517578,74.48999786376953,11220900
2021-11-11,66.02552795410156,74.87000274658203,75.2699966430664,74.29000091552734,74.63999938964844,5348700
2021-11-12,65.7785873413086,74.58999633789062,75.0999984741211,73.88999938964844,74.88999938964844,8592600
2021-11-15,66.02552795410156,74.87000274658203,75.19999694824219,74.5999984741211,74.87999725341797,4502900
2021-11-16,65.99906158447266,74.83999633789062,75.31999969482422,74.25,74.7300033569336,4306700
2021-11-17,65.4346694946289,74.19999694824219,74.69000244140625,73.51000213623047,74.55999755859375,8143100
2021-11-18,65.29356384277344,74.04000091552734,74.58000183105469,73.45999908447266,74.30000305175781,6884800
2021-11-19,64.79973602294922,73.4800033569336,73.79000091552734,72.2699966430664,73.0,10562000
2021-11-22,65.49640655517578,74.2699966430664,75.58999633789062,74.2300033569336,74.26000213623047,9481300
2021-11-23,66.53700256347656,75.44999694824219,75.55000305175781,74.4800033569336,74.83999633789062,7570100
2021-11-24,66.36945343017578,75.26000213623047,75.76000213623047,74.86000061035156,75.12000274658203,7313200
2021-11-26,63.04478454589844,71.48999786376953,72.9000015258789,70.30000305175781,72.76000213623047,17183200
2021-11-29,63.17707824707031,71.63999938964844,72.94999694824219,71.08999633789062,72.61000061035156,11369800
2021-11-30,61.56326675415039,69.80999755859375,71.12000274658203,69.41999816894531,70.52999877929688,17512100
2021-12-01,60.75194549560547,68.88999938964844,72.4000015258789,68.87000274658203,71.2699966430664,12926200
2021-12-02,62.81553649902344,71.2300033569336,71.69000244140625,69.11000061035156,69.5999984741211,11864100
2021-12-03,61.104679107666016,69.29000091552734,71.52999877929688,68.69999694824219,71.47000122070312,14051900
2021-12-06,62.67441940307617,71.06999969482422,71.94000244140625,70.0199966430664,70.37999725341797,12866800
2021-12-07,62.8596076965332,71.27999877929688,72.18000030517578,70.83000183105469,71.62000274658203,10186500
2021-12-08,62.73615264892578,71.13999938964844,71.83000183105469,70.83000183105469,71.56999969482422,6949200
2021-12-09,62.03947067260742,70.3499984741211,71.11000061035156,70.30999755859375,70.66000366210938,5737100
2021-12-10,62.18057632446289,70.51000213623047,71.05000305175781,69.4800033569336,70.77999877929688,7177800
2021-12-13,60.62847900390625,68.75,70.30999755859375,68.62999725341797,70.30999755859375,7270700
2021-12-14,61.18405532836914,69.37999725341797,70.4000015258789,68.80000305175781,68.80999755859375,8418300
2021-12-15,61.66025161743164,69.91999816894531,70.56999969482422,68.87000274658203,69.87999725341797,11287700
2021-12-16,61.7749137878418,70.05000305175781,71.69999694824219,69.83000183105469,70.87000274658203,11374600
2021-12-17,60.27573013305664,68.3499984741211,69.91000366210938,67.66999816894531,69.58999633789062,11697400
2021-12-20,59.2601203918457,66.80999755859375,67.25,65.45999908447266,67.2300033569336,15699800
2021-12-21,61.07846450805664,68.86000061035156,69.0,67.51000213623047,67.68000030517578,9048900
2021-12-22,61.54856491088867,69.38999938964844,69.44999694824219,68.33000183105469,68.70999908447266,6390500
2021-12-23,62.08963394165039,70.0,70.55999755859375,69.72000122070312,69.88999938964844,5719300
2021-12-27,62.99437713623047,71.0199966430664,71.04000091552734,69.58999633789062,70.22000122070312,4703300
2021-12-28,63.038734436035156,71.06999969482422,71.55999755859375,70.62000274658203,70.75,4994100
2021-12-29,63.154029846191406,71.19999694824219,71.43000030517578,70.7300033569336,71.11000061035156,4811300
2021-12-30,62.86132049560547,70.87000274658203,72.02999877929688,70.80999755859375,71.27999877929688,5354300
2021-12-31,62.843597412109375,70.8499984741211,71.20999908447266,70.48999786376953,70.66000366210938,5061800
2022-01-03,64.0144271850586,72.16999816894531,72.95999908447266,71.52999877929688,71.58999633789062,10317300
2022-01-04,65.82388305664062,74.20999908447266,74.91999816894531,72.95999908447266,73.02999877929688,14100300
2022-01-05,65.39813232421875,73.7300033569336,75.25,73.66999816894531,74.43000030517578,11361900
2022-01-06,67.8728256225586,76.5199966430664,76.75,74.44999694824219,74.75,15322800
2022-01-07,68.5380859375,77.2699966430664,77.43000030517578,76.11000061035156,76.6500015258789,13338900
2022-01-10,68.43164825439453,77.1500015258789,77.94999694824219,76.12999725341797,77.66000366210938,13939900
2022-01-11,68.67113494873047,77.41999816894531,77.5,76.08000183105469,77.43000030517578,9563100
2022-01-12,68.8573989868164,77.62999725341797,78.19999694824219,76.97000122070312,77.62999725341797,12222800
2022-01-13,69.26541900634766,78.08999633789062,78.72000122070312,77.76000213623047,77.87999725341797,10050600
2022-01-14,69.87744903564453,78.77999877929688,78.80999755859375,76.62000274658203,77.20999908447266,14618500
2022-01-18,68.39616394042969,77.11000061035156,78.80000305175781,76.91000366210938,78.54000091552734,13382100
2022-01-19,66.5334701538086,75.01000213623047,77.5999984741211,74.95999908447266,77.4800033569336,15228200
2022-01-20,64.7861099243164,73.04000091552734,75.97000122070312,72.81999969482422,75.0199966430664,16739800
2022-01-21,63.51770782470703,71.61000061035156,73.52999877929688,71.44000244140625,72.80000305175781,19431000
2022-01-24,64.40470123291016,72.61000061035156,72.87999725341797,69.62999725341797,70.41000366210938,17987500
2022-01-25,64.35147857666016,72.55000305175781,73.44999694824219,70.45999908447266,71.91999816894531,17121700
2022-01-26,63.996673583984375,72.1500015258789,73.9800033569336,70.95999908447266,73.27999877929688,16066800
2022-01-27,62.6484489440918,70.62999725341797,73.86000061035156,70.01000213623047,72.66999816894531,17193400
2022-01-28,62.98550033569336,71.01000213623047,71.01000213623047,69.16000366210938,70.62999725341797,16218000
2022-01-31,63.50883102416992,71.5999984741211,71.62000274658203,69.52999877929688,70.4800033569336,12488100
2022-02-01,64.46678924560547,72.68000030517578,72.83999633789062,70.83000183105469,71.70999908447266,10643600
2022-02-02,64.29826354980469,72.48999786376953,72.80000305175781,71.6500015258789,72.7300033569336,8846400
2022-02-03,63.92571258544922,72.06999969482422,73.44999694824219,71.9000015258789,72.55999755859375,12916900
2022-02-04,65.14977264404297,73.44999694824219,73.97000122070312,72.16999816894531,72.5199966430664,12373300
2022-02-07,65.46022033691406,73.80000305175781,74.22000122070312,73.08000183105469,73.58000183105469,7488300
2022-02-08,67.08341979980469,75.62999725341797,75.86000061035156,74.41999816894531,74.48999786376953,11549700
2022-02-09,66.51573944091797,74.98999786376953,76.06999969482422,74.73999786376953,76.02999877929688,8561600
2022-02-10,66.35607147216797,74.80999755859375,76.23999786376953,74.37999725341797,74.86000061035156,12356200
2022-02-11,65.80615997314453,74.19000244140625,75.98999786376953,73.72000122070312,74.33999633789062,14612500
2022-02-14,65.29170227050781,73.61000061035156,75.18000030517578,72.97000122070312,74.47000122070312,8977100
2022-02-15,67.03907775878906,75.58000183105469,75.68000030517578,74.33000183105469,74.5199966430664,8693800
2022-02-16,67.16324615478516,75.72000122070312,76.12000274658203,74.8499984741211,75.05999755859375,6592500
2022-02-17,65.11430358886719,73.41000366210938,75.05999755859375,73.2699966430664,74.94000244140625,8292900
2022-02-18,65.22960662841797,73.54000091552734,74.33999633789062,73.12999725341797,73.12999725341797,9580700
2022-02-22,64.90140533447266,73.16999816894531,74.01000213623047,72.62000274658203,73.2699966430664,9717100
2022-02-23,63.75718688964844,71.87999725341797,74.26000213623047,71.5999984741211,73.55999755859375,10192600
2022-02-24,62.61297607421875,70.58999633789062,70.8499984741211,68.11000061035156,69.22000122070312,18484900
2022-02-25,65.49567413330078,73.83999633789062,74.0199966430664,71.08000183105469,71.30999755859375,10585700
2022-02-28,65.885986328125,74.27999877929688,74.3499984741211,72.44999694824219,72.54000091552734,12507900
2022-03-01,62.28477478027344,70.22000122070312,73.8499984741211,69.5,73.5199966430664,17297900
2022-03-02,65.06107330322266,73.3499984741211,73.87999725341797,70.94000244140625,70.97000122070312,11785500
2022-03-03,64.65303802490234,72.88999938964844,73.80999755859375,72.19000244140625,73.55999755859375,12758900
2022-03-04,62.11623764038086,70.02999877929688,71.41999816894531,69.11000061035156,71.2699966430664,13872300
2022-03-07,59.43752670288086,67.01000213623047,70.05999755859375,66.9800033569336,69.58000183105469,17471500
2022-03-08,59.9165153503418,67.55000305175781,69.5,66.8499984741211,67.72000122070312,20736100
2022-03-09,62.045284271240234,69.94999694824219,70.62999725341797,69.48999786376953,69.6500015258789,17100900
2022-03-10,62.08963394165039,70.0,70.36000061035156,68.68000030517578,69.01000213623047,11085100
2022-03-11,62.10738754272461,70.0199966430664,71.58999633789062,69.91999816894531,70.66999816894531,19716200
2022-03-14,62.435569763183594,70.38999938964844,71.98999786376953,70.0199966430664,71.11000061035156,14356000
2022-03-15,62.621826171875,70.5999984741211,71.48999786376953,69.55000305175781,70.91999816894531,16684000
2022-03-16,64.5909652709961,72.81999969482422,73.0999984741211,71.25,71.30999755859375,16154300
2022-03-17,63.890228271484375,72.02999877929688,72.22000122070312,70.87999725341797,71.8499984741211,10816500
2022-03-18,63.766048431396484,71.88999938964844,72.20999908447266,70.20999908447266,71.83999633789062,13151300
2022-03-21,63.42203903198242,71.16000366210938,72.66999816894531,70.45999908447266,71.9800033569336,11425000
2022-03-22,64.48263549804688,72.3499984741211,73.01000213623047,71.9000015258789,72.04000091552734,11498000
2022-03-23,62.19209289550781,69.77999877929688,71.9000015258789,69.70999908447266,71.69000244140625,13095600
2022-03-24,62.798152923583984,70.45999908447266,70.80999755859375,69.54000091552734,70.44999694824219,6546500
2022-03-25,63.98352813720703,71.79000091552734,71.88999938964844,70.43000030517578,70.58999633789062,8719900
2022-03-28,63.35073471069336,71.08000183105469,71.5,70.0999984741211,71.47000122070312,9834800
2022-03-29,64.5450210571289,72.41999816894531,72.7699966430664,71.45999908447266,72.11000061035156,13454700
2022-03-30,62.55751419067383,70.19000244140625,72.44000244140625,69.55000305175781,72.37999725341797,15156900
2022-03-31,61.40778350830078,68.9000015258789,70.75,68.86000061035156,70.12000274658203,10592400
2022-04-01,60.81956100463867,68.23999786376953,69.97000122070312,67.91999816894531,69.79000091552734,15667300
2022-04-04,60.498687744140625,67.87999725341797,68.31999969482422,66.87000274658203,68.0999984741211,14988600
2022-04-05,59.65201187133789,66.93000030517578,68.22000122070312,66.80000305175781,67.83999633789062,11646700
2022-04-06,58.76074981689453,65.93000030517578,66.81999969482422,65.83999633789062,66.70999908447266,13820900
2022-04-07,58.012081146240234,65.08999633789062,66.2699966430664,64.48999786376953,66.0199966430664,12412400
2022-04-08,57.92295837402344,64.98999786376953,65.86000061035156,64.68000030517578,65.44999694824219,9261200
2022-04-11,58.12794494628906,65.22000122070312,66.41999816894531,64.86000061035156,64.87000274658203,9386400
2022-04-12,57.593196868896484,64.62000274658203,66.13999938964844,64.26000213623047,65.22000122070312,12526200
2022-04-13,58.404239654541016,65.52999877929688,65.62999725341797,63.79999923706055,64.2300033569336,10037000
2022-04-14,57.65558624267578,64.69000244140625,65.98999786376953,64.47000122070312,65.58999633789062,11689100
2022-04-18,57.851661682128906,64.91000366210938,65.19000244140625,64.37000274658203,64.41999816894531,9366200
2022-04-19,59.93720245361328,67.25,67.37999725341797,65.4000015258789,65.43000030517578,16597600
2022-04-20,60.3115348815918,67.66999816894531,68.38999938964844,67.51000213623047,67.63999938964844,10685400
2022-04-21,59.072689056396484,66.27999877929688,68.62000274658203,65.94000244140625,68.18000030517578,13396600
2022-04-22,57.83382797241211,64.88999938964844,66.33999633789062,64.8499984741211,66.19999694824219,12438800
2022-04-25,57.896217346191406,64.95999908447266,65.08999633789062,63.099998474121094,64.2699966430664,12319900
2022-04-26,56.11369705200195,62.959999084472656,64.62000274658203,62.88999938964844,63.97999954223633,11458100
2022-04-27,56.07804870605469,62.91999816894531,63.59000015258789,62.54999923706055,62.97999954223633,12308800
2022-04-28,56.90692138671875,63.849998474121094,64.05000305175781,62.61000061035156,63.630001068115234,9886200
2022-04-29,55.11549758911133,61.84000015258789,64.02999877929688,61.65999984741211,63.560001373291016,13416900
2022-05-02,55.89088821411133,62.709999084472656,62.939998626708984,61.22999954223633,62.279998779296875,17515700
2022-05-03,56.66628646850586,63.58000183105469,63.93000030517578,62.40999984741211,62.869998931884766,10903200
2022-05-04,58.21707534790039,65.31999969482422,65.4800033569336,63.099998474121094,63.54999923706055,17350300
2022-05-05,56.532596588134766,63.43000030517578,64.66000366210938,62.470001220703125,64.66000366210938,15602700
2022-05-06,55.81958770751953,62.630001068115234,63.459999084472656,61.869998931884766,63.20000076293945,14848200
2022-05-09,55.0531005859375,61.77000045776367,62.4900016784668,61.34000015258789,61.84000015258789,13551800
2022-05-10,54.40248489379883,61.040000915527344,62.56999969482422,59.84000015258789,62.130001068115234,15095800
2022-05-11,53.49340057373047,60.02000045776367,62.27000045776367,59.91999816894531,61.130001068115234,15920300
2022-05-12,53.49340057373047,60.02000045776367,60.2599983215332,58.75,59.70000076293945,12990100
2022-05-13,53.98358917236328,60.56999969482422,61.209999084472656,60.060001373291016,60.63999938964844,10561400
2022-05-16,53.36861801147461,59.880001068115234,60.7400016784668,59.33000183105469,60.29999923706055,7830600
2022-05-17,55.32048416137695,62.06999969482422,62.16999816894531,60.86000061035156,61.060001373291016,9856400
2022-05-18,53.96577072143555,60.54999923706055,61.65999984741211,60.189998626708984,61.349998474121094,11007700
2022-05-19,53.31513977050781,59.81999969482422,60.630001068115234,59.599998474121094,59.81999969482422,14848200
2022-05-20,53.4577522277832,59.97999954223633,60.79999923706055,58.709999084472656,60.31999969482422,10640500
2022-05-23,54.76789855957031,61.45000076293945,62.150001525878906,60.56999969482422,61.08000183105469,10855200
2022-05-24,54.3579216003418,60.9900016784668,61.349998474121094,59.68000030517578,61.189998626708984,8462600
2022-05-25,55.21352767944336,61.95000076293945,62.41999816894531,60.779998779296875,60.81999969482422,8676600
2022-05-26,56.4256477355957,63.310001373291016,63.599998474121094,62.119998931884766,62.25,7833200
2022-05-27,57.3079948425293,64.30000305175781,64.30999755859375,63.31999969482422,63.43000030517578,5766800
2022-05-31,57.281253814697266,64.2699966430664,64.61000061035156,63.18000030517578,63.75,8294000
2022-06-01,56.541500091552734,63.439998626708984,64.47000122070312,62.5,64.41999816894531,6920900
2022-06-02,57.70014190673828,64.73999786376953,64.75,63.02000045776367,63.43000030517578,5559700
2022-06-03,56.99604034423828,63.95000076293945,64.43000030517578,63.70000076293945,64.2699966430664,5938300
2022-06-06,57.263423919677734,64.25,65.08000183105469,64.0999984741211,64.44000244140625,5620800
2022-06-07,57.73579788208008,64.77999877929688,64.79000091552734,63.40999984741211,63.650001525878906,5050100
2022-06-08,56.75542068481445,63.68000030517578,64.2699966430664,63.27000045776367,64.16999816894531,4978300
2022-06-09,54.92832946777344,61.630001068115234,63.7599983215332,61.619998931884766,63.43000030517578,11321400
2022-06-10,53.25275421142578,59.75,60.880001068115234,59.380001068115234,60.40999984741211,11718300
2022-06-13,51.75544357299805,58.06999969482422,59.11000061035156,57.70000076293945,58.15999984741211,11978100
2022-06-14,52.13868713378906,58.5,59.04999923706055,57.900001525878906,58.290000915527344,9055100
2022-06-15,52.557579040527344,58.970001220703125,59.880001068115234,58.209999084472656,59.060001373291016,9433600
2022-06-16,50.66810607910156,56.849998474121094,57.9900016784668,56.58000183105469,57.7400016784668,9855800
2022-06-17,51.443504333496094,57.720001220703125,58.36000061035156,57.18000030517578,57.310001373291016,9899400
2022-06-21,52.27302169799805,58.290000915527344,58.88999938964844,57.880001068115234,58.40999984741211,7298000
2022-06-22,52.31785583496094,58.34000015258789,58.5099983215332,57.459999084472656,57.58000183105469,6878800
2022-06-23,51.60043716430664,57.540000915527344,58.310001373291016,56.70000076293945,58.2599983215332,9191000
2022-06-24,53.402950286865234,59.54999923706055,59.630001068115234,57.86000061035156,57.86000061035156,7839400
2022-06-27,53.32224655151367,59.459999084472656,60.13999938964844,59.09000015258789,59.939998626708984,6861900
2022-06-28,53.00837707519531,59.11000061035156,60.58000183105469,59.04999923706055,59.91999816894531,4484700
2022-06-29,52.55997848510742,58.61000061035156,59.349998474121094,58.31999969482422,59.18000030517578,4596500
2022-06-30,52.09366989135742,58.09000015258789,58.81999969482422,56.869998931884766,57.599998474121094,7836200
2022-07-01,52.963539123535156,59.060001373291016,59.209999084472656,57.45000076293945,57.86000061035156,5636200
2022-07-05,53.142879486083984,59.2599983215332,59.290000915527344,57.16999816894531,58.0,6545700
2022-07-06,52.74830627441406,58.81999969482422,59.25,58.189998626708984,59.029998779296875,5728000
2022-07-07,53.31327438354492,59.45000076293945,59.81999969482422,59.18000030517578,59.27000045776367,5294000
2022-07-08,53.151859283447266,59.27000045776367,59.7400016784668,58.79999923706055,59.58000183105469,4534200
2022-07-11,52.62275695800781,58.68000030517578,59.060001373291016,58.38999938964844,58.72999954223633,4411300
2022-07-12,52.60482406616211,58.65999984741211,59.560001373291016,58.130001068115234,58.189998626708984,6132600
2022-07-13,51.71701431274414,57.66999816894531,58.36000061035156,57.220001220703125,58.15999984741211,8881200
2022-07-14,50.96372604370117,56.83000183105469,56.959999084472656,56.09000015258789,56.720001220703125,7721600
2022-07-15,52.667598724365234,58.72999954223633,59.029998779296875,57.34000015258789,57.810001373291016,8376100
2022-07-18,52.98147201538086,59.08000183105469,60.16999816894531,58.849998474121094,59.40999984741211,7469400
2022-07-19,54.6225700378418,60.90999984741211,61.15999984741211,59.630001068115234,59.75,7294500
2022-07-20,55.3758544921875,61.75,61.869998931884766,60.47999954223633,60.619998931884766,5276300
2022-07-21,55.465538024902344,61.849998474121094,61.86000061035156,60.86000061035156,61.47999954223633,7793600
2022-07-22,54.8916015625,61.209999084472656,62.36000061035156,60.779998779296875,61.95000076293945,6099600
2022-07-25,55.815284729003906,62.2400016784668,62.43000030517578,61.400001525878906,61.560001373291016,5101300
2022-07-26,55.384830474853516,61.7599983215332,62.5,61.56999969482422,61.849998474121094,5273600
2022-07-27,56.3981819152832,62.88999938964844,63.290000915527344,61.84000015258789,61.900001525878906,6024200
2022-07-28,56.40715408325195,62.900001525878906,62.939998626708984,61.959999084472656,62.810001373291016,4803300
2022-07-29,57.196319580078125,63.779998779296875,64.02999877929688,62.779998779296875,62.91999816894531,4027900
2022-08-01,57.241153717041016,63.83000183105469,64.20999908447266,62.90999984741211,63.38999938964844,5434800
2022-08-02,56.577545166015625,63.09000015258789,63.720001220703125,62.93000030517578,63.619998931884766,4885900
2022-08-03,57.196319580078125,63.779998779296875,64.02999877929688,63.0,63.540000915527344,5702800
2022-08-04,56.7479248046875,63.279998779296875,63.7599983215332,63.130001068115234,63.7599983215332,5151800
2022-08-05,57.42947769165039,64.04000091552734,64.23999786376953,62.959999084472656,63.25,7290900
2022-08-08,57.40257263183594,64.01000213623047,64.6500015258789,63.790000915527344,64.19999694824219,3310700
2022-08-09,57.59986877441406,64.2300033569336,64.25,63.689998626708984,64.02999877929688,3024000
2022-08-10,58.87328338623047,65.6500015258789,65.98999786376953,64.83000183105469,64.98999786376953,7903200
2022-08-11,59.68933868408203,66.55999755859375,66.70999908447266,66.12999725341797,66.13999938964844,5648100
2022-08-12,60.604061126708984,67.58000183105469,67.5999984741211,66.58000183105469,67.04000091552734,4440000
2022-08-15,60.91794204711914,67.93000030517578,67.94000244140625,66.83999633789062,66.93000030517578,4188200
2022-08-16,61.46497344970703,68.54000091552734,68.83000183105469,67.54000091552734,67.55999755859375,6411800
2022-08-17,60.74753189086914,67.73999786376953,68.08000183105469,67.2300033569336,67.72000122070312,4934700
2022-08-18,60.93586349487305,67.94999694824219,68.04000091552734,67.44000244140625,67.80000305175781,3545100
2022-08-19,59.94044494628906,66.83999633789062,67.55000305175781,66.4800033569336,67.55000305175781,5337800
2022-08-22,58.52354431152344,65.26000213623047,66.05000305175781,65.08000183105469,65.9000015258789,5168200
2022-08-23,58.19173049926758,64.88999938964844,65.73999786376953,64.8499984741211,65.29000091552734,3777700
2022-08-24,58.066184997558594,64.75,65.02999877929688,64.4000015258789,64.88999938964844,3497800
2022-08-25,58.936058044433594,65.72000122070312,65.9000015258789,64.69999694824219,64.69999694824219,4607400
2022-08-26,57.501216888427734,64.12000274658203,66.1500015258789,64.05999755859375,66.04000091552734,5631400
2022-08-29,56.60444259643555,63.119998931884766,63.900001525878906,63.0099983215332,63.709999084472656,5630300
2022-08-30,56.559608459472656,63.06999969482422,63.61000061035156,62.439998626708984,63.31999969482422,6055800
2022-08-31,56.129146575927734,62.59000015258789,63.5,62.47999954223633,63.2599983215332,4068400
2022-09-01,55.806312561035156,62.22999954223633,62.61000061035156,61.599998474121094,62.310001373291016,7922900
2022-09-02,55.393795013427734,61.77000045776367,63.34000015258789,61.38999938964844,62.779998779296875,6776800
2022-09-06,54.49702072143555,60.77000045776367,62.29999923706055,60.349998474121094,61.9900016784668,7262300
2022-09-07,55.546241760253906,61.939998626708984,62.060001373291016,60.43000030517578,60.47999954223633,7369100
2022-09-08,56.738956451416016,63.27000045776367,63.31999969482422,61.189998626708984,61.41999816894531,7464800
2022-09-09,57.438453674316406,64.05000305175781,64.33000183105469,63.5099983215332,63.849998474121094,5973500
2022-09-12,58.01237487792969,64.69000244140625,65.01000213623047,64.11000061035156,64.18000030517578,4787800
2022-09-13,56.173988342285156,62.63999938964844,63.79999923706055,62.34000015258789,63.540000915527344,7647200
2022-09-14,56.317466735839844,62.79999923706055,63.029998779296875,61.90999984741211,62.720001220703125,5136800
2022-09-15,56.97211837768555,63.529998779296875,64.26000213623047,62.630001068115234,62.630001068115234,7369500
2022-09-16,56.45199203491211,62.95000076293945,62.9900016784668,62.060001373291016,62.790000915527344,7834500
2022-09-19,57.41537857055664,63.650001525878906,63.83000183105469,61.84000015258789,61.84000015258789,6632500
2022-09-20,57.22594451904297,63.439998626708984,63.75,62.86000061035156,63.27000045776367,6937000
2022-09-21,56.549407958984375,62.689998626708984,64.4000015258789,62.66999816894531,63.720001220703125,9269300
2022-09-22,55.259483337402344,61.2599983215332,62.959999084472656,61.04999923706055,62.90999984741211,9303600
2022-09-23,54.39351272583008,60.29999923706055,60.720001220703125,59.369998931884766,60.54999923706055,9777300
2022-09-26,53.9244499206543,59.779998779296875,60.72999954223633,59.4900016784668,59.79999923706055,6599400
2022-09-27,53.28399658203125,59.06999969482422,60.61000061035156,58.470001220703125,60.209999084472656,10206500
2022-09-28,54.20408630371094,60.09000015258789,60.54999923706055,59.06999969482422,59.22999954223633,8098200
2022-09-29,53.32008361816406,59.11000061035156,59.5099983215332,58.38999938964844,59.29999923706055,7775100
2022-09-30,53.112606048583984,58.880001068115234,60.18000030517578,58.77000045776367,59.09000015258789,7510700
2022-10-03,54.33037567138672,60.22999954223633,60.529998779296875,58.65999984741211,59.540000915527344,6855000
2022-10-04,56.7117805480957,62.869998931884766,62.869998931884766,60.869998931884766,61.0099983215332,8814600
2022-10-05,56.242713928222656,62.349998474121094,62.5099983215332,61.63999938964844,61.95000076293945,6652400
2022-10-06,55.701480865478516,61.75,62.400001525878906,61.41999816894531,61.849998474121094,6173400
2022-10-07,54.429595947265625,60.34000015258789,61.41999816894531,60.040000915527344,61.2400016784668,6649800
2022-10-10,54.31233596801758,60.209999084472656,61.0099983215332,59.810001373291016,60.75,5073100
2022-10-11,54.07779312133789,59.95000076293945,60.720001220703125,59.459999084472656,59.849998474121094,8090800
2022-10-12,53.96053695678711,59.81999969482422,60.54999923706055,59.27000045776367,60.04999923706055,6334600
2022-10-13,56.3509635925293,62.470001220703125,62.720001220703125,58.5099983215332,58.93000030517578,12046700
2022-10-14,55.48499298095703,61.5099983215332,63.77000045776367,61.400001525878906,62.79999923706055,11545600
2022-10-17,56.937294006347656,63.119998931884766,63.36000061035156,62.310001373291016,62.630001068115234,8768100
2022-10-18,56.90121841430664,63.08000183105469,64.19999694824219,62.58000183105469,63.91999816894531,8744500
2022-10-19,55.71952819824219,61.77000045776367,63.060001373291016,61.22999954223633,62.529998779296875,9461200
2022-10-20,53.81620788574219,59.65999984741211,62.0,59.2599983215332,61.619998931884766,13311100
2022-10-21,54.519798278808594,60.439998626708984,60.689998626708984,59.310001373291016,59.81999969482422,10769500
2022-10-24,55.448917388916016,61.470001220703125,61.65999984741211,60.689998626708984,60.97999954223633,11255000
2022-10-25,56.25174331665039,62.36000061035156,62.560001373291016,61.04999923706055,61.189998626708984,6392300
2022-10-26,56.1885986328125,62.290000915527344,63.06999969482422,62.209999084472656,62.560001373291016,7668100
2022-10-27,56.206634521484375,62.310001373291016,63.34000015258789,62.220001220703125,62.97999954223633,6242300
2022-10-28,57.59578323364258,63.849998474121094,63.90999984741211,62.400001525878906,62.63999938964844,7107000
2022-10-31,57.68598556518555,63.95000076293945,64.31999969482422,63.470001220703125,63.52000045776367,5375500
2022-11-01,57.722068786621094,63.9900016784668,64.5,63.77000045776367,64.4000015258789,6096600
2022-11-02,56.2607536315918,62.369998931884766,64.2699966430664,62.290000915527344,63.720001220703125,11226100
2022-11-03,55.84581756591797,61.90999984741211,62.220001220703125,60.959999084472656,61.81999969482422,7022600
2022-11-04,57.16280746459961,63.369998931884766,63.47999954223633,62.33000183105469,62.70000076293945,7666300
2022-11-07,57.49656295776367,63.7400016784668,64.12999725341797,63.09000015258789,63.709999084472656,4678500
2022-11-08,57.32516860961914,63.54999923706055,64.30000305175781,62.970001220703125,63.779998779296875,7449100
2022-11-09,56.441165924072266,62.56999969482422,63.36000061035156,62.45000076293945,63.029998779296875,5426800
2022-11-10,59.075138092041016,65.48999786376953,65.66000366210938,64.23999786376953,64.37000274658203,9628200
2022-11-11,58.66020965576172,65.02999877929688,65.97000122070312,64.80000305175781,65.48999786376953,6676300
2022-11-14,57.830318450927734,64.11000061035156,65.0999984741211,64.08999633789062,64.81999969482422,5388600
2022-11-15,58.21820068359375,64.54000091552734,65.5999984741211,63.9900016784668,64.94000244140625,6506900
2022-11-16,57.271053314208984,63.4900016784668,64.5199966430664,63.310001373291016,64.38999938964844,5798900
2022-11-17,56.42311477661133,62.54999923706055,62.88999938964844,62.11000061035156,62.7400016784668,9879100
2022-11-18,56.78394317626953,62.95000076293945,63.65999984741211,62.400001525878906,63.2400016784668,6962500
2022-11-21,57.090641021728516,63.290000915527344,63.380001068115234,62.7400016784668,62.880001068115234,4181100
2022-11-22,57.71305465698242,63.97999954223633,64.11000061035156,63.52000045776367,63.68000030517578,4913600
2022-11-23,57.704036712646484,63.970001220703125,64.27999877929688,63.689998626708984,63.939998626708984,3889300
2022-11-25,58.137020111083984,64.44999694824219,64.58000183105469,64.05999755859375,64.16000366210938,1443200
2022-11-28,56.838069915771484,63.0099983215332,64.16999816894531,62.7400016784668,63.91999816894531,5471900
2022-11-29,57.18083953857422,63.38999938964844,63.619998931884766,62.869998931884766,62.97999954223633,4199900
2022-11-30,58.20016098022461,64.5199966430664,64.54000091552734,62.029998779296875,63.34000015258789,9869100
2022-12-01,57.79423904418945,64.06999969482422,64.94000244140625,63.66999816894531,64.8499984741211,7521400
2022-12-02,57.68598556518555,63.95000076293945,64.05000305175781,63.36000061035156,63.599998474121094,6221800
2022-12-05,54.799434661865234,60.75,63.52000045776367,60.349998474121094,63.5099983215332,10916800
2022-12-06,54.26723098754883,60.15999984741211,61.06999969482422,59.72999954223633,60.72999954223633,8853600
2022-12-07,54.23114776611328,60.119998931884766,60.709999084472656,59.369998931884766,59.88999938964844,7982500
2022-12-08,54.37547302246094,60.279998779296875,60.720001220703125,59.93000030517578,60.279998779296875,5490100
2022-12-09,54.15898513793945,60.040000915527344,60.470001220703125,59.88999938964844,60.04999923706055,7342500
2022-12-12,54.655113220214844,60.59000015258789,60.880001068115234,59.54999923706055,60.09000015258789,5423500
2022-12-13,53.762081146240234,59.599998474121094,61.86000061035156,59.25,61.52000045776367,10548900
2022-12-14,52.76982498168945,58.5,59.849998474121094,58.29999923706055,59.529998779296875,12478800
2022-12-15,51.80463409423828,57.43000030517578,58.06999969482422,57.099998474121094,57.779998779296875,13332900
2022-12-16,51.362640380859375,56.939998626708984,57.58000183105469,56.72999954223633,56.95000076293945,11245300
2022-12-19,51.63155746459961,56.83000183105469,57.16999816894531,56.369998931884766,56.7400016784668,5494500
2022-12-20,51.885948181152344,57.11000061035156,57.56999969482422,56.86000061035156,56.880001068115234,6729500
2022-12-21,52.74905014038086,58.060001373291016,58.45000076293945,57.61000061035156,57.61000061035156,4848900
2022-12-22,52.549171447753906,57.84000015258789,57.900001525878906,56.7599983215332,57.75,6044200
2022-12-23,52.8944091796875,58.220001220703125,58.380001068115234,57.630001068115234,57.869998931884766,5088500
2022-12-27,52.94892120361328,58.279998779296875,58.560001373291016,57.83000183105469,58.310001373291016,4156300
2022-12-28,52.5764274597168,57.869998931884766,58.459999084472656,57.79999923706055,58.38999938964844,4229600
2022-12-29,53.56672668457031,58.959999084472656,59.04999923706055,57.970001220703125,57.9900016784668,5568700
2022-12-30,53.366844177246094,58.7400016784668,59.0,58.349998474121094,58.59000015258789,3786900
2023-01-03,52.994346618652344,58.33000183105469,59.470001220703125,57.91999816894531,59.220001220703125,7286700
2023-01-04,53.71208572387695,59.119998931884766,59.849998474121094,58.75,58.81999969482422,6458100
2023-01-05,52.69453811645508,58.0,58.45000076293945,57.5,58.310001373291016,7388100
2023-01-06,54.23903274536133,59.70000076293945,59.81999969482422,58.18000030517578,58.34000015258789,7204400
2023-01-09,53.74842834472656,59.15999984741211,59.95000076293945,59.029998779296875,59.849998474121094,8020300
2023-01-10,54.157264709472656,59.61000061035156,59.790000915527344,58.72999954223633,59.09000015258789,4755800
2023-01-11,54.45707321166992,59.939998626708984,60.04999923706055,59.43000030517578,59.77000045776367,4111900
2023-01-12,55.12938690185547,60.68000030517578,61.08000183105469,59.970001220703125,60.2599983215332,5966700
2023-01-13,55.065792083740234,60.61000061035156,60.7599983215332,59.18000030517578,59.900001525878906,7832400
2023-01-17,54.72962951660156,60.2400016784668,60.86000061035156,59.91999816894531,60.61000061035156,7947700
2023-01-18,52.776302337646484,58.09000015258789,59.880001068115234,58.06999969482422,59.869998931884766,14248700
2023-01-19,52.83990478515625,58.15999984741211,58.33000183105469,57.279998779296875,57.779998779296875,11014600
2023-01-20,54.30262756347656,59.77000045776367,59.79999923706055,58.45000076293945,58.529998779296875,8613300
2023-01-23,55.16572570800781,60.720001220703125,61.09000015258789,59.900001525878906,59.90999984741211,8208200
2023-01-24,54.51158905029297,60.0,60.68000030517578,59.72999954223633,60.619998931884766,7937100
2023-01-25,54.63877487182617,60.13999938964844,60.16999816894531,59.029998779296875,59.5,6750200
2023-01-26,55.02035903930664,60.560001373291016,60.90999984741211,59.869998931884766,60.59000015258789,5277100
2023-01-27,55.3656005859375,60.939998626708984,61.11000061035156,60.290000915527344,60.4900016784668,6292300
2023-01-30,54.80231475830078,60.31999969482422,61.060001373291016,60.310001373291016,60.459999084472656,5055000
2023-01-31,56.43766403198242,62.119998931884766,62.130001068115234,60.279998779296875,60.40999984741211,6859900
2023-02-01,57.23716735839844,63.0,63.709999084472656,61.560001373291016,61.75,9462000
2023-02-02,58.763492584228516,64.68000030517578,64.8499984741211,63.369998931884766,63.61000061035156,8345000
2023-02-03,58.799835205078125,64.72000122070312,65.31999969482422,63.849998474121094,63.939998626708984,7829900
2023-02-06,58.23654556274414,64.0999984741211,64.5999984741211,63.61000061035156,64.33000183105469,6692700
2023-02-07,58.86343002319336,64.79000091552734,64.95999908447266,63.4900016784668,63.81999969482422,4851900
2023-02-08,58.200199127197266,64.05999755859375,64.69000244140625,63.90999984741211,64.25,6236800
2023-02-09,57.346187591552734,63.119998931884766,64.55000305175781,62.970001220703125,64.54000091552734,4907500
2023-02-10,57.22808074951172,62.9900016784668,63.119998931884766,62.630001068115234,62.81999969482422,4479000
2023-02-13,57.69142532348633,63.5,63.52000045776367,62.650001525878906,62.939998626708984,3872700
2023-02-14,57.47337341308594,63.2599983215332,63.79999923706055,62.4900016784668,63.47999954223633,5361600
2023-02-15,58.154781341552734,64.01000213623047,64.12000274658203,62.7599983215332,62.84000015258789,5857800
2023-02-16,57.128143310546875,62.880001068115234,63.630001068115234,62.83000183105469,63.56999969482422,6794600
2023-02-17,57.41886901855469,63.20000076293945,63.290000915527344,62.47999954223633,62.880001068115234,5331700
2023-02-21,56.083343505859375,61.72999954223633,62.720001220703125,61.439998626708984,62.599998474121094,5455000
2023-02-22,55.81077194213867,61.43000030517578,61.93000030517578,61.04999923706055,61.72999954223633,4570600
2023-02-23,56.02882385253906,61.66999816894531,62.040000915527344,60.95000076293945,61.83000183105469,5357000
2023-02-24,56.03791046142578,61.68000030517578,61.709999084472656,60.7599983215332,61.040000915527344,6919500
2023-02-27,56.019744873046875,61.65999984741211,62.54999923706055,61.45000076293945,62.119998931884766,4636900
2023-02-28,55.92888641357422,61.560001373291016,62.150001525878906,61.5099983215332,61.88999938964844,6281500
2023-03-01,55.592735290527344,61.189998626708984,61.369998931884766,60.709999084472656,61.0099983215332,6771900
2023-03-02,54.18450927734375,59.63999938964844,60.4900016784668,59.04999923706055,60.29999923706055,10804900
2023-03-03,54.85681915283203,60.380001068115234,60.5,59.40999984741211,60.02000045776367,10548400
2023-03-06,54.4479866027832,59.93000030517578,60.869998931884766,59.79999923706055,60.540000915527344,7301400
2023-03-07,52.69453811645508,58.0,59.619998931884766,57.900001525878906,59.619998931884766,13049600
2023-03-08,52.42198181152344,57.70000076293945,58.290000915527344,57.349998474121094,58.16999816894531,14804000
2023-03-09,48.17007064819336,53.02000045776367,56.86000061035156,52.90999984741211,56.54999923706055,57213200
2023-03-10,46.053199768066406,50.689998626708984,52.88999938964844,48.439998626708984,50.81999969482422,97268000
2023-03-13,40.383995056152344,44.45000076293945,47.58000183105469,41.91999816894531,44.31999969482422,94522700
2023-03-14,41.22893524169922,45.380001068115234,49.41999816894531,44.61000061035156,49.15999984741211,64759300
2023-03-15,40.556617736816406,44.63999938964844,45.13999938964844,42.77000045776367,43.189998626708984,60478100
2023-03-16,41.98300552368164,46.209999084472656,47.5099983215332,42.95000076293945,43.86000061035156,75577700
2023-03-17,39.46638870239258,43.439998626708984,45.459999084472656,43.130001068115234,45.099998474121094,52099200
2023-03-20,39.90890884399414,43.560001373291016,45.58000183105469,43.470001220703125,44.720001220703125,58532900
2023-03-21,42.20852279663086,46.06999969482422,46.470001220703125,45.15999984741211,45.779998779296875,37003200
2023-03-22,39.80812072753906,43.45000076293945,46.150001525878906,43.380001068115234,45.959999084472656,49933700
2023-03-23,38.69954299926758,42.2400016784668,44.25,41.900001525878906,43.95000076293945,47492700
2023-03-24,39.872257232666016,43.52000045776367,43.66999816894531,41.279998779296875,41.54999923706055,47895800
2023-03-27,40.220401763916016,43.900001525878906,45.349998474121094,43.86000061035156,45.130001068115234,26667700
2023-03-28,40.18375778198242,43.86000061035156,44.310001373291016,43.349998474121094,43.83000183105469,20681700
2023-03-29,40.61436462402344,44.33000183105469,44.540000915527344,43.720001220703125,44.470001220703125,20594400
2023-03-30,39.789798736572266,43.43000030517578,45.0,43.29999923706055,44.970001220703125,20659900
2023-03-31,40.18375778198242,43.86000061035156,44.09000015258789,43.369998931884766,43.970001220703125,19391100
2023-04-03,39.76231384277344,43.400001525878906,44.22999954223633,43.119998931884766,44.0,17048900
2023-04-04,38.882774353027344,42.439998626708984,43.720001220703125,41.7599983215332,43.619998931884766,24980900
2023-04-05,38.48882293701172,42.0099983215332,42.2400016784668,41.45000076293945,41.599998474121094,28759400
2023-04-06,39.05685043334961,42.630001068115234,42.869998931884766,41.959999084472656,41.97999954223633,19811100
2023-04-10,39.2584114074707,42.849998474121094,43.279998779296875,42.029998779296875,42.25,15455800
2023-04-11,39.36835861206055,42.970001220703125,43.279998779296875,42.65999984741211,43.130001068115234,13464400
2023-04-12,38.93775177001953,42.5,43.459999084472656,42.290000915527344,43.290000915527344,16743800
2023-04-13,39.53327560424805,43.150001525878906,43.36000061035156,42.15999984741211,42.709999084472656,20384200
2023-04-14,38.7636833190918,42.310001373291016,43.97999954223633,42.02000045776367,43.79999923706055,32212000
2023-04-17,39.91806411743164,43.56999969482422,43.58000183105469,41.66999816894531,42.150001525878906,24635400
2023-04-18,39.05685043334961,42.630001068115234,43.630001068115234,42.349998474121094,43.599998474121094,19023700
2023-04-19,40.59604263305664,44.310001373291016,44.59000015258789,42.7599983215332,43.099998474121094,29040500
2023-04-20,39.83560562133789,43.47999954223633,44.2599983215332,43.150001525878906,43.54999923706055,27506700
2023-04-21,39.331703186035156,42.93000030517578,43.36000061035156,42.58000183105469,43.31999969482422,20327400
2023-04-24,39.13014602661133,42.709999084472656,43.43000030517578,42.619998931884766,42.83000183105469,15506900
2023-04-25,37.481021881103516,40.90999984741211,42.13999938964844,40.77000045776367,42.04999923706055,35660200
2023-04-26,37.71006774902344,41.15999984741211,41.95000076293945,40.66999816894531,41.040000915527344,31611100
2023-04-27,38.415523529052734,41.93000030517578,42.13999938964844,41.2400016784668,41.2400016784668,16767500
2023-04-28,39.084346771240234,42.65999984741211,43.02000045776367,41.79999923706055,41.88999938964844,30201600
2023-05-01,37.98491668701172,41.459999084472656,42.83000183105469,41.310001373291016,42.70000076293945,28443800
2023-05-02,35.602848052978516,38.86000061035156,41.290000915527344,38.11000061035156,41.2599983215332,61380800
2023-05-03,34.96152114868164,38.15999984741211,40.08000183105469,37.9900016784668,39.08000183105469,57727200
2023-05-04,33.05585861206055,36.08000183105469,37.04999923706055,34.52000045776367,36.599998474121094,117644200
2023-05-05,35.13559341430664,38.349998474121094,38.4900016784668,37.209999084472656,38.04999923706055,61946500
2023-05-08,34.43014144897461,37.58000183105469,39.38999938964844,37.4900016784668,39.2599983215332,36322200
2023-05-09,34.283538818359375,37.41999816894531,37.72999954223633,36.63999938964844,37.22999954223633,29736900
2023-05-10,33.95372009277344,37.060001373291016,38.20000076293945,36.59000015258789,38.16999816894531,21147900
2023-05-11,33.11083221435547,36.13999938964844,36.86000061035156,35.97999954223633,36.369998931884766,28874200
2023-05-12,33.3215446472168,36.369998931884766,36.58000183105469,35.7599983215332,36.439998626708984,22067400
2023-05-15,34.37516403198242,37.52000045776367,37.75,36.380001068115234,36.41999816894531,22312800
2023-05-16,33.862098693847656,36.959999084472656,37.9900016784668,36.95000076293945,37.790000915527344,24550100
2023-05-17,36.35411834716797,39.68000030517578,39.83000183105469,37.849998474121094,37.849998474121094,49594500
2023-05-18,36.573997497558594,39.91999816894531,40.06999969482422,39.189998626708984,39.720001220703125,26324000
2023-05-19,35.92351531982422,39.209999084472656,40.36000061035156,38.5099983215332,40.349998474121094,33875900
2023-05-22,37.0687370300293,40.459999084472656,40.54999923706055,39.11000061035156,39.65999984741211,28557500
2023-05-23,37.43521499633789,40.86000061035156,42.09000015258789,40.459999084472656,40.599998474121094,30692900
2023-05-24,36.76640319824219,40.130001068115234,40.70000076293945,39.810001373291016,40.470001220703125,19125800
2023-05-25,36.46406173706055,39.79999923706055,40.22999954223633,39.130001068115234,39.93000030517578,17439300
2023-05-26,36.912986755371094,40.290000915527344,40.290000915527344,39.189998626708984,39.810001373291016,14825400
2023-05-30,36.83969497680664,40.209999084472656,40.560001373291016,39.529998779296875,40.52000045776367,18078500
2023-05-31,35.7036247253418,38.970001220703125,40.09000015258789,38.45000076293945,39.84000015258789,31969300
2023-06-01,36.42741012573242,39.7599983215332,40.27000045776367,38.709999084472656,39.209999084472656,18963800
2023-06-02,38.67205810546875,42.209999084472656,42.34000015258789,40.290000915527344,40.52000045776367,33455800
2023-06-05,37.67341232299805,41.119998931884766,42.290000915527344,40.66999816894531,42.25,18426300
2023-06-06,39.54243469238281,43.15999984741211,43.79999923706055,40.88999938964844,41.029998779296875,32603500
2023-06-07,40.85257339477539,44.59000015258789,44.97999954223633,43.31999969482422,43.7400016784668,33569300
2023-06-08,40.36698913574219,44.060001373291016,44.43000030517578,43.349998474121094,44.29999923706055,20836400
2023-06-09,39.817283630371094,43.459999084472656,44.099998474121094,43.209999084472656,44.099998474121094,14456800
2023-06-12,39.524105072021484,43.13999938964844,44.459999084472656,42.689998626708984,43.619998931884766,32464500
2023-06-13,40.440284729003906,44.13999938964844,44.349998474121094,42.779998779296875,43.279998779296875,21116300
2023-06-14,39.2584114074707,42.849998474121094,44.54999923706055,42.529998779296875,44.22999954223633,27275000
2023-06-15,40.00968551635742,43.66999816894531,43.810001373291016,42.470001220703125,42.5,18410500
2023-06-16,39.45998001098633,43.06999969482422,44.0,42.709999084472656,43.83000183105469,19281500
2023-06-20,38.950435638427734,42.119998931884766,42.599998474121094,41.86000061035156,42.529998779296875,13767900
2023-06-21,38.3493537902832,41.470001220703125,42.040000915527344,41.38999938964844,41.95000076293945,15335900
2023-06-22,37.13793182373047,40.15999984741211,41.369998931884766,39.91999816894531,41.349998474121094,25452800
2023-06-23,36.60157775878906,39.58000183105469,40.279998779296875,39.38999938964844,39.63999938964844,22844100
2023-06-26,37.06394958496094,40.08000183105469,40.77000045776367,39.849998474121094,39.91999816894531,16537400
2023-06-27,37.69277572631836,40.7599983215332,41.119998931884766,39.709999084472656,40.189998626708984,15751900
2023-06-28,37.48933410644531,40.540000915527344,40.689998626708984,40.060001373291016,40.54999923706055,15173200
2023-06-29,38.19214630126953,41.29999923706055,41.72999954223633,41.0099983215332,41.029998779296875,18580600
2023-06-30,37.75750732421875,40.83000183105469,41.779998779296875,40.810001373291016,41.779998779296875,17853600
2023-07-03,38.62677001953125,41.77000045776367,41.970001220703125,40.900001525878906,41.0,10399700
2023-07-05,38.11817169189453,41.220001220703125,41.81999969482422,40.81999969482422,41.310001373291016,12936900
2023-07-06,37.53557205200195,40.59000015258789,40.79999923706055,39.810001373291016,40.54999923706055,21157300
2023-07-07,38.3493537902832,41.470001220703125,41.86000061035156,40.52000045776367,40.52000045776367,15824900
2023-07-10,38.654518127441406,41.79999923706055,42.34000015258789,41.13999938964844,41.31999969482422,13961100
2023-07-11,39.17237854003906,42.36000061035156,42.5,41.560001373291016,41.95000076293945,13155800
2023-07-12,39.958412170410156,43.209999084472656,43.81999969482422,42.90999984741211,43.25,19565200
2023-07-13,40.64272689819336,43.95000076293945,44.22999954223633,43.13999938964844,43.4900016784668,16086900
2023-07-14,39.884437561035156,43.130001068115234,44.38999938964844,42.7599983215332,44.369998931884766,22715000
2023-07-17,40.577999114990234,43.880001068115234,44.16999816894531,42.83000183105469,43.0,14518700
2023-07-18,42.28878402709961,45.72999954223633,45.81999969482422,43.880001068115234,43.91999816894531,29927600
2023-07-19,43.601924896240234,47.150001525878906,47.27000045776367,45.5099983215332,46.0,30812200
2023-07-20,43.43546676635742,46.970001220703125,47.16999816894531,46.099998474121094,47.0,26266500
2023-07-21,42.889869689941406,46.380001068115234,47.45000076293945,46.209999084472656,47.45000076293945,19920700
2023-07-24,43.971824645996094,47.54999923706055,47.70000076293945,46.290000915527344,46.290000915527344,18132600
2023-07-25,43.13955307006836,46.650001525878906,47.9900016784668,46.380001068115234,47.59000015258789,34931500
2023-07-26,45.183250427246094,48.86000061035156,49.220001220703125,47.61000061035156,47.849998474121094,30039800
2023-07-27,44.41570281982422,48.029998779296875,49.56999969482422,47.79999923706055,49.33000183105469,21500900
2023-07-28,45.05378341674805,48.720001220703125,48.970001220703125,48.119998931884766,48.709999084472656,11387600
2023-07-31,45.026039123535156,48.689998626708984,49.130001068115234,48.33000183105469,48.79999923706055,14185100
2023-08-01,44.545166015625,48.16999816894531,48.41999816894531,47.439998626708984,48.41999816894531,12644500
2023-08-02,44.34172439575195,47.95000076293945,47.9900016784668,47.09000015258789,47.41999816894531,18172300
2023-08-03,44.73012161254883,48.369998931884766,48.54999923706055,47.33000183105469,47.61000061035156,12742600
2023-08-04,44.90583038330078,48.560001373291016,49.0,48.06999969482422,48.150001525878906,10466500
2023-08-07,45.349700927734375,49.040000915527344,49.09000015258789,48.43000030517578,48.7599983215332,7428100
2023-08-08,44.767112731933594,48.40999984741211,48.5,46.849998474121094,47.709999084472656,20368600
2023-08-09,44.119781494140625,47.709999084472656,48.209999084472656,47.459999084472656,48.130001068115234,10292900
2023-08-10,44.082794189453125,47.66999816894531,48.47999954223633,47.380001068115234,48.0,10735700
2023-08-11,44.193763732910156,47.790000915527344,47.91999816894531,47.25,47.29999923706055,7755900
2023-08-14,43.3337516784668,46.86000061035156,47.380001068115234,46.65999984741211,47.380001068115234,10711300
2023-08-15,41.891143798828125,45.29999923706055,46.349998474121094,45.13999938964844,46.04999923706055,18390300
2023-08-16,41.41952133178711,44.790000915527344,45.52000045776367,44.70000076293945,45.11000061035156,11076200
2023-08-17,41.41952133178711,44.790000915527344,45.27000045776367,44.58000183105469,44.95000076293945,11268500
2023-08-18,41.38252639770508,44.75,45.099998474121094,44.16999816894531,44.33000183105469,11139000
2023-08-21,41.1051025390625,44.45000076293945,45.04999923706055,43.959999084472656,44.880001068115234,10282600
2023-08-22,39.9306755065918,43.18000030517578,44.65999984741211,43.119998931884766,44.279998779296875,15117300
2023-08-23,40.44852828979492,43.7400016784668,43.869998931884766,42.810001373291016,43.099998474121094,12265200
2023-08-24,40.633480072021484,43.939998626708984,44.56999969482422,43.540000915527344,43.619998931884766,10659100
2023-08-25,40.3468132019043,43.630001068115234,44.5099983215332,43.04999923706055,44.16999816894531,15886700
2023-08-28,40.92939758300781,44.2599983215332,44.619998931884766,43.810001373291016,43.810001373291016,9359300
2023-08-29,41.31780242919922,44.68000030517578,44.959999084472656,43.86000061035156,44.29999923706055,9590500
2023-08-30,41.01263427734375,44.349998474121094,44.79999923706055,44.189998626708984,44.650001525878906,11744000
2023-08-31,41.20682907104492,44.560001373291016,44.84000015258789,44.209999084472656,44.38999938964844,8941200
2023-09-01,42.18706512451172,45.619998931884766,45.81999969482422,44.939998626708984,45.02000045776367,12328400
2023-09-05,41.23456954956055,44.59000015258789,45.529998779296875,44.59000015258789,45.52000045776367,11728400
2023-09-06,40.282081604003906,43.560001373291016,44.849998474121094,43.33000183105469,44.4900016784668,15041400
2023-09-07,39.736473083496094,42.970001220703125,43.70000076293945,42.81999969482422,43.36000061035156,13704000
2023-09-08,40.097129821777344,43.36000061035156,43.529998779296875,42.470001220703125,43.06999969482422,12883600
2023-09-11,40.02314758300781,43.279998779296875,44.09000015258789,43.209999084472656,43.619998931884766,11530300
2023-09-12,40.35605239868164,43.63999938964844,44.08000183105469,43.15999984741211,43.310001373291016,16503400
2023-09-13,39.86594772338867,43.11000061035156,44.0,42.7400016784668,43.849998474121094,15312300
2023-09-14,40.651973724365234,43.959999084472656,44.099998474121094,43.43000030517578,43.65999984741211,10701200
2023-09-15,40.4207878112793,43.709999084472656,43.97999954223633,43.290000915527344,43.599998474121094,12297800
2023-09-18,39.65126419067383,42.5099983215332,43.27000045776367,42.470001220703125,43.18000030517578,13111400
2023-09-19,39.55799865722656,42.40999984741211,42.95000076293945,42.04999923706055,42.459999084472656,11120600
2023-09-20,39.21287536621094,42.040000915527344,43.08000183105469,42.0,42.70000076293945,12586800
2023-09-21,38.643898010253906,41.43000030517578,42.130001068115234,41.2599983215332,41.83000183105469,14879900
2023-09-22,38.392059326171875,41.15999984741211,41.689998626708984,40.970001220703125,41.459999084472656,10795900
2023-09-25,38.9423828125,41.75,41.7599983215332,40.79999923706055,40.95000076293945,10880800
2023-09-26,38.336090087890625,41.099998474121094,41.9900016784668,41.040000915527344,41.18000030517578,14438300
2023-09-27,38.13088607788086,40.880001068115234,41.310001373291016,40.540000915527344,41.220001220703125,11183000
2023-09-28,38.51331329345703,41.290000915527344,41.68000030517578,40.810001373291016,40.86000061035156,11384400
2023-09-29,38.961036682128906,41.77000045776367,42.36000061035156,41.52000045776367,41.650001525878906,16799900
2023-10-02,37.990970611572266,40.72999954223633,41.880001068115234,40.54999923706055,41.7400016784668,19091100
2023-10-03,37.244773864746094,39.93000030517578,40.529998779296875,39.689998626708984,40.459999084472656,16943400
2023-10-04,37.59921646118164,40.310001373291016,40.400001525878906,39.470001220703125,39.970001220703125,13697000
2023-10-05,38.224159240722656,40.97999954223633,41.09000015258789,40.08000183105469,40.279998779296875,12282900
2023-10-06,38.32676315307617,41.09000015258789,41.61000061035156,40.099998474121094,40.45000076293945,17535700
2023-10-09,38.308101654052734,41.06999969482422,41.29999923706055,40.58000183105469,40.65999984741211,8245400
2023-10-10,38.90506362915039,41.709999084472656,42.060001373291016,41.36000061035156,41.41999816894531,14439700
2023-10-11,38.93305587768555,41.7400016784668,42.45000076293945,41.33000183105469,41.869998931884766,12105500
2023-10-12,38.457340240478516,41.22999954223633,41.93000030517578,40.849998474121094,41.75,14614400
2023-10-13,37.70181655883789,40.41999816894531,41.790000915527344,40.310001373291016,41.65999984741211,17213200
2023-10-16,38.662559509277344,41.45000076293945,41.54999923706055,40.83000183105469,40.939998626708984,12985700
2023-10-17,39.48337173461914,42.33000183105469,42.91999816894531,41.11000061035156,41.189998626708984,21579000
2023-10-18,38.41070556640625,41.18000030517578,42.029998779296875,41.060001373291016,41.880001068115234,20730600
2023-10-19,37.990970611572266,40.72999954223633,42.02000045776367,40.619998931884766,41.25,20050200
2023-10-20,36.470584869384766,39.099998474121094,40.619998931884766,39.060001373291016,40.540000915527344,44366200
2023-10-23,36.3306770324707,38.95000076293945,39.810001373291016,38.88999938964844,38.959999084472656,24472000
2023-10-24,36.1068115234375,38.709999084472656,39.43000030517578,38.20000076293945,39.20000076293945,21003100
2023-10-25,35.976226806640625,38.56999969482422,38.84000015258789,37.65999984741211,38.36000061035156,31325200
2023-10-26,37.048892974853516,39.720001220703125,40.029998779296875,38.61000061035156,38.61000061035156,28245200
2023-10-27,36.25605392456055,38.869998931884766,39.72999954223633,38.47999954223633,39.68000030517578,18151300
2023-10-30,36.79704666137695,39.45000076293945,39.63999938964844,38.83000183105469,39.31999969482422,12866700
2023-10-31,37.00225067138672,39.66999816894531,39.83000183105469,39.15999984741211,39.56999969482422,9806800
2023-11-01,37.15149688720703,39.83000183105469,39.95000076293945,39.209999084472656,39.619998931884766,16694500
2023-11-02,39.25951385498047,42.09000015258789,42.16999816894531,40.349998474121094,40.400001525878906,22506900
2023-11-03,40.68661880493164,43.619998931884766,44.209999084472656,43.29999923706055,43.349998474121094,23970000
2023-11-06,40.108314514160156,43.0,43.900001525878906,42.75,43.650001525878906,14351900
2023-11-07,39.71656036376953,42.58000183105469,43.0099983215332,42.34000015258789,42.93000030517578,13379900
2023-11-08,39.19422149658203,42.02000045776367,42.68000030517578,41.83000183105469,42.54999923706055,10562500
2023-11-09,38.3734016418457,41.13999938964844,42.220001220703125,40.959999084472656,42.060001373291016,17166900
2023-11-10,38.58793258666992,41.369998931884766,41.529998779296875,40.790000915527344,41.470001220703125,10241900
2023-11-13,38.653221130371094,41.439998626708984,41.54999923706055,40.7599983215332,41.150001525878906,10756800
2023-11-14,41.49811935424805,44.4900016784668,45.0099983215332,43.0099983215332,43.06999969482422,35037100
2023-11-15,42.06709289550781,45.099998474121094,45.47999954223633,44.41999816894531,44.560001373291016,20716500
2023-11-16,41.53541946411133,44.529998779296875,45.16999816894531,44.150001525878906,44.869998931884766,14549900
2023-11-17,42.16969680786133,45.209999084472656,45.470001220703125,44.72999954223633,45.029998779296875,13909100
2023-11-20,42.12305450439453,45.15999984741211,45.2400016784668,44.68000030517578,45.2400016784668,11460200
2023-11-21,41.18098831176758,44.150001525878906,45.029998779296875,44.09000015258789,44.90999984741211,11895800
2023-11-22,41.35820770263672,44.34000015258789,44.77000045776367,44.060001373291016,44.650001525878906,11442500
2023-11-24,41.41416549682617,44.400001525878906,44.59000015258789,44.099998474121094,44.349998474121094,4400800
2023-11-27,41.15299606323242,44.119998931884766,44.27000045776367,43.7400016784668,44.08000183105469,8788600
2023-11-28,41.14366912841797,44.11000061035156,44.189998626708984,43.5099983215332,44.060001373291016,9490400
2023-11-29,42.00179672241211,45.029998779296875,45.68000030517578,44.459999084472656,44.5,18611300
2023-11-30,42.085750579833984,45.119998931884766,45.54999923706055,44.790000915527344,45.2400016784668,13376400
2023-12-01,44.26838684082031,47.459999084472656,47.59000015258789,44.650001525878906,44.869998931884766,29981600
2023-12-04,44.88400650024414,48.119998931884766,48.2599983215332,46.83000183105469,46.869998931884766,20528100
2023-12-05,44.3243522644043,47.52000045776367,47.970001220703125,47.369998931884766,47.83000183105469,13634200
2023-12-06,44.34300994873047,47.540000915527344,49.099998474121094,47.459999084472656,47.939998626708984,17190300
2023-12-07,45.201141357421875,48.459999084472656,48.4900016784668,47.58000183105469,47.7400016784668,11112100
2023-12-08,45.69550323486328,48.9900016784668,49.349998474121094,48.099998474121094,48.58000183105469,13602900
2023-12-11,45.5928955078125,48.880001068115234,49.130001068115234,48.59000015258789,48.90999984741211,8726000
2023-12-12,45.23845291137695,48.5,48.900001525878906,48.400001525878906,48.72999954223633,9820600
2023-12-13,47.88746643066406,51.34000015258789,51.380001068115234,48.290000915527344,48.5,28069300
2023-12-14,50.20069122314453,53.81999969482422,54.470001220703125,52.84000015258789,53.11000061035156,39750900
2023-12-15,49.39851379394531,52.959999084472656,54.0,52.619998931884766,53.91999816894531,23805700
2023-12-18,48.88224411010742,51.97999954223633,52.93000030517578,51.93000030517578,52.70000076293945,15667500
2023-12-19,49.606346130371094,52.75,52.939998626708984,51.779998779296875,52.099998474121094,14449900
2023-12-20,48.449649810791016,51.52000045776367,53.16999816894531,51.4900016784668,52.5,15717100
2023-12-21,48.976280212402344,52.08000183105469,52.380001068115234,51.4900016784668,52.0099983215332,11761200
2023-12-22,49.28661346435547,52.40999984741211,52.970001220703125,52.11000061035156,52.5,10723000
2023-12-26,50.048343658447266,53.220001220703125,53.40999984741211,52.310001373291016,52.5099983215332,10711300
2023-12-27,49.96370315551758,53.130001068115234,53.400001525878906,52.83000183105469,53.279998779296875,6572200
2023-12-28,50.08595275878906,53.2599983215332,53.290000915527344,52.83000183105469,52.93000030517578,7641900
2023-12-29,49.305419921875,52.43000030517578,53.13999938964844,52.38999938964844,53.099998474121094,9416000
2024-01-02,49.46529006958008,52.599998474121094,53.220001220703125,51.790000915527344,51.93000030517578,14000900
2024-01-03,47.83838653564453,50.869998931884766,52.0,50.77000045776367,51.90999984741211,14163700
2024-01-04,48.073490142822266,51.119998931884766,51.63999938964844,50.66999816894531,50.720001220703125,9241600
2024-01-05,48.64714050292969,51.72999954223633,52.290000915527344,50.689998626708984,50.86000061035156,15495400
2024-01-08,49.09852981567383,52.209999084472656,52.2400016784668,51.27000045776367,51.59000015258789,11227800
2024-01-09,48.5436897277832,51.619998931884766,51.83000183105469,51.27000045776367,51.5,8413700
2024-01-10,48.65654373168945,51.7400016784668,51.7599983215332,51.029998779296875,51.470001220703125,11949800
2024-01-11,48.017066955566406,51.060001373291016,51.369998931884766,50.2599983215332,51.290000915527344,16711000
2024-01-12,47.386993408203125,50.38999938964844,51.61000061035156,49.93000030517578,51.380001068115234,17936500
2024-01-16,46.587650299072266,49.540000915527344,50.09000015258789,49.2400016784668,49.54999923706055,14606500
2024-01-17,46.390174865722656,49.33000183105469,49.65999984741211,48.43000030517578,48.810001373291016,14409900
2024-01-18,46.8039436340332,49.77000045776367,49.95000076293945,49.119998931884766,49.63999938964844,13341100
2024-01-19,47.98884963989258,51.029998779296875,51.040000915527344,49.47999954223633,49.959999084472656,21027500
2024-01-22,49.051513671875,52.15999984741211,52.22999954223633,51.20000076293945,51.36000061035156,15259100
2024-01-23,48.58131408691406,51.65999984741211,52.529998779296875,51.400001525878906,52.33000183105469,10633400
2024-01-24,49.14555358886719,52.2599983215332,52.7599983215332,51.75,51.90999984741211,11708800
2024-01-25,48.84462356567383,51.939998626708984,52.77000045776367,51.279998779296875,52.5099983215332,12409800
2024-01-26,49.02330017089844,52.130001068115234,52.7400016784668,51.81999969482422,52.02000045776367,10042100
2024-01-29,49.84145736694336,53.0,53.040000915527344,52.04999923706055,52.2400016784668,7353200
2024-01-30,49.64396286010742,52.790000915527344,53.189998626708984,52.66999816894531,52.900001525878906,7191300
2024-01-31,46.73812484741211,49.70000076293945,51.529998779296875,49.599998474121094,50.2599983215332,41412700
2024-02-01,45.280494689941406,48.150001525878906,50.06999969482422,46.560001373291016,49.869998931884766,56445900
2024-02-02,45.48737716674805,48.369998931884766,48.66999816894531,46.810001373291016,47.11000061035156,32986700
2024-02-05,44.73505783081055,47.56999969482422,47.970001220703125,47.18000030517578,47.93000030517578,19075200
2024-02-06,44.17081832885742,46.970001220703125,48.04999923706055,46.61000061035156,47.529998779296875,21376300
2024-02-07,44.057960510253906,46.849998474121094,47.22999954223633,45.66999816894531,47.18000030517578,31815000
2024-02-08,44.23664474487305,47.040000915527344,47.150001525878906,46.38999938964844,46.45000076293945,12579800
2024-02-09,45.017181396484375,47.869998931884766,47.9900016784668,46.5099983215332,47.08000183105469,15012100
2024-02-12,45.98579025268555,48.900001525878906,49.40999984741211,47.79999923706055,47.900001525878906,17284200
2024-02-13,44.03915023803711,46.83000183105469,47.54999923706055,46.06999969482422,47.310001373291016,28242600
2024-02-14,44.85730743408203,47.70000076293945,47.779998779296875,46.84000015258789,47.45000076293945,12475400
2024-02-15,46.28671646118164,49.220001220703125,49.529998779296875,48.0099983215332,48.0099983215332,17792800
2024-02-16,45.8071174621582,48.709999084472656,49.13999938964844,48.15999984741211,48.72999954223633,11129600
2024-02-20,45.449764251708984,48.33000183105469,48.720001220703125,47.9900016784668,48.099998474121094,9229900
2024-02-21,45.148834228515625,48.0099983215332,48.209999084472656,47.619998931884766,48.029998779296875,10389000
2024-02-22,45.11122131347656,47.970001220703125,48.5099983215332,47.689998626708984,48.18000030517578,9548300
2024-02-23,45.017181396484375,47.869998931884766,48.369998931884766,47.4900016784668,47.97999954223633,12470200
2024-02-26,44.593990325927734,47.41999816894531,48.18000030517578,47.09000015258789,47.77000045776367,9552300
2024-02-27,45.148834228515625,48.0099983215332,48.22999954223633,47.619998931884766,47.650001525878906,10064000
2024-02-28,44.659820556640625,47.4900016784668,48.040000915527344,47.43000030517578,47.68000030517578,7778500
2024-02-29,45.27108383178711,48.13999938964844,48.900001525878906,47.790000915527344,48.22999954223633,11926300
2024-03-01,44.77267837524414,47.61000061035156,47.75,46.59000015258789,47.439998626708984,15632100
2024-03-04,44.76327133178711,47.599998474121094,48.54999923706055,47.52000045776367,47.70000076293945,17467200
2024-03-05,46.56884765625,49.52000045776367,49.720001220703125,47.34000015258789,47.34000015258789,22949200
2024-03-06,46.51242446899414,49.459999084472656,50.36000061035156,47.970001220703125,49.189998626708984,52019100
2024-03-07,46.578250885009766,49.529998779296875,50.5,49.380001068115234,50.06999969482422,14643200
2024-03-08,46.61586380004883,49.56999969482422,50.45000076293945,49.5,50.11000061035156,12077300
2024-03-11,46.380760192871094,49.31999969482422,49.72999954223633,49.08000183105469,49.38999938964844,11180100
2024-03-12,45.91997146606445,48.83000183105469,49.41999816894531,48.54999923706055,49.220001220703125,12941300
2024-03-13,45.966983795166016,48.880001068115234,49.470001220703125,48.599998474121094,48.790000915527344,7639800
2024-03-14,44.77267837524414,47.61000061035156,48.81999969482422,47.27000045776367,48.61000061035156,19138600
2024-03-15,45.007774353027344,47.86000061035156,48.31999969482422,47.2599983215332,47.2599983215332,13877200
2024-03-18,44.72244644165039,47.18000030517578,47.599998474121094,47.029998779296875,47.5,7760400
2024-03-19,44.87411880493164,47.34000015258789,47.650001525878906,47.0,47.029998779296875,7537500
2024-03-20,46.27703094482422,48.81999969482422,49.2599983215332,46.97999954223633,47.13999938964844,18005200
2024-03-21,46.95952224731445,49.540000915527344,50.040000915527344,49.099998474121094,49.099998474121094,13328100
2024-03-22,45.94526290893555,48.470001220703125,49.84000015258789,48.380001068115234,49.619998931884766,10917100
2024-03-25,46.01161193847656,48.540000915527344,49.130001068115234,48.439998626708984,48.56999969482422,7018500
2024-03-26,45.72724151611328,48.2400016784668,49.040000915527344,48.20000076293945,48.810001373291016,5388900
2024-03-27,47.414520263671875,50.02000045776367,50.04999923706055,48.36000061035156,48.36000061035156,12925800
2024-03-28,47.66098403930664,50.279998779296875,50.47999954223633,49.79999923706055,49.959999084472656,10248700
2024-04-01,46.72254943847656,49.290000915527344,50.400001525878906,49.209999084472656,50.349998474121094,10704500
2024-04-02,45.85995101928711,48.380001068115234,48.81999969482422,48.189998626708984,48.75,11015200
2024-04-03,45.76515197753906,48.279998779296875,48.650001525878906,48.04999923706055,48.220001220703125,8818000
2024-04-04,45.67036819458008,48.18000030517578,49.31999969482422,48.040000915527344,48.869998931884766,11684100
2024-04-05,45.69880294799805,48.209999084472656,48.41999816894531,47.81999969482422,47.900001525878906,7787000
2024-04-08,46.4760856628418,49.029998779296875,49.22999954223633,48.20000076293945,48.34000015258789,7391200
2024-04-09,46.7794189453125,49.349998474121094,49.5099983215332,48.900001525878906,49.279998779296875,8462400
2024-04-10,44.457035064697266,46.900001525878906,48.20000076293945,46.54999923706055,48.150001525878906,28179100
2024-04-11,44.49495315551758,46.939998626708984,47.2599983215332,46.22999954223633,47.11000061035156,13807200
2024-04-12,44.09682846069336,46.52000045776367,46.79999923706055,46.13999938964844,46.27000045776367,12978100
2024-04-15,43.92620849609375,46.34000015258789,47.45000076293945,45.97999954223633,46.849998474121094,19878400
2024-04-16,43.366943359375,45.75,46.15999984741211,45.459999084472656,46.040000915527344,15760400
2024-04-17,43.44277572631836,45.83000183105469,46.4900016784668,45.7400016784668,46.31999969482422,10585600
2024-04-18,43.70819091796875,46.11000061035156,46.43000030517578,45.630001068115234,45.7599983215332,9415800
2024-04-19,44.855159759521484,47.31999969482422,47.369998931884766,45.7400016784668,45.83000183105469,15332400
2024-04-22,45.67036819458008,48.18000030517578,48.41999816894531,47.220001220703125,47.29999923706055,13819500
2024-04-23,46.191715240478516,48.72999954223633,49.060001373291016,47.869998931884766,48.13999938964844,12965500
2024-04-24,46.457130432128906,49.0099983215332,49.119998931884766,48.11000061035156,48.349998474121094,9540600
2024-04-25,45.94526290893555,48.470001220703125,48.81999969482422,47.810001373291016,48.68000030517578,11646000
2024-04-26,45.67984390258789,48.189998626708984,48.88999938964844,48.15999984741211,48.36000061035156,9127800
2024-04-29,45.28172302246094,47.77000045776367,48.56999969482422,47.70000076293945,48.209999084472656,15276200
2024-04-30,44.57078552246094,47.02000045776367,47.7599983215332,46.97999954223633,47.470001220703125,12559800
2024-05-01,45.71775817871094,48.22999954223633,49.2599983215332,47.459999084472656,47.459999084472656,26305400
2024-05-02,46.46661376953125,49.02000045776367,49.06999969482422,48.36000061035156,48.81999969482422,12595900
2024-05-03,47.06380081176758,49.650001525878906,50.209999084472656,49.47999954223633,49.79999923706055,14924800
2024-05-06,47.433475494384766,50.040000915527344,50.34000015258789,49.689998626708984,50.0,10151100
2024-05-07,47.28181838989258,49.880001068115234,50.529998779296875,49.849998474121094,50.29999923706055,9147900
2024-05-08,47.556705474853516,50.16999816894531,50.18000030517578,49.29999923706055,49.4900016784668,6644100
2024-05-09,47.78420639038086,50.40999984741211,50.459999084472656,49.91999816894531,50.13999938964844,7973900
2024-05-10,47.72732925415039,50.349998474121094,50.599998474121094,49.95000076293945,50.4900016784668,8636500
2024-05-13,47.679935455322266,50.29999923706055,50.790000915527344,50.290000915527344,50.59000015258789,9515600
2024-05-14,48.239200592041016,50.88999938964844,51.0,50.4900016784668,50.779998779296875,10244800
2024-05-15,48.409828186035156,51.06999969482422,51.75,50.689998626708984,51.45000076293945,15942600
2024-05-16,48.20128631591797,50.849998474121094,51.27000045776367,50.810001373291016,50.97999954223633,8112800
2024-05-17,48.5235710144043,51.189998626708984,51.40999984741211,50.83000183105469,51.02000045776367,8772700
2024-05-20,47.82212448120117,50.45000076293945,51.36000061035156,50.41999816894531,51.36000061035156,8328200
2024-05-21,47.88847732543945,50.52000045776367,50.849998474121094,50.29999923706055,50.33000183105469,8303100
2024-05-22,47.31025314331055,49.90999984741211,50.61000061035156,49.68000030517578,50.380001068115234,8873300
2024-05-23,46.17275619506836,48.709999084472656,50.189998626708984,48.439998626708984,50.189998626708984,15161900
2024-05-24,46.3718147277832,48.91999816894531,49.06999969482422,48.59000015258789,48.959999084472656,6530500
2024-05-28,45.98318099975586,48.5099983215332,49.22999954223633,48.290000915527344,49.20000076293945,10690500
2024-05-29,44.87411880493164,47.34000015258789,47.7400016784668,47.0,47.52000045776367,19541100
2024-05-30,45.660884857177734,48.16999816894531,48.40999984741211,47.63999938964844,48.02000045776367,12196800
2024-05-31,46.305458068847656,48.849998474121094,48.880001068115234,48.290000915527344,48.45000076293945,13437200
2024-06-03,45.49974060058594,48.0,49.400001525878906,47.7599983215332,49.33000183105469,11314700
2024-06-04,44.69401550292969,47.150001525878906,47.65999984741211,47.029998779296875,47.380001068115234,19446400
2024-06-05,44.836204528808594,47.29999923706055,47.58000183105469,46.9900016784668,47.58000183105469,8739200
2024-06-06,44.949947357177734,47.41999816894531,47.56999969482422,46.9900016784668,47.2599983215332,10946800
2024-06-07,44.75088882446289,47.209999084472656,47.470001220703125,46.88999938964844,46.93000030517578,11918500
2024-06-10,44.05891418457031,46.47999954223633,46.900001525878906,46.13999938964844,46.709999084472656,10792400
2024-06-11,43.89777374267578,46.310001373291016,46.47999954223633,45.7599983215332,46.290000915527344,17058500
2024-06-12,44.98786544799805,47.459999084472656,48.400001525878906,47.029998779296875,47.56999969482422,25433200
2024-06-13,44.27693557739258,46.709999084472656,47.33000183105469,46.45000076293945,47.18000030517578,13248800
2024-06-14,43.71767044067383,46.119998931884766,46.540000915527344,45.83000183105469,46.22999954223633,12336600
2024-06-17,44.457035064697266,46.900001525878906,46.95000076293945,45.790000915527344,46.15999984741211,12468700
2024-06-18,44.57078552246094,47.02000045776367,47.349998474121094,46.650001525878906,46.810001373291016,8886000
2024-06-20,44.64661407470703,47.099998474121094,47.209999084472656,46.7400016784668,46.83000183105469,7874700
2024-06-21,44.56130599975586,47.0099983215332,47.06999969482422,46.63999938964844,47.0099983215332,8100700
2024-06-24,45.48086929321289,47.58000183105469,48.029998779296875,46.689998626708984,46.93000030517578,14405600
2024-06-25,44.85954284667969,46.93000030517578,47.619998931884766,46.900001525878906,47.2599983215332,8946700
2024-06-26,45.050716400146484,47.130001068115234,47.209999084472656,46.470001220703125,46.779998779296875,7670500
2024-06-27,45.528663635253906,47.630001068115234,47.630001068115234,46.79999923706055,47.119998931884766,8201200
2024-06-28,46.933807373046875,49.099998474121094,49.25,47.900001525878906,48.02000045776367,28137300
2024-07-01,46.713951110839844,48.869998931884766,49.54999923706055,48.68000030517578,49.0,14172400
2024-07-02,47.26836395263672,49.45000076293945,49.54999923706055,48.66999816894531,48.869998931884766,8987800
2024-07-03,46.503662109375,48.650001525878906,49.56999969482422,48.630001068115234,49.529998779296875,9623400
2024-07-05,45.82498550415039,47.939998626708984,48.650001525878906,47.77000045776367,48.560001373291016,14015800
2024-07-08,45.83454513549805,47.95000076293945,48.63999938964844,47.86000061035156,48.290000915527344,13680700
2024-07-09,46.6566047668457,48.810001373291016,48.880001068115234,47.66999816894531,47.75,12433200
2024-07-10,47.669837951660156,49.869998931884766,49.88999938964844,48.75,48.93000030517578,13424100
2024-07-11,49.67719268798828,51.970001220703125,52.099998474121094,50.560001373291016,50.72999954223633,23565800
2024-07-12,49.791893005371094,52.09000015258789,52.56999969482422,51.790000915527344,52.310001373291016,18596000
2024-07-15,51.24483108520508,53.61000061035156,54.150001525878906,52.84000015258789,52.88999938964844,25849400
2024-07-16,53.58674621582031,56.060001373291016,56.119998931884766,53.84000015258789,54.040000915527344,27215900
2024-07-17,54.23674774169922,56.7400016784668,57.099998474121094,55.119998931884766,55.13999938964844,24801100
2024-07-18,53.2521858215332,55.709999084472656,57.63999938964844,55.380001068115234,56.2400016784668,30857000
2024-07-19,53.51983642578125,55.9900016784668,56.77000045776367,55.380001068115234,55.70000076293945,16186200
2024-07-22,54.418365478515625,56.93000030517578,57.13999938964844,55.099998474121094,55.790000915527344,21052200
2024-07-23,55.26909637451172,57.81999969482422,58.2599983215332,56.33000183105469,56.43000030517578,20458800
2024-07-24,54.255859375,56.7599983215332,58.31999969482422,56.7599983215332,57.529998779296875,19829200
2024-07-25,55.65144729614258,58.220001220703125,58.90999984741211,56.529998779296875,56.72999954223633,21973000
2024-07-26,56.61689758300781,59.22999954223633,59.40999984741211,58.5,58.599998474121094,19227000
2024-07-29,55.41248321533203,57.970001220703125,59.5099983215332,57.939998626708984,59.34000015258789,17794100
2024-07-30,55.93821334838867,58.52000045776367,58.68000030517578,57.970001220703125,58.279998779296875,12956200
2024-07-31,55.708805084228516,58.279998779296875,59.59000015258789,57.86000061035156,58.349998474121094,18118200
2024-08-01,53.21395492553711,55.66999816894531,58.33000183105469,55.290000915527344,58.150001525878906,33929200
2024-08-02,51.45513153076172,53.83000183105469,54.040000915527344,52.65999984741211,53.849998474121094,34176200
2024-08-05,50.04042053222656,52.349998474121094,53.08000183105469,50.529998779296875,51.599998474121094,27172100
2024-08-06,50.155128479003906,52.470001220703125,53.34000015258789,51.72999954223633,52.310001373291016,16249800
2024-08-07,49.839691162109375,52.13999938964844,53.66999816894531,52.06999969482422,53.349998474121094,12291400
2024-08-08,50.72865295410156,53.06999969482422,53.150001525878906,52.33000183105469,53.0,9650200
2024-08-09,50.48012924194336,52.810001373291016,53.060001373291016,52.369998931884766,53.02000045776367,9467700
2024-08-12,49.95439147949219,52.2599983215332,54.119998931884766,52.08000183105469,53.33000183105469,14432700
2024-08-13,50.566158294677734,52.900001525878906,53.09000015258789,51.97999954223633,52.81999969482422,11409200
2024-08-14,50.451446533203125,52.779998779296875,53.2599983215332,52.2599983215332,53.22999954223633,9143700
2024-08-15,51.60807418823242,53.9900016784668,54.72999954223633,53.689998626708984,53.88999938964844,16551200
2024-08-16,52.44924545288086,54.869998931884766,55.20000076293945,53.7599983215332,53.869998931884766,10392100
2024-08-19,53.051448822021484,55.5,55.5,54.779998779296875,54.91999816894531,8111300
2024-08-20,52.057334899902344,54.459999084472656,55.279998779296875,54.369998931884766,55.2599983215332,9446000
2024-08-21,52.363216400146484,54.779998779296875,54.900001525878906,54.13999938964844,54.84000015258789,6208600
2024-08-22,52.51615524291992,54.939998626708984,55.459999084472656,54.70000076293945,54.88999938964844,9230400
2024-08-23,55.183067321777344,57.72999954223633,58.43000030517578,55.25,55.349998474121094,26080700
2024-08-26,54.77203369140625,57.29999923706055,58.43000030517578,57.189998626708984,58.220001220703125,11232100
2024-08-27,54.24630355834961,56.75,57.06999969482422,56.290000915527344,56.84000015258789,8991700
2024-08-28,54.71468734741211,57.2400016784668,57.61000061035156,56.439998626708984,56.599998474121094,10331500
2024-08-29,54.86763000488281,57.400001525878906,57.93000030517578,56.720001220703125,57.709999084472656,8913100
2024-08-30,55.27865982055664,57.83000183105469,57.9900016784668,57.029998779296875,57.59000015258789,8584200
2024-09-03,54.5713005065918,57.09000015258789,58.06999969482422,56.83000183105469,57.27000045776367,12199800
2024-09-04,53.911746978759766,56.400001525878906,57.41999816894531,56.119998931884766,56.810001373291016,10519000
2024-09-05,53.386009216308594,55.849998474121094,57.02000045776367,55.58000183105469,56.86000061035156,10451300
2024-09-06,52.42057418823242,54.84000015258789,56.470001220703125,54.56999969482422,56.11000061035156,16087100
2024-09-09,52.83159637451172,55.27000045776367,55.650001525878906,54.75,55.119998931884766,10064900
2024-09-10,52.372772216796875,54.790000915527344,55.54999923706055,53.65999984741211,55.54999923706055,18340800
2024-09-11,51.761009216308594,54.150001525878906,54.36000061035156,52.7599983215332,54.25,20554600
2024-09-12,51.96174621582031,54.36000061035156,54.72999954223633,53.720001220703125,54.439998626708984,8765200
2024-09-13,53.357330322265625,55.81999969482422,55.849998474121094,54.810001373291016,54.970001220703125,12869100
2024-09-16,54.045570373535156,56.540000915527344,56.84000015258789,55.4900016784668,55.93000030517578,9224800
2024-09-17,54.49483108520508,57.0099983215332,58.13999938964844,56.630001068115234,57.06999969482422,11249000
2024-09-18,54.733802795410156,57.2599983215332,59.060001373291016,56.36000061035156,57.13999938964844,20492200
2024-09-19,56.28233337402344,58.880001068115234,59.13999938964844,57.709999084472656,58.650001525878906,16946400
2024-09-20,55.14483642578125,57.689998626708984,58.689998626708984,57.630001068115234,58.630001068115234,11416800
2024-09-23,54.70412063598633,56.849998474121094,57.720001220703125,56.56999969482422,57.52000045776367,10010600
2024-09-24,53.96318435668945,56.08000183105469,57.2400016784668,55.93000030517578,56.810001373291016,9417400
2024-09-25,53.1548957824707,55.2400016784668,56.18000030517578,55.130001068115234,56.09000015258789,13763000
2024-09-26,53.74186325073242,55.849998474121094,56.150001525878906,55.459999084472656,55.9900016784668,13126900
2024-09-27,53.80922317504883,55.91999816894531,56.59000015258789,55.689998626708984,56.40999984741211,7614200
2024-09-30,54.46355438232422,56.599998474121094,56.9900016784668,55.68000030517578,55.88999938964844,9278600
2024-10-01,52.644893646240234,54.709999084472656,56.25,54.38999938964844,56.25,17453700
2024-10-02,52.5294303894043,54.59000015258789,55.40999984741211,54.41999816894531,54.689998626708984,7537000
2024-10-03,52.654518127441406,54.720001220703125,54.869998931884766,53.88999938964844,54.22999954223633,8079000
2024-10-04,53.73224639892578,55.84000015258789,56.2599983215332,55.36000061035156,55.79999923706055,11242400
2024-10-07,53.49168395996094,55.59000015258789,55.900001525878906,55.13999938964844,55.63999938964844,7269200
2024-10-08,53.32809829711914,55.41999816894531,55.95000076293945,55.27000045776367,55.70000076293945,7009700
2024-10-09,54.02091979980469,56.13999938964844,56.560001373291016,55.15999984741211,55.36000061035156,10638900
2024-10-10,53.972808837890625,56.09000015258789,56.38999938964844,55.470001220703125,55.849998474121094,8150600
2024-10-11,55.83958435058594,58.029998779296875,58.279998779296875,56.459999084472656,56.459999084472656,22096400
2024-10-14,56.28221893310547,58.4900016784668,58.7599983215332,57.52000045776367,58.06999969482422,11169800
2024-10-15,56.89805603027344,59.130001068115234,60.40999984741211,58.40999984741211,58.849998474121094,21830300
2024-10-16,57.677486419677734,59.939998626708984,60.52000045776367,59.31999969482422,59.65999984741211,17911000
2024-10-17,58.177852630615234,60.459999084472656,60.61000061035156,59.650001525878906,60.119998931884766,14806200
2024-10-18,57.38880920410156,59.63999938964844,60.52000045776367,59.529998779296875,60.45000076293945,12041200
2024-10-21,55.704864501953125,57.88999938964844,59.75,57.77000045776367,59.650001525878906,19228200
2024-10-22,56.407310485839844,58.619998931884766,58.70000076293945,57.7599983215332,57.939998626708984,11097100
2024-10-23,56.44580078125,58.65999984741211,59.0099983215332,57.959999084472656,58.41999816894531,10278700
2024-10-24,56.734474182128906,58.959999084472656,59.040000915527344,57.9900016784668,58.810001373291016,11207400
2024-10-25,55.7144889831543,57.900001525878906,59.560001373291016,57.689998626708984,59.290000915527344,14982900
2024-10-28,57.31182861328125,59.560001373291016,59.83000183105469,58.27000045776367,58.52000045776367,15722300
2024-10-29,56.975040435791016,59.209999084472656,59.66999816894531,58.97999954223633,59.380001068115234,8539500
2024-10-30,57.552391052246094,59.810001373291016,60.81999969482422,58.9900016784668,59.15999984741211,17946000
2024-10-31,56.724853515625,58.95000076293945,60.150001525878906,58.91999816894531,59.79999923706055,14257000
2024-11-01,56.42655563354492,58.63999938964844,59.7599983215332,58.5,59.29999923706055,11512000
2024-11-04,55.93580627441406,58.130001068115234,58.5,57.38999938964844,58.380001068115234,19173700
2024-11-05,56.89805603027344,59.130001068115234,59.220001220703125,58.060001373291016,58.31999969482422,16097500
2024-11-06,64.52872467041016,67.05999755859375,67.12000274658203,63.4900016784668,63.599998474121094,64388300
2024-11-07,62.190452575683594,64.62999725341797,66.3499984741211,64.30999755859375,66.27999877929688,25755100
2024-11-08,62.52724838256836,64.9800033569336,65.45999908447266,64.2699966430664,64.9000015258789,18268800
2024-11-11,64.46135711669922,66.98999786376953,67.79000091552734,65.81999969482422,66.19000244140625,20318600
2024-11-12,64.08609008789062,66.5999984741211,67.51000213623047,66.30000305175781,66.63999938964844,16415200
2024-11-13,63.69157791137695,66.19000244140625,67.95999908447266,66.12000274658203,66.93000030517578,14123700
2024-11-14,63.34516143798828,65.83000183105469,66.6500015258789,65.47000122070312,66.36000061035156,9979900
2024-11-15,63.35477828979492,65.83999633789062,66.48999786376953,65.02999877929688,65.80000305175781,13443700
2024-11-18,63.23930740356445,65.72000122070312,66.23999786376953,65.62999725341797,65.86000061035156,7434200
2024-11-19,62.87364959716797,65.33999633789062,65.73999786376953,64.58000183105469,64.63999938964844,8318600
2024-11-20,62.70045471191406,65.16000366210938,65.5999984741211,64.43000030517578,65.33999633789062,9427700
2024-11-21,63.63383483886719,66.12999725341797,66.93000030517578,65.38999938964844,65.44999694824219,15814000
2024-11-22,65.2311782836914,67.79000091552734,67.86000061035156,66.19999694824219,66.33999633789062,16224900
2024-11-25,66.29927825927734,68.9000015258789,70.25,68.55999755859375,68.55999755859375,22010600
2024-11-26,65.58721923828125,68.16000366210938,68.75,68.02999877929688,68.4800033569336,10961200
2024-11-27,65.37551879882812,67.94000244140625,69.13999938964844,67.91000366210938,68.69000244140625,8516700
2024-11-29,65.17344665527344,67.7300033569336,68.55000305175781,67.23999786376953,68.19999694824219,5060700
2024-12-02,64.5575942993164,67.08999633789062,67.97000122070312,66.63999938964844,67.83000183105469,12988800
2024-12-03,63.98986053466797,66.5,67.38999938964844,66.20999908447266,66.94000244140625,12429200
2024-12-04,64.19194030761719,66.70999908447266,66.83999633789062,65.87999725341797,66.45999908447266,11747000
2024-12-05,63.864784240722656,66.37000274658203,67.58000183105469,66.29000091552734,67.08999633789062,8069500
2024-12-06,64.047607421875,66.55999755859375,67.04000091552734,65.80000305175781,66.80000305175781,7414000
2024-12-09,63.00837326049805,65.4800033569336,66.8499984741211,65.43000030517578,66.61000061035156,9580200
2024-12-10,62.99875259399414,65.47000122070312,66.55999755859375,64.97000122070312,65.79000091552734,10739800
2024-12-11,63.3259162902832,65.80999755859375,66.51000213623047,65.7300033569336,66.0999984741211,12435800
2024-12-12,62.556114196777344,65.01000213623047,66.02999877929688,64.94999694824219,65.66000366210938,10548800
2024-12-13,62.325172424316406,64.7699966430664,65.26000213623047,64.22000122070312,65.26000213623047,10990900
2024-12-16,62.63308334350586,65.08999633789062,65.11000061035156,64.25,64.87999725341797,10993500
2024-12-17,61.16084289550781,63.560001373291016,64.9800033569336,63.290000915527344,64.5999984741211,16791200
2024-12-18,57.985408782958984,60.2599983215332,64.25,59.970001220703125,64.08000183105469,25891300
2024-12-19,57.47541046142578,59.72999954223633,61.91999816894531,59.619998931884766,61.47999954223633,27602700
2024-12-20,58.514644622802734,60.810001373291016,61.459999084472656,59.279998779296875,59.400001525878906,20130500
2024-12-23,58.71034622192383,60.599998474121094,60.7400016784668,59.86000061035156,60.029998779296875,10452900
2024-12-24,59.13662338256836,61.040000915527344,61.11000061035156,60.310001373291016,60.599998474121094,5302800
2024-12-26,59.41758346557617,61.33000183105469,61.38999938964844,60.279998779296875,60.58000183105469,7394400
2024-12-27,58.68128204345703,60.56999969482422,61.459999084472656,60.02000045776367,60.959999084472656,8144000
2024-12-30,58.53596115112305,60.41999816894531,60.7599983215332,59.599998474121094,60.16999816894531,6190400
2024-12-31,58.4681396484375,60.349998474121094,61.02000045776367,60.13999938964844,60.619998931884766,6166000
2025-01-02,57.81903076171875,59.68000030517578,61.189998626708984,59.4900016784668,60.720001220703125,8480200
2025-01-03,58.661903381347656,60.54999923706055,60.61000061035156,58.79999923706055,59.880001068115234,11736900
2025-01-06,58.78784942626953,60.68000030517578,61.9900016784668,60.47999954223633,60.869998931884766,13557300
2025-01-07,58.23563003540039,60.11000061035156,61.310001373291016,59.58000183105469,61.02000045776367,9219500
2025-01-08,58.21624755859375,60.09000015258789,60.47999954223633,59.310001373291016,60.02000045776367,10845000
2025-01-10,56.491756439208984,58.310001373291016,59.16999816894531,57.66999816894531,59.09000015258789,18474900
2025-01-13,57.334625244140625,59.18000030517578,59.2599983215332,57.72999954223633,58.08000183105469,12518300
2025-01-14,59.28194808959961,61.189998626708984,61.220001220703125,59.66999816894531,59.959999084472656,15167700
2025-01-15,60.77392578125,62.72999954223633,63.560001373291016,62.029998779296875,63.470001220703125,19826900
2025-01-16,60.20232391357422,62.13999938964844,62.529998779296875,61.599998474121094,62.15999984741211,16387700
2025-01-17,61.10332489013672,63.06999969482422,63.2400016784668,62.310001373291016,62.560001373291016,12008000
2025-01-21,61.85900115966797,63.849998474121094,64.25,63.31999969482422,63.560001373291016,11819100
2025-01-22,61.122703552246094,63.09000015258789,63.709999084472656,62.72999954223633,63.41999816894531,12433300
2025-01-23,60.89987564086914,62.86000061035156,63.540000915527344,62.59000015258789,63.15999984741211,8214300
2025-01-24,61.355220794677734,63.33000183105469,63.7599983215332,62.369998931884766,62.709999084472656,10066800
2025-01-27,62.00432586669922,64.0,64.48999786376953,63.27000045776367,63.529998779296875,11852400
2025-01-28,61.694305419921875,63.68000030517578,64.30999755859375,63.060001373291016,63.75,7274500
2025-01-29,61.62649154663086,63.61000061035156,64.66999816894531,63.099998474121094,63.5,8161800
2025-01-30,62.31434631347656,64.31999969482422,65.01000213623047,63.66999816894531,64.22000122070312,10865900
2025-01-31,62.159339904785156,64.16000366210938,64.87999725341797,63.779998779296875,64.44000244140625,13442500
2025-02-03,60.870811462402344,62.83000183105469,63.540000915527344,61.79999923706055,62.29999923706055,13678500
2025-02-04,62.052764892578125,64.05000305175781,64.29000091552734,62.70000076293945,62.7599983215332,10220800
2025-02-05,62.73094177246094,64.75,64.75,63.70000076293945,64.44999694824219,6928700
2025-02-06,63.45755386352539,65.5,65.56999969482422,64.56999969482422,65.01000213623047,7723800
2025-02-07,62.614681243896484,64.62999725341797,65.5,63.970001220703125,65.44999694824219,11858700
2025-02-10,61.888065338134766,63.880001068115234,64.76000213623047,63.81999969482422,64.66999816894531,9476600
2025-02-11,62.90532684326172,64.93000030517578,64.97000122070312,63.31999969482422,63.5,9398300
2025-02-12,61.43272018432617,63.40999984741211,64.16999816894531,63.380001068115234,63.79999923706055,12050500
2025-02-13,61.7039909362793,63.689998626708984,63.72999954223633,63.02000045776367,63.540000915527344,8818400
2025-02-14,61.89775085449219,63.88999938964844,64.68000030517578,63.68000030517578,63.77000045776367,7019500
2025-02-18,62.44998550415039,64.45999908447266,64.62999725341797,63.650001525878906,63.869998931884766,9812300
2025-02-19,62.217464447021484,64.22000122070312,64.52999877929688,63.68000030517578,63.849998474121094,6812000
2025-02-20,61.0936393737793,63.060001373291016,64.2699966430664,62.43000030517578,63.970001220703125,12905200
2025-02-21,59.50477981567383,61.41999816894531,63.65999984741211,61.29999923706055,63.5099983215332,20368300
2025-02-24,59.06880569458008,60.970001220703125,61.95000076293945,60.7400016784668,61.95000076293945,12768100
2025-02-25,59.1075553894043,61.0099983215332,61.869998931884766,60.61000061035156,61.380001068115234,13702600
2025-02-26,59.262569427490234,61.16999816894531,61.81999969482422,60.66999816894531,61.27000045776367,9547900
2025-02-27,59.34976577758789,61.2599983215332,62.06999969482422,60.97999954223633,61.36000061035156,10620100
2025-02-28,60.1345100402832,62.06999969482422,62.25,61.150001525878906,61.54999923706055,10113800
2025-03-03,59.27225875854492,61.18000030517578,62.75,60.63999938964844,62.2599983215332,13098800
2025-03-04,57.19899368286133,59.040000915527344,60.5,58.060001373291016,60.5,27735800
2025-03-05,56.87928009033203,58.709999084472656,59.4900016784668,57.790000915527344,59.0,20097300
2025-03-06,55.95890426635742,57.7599983215332,58.2599983215332,57.2400016784668,58.099998474121094,17350600
2025-03-07,55.891090393066406,57.689998626708984,58.029998779296875,56.380001068115234,57.599998474121094,18411900
2025-03-10,53.682186126708984,55.40999984741211,57.02000045776367,54.97999954223633,56.7599983215332,22840900
2025-03-11,53.391536712646484,55.11000061035156,56.09000015258789,54.560001373291016,55.54999923706055,18462500
2025-03-12,54.01158142089844,55.75,56.2599983215332,55.02000045776367,55.91999816894531,16149600
2025-03-13,53.41091537475586,55.130001068115234,56.38999938964844,55.08000183105469,55.939998626708984,15280700
2025-03-14,54.99008560180664,56.7599983215332,56.79999923706055,55.560001373291016,55.86000061035156,13613400
2025-03-17,55.34854507446289,57.130001068115234,57.38999938964844,56.5,56.77000045776367,12034500
2025-03-18,55.19353485107422,56.970001220703125,57.29999923706055,56.45000076293945,57.060001373291016,9441100
2025-03-19,55.88140106201172,57.68000030517578,58.2400016784668,56.91999816894531,57.11000061035156,10580000
2025-03-20,55.50355911254883,57.290000915527344,58.2599983215332,57.029998779296875,57.099998474121094,10861500
2025-03-21,55.47449493408203,57.2599983215332,57.58000183105469,56.380001068115234,56.83000183105469,16073400
2025-03-24,56.984188079833984,58.43000030517578,58.66999816894531,57.709999084472656,57.95000076293945,10312200
2025-03-25,56.80864334106445,58.25,58.83000183105469,58.209999084472656,58.5099983215332,8875100
2025-03-26,56.574581146240234,58.0099983215332,59.15999984741211,57.779998779296875,58.54999923706055,10035600
2025-03-27,56.12596893310547,57.54999923706055,58.25,57.33000183105469,57.97999954223633,8728200
2025-03-28,55.01417541503906,56.40999984741211,57.86000061035156,55.959999084472656,57.31999969482422,10703700
2025-03-31,55.44328689575195,56.849998474121094,57.09000015258789,55.5099983215332,55.7400016784668,9410500
2025-04-01,55.02392578125,56.41999816894531,56.7599983215332,55.599998474121094,56.720001220703125,10657200
2025-04-02,55.804134368896484,57.220001220703125,57.290000915527344,55.560001373291016,55.650001525878906,12999800
2025-04-03,50.04037094116211,51.310001373291016,54.599998474121094,51.22999954223633,54.310001373291016,37195800
2025-04-04,48.04108810424805,49.2599983215332,49.65999984741211,47.13999938964844,49.220001220703125,39449000
2025-04-07,48.050846099853516,49.27000045776367,51.88999938964844,47.060001373291016,47.5,32051500
2025-04-08,47.60223388671875,48.810001373291016,51.72999954223633,47.97999954223633,50.95000076293945,23365600
2025-04-09,51.32770538330078,52.630001068115234,53.369998931884766,47.220001220703125,48.029998779296875,39718800
2025-04-10,48.17762756347656,49.400001525878906,51.34000015258789,47.95000076293945,51.11000061035156,31201100
2025-04-11,48.04108810424805,49.2599983215332,49.7599983215332,47.83000183105469,48.720001220703125,25140600
2025-04-14,48.879817962646484,50.119998931884766,50.33000183105469,48.83000183105469,50.0099983215332,15330900
2025-04-15,49.70878601074219,50.970001220703125,51.650001525878906,50.220001220703125,50.279998779296875,14787700
2025-04-16,49.699031829833984,50.959999084472656,51.439998626708984,50.290000915527344,50.709999084472656,18774600
2025-04-17,50.147647857666016,51.41999816894531,51.790000915527344,51.04999923706055,51.13999938964844,25653500
2025-04-21,49.484474182128906,50.7400016784668,51.15999984741211,50.209999084472656,51.0099983215332,12011600
2025-04-22,51.07414245605469,52.369998931884766,52.56999969482422,51.029998779296875,51.09000015258789,12706200
2025-04-23,52.224945068359375,53.54999923706055,55.439998626708984,53.189998626708984,54.099998474121094,28543700
2025-04-24,53.1026725769043,54.45000076293945,54.4900016784668,53.0099983215332,53.40999984741211,13620400
2025-04-25,52.615047454833984,53.95000076293945,54.31999969482422,53.529998779296875,53.91999816894531,10941100
2025-04-28,52.927127838134766,54.27000045776367,54.5,53.59000015258789,54.099998474121094,7236800
2025-04-29,53.404998779296875,54.7599983215332,54.939998626708984,53.540000915527344,54.25,8643700
2025-04-30,52.790592193603516,54.130001068115234,54.380001068115234,53.04999923706055,53.599998474121094,10159100
2025-05-01,53.37574005126953,54.72999954223633,55.2400016784668,53.709999084472656,54.34000015258789,10549200
2025-05-02,54.848384857177734,56.2400016784668,56.400001525878906,55.25,55.75,11937900
2025-05-05,54.6533317565918,56.040000915527344,56.81999969482422,55.529998779296875,55.59000015258789,10386700
2025-05-06,54.08768081665039,55.459999084472656,56.029998779296875,55.04999923706055,55.349998474121094,7829700
2025-05-07,54.136444091796875,55.5099983215332,56.22999954223633,55.29999923706055,55.93000030517578,10934400
2025-05-08,55.44328689575195,56.849998474121094,57.25,56.0,56.04999923706055,11470200
2025-05-09,55.179969787597656,56.58000183105469,57.099998474121094,56.380001068115234,56.84000015258789,6763000
2025-05-12,57.715633392333984,59.18000030517578,59.95000076293945,58.93000030517578,59.22999954223633,16337800
2025-05-13,57.988704681396484,59.459999084472656,59.7400016784668,59.040000915527344,59.400001525878906,10082700
2025-05-14,57.72538375854492,59.189998626708984,59.56999969482422,58.97999954223633,59.15999984741211,11334300
2025-05-15,57.78390121459961,59.25,59.470001220703125,58.77000045776367,59.18000030517578,7010400
2025-05-16,57.77415084838867,59.2400016784668,59.40999984741211,58.720001220703125,59.099998474121094,7961500
2025-05-19,57.54008483886719,59.0,59.060001373291016,58.29999923706055,58.4900016784668,6665300
2025-05-20,57.276763916015625,58.72999954223633,58.970001220703125,58.540000915527344,58.93000030517578,6114300
2025-05-21,55.248233795166016,56.650001525878906,58.29999923706055,56.61000061035156,58.150001525878906,14385300
2025-05-22,55.248233795166016,56.650001525878906,57.16999816894531,56.27000045776367,56.439998626708984,11582400
2025-05-23,55.004425048828125,56.400001525878906,56.68000030517578,55.369998931884766,55.38999938964844,12386000
2025-05-27,56.3112678527832,57.7400016784668,57.779998779296875,56.470001220703125,57.11000061035156,10649400
2025-05-28,55.3945198059082,56.79999923706055,57.900001525878906,56.7599983215332,57.56999969482422,9277200
2025-05-29,55.872398376464844,57.290000915527344,57.290000915527344,56.599998474121094,57.02000045776367,11223200
2025-05-30,55.4725456237793,56.880001068115234,57.18000030517578,56.52000045776367,57.02000045776367,7450700
2025-06-02,55.06293487548828,56.459999084472656,56.75,55.61000061035156,56.650001525878906,9412000
2025-06-03,55.930912017822266,57.349998474121094,57.52000045776367,56.130001068115234,56.25,9811700
2025-06-04,55.23847961425781,56.63999938964844,57.59000015258789,56.630001068115234,57.29999923706055,9937100
2025-06-05,55.19947052001953,56.599998474121094,56.959999084472656,56.11000061035156,56.66999816894531,9112400
2025-06-06,56.58433532714844,58.02000045776367,58.060001373291016,57.290000915527344,57.529998779296875,10195100
2025-06-09,56.86716079711914,58.310001373291016,58.849998474121094,58.08000183105469,58.349998474121094,10121900
2025-06-10,57.47182083129883,58.93000030517578,59.2599983215332,58.209999084472656,58.43000030517578,10920500
2025-06-11,56.69161605834961,58.130001068115234,59.349998474121094,57.95000076293945,59.130001068115234,15108500
2025-06-12,56.35027313232422,57.779998779296875,57.810001373291016,57.11000061035156,57.689998626708984,11134700
2025-06-13,54.83863067626953,56.22999954223633,57.08000183105469,56.119998931884766,56.97999954223633,16697700
2025-06-16,55.092193603515625,56.4900016784668,57.20000076293945,56.349998474121094,56.9900016784668,11170600
2025-06-17,54.409515380859375,55.790000915527344,56.52000045776367,55.63999938964844,55.97999954223633,10201800
2025-06-18,55.13120651245117,56.529998779296875,56.939998626708984,55.54999923706055,55.66999816894531,10753600
2025-06-20,55.550559997558594,56.959999084472656,57.16999816894531,56.59000015258789,56.81999969482422,8055500
2025-06-23,56.82814025878906,57.869998931884766,57.900001525878906,56.189998626708984,56.31999969482422,13769700
2025-06-24,57.36824035644531,58.41999816894531,59.27000045776367,58.34000015258789,58.38999938964844,22359500
2025-06-25,57.09328079223633,58.13999938964844,58.470001220703125,57.869998931884766,58.31999969482422,13312800
2025-06-26,58.40916061401367,59.47999954223633,59.599998474121094,58.290000915527344,58.349998474121094,13597100
2025-06-27,58.37969970703125,59.45000076293945,59.97999954223633,59.119998931884766,59.720001220703125,13709600
2025-06-30,58.32077407836914,59.38999938964844,60.02000045776367,59.38999938964844,59.75,15870700
2025-07-01,60.31422805786133,61.41999816894531,61.97999954223633,59.040000915527344,59.25,27903800
2025-07-02,61.384605407714844,62.5099983215332,62.560001373291016,61.2599983215332,61.65999984741211,24511000
2025-07-03,62.091644287109375,63.22999954223633,63.75,62.81999969482422,62.880001068115234,13924800
2025-07-07,61.45335006713867,62.58000183105469,63.689998626708984,62.150001525878906,62.810001373291016,14947100
2025-07-08,62.01308822631836,63.150001525878906,63.65999984741211,62.59000015258789,62.63999938964844,15782900
2025-07-09,61.98362350463867,63.119998931884766,63.720001220703125,62.77000045776367,63.650001525878906,11978700
2025-07-10,62.42552185058594,63.56999969482422,64.0199966430664,62.91999816894531,63.09000015258789,13971300
2025-07-11,61.75776290893555,62.88999938964844,63.36000061035156,62.7400016784668,63.130001068115234,13972600
2025-07-14,62.45498275756836,63.599998474121094,63.63999938964844,62.75,62.849998474121094,13430000
2025-07-15,60.265132904052734,61.369998931884766,63.63999938964844,61.31999969482422,63.36000061035156,25955400
2025-07-16,60.79541015625,61.90999984741211,62.13999938964844,60.68000030517578,61.88999938964844,17127300
2025-07-17,62.0327262878418,63.16999816894531,63.25,61.84000015258789,61.849998474121094,12283000
2025-07-18,62.13092803955078,63.27000045776367,63.70000076293945,62.77000045776367,63.63999938964844,15607500
2025-07-21,61.93452453613281,63.06999969482422,64.1500015258789,63.02000045776367,63.56999969482422,10888200
2025-07-22,62.21930694580078,63.36000061035156,63.90999984741211,62.75,63.20000076293945,13751300
2025-07-23,62.21930694580078,63.36000061035156,63.81999969482422,62.77000045776367,63.81999969482422,13203300
2025-07-24,61.060550689697266,62.18000030517578,63.16999816894531,62.06999969482422,63.130001068115234,15251000
2025-07-25,60.81504821777344,61.93000030517578,62.040000915527344,60.84000015258789,61.75,19311400
2025-07-28,60.76594924926758,61.880001068115234,62.27000045776367,61.4900016784668,62.22999954223633,9190900
2025-07-29,60.47135543823242,61.58000183105469,62.380001068115234,61.43000030517578,62.209999084472656,10510500
2025-07-30,59.69557189941406,60.790000915527344,62.040000915527344,60.470001220703125,61.849998474121094,15835500
2025-07-31,58.97871780395508,60.060001373291016,60.709999084472656,59.93000030517578,60.400001525878906,18328500
2025-08-01,57.76103973388672,58.81999969482422,59.25,57.790000915527344,59.20000076293945,28311700
2025-08-04,58.57609939575195,59.650001525878906,59.689998626708984,58.779998779296875,59.08000183105469,17346800
2025-08-05,58.77249526977539,59.849998474121094,59.88999938964844,58.54999923706055,59.79999923706055,18276200
2025-08-06,58.3011360168457,59.369998931884766,59.959999084472656,59.29999923706055,59.939998626708984,12788900
2025-08-07,57.79050064086914,58.849998474121094,60.09000015258789,58.650001525878906,60.06999969482422,17444800
2025-08-08,58.48772048950195,59.560001373291016,59.75,58.900001525878906,59.529998779296875,13067200
2025-08-11,58.330596923828125,59.400001525878906,59.9900016784668,59.15999984741211,59.650001525878906,13725800
2025-08-12,60.432071685791016,61.540000915527344,61.61000061035156,59.880001068115234,60.0,23412400
2025-08-13,61.51226806640625,62.63999938964844,62.68000030517578,61.58000183105469,61.97999954223633,24069100
2025-08-14,61.472984313964844,62.599998474121094,62.66999816894531,61.650001525878906,61.79999923706055,14380100
2025-08-15,60.48117446899414,61.59000015258789,62.79999923706055,61.56999969482422,62.79999923706055,17624400
2025-08-18,60.81504821777344,61.93000030517578,61.939998626708984,61.189998626708984,61.43000030517578,9035400
2025-08-19,60.707027435302734,61.81999969482422,62.560001373291016,61.650001525878906,61.7400016784668,13775900
2025-08-20,60.92306900024414,62.040000915527344,62.209999084472656,61.59000015258789,62.0099983215332,12302000
2025-08-21,60.677574157714844,61.790000915527344,62.06999969482422,61.470001220703125,61.56999969482422,10955600
2025-08-22,63.67265319824219,64.83999633789062,64.95999908447266,62.0099983215332,62.0099983215332,29433300
2025-08-25,63.328956604003906,64.48999786376953,64.83000183105469,64.4000015258789,64.55999755859375,11781000
2025-08-26,64.0556411743164,65.2300033569336,65.52999877929688,64.30000305175781,64.44000244140625,15829200
2025-08-27,64.56627655029297,65.75,66.05999755859375,64.8499984741211,65.11000061035156,15663700
2025-08-28,64.34041595458984,65.5199966430664,66.0199966430664,65.22000122070312,66.0,15051700
2025-08-29,64.33060455322266,65.51000213623047,66.0199966430664,65.3499984741211,65.58999633789062,11259100
2025-09-02,63.90834045410156,65.08000183105469,65.16999816894531,64.19000244140625,64.70999908447266,13317900
2025-09-03,63.9967155456543,65.16999816894531,65.7699966430664,64.48999786376953,65.0199966430664,7402200
2025-09-04,64.9394302368164,66.12999725341797,66.12999725341797,65.11000061035156,65.45999908447266,10097300
2025-09-05,64.27167510986328,65.44999694824219,66.97000122070312,65.02999877929688,66.3499984741211,18913300
2025-09-08,64.34041595458984,65.5199966430664,65.62999725341797,64.56999969482422,65.55000305175781,14154700
2025-09-09,63.682472229003906,64.8499984741211,65.7300033569336,64.66999816894531,65.47000122070312,15865100
2025-09-10,63.751220703125,64.91999816894531,65.38999938964844,64.6500015258789,64.94999694824219,12929200
2025-09-11,64.03599548339844,65.20999908447266,65.36000061035156,64.48999786376953,64.94999694824219,14249700
2025-09-12,63.8199577331543,64.98999786376953,65.4000015258789,64.69000244140625,65.05999755859375,11718100
2025-09-15,63.201297760009766,64.36000061035156,65.33999633789062,64.19999694824219,65.13999938964844,18494900
2025-09-16,62.543357849121094,63.689998626708984,64.3499984741211,62.97999954223633,64.27999877929688,16880900
2025-09-17,63.2896728515625,64.44999694824219,65.91999816894531,63.79999923706055,64.05000305175781,32906300
2025-09-18,64.97870635986328,66.16999816894531,66.19000244140625,64.5,64.80999755859375,20046400
2025-09-19,64.16365814208984,65.33999633789062,66.19999694824219,65.0999984741211,66.05000305175781,19019200
2025-09-22,63.37321853637695,64.13999938964844,64.95999908447266,63.75,64.6500015258789,16841600
2025-09-23,63.29417419433594,64.05999755859375,65.30000305175781,63.93000030517578,64.33000183105469,17723800
2025-09-24,63.165733337402344,63.93000030517578,64.54000091552734,63.59000015258789,64.27999877929688,9909900
2025-09-25,63.1262092590332,63.88999938964844,64.0999984741211,63.20000076293945,63.709999084472656,12341000
2025-09-26,63.42262268066406,64.19000244140625,64.66000366210938,63.68000030517578,64.13999938964844,11258600
2025-09-29,62.810035705566406,63.56999969482422,64.52999877929688,63.130001068115234,64.47000122070312,11305100
2025-09-30,62.54326248168945,63.29999923706055,63.88999938964844,62.45000076293945,63.630001068115234,15262900
2025-10-01,62.21720886230469,62.970001220703125,63.2599983215332,62.349998474121094,63.06999969482422,9570300
2025-10-02,62.069000244140625,62.81999969482422,63.209999084472656,62.310001373291016,62.91999816894531,13570800
2025-10-03,62.691471099853516,63.45000076293945,63.90999984741211,62.970001220703125,62.970001220703125,15656300
2025-10-06,63.323814392089844,64.08999633789062,65.0199966430664,63.400001525878906,64.25,27400000
2025-10-07,62.869319915771484,63.630001068115234,64.62000274658203,63.5,64.23999786376953,11795800
2025-10-08,62.48398208618164,63.2400016784668,63.95000076293945,63.15999984741211,63.88999938964844,16138100
2025-10-09,62.197444915771484,62.95000076293945,63.45000076293945,62.56999969482422,63.34000015258789,16841800
2025-10-10,59.47043991088867,60.189998626708984,63.599998474121094,60.15999984741211,63.20000076293945,26286300
2025-10-13,60.774662017822266,61.5099983215332,61.59000015258789,60.599998474121094,61.220001220703125,15050800
2025-10-14,62.651947021484375,63.40999984741211,63.84000015258789,60.97999954223633,61.04999923706055,22970900
2025-10-15,61.239044189453125,61.97999954223633,63.810001373291016,61.650001525878906,63.7599983215332,27305900
2025-10-16,57.444950103759766,58.13999938964844,61.439998626708984,57.54999923706055,61.400001525878906,70671400
2025-10-17,58.36383056640625,59.06999969482422,59.2599983215332,58.04999923706055,58.869998931884766,44523800
2025-10-20,59.81625747680664,60.540000915527344,60.689998626708984,59.279998779296875,59.68000030517578,27836200
2025-10-21,59.905181884765625,60.630001068115234,60.86000061035156,60.09000015258789,60.290000915527344,15486800
2025-10-22,59.71745300292969,60.439998626708984,61.20000076293945,60.119998931884766,60.790000915527344,20878500
2025-10-23,59.4605598449707,60.18000030517578,60.709999084472656,59.75,60.43000030517578,18256000
2025-10-24,60.488128662109375,61.220001220703125,61.630001068115234,60.790000915527344,60.880001068115234,17352800
2025-10-27,60.438724517822266,61.16999816894531,61.95000076293945,60.9900016784668,61.689998626708984,14032900
2025-10-28,60.19171142578125,60.91999816894531,61.33000183105469,60.5099983215332,61.150001525878906,12148600
2025-10-29,59.09498596191406,59.810001373291016,61.349998474121094,59.439998626708984,60.56999969482422,24234100
2025-10-30,59.14439010620117,59.86000061035156,60.75,59.599998474121094,59.68000030517578,18999100
2025-10-31,59.28271484375,60.0,60.08000183105469,58.93000030517578,59.5,16574700
2025-11-03,59.42103958129883,60.13999938964844,60.13999938964844,58.970001220703125,59.77000045776367,12230100
2025-11-04,59.10486602783203,59.81999969482422,60.04999923706055,59.119998931884766,59.65999984741211,13954900
2025-11-05,59.836021423339844,60.560001373291016,61.06999969482422,59.65999984741211,59.90999984741211,18169000
2025-11-06,59.440799713134766,60.15999984741211,60.79999923706055,59.81999969482422,60.369998931884766,15677900
2025-11-07,60.2806396484375,61.0099983215332,61.040000915527344,59.70000076293945,59.959999084472656,17479800
2025-11-10,60.5968132019043,61.33000183105469,61.709999084472656,60.779998779296875,61.290000915527344,12277400
2025-11-11,60.71538162231445,61.45000076293945,61.84000015258789,60.95000076293945,61.38999938964844,9358200
2025-11-12,60.7944221496582,61.529998779296875,62.45000076293945,61.5,61.540000915527344,10978200
2025-11-13,60.063270568847656,60.790000915527344,61.84000015258789,60.560001373291016,61.279998779296875,14219900
2025-11-14,60.19171142578125,60.91999816894531,61.029998779296875,60.0,60.380001068115234,13284800
2025-11-17,57.92909240722656,58.630001068115234,60.880001068115234,58.439998626708984,60.77000045776367,17610200
2025-11-18,58.452754974365234,59.15999984741211,59.619998931884766,58.20000076293945,58.380001068115234,18214400
2025-11-19,59.07522201538086,59.790000915527344,59.90999984741211,59.13999938964844,59.29999923706055,11139400
2025-11-20,58.87761306762695,59.59000015258789,61.16999816894531,59.41999816894531,60.38999938964844,20521300
2025-11-21,60.873470306396484,61.61000061035156,62.18000030517578,59.790000915527344,59.83000183105469,28254700
2025-11-24,60.92287063598633,61.65999984741211,61.95000076293945,61.09000015258789,61.52000045776367,14719600
2025-11-25,62.651947021484375,63.40999984741211,63.79999923706055,61.959999084472656,61.9900016784668,20303000
2025-11-26,62.41481399536133,63.16999816894531,63.709999084472656,63.08000183105469,63.22999954223633,12113900
2025-11-28,62.23697280883789,62.9900016784668,63.380001068115234,62.880001068115234,63.20000076293945,6876100
2025-12-01,62.91872024536133,63.68000030517578,63.9900016784668,62.540000915527344,62.630001068115234,12220500
2025-12-02,62.572906494140625,63.33000183105469,64.11000061035156,63.279998779296875,63.93000030517578,10015400
2025-12-03,63.87712478637695,64.6500015258789,64.76000213623047,63.38999938964844,63.41999816894531,13960800
2025-12-04,64.09449768066406,64.87000274658203,65.16999816894531,64.4000015258789,64.41000366210938,12334200
2025-12-05,63.9462890625,64.72000122070312,65.01000213623047,64.5,64.6500015258789,11026700
2025-12-08,64.16366577148438,64.94000244140625,65.4000015258789,64.58999633789062,64.91000366210938,11987900
2025-12-09,64.03520965576172,64.80999755859375,65.76000213623047,64.75,64.75,10742900
2025-12-10,66.2484359741211,67.05000305175781,67.41999816894531,64.7699966430664,64.77999877929688,25015200
2025-12-11,66.59425354003906,67.4000015258789,67.9800033569336,66.7300033569336,66.7300033569336,18679300
2025-12-12,66.278076171875,67.08000183105469,67.68000030517578,66.66999816894531,67.61000061035156,16895100
2025-12-15,66.45592498779297,67.26000213623047,67.87999725341797,66.95999908447266,67.58000183105469,10912100
2025-12-16,66.19903564453125,67.0,67.5,66.69000244140625,67.31999969482422,11295800
2025-12-17,66.48556518554688,67.29000091552734,68.0,66.98999786376953,66.98999786376953,12835300
2025-12-18,66.67329406738281,67.4800033569336,68.08999633789062,67.18000030517578,67.79000091552734,12901100
2025-12-19,66.4361572265625,67.23999786376953,67.86000061035156,66.9000015258789,67.30999755859375,16429700
2025-12-22,66.76226806640625,67.1500015258789,67.56999969482422,66.8499984741211,66.98999786376953,9710200
2025-12-23,66.2850341796875,66.66999816894531,67.3499984741211,66.63999938964844,67.01000213623047,8856100
2025-12-24,66.34469604492188,66.7300033569336,66.91000366210938,66.37000274658203,66.69000244140625,3480600
2025-12-26,66.13590240478516,66.5199966430664,66.88999938964844,66.2300033569336,66.70999908447266,5779700
2025-12-29,65.55925750732422,65.94000244140625,66.83000183105469,65.81999969482422,66.5199966430664,8210200
2025-12-30,65.06214141845703,65.44000244140625,66.02999877929688,65.38999938964844,66.02999877929688,9126100
2025-12-31,64.43577575683594,64.80999755859375,65.70999908447266,64.79000091552734,65.55999755859375,9961200
2026-01-02,64.86329650878906,65.23999786376953,65.58999633789062,64.05999755859375,64.91000366210938,14549300
2026-01-05,66.17567443847656,66.55999755859375,67.2300033569336,65.0199966430664,65.23999786376953,20130900
2026-01-06,66.84180450439453,67.2300033569336,67.36000061035156,66.04000091552734,66.33999633789062,11816200
2026-01-07,66.36457824707031,66.75,67.48999786376953,66.20999908447266,67.13999938964844,12751600
2026-01-08,67.68689727783203,68.08000183105469,68.62999725341797,66.4000015258789,66.5,23176800
2026-01-09,67.09036254882812,67.4800033569336,68.66999816894531,67.4000015258789,68.2699966430664,14238000
2026-01-12,66.29498291015625,66.68000030517578,67.22000122070312,66.33000183105469,66.88999938964844,16710600
2026-01-13,65.8575210571289,66.23999786376953,67.19000244140625,66.13999938964844,66.87000274658203,13611800
2026-01-14,66.59325408935547,66.9800033569336,67.20999908447266,65.83999633789062,66.19000244140625,13337400
2026-01-15,67.8459701538086,68.23999786376953,68.66000366210938,67.08000183105469,67.1500015258789,15840700
2026-01-16,67.45822143554688,67.8499984741211,68.47000122070312,67.76000213623047,68.11000061035156,14681500
2026-01-20,66.5733642578125,66.95999908447266,67.80999755859375,66.73999786376953,66.9000015258789,18387500
2026-01-21,69.67534637451172,70.08000183105469,70.37000274658203,67.5199966430664,67.62000274658203,29438400
2026-01-22,69.52621459960938,69.93000030517578,71.2699966430664,69.80999755859375,70.16999816894531,19220800
2026-01-23,67.21961212158203,67.61000061035156,69.75,67.44999694824219,69.63999938964844,27784000
2026-01-26,67.53776550292969,67.93000030517578,68.2699966430664,67.19000244140625,67.66000366210938,16350300
2026-01-27,67.86585998535156,68.26000213623047,68.5199966430664,67.72000122070312,68.12000274658203,11458200
2026-01-28,67.38862609863281,67.77999877929688,68.66000366210938,67.6500015258789,68.20999908447266,14059500
2026-01-29,68.63140869140625,69.02999877929688,69.05000305175781,67.81999969482422,68.18000030517578,15623600
2026-01-30,68.41268157958984,68.80999755859375,69.29000091552734,68.1500015258789,68.75,14836100
2026-02-02,69.63558197021484,70.04000091552734,70.44999694824219,68.5999984741211,68.81999969482422,18364700
2026-02-03,70.82865142822266,71.23999786376953,71.61000061035156,69.87999725341797,70.02999877929688,33101600
2026-02-04,71.93223571777344,72.3499984741211,73.23999786376953,71.70999908447266,71.72000122070312,29006100
2026-02-05,71.88253021240234,72.30000305175781,72.97000122070312,71.55999755859375,72.0,31300000
2026-02-06,73.20484924316406,73.62999725341797,74.0,72.79000091552734,72.94000244140625,17275900
2026-02-09,72.99606323242188,73.41999816894531,74.08000183105469,73.12999725341797,73.2699966430664,16732200
2026-02-10,72.22056579589844,72.63999938964844,73.69999694824219,71.97000122070312,73.25,21532400
2026-02-11,71.39535522460938,71.80999755859375,73.87999725341797,71.37999725341797,73.18000030517578,20794900
2026-02-12,70.29176330566406,70.69999694824219,72.77999877929688,69.68000030517578,72.30999755859375,29964600
2026-02-13,70.86841583251953,71.27999877929688,71.58999633789062,69.79000091552734,70.6500015258789,18907500
2026-02-17,71.11697387695312,71.52999877929688,72.3499984741211,71.01000213623047,71.37000274658203,12937900
2026-02-18,70.96784210205078,71.37999725341797,72.72000122070312,71.12000274658203,71.4800033569336,16352100
2026-02-19,70.58009338378906,70.98999786376953,71.19999694824219,70.33000183105469,71.0,11901900
2026-02-20,71.4848403930664,71.9000015258789,71.93000030517578,70.22000122070312,70.7300033569336,19218700
2026-02-23,68.34308624267578,68.73999786376953,72.12000274658203,68.20999908447266,71.72000122070312,37199400
2026-02-24,68.27349090576172,68.66999816894531,69.06999969482422,68.0199966430664,68.66000366210938,25074300
2026-02-25,69.46656036376953,69.87000274658203,70.05000305175781,68.83999633789062,69.37000274658203,17003200
2026-02-26,69.98355865478516,70.38999938964844,71.19000244140625,69.41999816894531,69.98999786376953,17720800
2026-02-27,66.38446044921875,66.7699966430664,69.27999877929688,66.16000366210938,68.9000015258789,44564800
2026-03-02,67.36874389648438,67.76000213623047,68.19000244140625,65.12000274658203,65.69999694824219,27421900
2026-03-03,66.9113998413086,67.30000305175781,67.77999877929688,65.47000122070312,66.08000183105469,29243300
2026-03-04,67.11024475097656,67.5,67.9000015258789,67.08999633789062,67.6500015258789,16123900
2026-03-05,66.21543884277344,66.5999984741211,67.22000122070312,65.87000274658203,66.73999786376953,16385100
2026-03-06,64.53520202636719,64.91000366210938,65.11000061035156,63.47999954223633,64.61000061035156,28394400
2026-03-09,64.3761215209961,64.75,65.2300033569336,62.439998626708984,64.12000274658203,30237200
2026-03-10,64.34629821777344,64.72000122070312,66.16000366210938,63.93000030517578,64.7699966430664,28615600
2026-03-11,63.61056900024414,63.97999954223633,64.62000274658203,63.369998931884766,64.23999786376953,27143000
2026-03-12,63.093570709228516,63.459999084472656,63.880001068115234,62.38999938964844,62.689998626708984,23233700
2026-03-13,62.7455940246582,63.11000061035156,64.23999786376953,62.959999084472656,63.91999816894531,20830900
2026-03-16,63.093570709228516,63.459999084472656,64.30000305175781,63.459999084472656,63.810001373291016,14125600
2026-03-17,63.08363342285156,63.45000076293945,64.44000244140625,63.13999938964844,64.05000305175781,16119300
2026-03-18,62.2584228515625,62.619998931884766,63.47999954223633,62.459999084472656,63.20000076293945,19568200
2026-03-19,62.825130462646484,63.189998626708984,63.630001068115234,61.79999923706055,62.2599983215332,25860100
2026-03-20,62.67599868774414,63.040000915527344,63.40999984741211,62.47999954223633,63.11000061035156,22342800
2026-03-23,63.810001373291016,63.810001373291016,65.2300033569336,63.7599983215332,64.08999633789062,28541300
2026-03-24,64.33999633789062,64.33999633789062,64.95999908447266,63.04999923706055,63.18000030517578,16607600
2026-03-25,64.56999969482422,64.56999969482422,65.2699966430664,63.97999954223633,65.0,12708100
2026-03-26,64.47000122070312,64.47000122070312,64.69999694824219,63.90999984741211,63.97999954223633,14882300
2026-03-27,63.369998931884766,63.369998931884766,64.23999786376953,63.209999084472656,64.04000091552734,16353800
2026-03-30,63.61000061035156,63.61000061035156,64.16000366210938,63.380001068115234,64.0,15385000
2026-03-31,65.1500015258789,65.1500015258789,65.54000091552734,64.0999984741211,64.55999755859375,27206100
2026-04-01,65.8499984741211,65.8499984741211,66.4800033569336,65.33000183105469,65.33000183105469,17438600
2026-04-02,66.0,66.0,66.01000213623047,64.47000122070312,64.75,12662800
2026-04-06,66.63999938964844,66.63999938964844,66.7699966430664,65.63999938964844,65.83000183105469,7632700
2026-04-07,66.75,66.75,66.95999908447266,66.19999694824219,66.44000244140625,12438600
2026-04-08,68.69000244140625,68.69000244140625,69.44000244140625,68.37999725341797,68.66000366210938,15657800
2026-04-09,69.8499984741211,69.8499984741211,70.06999969482422,68.1500015258789,68.27999877929688,10829800
2026-04-10,68.94000244140625,68.94000244140625,69.80000305175781,68.79000091552734,69.70999908447266,12269700
2026-04-13,69.38999938964844,69.38999938964844,69.47000122070312,68.2300033569336,68.5999984741211,11394200
2026-04-14,69.29000091552734,69.29000091552734,69.58999633789062,68.58999633789062,69.25,12630000
2026-04-15,69.16999816894531,69.16999816894531,69.5,68.5199966430664,69.33999633789062,11766800
2026-04-16,68.83000183105469,68.83000183105469,69.33000183105469,68.66000366210938,69.04000091552734,10604800
2026-04-17,70.37000274658203,70.37000274658203,71.44000244140625,69.55000305175781,69.6500015258789,21788000
2026-04-20,70.63999938964844,70.63999938964844,71.04000091552734,69.9800033569336,70.04000091552734,8383600
2026-04-21,69.62999725341797,69.62999725341797,70.91000366210938,69.41999816894531,70.45999908447266,15685400
2026-04-22,69.25,69.25,70.05000305175781,69.0199966430664,69.86000061035156,11958900
2026-04-23,70.0,70.0,70.11000061035156,69.05000305175781,69.44000244140625,17327200
2026-04-24,68.88999938964844,68.88999938964844,70.04000091552734,68.76000213623047,69.83999633789062,15231400
2026-04-27,70.06999969482422,70.06999969482422,70.29000091552734,68.87999725341797,69.0999984741211,11118000
2026-04-28,70.37000274658203,70.37000274658203,71.02999877929688,70.16000366210938,70.54000091552734,12324300
2026-04-29,69.02999877929688,69.02999877929688,70.43000030517578,68.83999633789062,70.16999816894531,10918500
2026-04-30,69.8499984741211,69.8499984741211,70.2699966430664,68.36000061035156,68.62999725341797,12434700
2026-05-01,69.81999969482422,69.81999969482422,70.41000366210938,69.18000030517578,69.8499984741211,8935800
2026-05-04,68.98999786376953,68.98999786376953,69.93000030517578,68.7699966430664,69.41999816894531,11589400
2026-05-05,69.91999816894531,69.91999816894531,70.19000244140625,69.02999877929688,69.12000274658203,10864900
2026-05-06,70.70999908447266,70.70999908447266,71.23999786376953,70.33999633789062,70.33999633789062,13686300
2026-05-07,69.94999694824219,69.94999694824219,71.0999984741211,69.83999633789062,70.80000305175781,11503300
2026-05-08,69.8499984741211,69.8499984741211,70.30999755859375,69.63999938964844,70.12999725341797,10184300
2026-05-11,68.55000305175781,68.55000305175781,70.27999877929688,68.37000274658203,70.05999755859375,20653700
2026-05-12,68.2300033569336,68.2300033569336,68.73999786376953,67.12999725341797,68.63999938964844,17791700
2026-05-13,67.13999938964844,67.13999938964844,68.11000061035156,67.08000183105469,68.01000213623047,18412600
2026-05-14,67.73999786376953,67.73999786376953,68.27999877929688,67.6500015258789,67.69999694824219,16610900
2026-05-15,66.97000122070312,66.97000122070312,67.9000015258789,66.41999816894531,67.66000366210938,18064800
2026-05-18,67.91999816894531,67.91999816894531,68.18000030517578,67.12999725341797,67.25,15231400
2026-05-19,67.55999755859375,67.55999755859375,67.95500183105469,67.08000183105469,67.72000122070312,12105780
